Date (M/D/YYYY),Time (H:MM:SS),Topocentric zenith angle,Top. azimuth angle (westward from S)
1/1/2024,0:00:00,159.189528,154.595363
1/1/2024,1:00:00,160.229697,195.004194
1/1/2024,2:00:00,154.315755,227.904674
1/1/2024,3:00:00,144.874165,248.072413
1/1/2024,4:00:00,134.171365,261.595650
1/1/2024,5:00:00,123.105776,272.193145
1/1/2024,6:00:00,112.103607,281.611355
1/1/2024,7:00:00,101.458765,290.793144
1/1/2024,8:00:00,91.456643,300.367295
1/1/2024,9:00:00,82.322757,310.830150
1/1/2024,10:00:00,74.761555,322.575240
1/1/2024,11:00:00,69.084202,335.800661
1/1/2024,12:00:00,65.847387,350.323961
1/1/2024,13:00:00,65.435947,5.465853
1/1/2024,14:00:00,67.903519,20.252881
1/1/2024,15:00:00,72.944816,33.885320
1/1/2024,16:00:00,80.036629,46.042778
1/1/2024,17:00:00,88.462898,56.836707
1/1/2024,18:00:00,98.560100,66.620552
1/1/2024,19:00:00,109.052905,75.864772
1/1/2024,20:00:00,119.980056,85.151610
1/1/2024,21:00:00,131.057562,95.306427
1/1/2024,22:00:00,141.914673,107.771907
1/1/2024,23:00:00,151.842199,125.544958
1/2/2024,0:00:00,159.074899,154.389578
1/2/2024,1:00:00,160.171259,194.640930
1/2/2024,2:00:00,154.313657,227.590063
1/2/2024,3:00:00,144.899397,247.839128
1/2/2024,4:00:00,134.206789,261.411526
1/2/2024,5:00:00,123.142782,272.035823
1/2/2024,6:00:00,112.136953,281.467903
1/2/2024,7:00:00,101.484367,290.655634
1/2/2024,8:00:00,91.470625,300.230630
1/2/2024,9:00:00,82.321065,310.691459
1/2/2024,10:00:00,74.740008,322.434372
1/2/2024,11:00:00,69.039081,335.661309
1/2/2024,12:00:00,65.776974,350.193995
1/2/2024,13:00:00,65.341860,5.354788
1/2/2024,14:00:00,67.790587,20.167045
1/2/2024,15:00:00,72.819222,33.825233
1/2/2024,16:00:00,79.904235,46.004782
1/2/2024,17:00:00,88.337373,56.815918
1/2/2024,18:00:00,98.421374,66.612599
1/2/2024,19:00:00,108.913799,75.866135
1/2/2024,20:00:00,119.840930,85.159030
1/2/2024,21:00:00,130.918279,95.315138
1/2/2024,22:00:00,141.775074,107.770339
1/2/2024,23:00:00,151.704294,125.496892
1/3/2024,0:00:00,158.953332,154.196081
1/3/2024,1:00:00,160.104483,194.278437
1/3/2024,2:00:00,154.304157,227.267259
1/3/2024,3:00:00,144.918324,247.597078
1/3/2024,4:00:00,134.236465,261.219758
1/3/2024,5:00:00,123.174215,271.871921
1/3/2024,6:00:00,112.164662,281.318708
1/3/2024,7:00:00,101.504109,290.513059
1/3/2024,8:00:00,91.478411,300.089525
1/3/2024,9:00:00,82.312856,310.549019
1/3/2024,10:00:00,74.711468,322.290650
1/3/2024,11:00:00,68.986616,335.520320
1/3/2024,12:00:00,65.699074,350.063961
1/3/2024,13:00:00,65.240444,5.245401
1/3/2024,14:00:00,67.670791,20.084487
1/3/2024,15:00:00,72.687435,33.769644
1/3/2024,16:00:00,79.766380,45.972110
1/3/2024,17:00:00,88.206783,56.801026
1/3/2024,18:00:00,98.278410,66.611032
1/3/2024,19:00:00,108.770872,75.874439
1/3/2024,20:00:00,119.698218,85.174147
1/3/2024,21:00:00,130.775407,95.332662
1/3/2024,22:00:00,141.631522,107.779239
1/3/2024,23:00:00,151.561454,125.461422
1/4/2024,0:00:00,158.824933,154.015063
1/4/2024,1:00:00,160.029386,193.917431
1/4/2024,2:00:00,154.287173,226.936755
1/4/2024,3:00:00,144.930847,247.346524
1/4/2024,4:00:00,134.260301,261.020511
1/4/2024,5:00:00,123.199994,271.701570
1/4/2024,6:00:00,112.186665,281.163880
1/4/2024,7:00:00,101.517936,290.365521
1/4/2024,8:00:00,91.479960,299.944078
1/4/2024,9:00:00,82.298102,310.402927
1/4/2024,10:00:00,74.675926,322.144166
1/4/2024,11:00:00,68.926815,335.377786
1/4/2024,12:00:00,65.613710,349.933949
1/4/2024,13:00:00,65.131739,5.137782
1/4/2024,14:00:00,67.544189,20.005294
1/4/2024,15:00:00,72.549529,33.718629
1/4/2024,16:00:00,79.623148,45.944825
1/4/2024,17:00:00,88.071190,56.792079
1/4/2024,18:00:00,98.131307,66.615883
1/4/2024,19:00:00,108.624223,75.889697
1/4/2024,20:00:00,119.552019,85.196958
1/4/2024,21:00:00,130.629045,95.358975
1/4/2024,22:00:00,141.484116,107.798559
1/4/2024,23:00:00,151.413785,125.438491
1/5/2024,0:00:00,158.689813,153.846684
1/5/2024,1:00:00,159.945992,193.558615
1/5/2024,2:00:00,154.262630,226.599063
1/5/2024,3:00:00,144.936871,247.087740
1/5/2024,4:00:00,134.278205,260.813965
1/5/2024,5:00:00,123.220039,271.524904
1/5/2024,6:00:00,112.202894,281.003537
1/5/2024,7:00:00,101.525792,290.213126
1/5/2024,8:00:00,91.475233,299.794388
1/5/2024,9:00:00,82.276782,310.253277
1/5/2024,10:00:00,74.633375,321.995013
1/5/2024,11:00:00,68.859688,335.233796
1/5/2024,12:00:00,65.520911,349.804048
1/5/2024,13:00:00,65.015791,5.032018
1/5/2024,14:00:00,67.410845,19.929552
1/5/2024,15:00:00,72.405580,33.672266
1/5/2024,16:00:00,79.474626,45.922989
1/5/2024,17:00:00,87.930670,56.789121
1/5/2024,18:00:00,97.980166,66.627179
1/5/2024,19:00:00,108.473955,75.911921
1/5/2024,20:00:00,119.402434,85.227455
1/5/2024,21:00:00,130.479290,95.394047
1/5/2024,22:00:00,141.332953,107.828241
1/5/2024,23:00:00,151.261389,125.428026
1/6/2024,0:00:00,158.548080,153.691069
1/6/2024,1:00:00,159.854332,193.202677
1/6/2024,2:00:00,154.230457,226.254715
1/6/2024,3:00:00,144.936302,246.821021
1/6/2024,4:00:00,134.290089,260.600307
1/6/2024,5:00:00,123.234271,271.342068
1/6/2024,6:00:00,112.213286,280.837801
1/6/2024,7:00:00,101.527628,290.055985
1/6/2024,8:00:00,91.464193,299.640561
1/6/2024,9:00:00,82.248875,310.100171
1/6/2024,10:00:00,74.583813,321.843287
1/6/2024,11:00:00,68.785251,335.088443
1/6/2024,12:00:00,65.420708,349.674348
1/6/2024,13:00:00,64.892650,4.928200
1/6/2024,14:00:00,67.270825,19.857346
1/6/2024,15:00:00,72.255671,33.630630
1/6/2024,16:00:00,79.320907,45.906662
1/6/2024,17:00:00,87.785305,56.792195
1/6/2024,18:00:00,97.825093,66.644943
1/6/2024,19:00:00,108.320172,75.941116
1/6/2024,20:00:00,119.249566,85.265626
1/6/2024,21:00:00,130.326242,95.437842
1/6/2024,22:00:00,141.178132,107.868218
1/6/2024,23:00:00,151.104371,125.429941
1/7/2024,0:00:00,158.399851,153.548317
1/7/2024,1:00:00,159.754449,192.850291
1/7/2024,2:00:00,154.190588,225.904261
1/7/2024,3:00:00,144.929049,246.546673
1/7/2024,4:00:00,134.295866,260.379740
1/7/2024,5:00:00,123.242615,271.153214
1/7/2024,6:00:00,112.217776,280.666799
1/7/2024,7:00:00,101.523393,289.894213
1/7/2024,8:00:00,91.446808,299.482704
1/7/2024,9:00:00,82.214361,309.943710
1/7/2024,10:00:00,74.527238,321.689086
1/7/2024,11:00:00,68.703521,334.941822
1/7/2024,12:00:00,65.313137,349.544944
1/7/2024,13:00:00,64.762370,4.826422
1/7/2024,14:00:00,67.124201,19.788767
1/7/2024,15:00:00,72.099889,33.593798
1/7/2024,16:00:00,79.162088,45.895904
1/7/2024,17:00:00,87.635186,56.801341
1/7/2024,18:00:00,97.666195,66.669199
1/7/2024,19:00:00,108.162982,75.977287
1/7/2024,20:00:00,119.093521,85.311453
1/7/2024,21:00:00,130.170006,95.490319
1/7/2024,22:00:00,141.019754,107.918416
1/7/2024,23:00:00,150.942838,125.444135
1/8/2024,0:00:00,158.245240,153.418497
1/8/2024,1:00:00,159.646389,192.502115
1/8/2024,2:00:00,154.142966,225.548270
1/8/2024,3:00:00,144.915025,246.265025
1/8/2024,4:00:00,134.295450,260.152474
1/8/2024,5:00:00,123.244995,270.958503
1/8/2024,6:00:00,112.216302,280.490668
1/8/2024,7:00:00,101.513042,289.727933
1/8/2024,8:00:00,91.423045,299.320930
1/8/2024,9:00:00,82.173226,309.784002
1/8/2024,10:00:00,74.463656,321.532513
1/8/2024,11:00:00,68.614520,334.794031
1/8/2024,12:00:00,65.198239,349.415931
1/8/2024,13:00:00,64.625009,4.726778
1/8/2024,14:00:00,66.971051,19.723904
1/8/2024,15:00:00,71.938327,33.561848
1/8/2024,16:00:00,78.998271,45.890775
1/8/2024,17:00:00,87.480417,56.816598
1/8/2024,18:00:00,97.503585,66.699966
1/8/2024,19:00:00,108.002497,76.020432
1/8/2024,20:00:00,118.934406,85.364915
1/8/2024,21:00:00,130.010684,95.551432
1/8/2024,22:00:00,140.857923,107.978755
1/8/2024,23:00:00,150.776896,125.470497
1/9/2024,0:00:00,158.084370,153.301652
1/9/2024,1:00:00,159.530212,192.158787
1/9/2024,2:00:00,154.087538,225.187327
1/9/2024,3:00:00,144.894144,245.976419
1/9/2024,4:00:00,134.288759,259.918736
1/9/2024,5:00:00,123.241339,270.758105
1/9/2024,6:00:00,112.208806,280.309549
1/9/2024,7:00:00,101.496528,289.557270
1/9/2024,8:00:00,91.392877,299.155357
1/9/2024,9:00:00,82.125456,309.621158
1/9/2024,10:00:00,74.393071,321.373673
1/9/2024,11:00:00,68.518273,334.645172
1/9/2024,12:00:00,65.076058,349.287409
1/9/2024,13:00:00,64.480632,4.629367
1/9/2024,14:00:00,66.811457,19.662849
1/9/2024,15:00:00,71.771084,33.534859
1/9/2024,16:00:00,78.829563,45.891332
1/9/2024,17:00:00,87.321108,56.838005
1/9/2024,18:00:00,97.337381,66.737259
1/9/2024,19:00:00,107.838833,76.070548
1/9/2024,20:00:00,118.772334,85.425988
1/9/2024,21:00:00,129.848385,95.621128
1/9/2024,22:00:00,140.692741,108.049148
1/9/2024,23:00:00,150.606654,125.508905
1/10/2024,0:00:00,157.917361,153.197802
1/10/2024,1:00:00,159.405981,191.820925
1/10/2024,2:00:00,154.024258,224.822032
1/10/2024,3:00:00,144.866326,245.681215
1/10/2024,4:00:00,134.275712,259.678761
1/10/2024,5:00:00,123.231576,270.552198
1/10/2024,6:00:00,112.195228,280.123591
1/10/2024,7:00:00,101.473809,289.382356
1/10/2024,8:00:00,91.356276,298.986106
1/10/2024,9:00:00,82.071041,309.455292
1/10/2024,10:00:00,74.315494,321.212675
1/10/2024,11:00:00,68.414810,334.495350
1/10/2024,12:00:00,64.946643,349.159480
1/10/2024,13:00:00,64.329307,4.534290
1/10/2024,14:00:00,66.645505,19.605697
1/10/2024,15:00:00,71.598261,33.512911
1/10/2024,16:00:00,78.656078,45.897636
1/10/2024,17:00:00,87.157377,56.865597
1/10/2024,18:00:00,97.167704,66.781095
1/10/2024,19:00:00,107.672107,76.127630
1/10/2024,20:00:00,118.607419,85.494644
1/10/2024,21:00:00,129.683217,95.699353
1/10/2024,22:00:00,140.524314,108.129501
1/10/2024,23:00:00,150.432222,125.559227
1/11/2024,0:00:00,157.744338,153.106941
1/11/2024,1:00:00,159.273768,191.489122
1/11/2024,2:00:00,153.953085,224.452995
1/11/2024,3:00:00,144.831493,245.379785
1/11/2024,4:00:00,134.256228,259.432795
1/11/2024,5:00:00,123.215634,270.340969
1/11/2024,6:00:00,112.175512,279.932948
1/11/2024,7:00:00,101.444843,289.203328
1/11/2024,8:00:00,91.313218,298.813303
1/11/2024,9:00:00,82.009970,309.286522
1/11/2024,10:00:00,74.230935,321.049630
1/11/2024,11:00:00,68.304160,334.344670
1/11/2024,12:00:00,64.810043,349.032250
1/11/2024,13:00:00,64.171104,4.441649
1/11/2024,14:00:00,66.473287,19.552544
1/11/2024,15:00:00,71.419966,33.496082
1/11/2024,16:00:00,78.477930,45.909744
1/11/2024,17:00:00,86.989349,56.899410
1/11/2024,18:00:00,96.994677,66.831486
1/11/2024,19:00:00,107.502440,76.191669
1/11/2024,20:00:00,118.439776,85.570852
1/11/2024,21:00:00,129.515289,95.786049
1/11/2024,22:00:00,140.352748,108.219719
1/11/2024,23:00:00,150.253707,125.621327
1/12/2024,0:00:00,157.565426,153.029045
1/12/2024,1:00:00,159.133652,191.163941
1/12/2024,2:00:00,153.873988,224.080833
1/12/2024,3:00:00,144.789569,245.072512
1/12/2024,4:00:00,134.230231,259.181094
1/12/2024,5:00:00,123.193448,270.124607
1/12/2024,6:00:00,112.149602,279.737778
1/12/2024,7:00:00,101.409590,289.020324
1/12/2024,8:00:00,91.263679,298.637073
1/12/2024,9:00:00,81.942235,309.114966
1/12/2024,10:00:00,74.139408,320.884650
1/12/2024,11:00:00,68.186357,334.193241
1/12/2024,12:00:00,64.666312,348.905824
1/12/2024,13:00:00,64.006096,4.351550
1/12/2024,14:00:00,66.294895,19.503488
1/12/2024,15:00:00,71.236306,33.484455
1/12/2024,16:00:00,78.295239,45.927715
1/12/2024,17:00:00,86.817151,56.939477
1/12/2024,18:00:00,96.818423,66.888445
1/12/2024,19:00:00,107.329953,76.262656
1/12/2024,20:00:00,118.269519,85.654579
1/12/2024,21:00:00,129.344710,95.881155
1/12/2024,22:00:00,140.178144,108.319701
1/12/2024,23:00:00,150.071216,125.695054
1/13/2024,0:00:00,157.380747,152.964061
1/13/2024,1:00:00,158.985715,190.845912
1/13/2024,2:00:00,153.786938,223.706158
1/13/2024,3:00:00,144.740485,244.759786
1/13/2024,4:00:00,134.197647,258.923914
1/13/2024,5:00:00,123.164950,269.903307
1/13/2024,6:00:00,112.117448,279.538239
1/13/2024,7:00:00,101.368013,288.833483
1/13/2024,8:00:00,91.207640,298.457543
1/13/2024,9:00:00,81.867831,308.940740
1/13/2024,10:00:00,74.040928,320.717845
1/13/2024,11:00:00,68.061435,334.041168
1/13/2024,12:00:00,64.515503,348.780305
1/13/2024,13:00:00,63.834358,4.264094
1/13/2024,14:00:00,66.110423,19.458623
1/13/2024,15:00:00,71.047392,33.478108
1/13/2024,16:00:00,78.108121,45.951603
1/13/2024,17:00:00,86.640913,56.985831
1/13/2024,18:00:00,96.639065,66.951978
1/13/2024,19:00:00,107.154763,76.340576
1/13/2024,20:00:00,118.096760,85.745788
1/13/2024,21:00:00,129.171583,95.984604
1/13/2024,22:00:00,140.000604,108.429340
1/13/2024,23:00:00,149.884852,125.780252
1/14/2024,0:00:00,157.190421,152.911911
1/14/2024,1:00:00,158.830045,190.535521
1/14/2024,2:00:00,153.691917,223.329579
1/14/2024,3:00:00,144.684177,244.442000
1/14/2024,4:00:00,134.158408,258.661518
1/14/2024,5:00:00,123.130082,269.677263
1/14/2024,6:00:00,112.079000,279.334491
1/14/2024,7:00:00,101.320080,288.642943
1/14/2024,8:00:00,91.145083,298.274838
1/14/2024,9:00:00,81.786757,308.763961
1/14/2024,10:00:00,73.935514,320.549324
1/14/2024,11:00:00,67.929433,333.888553
1/14/2024,12:00:00,64.357674,348.655794
1/14/2024,13:00:00,63.655965,4.179383
1/14/2024,14:00:00,65.919965,19.418043
1/14/2024,15:00:00,70.853331,33.477115
1/14/2024,16:00:00,77.916696,45.981461
1/14/2024,17:00:00,86.460767,57.038497
1/14/2024,18:00:00,96.456725,67.022090
1/14/2024,19:00:00,106.976986,76.425412
1/14/2024,20:00:00,117.921607,85.844438
1/14/2024,21:00:00,128.996011,96.096325
1/14/2024,22:00:00,139.820221,108.548519
1/14/2024,23:00:00,149.694710,125.876748
1/15/2024,0:00:00,156.994568,152.872485
1/15/2024,1:00:00,158.666736,190.233206
1/15/2024,2:00:00,153.588916,222.951690
1/15/2024,3:00:00,144.620590,244.119548
1/15/2024,4:00:00,134.112452,258.394168
1/15/2024,5:00:00,123.088789,269.446670
1/15/2024,6:00:00,112.034219,279.126692
1/15/2024,7:00:00,101.265764,288.448841
1/15/2024,8:00:00,91.075999,298.089081
1/15/2024,9:00:00,81.699015,308.584740
1/15/2024,10:00:00,73.823190,320.379187
1/15/2024,11:00:00,67.790391,333.735494
1/15/2024,12:00:00,64.192884,348.532387
1/15/2024,13:00:00,63.470996,4.097509
1/15/2024,14:00:00,65.723617,19.381834
1/15/2024,15:00:00,70.654236,33.481547
1/15/2024,16:00:00,77.721079,46.017335
1/15/2024,17:00:00,86.276843,57.097497
1/15/2024,18:00:00,96.271519,67.098778
1/15/2024,19:00:00,106.796734,76.517137
1/15/2024,20:00:00,117.744165,85.950477
1/15/2024,21:00:00,128.818088,96.216236
1/15/2024,22:00:00,139.637085,108.677113
1/15/2024,23:00:00,149.500886,125.984355
1/16/2024,0:00:00,156.793302,152.845641
1/16/2024,1:00:00,158.495886,189.939356
1/16/2024,2:00:00,153.477935,222.573070
1/16/2024,3:00:00,144.549677,243.792822
1/16/2024,4:00:00,134.059727,258.122129
1/16/2024,5:00:00,123.041027,269.211726
1/16/2024,6:00:00,111.983071,278.915000
1/16/2024,7:00:00,101.205047,288.251312
1/16/2024,8:00:00,91.000386,297.900390
1/16/2024,9:00:00,81.604618,308.403183
1/16/2024,10:00:00,73.703986,320.207535
1/16/2024,11:00:00,67.644359,333.582081
1/16/2024,12:00:00,64.021198,348.410172
1/16/2024,13:00:00,63.279532,4.018560
1/16/2024,14:00:00,65.521478,19.350077
1/16/2024,15:00:00,70.450215,33.491467
1/16/2024,16:00:00,77.521389,46.059261
1/16/2024,17:00:00,86.089270,57.162844
1/16/2024,18:00:00,96.083562,67.182031
1/16/2024,19:00:00,106.614115,76.615719
1/16/2024,20:00:00,117.564533,86.063849
1/16/2024,21:00:00,128.637905,96.344249
1/16/2024,22:00:00,139.451280,108.814984
1/16/2024,23:00:00,149.303465,126.102867
1/17/2024,0:00:00,156.586738,152.831204
1/17/2024,1:00:00,158.317603,189.654308
1/17/2024,2:00:00,153.358989,222.194279
1/17/2024,3:00:00,144.471404,243.462213
1/17/2024,4:00:00,134.000192,257.845664
1/17/2024,5:00:00,122.986760,268.972624
1/17/2024,6:00:00,111.925533,278.699573
1/17/2024,7:00:00,101.137920,288.050489
1/17/2024,8:00:00,90.918250,297.708882
1/17/2024,9:00:00,81.503582,308.219396
1/17/2024,10:00:00,73.577941,320.034459
1/17/2024,11:00:00,67.491389,333.428400
1/17/2024,12:00:00,63.842684,348.289231
1/17/2024,13:00:00,63.081659,3.942617
1/17/2024,14:00:00,65.313647,19.322844
1/17/2024,15:00:00,70.241381,33.506927
1/17/2024,16:00:00,77.317740,46.107270
1/17/2024,17:00:00,85.898176,57.234541
1/17/2024,18:00:00,95.892967,67.271831
1/17/2024,19:00:00,106.429232,76.721116
1/17/2024,20:00:00,117.382805,86.184487
1/17/2024,21:00:00,128.455548,96.480263
1/17/2024,22:00:00,139.262886,108.961981
1/17/2024,23:00:00,149.102533,126.232061
1/18/2024,0:00:00,156.374988,152.828964
1/18/2024,1:00:00,158.131998,189.378344
1/18/2024,2:00:00,153.232103,221.815858
1/18/2024,3:00:00,144.385748,243.128108
1/18/2024,4:00:00,133.933813,257.565036
1/18/2024,5:00:00,122.925963,268.729559
1/18/2024,6:00:00,111.861591,278.480565
1/18/2024,7:00:00,101.064383,287.846503
1/18/2024,8:00:00,90.227902,297.514671
1/18/2024,9:00:00,81.395935,308.033477
1/18/2024,10:00:00,73.445098,319.860047
1/18/2024,11:00:00,67.331543,333.274529
1/18/2024,12:00:00,63.657418,348.169637
1/18/2024,13:00:00,62.877465,3.869752
1/18/2024,14:00:00,65.100226,19.300199
1/18/2024,15:00:00,70.027845,33.527975
1/18/2024,16:00:00,77.110249,46.161384
1/18/2024,17:00:00,85.703686,57.312586
1/18/2024,18:00:00,95.699841,67.368150
1/18/2024,19:00:00,106.242185,76.833278
1/18/2024,20:00:00,117.199072,86.312315
1/18/2024,21:00:00,128.271095,96.624168
1/18/2024,22:00:00,139.071976,109.117944
1/18/2024,23:00:00,148.898167,126.371699
1/19/2024,0:00:00,156.158160,152.838683
1/19/2024,1:00:00,157.939189,189.111695
1/19/2024,2:00:00,153.097313,221.438320
1/19/2024,3:00:00,144.292697,242.790889
1/19/2024,4:00:00,133.860571,257.280507
1/19/2024,5:00:00,122.858619,268.482724
1/19/2024,6:00:00,111.791240,278.258129
1/19/2024,7:00:00,100.984444,287.639481
1/19/2024,8:00:00,90.148687,297.317864
1/19/2024,9:00:00,81.281711,307.845520
1/19/2024,10:00:00,73.305511,319.684380
1/19/2024,11:00:00,67.164884,333.120539
1/19/2024,12:00:00,63.465478,348.051457
1/19/2024,13:00:00,62.667040,3.800029
1/19/2024,14:00:00,64.881319,19.282199
1/19/2024,15:00:00,69.809718,33.554649
1/19/2024,16:00:00,76.899027,46.221617
1/19/2024,17:00:00,85.505926,57.396969
1/19/2024,18:00:00,95.504287,67.470956
1/19/2024,19:00:00,106.053068,76.952149
1/19/2024,20:00:00,117.013415,86.447251
1/19/2024,21:00:00,128.084622,96.775849
1/19/2024,22:00:00,138.878616,109.282701
1/19/2024,23:00:00,148.690440,126.521530
1/20/2024,0:00:00,155.936359,152.860098
1/20/2024,1:00:00,157.739297,188.854545
1/20/2024,2:00:00,152.954666,221.062156
1/20/2024,3:00:00,144.192248,242.450928
1/20/2024,4:00:00,133.780451,256.992334
1/20/2024,5:00:00,122.784721,268.232309
1/20/2024,6:00:00,111.714483,278.032414
1/20/2024,7:00:00,100.898120,287.429546
1/20/2024,8:00:00,90.064033,297.118568
1/20/2024,9:00:00,81.160950,307.655613
1/20/2024,10:00:00,73.159235,319.507532
1/20/2024,11:00:00,66.991483,332.966493
1/20/2024,12:00:00,63.266943,347.934750
1/20/2024,13:00:00,62.450477,3.733506
1/20/2024,14:00:00,64.657028,19.268896
1/20/2024,15:00:00,69.587109,33.586982
1/20/2024,16:00:00,76.684186,46.287977
1/20/2024,17:00:00,85.305013,57.487673
1/20/2024,18:00:00,95.306405,67.580208
1/20/2024,19:00:00,105.861970,77.077666
1/20/2024,20:00:00,116.825914,86.589208
1/20/2024,21:00:00,127.896196,96.935182
1/20/2024,22:00:00,138.682869,109.456075
1/20/2024,23:00:00,148.479419,126.681293
1/21/2024,0:00:00,155.709689,152.892924
1/21/2024,1:00:00,157.532446,188.607029
1/21/2024,2:00:00,152.804218,220.687829
1/21/2024,3:00:00,144.084409,242.108590
1/21/2024,4:00:00,133.693449,256.700769
1/21/2024,5:00:00,122.704269,267.978500
1/21/2024,6:00:00,111.631329,277.803568
1/21/2024,7:00:00,100.805431,287.216818
1/21/2024,8:00:00,89.973822,296.916881
1/21/2024,9:00:00,81.033696,307.463841
1/21/2024,10:00:00,73.006331,319.329573
1/21/2024,11:00:00,66.811412,332.812451
1/21/2024,12:00:00,63.061897,347.819571
1/21/2024,13:00:00,62.227869,3.670236
1/21/2024,14:00:00,64.427455,19.260334
1/21/2024,15:00:00,69.360128,33.625002
1/21/2024,16:00:00,76.465833,46.360468
1/21/2024,17:00:00,85.101065,57.584675
1/21/2024,18:00:00,95.106291,67.695862
1/21/2024,19:00:00,105.668975,77.209764
1/21/2024,20:00:00,116.636642,86.738092
1/21/2024,21:00:00,127.705878,97.102040
1/21/2024,22:00:00,138.484790,109.637884
1/21/2024,23:00:00,148.265166,126.850718
1/22/2024,0:00:00,155.478245,152.936861
1/22/2024,1:00:00,157.318760,188.369239
1/22/2024,2:00:00,152.646030,220.315773
1/22/2024,3:00:00,143.969192,241.764231
1/22/2024,4:00:00,133.599568,256.406063
1/22/2024,5:00:00,122.617268,267.721479
1/22/2024,6:00:00,111.541795,277.571732
1/22/2024,7:00:00,100.706407,287.001414
1/22/2024,8:00:00,89.877923,296.712901
1/22/2024,9:00:00,80.900000,307.270282
1/22/2024,10:00:00,72.846863,319.150566
1/22/2024,11:00:00,66.624746,332.658465
1/22/2024,12:00:00,62.850423,347.705965
1/22/2024,13:00:00,61.999308,3.610265
1/22/2024,14:00:00,64.192701,19.256554
1/22/2024,15:00:00,69.128879,33.668731
1/22/2024,16:00:00,76.244076,46.439089
1/22/2024,17:00:00,84.894195,57.687952
1/22/2024,18:00:00,94.904034,67.817870
1/22/2024,19:00:00,105.474163,77.348371
1/22/2024,20:00:00,116.445666,86.893809
1/22/2024,21:00:00,127.513727,97.276292
1/22/2024,22:00:00,138.284429,109.827940
1/22/2024,23:00:00,148.047737,127.029534
1/23/2024,0:00:00,155.242121,152.991595
1/23/2024,1:00:00,157.098364,188.141233
1/23/2024,2:00:00,152.480172,219.946400
1/23/2024,3:00:00,143.846619,241.418197
1/23/2024,4:00:00,133.498815,256.108458
1/23/2024,5:00:00,122.523729,267.461426
1/23/2024,6:00:00,111.445899,277.337046
1/23/2024,7:00:00,100.601078,286.783445
1/23/2024,8:00:00,89.776200,296.506718
1/23/2024,9:00:00,80.759913,307.075011
1/23/2024,10:00:00,72.680899,318.970570
1/23/2024,11:00:00,66.431561,332.504581
1/23/2024,12:00:00,62.632606,347.593977
1/23/2024,13:00:00,61.764886,3.553638
1/23/2024,14:00:00,63.952869,19.257594
1/23/2024,15:00:00,68.893470,33.718190
1/23/2024,16:00:00,76.019018,46.523835
1/23/2024,17:00:00,84.684513,57.797476
1/23/2024,18:00:00,94.699724,67.946183
1/23/2024,19:00:00,105.277611,77.493417
1/23/2024,20:00:00,116.253051,87.056262
1/23/2024,21:00:00,127.319795,97.457805
1/23/2024,22:00:00,138.081833,110.026054
1/23/2024,23:00:00,147.827187,127.217463
1/24/2024,0:00:00,155.001406,153.056805
1/24/2024,1:00:00,156.871384,187.923033
1/24/2024,2:00:00,152.306717,219.580092
1/24/2024,3:00:00,143.716716,241.070824
1/24/2024,4:00:00,133.391204,255.808195
1/24/2024,5:00:00,122.423669,267.198517
1/24/2024,6:00:00,111.343667,277.099645
1/24/2024,7:00:00,100.489480,286.563021
1/24/2024,8:00:00,89.668517,296.298421
1/24/2024,9:00:00,80.613491,306.878098
1/24/2024,10:00:00,72.508507,318.789641
1/24/2024,11:00:00,66.231934,332.350845
1/24/2024,12:00:00,62.408531,347.483648
1/24/2024,13:00:00,61.524698,3.500394
1/24/2024,14:00:00,63.708057,19.263488
1/24/2024,15:00:00,68.654004,33.773396
1/24/2024,16:00:00,75.790761,46.614701
1/24/2024,17:00:00,84.472126,57.913214
1/24/2024,18:00:00,94.493446,68.080747
1/24/2024,19:00:00,105.079391,77.644825
1/24/2024,20:00:00,116.058858,87.225350
1/24/2024,21:00:00,127.124132,97.646446
1/24/2024,22:00:00,137.877044,110.232038
1/24/2024,23:00:00,147.603563,127.414231
1/25/2024,0:00:00,154.756186,153.132164
1/25/2024,1:00:00,156.637943,187.714632
1/25/2024,2:00:00,152.125744,219.217212
1/25/2024,3:00:00,143.579516,240.722441
1/25/2024,4:00:00,133.276753,255.505509
1/25/2024,5:00:00,122.317105,266.932925
1/25/2024,6:00:00,111.235126,276.859665
1/25/2024,7:00:00,100.371651,286.340248
1/25/2024,8:00:00,89.554747,296.088097
1/25/2024,9:00:00,80.460791,306.679611
1/25/2024,10:00:00,72.329756,318.607831
1/25/2024,11:00:00,66.025946,332.197297
1/25/2024,12:00:00,62.178284,347.375013
1/25/2024,13:00:00,61.278836,3.450573
1/25/2024,14:00:00,63.458367,19.274272
1/25/2024,15:00:00,68.410585,33.834366
1/25/2024,16:00:00,75.559408,46.711678
1/25/2024,17:00:00,84.257140,58.035136
1/25/2024,18:00:00,94.285282,68.221509
1/25/2024,19:00:00,104.879575,77.802522
1/25/2024,20:00:00,115.863145,87.400973
1/25/2024,21:00:00,126.926785,97.842079
1/25/2024,22:00:00,137.670103,110.445701
1/25/2024,23:00:00,147.376912,127.619559
1/26/2024,0:00:00,154.506545,153.217342
1/26/2024,1:00:00,156.398167,187.515997
1/26/2024,2:00:00,151.937337,218.858098
1/26/2024,3:00:00,143.435054,240.373366
1/26/2024,4:00:00,133.155482,255.200634
1/26/2024,5:00:00,122.204063,266.664821
1/26/2024,6:00:00,111.120307,276.617236
1/26/2024,7:00:00,100.247633,286.115232
1/26/2024,8:00:00,89.434774,295.875829
1/26/2024,9:00:00,80.301873,306.479617
1/26/2024,10:00:00,72.144719,318.425190
1/26/2024,11:00:00,65.813675,332.043976
1/26/2024,12:00:00,61.941951,347.268109
1/26/2024,13:00:00,61.027393,3.404212
1/26/2024,14:00:00,63.203899,19.289976
1/26/2024,15:00:00,68.163317,33.901114
1/26/2024,16:00:00,75.325059,46.814757
1/26/2024,17:00:00,84.039660,58.163207
1/26/2024,18:00:00,94.075316,68.368411
1/26/2024,19:00:00,104.678232,77.966428
1/26/2024,20:00:00,115.665967,87.583029
1/26/2024,21:00:00,126.727799,98.044568
1/26/2024,22:00:00,137.461047,110.666852
1/26/2024,23:00:00,147.147279,127.833173
1/27/2024,0:00:00,154.252564,153.312007
1/27/2024,1:00:00,156.152178,187.327073
1/27/2024,2:00:00,151.741583,218.503063
1/27/2024,3:00:00,143.283373,240.023912
1/27/2024,4:00:00,133.027419,254.893798
1/27/2024,5:00:00,122.084567,266.394375
1/27/2024,6:00:00,110.999243,276.372489
1/27/2024,7:00:00,100.117468,285.888076
1/27/2024,8:00:00,89.308500,295.661699
1/27/2024,9:00:00,80.136798,306.278179
1/27/2024,10:00:00,71.953470,318.241764
1/27/2024,11:00:00,65.595203,331.890917
1/27/2024,12:00:00,61.699620,347.162970
1/27/2024,13:00:00,60.770464,3.361348
1/27/2024,14:00:00,62.944753,19.310634
1/27/2024,15:00:00,67.912304,33.973654
1/27/2024,16:00:00,75.087814,46.923926
1/27/2024,17:00:00,83.819789,58.297392
1/27/2024,18:00:00,93.863627,68.521397
1/27/2024,19:00:00,104.475430,78.136467
1/27/2024,20:00:00,115.467380,87.771416
1/27/2024,21:00:00,126.527215,98.253776
1/27/2024,22:00:00,137.249912,110.895299
1/27/2024,23:00:00,146.914706,128.054798
1/28/2024,0:00:00,153.994321,153.415827
1/28/2024,1:00:00,155.900101,187.147783
1/28/2024,2:00:00,151.538573,218.152403
1/28/2024,3:00:00,143.124519,239.674381
1/28/2024,4:00:00,132.892593,254.585227
1/28/2024,5:00:00,121.958649,266.121754
1/28/2024,6:00:00,110.871972,276.125553
1/28/2024,7:00:00,99.981205,285.658880
1/28/2024,8:00:00,89.175849,295.445788
1/28/2024,9:00:00,79.965632,306.075358
1/28/2024,10:00:00,71.756084,318.057601
1/28/2024,11:00:00,65.370613,331.738156
1/28/2024,12:00:00,61.451379,347.059628
1/28/2024,13:00:00,60.508144,3.322017
1/28/2024,14:00:00,62.681031,19.336275
1/28/2024,15:00:00,67.657649,34.051999
1/28/2024,16:00:00,74.847775,47.039172
1/28/2024,17:00:00,83.597627,58.437652
1/28/2024,18:00:00,93.650296,68.680408
1/28/2024,19:00:00,104.271233,78.312557
1/28/2024,20:00:00,115.267437,87.966029
1/28/2024,21:00:00,126.325076,98.469566
1/28/2024,22:00:00,137.036731,111.130852
1/28/2024,23:00:00,146.679234,128.284158
1/29/2024,0:00:00,153.731894,153.528472
1/29/2024,1:00:00,155.642059,186.978031
1/29/2024,2:00:00,151.328403,217.806388
1/29/2024,3:00:00,142.958544,239.325067
1/29/2024,4:00:00,132.751039,254.275143
1/29/2024,5:00:00,121.826342,265.847123
1/29/2024,6:00:00,110.738533,275.876554
1/29/2024,7:00:00,99.838891,285.427745
1/29/2024,8:00:00,89.036766,295.228173
1/29/2024,9:00:00,79.788439,305.871215
1/29/2024,10:00:00,71.552638,317.872743
1/29/2024,11:00:00,65.139988,331.585724
1/29/2024,12:00:00,61.197318,346.958113
1/29/2024,13:00:00,60.240528,3.286252
1/29/2024,14:00:00,62.412836,19.366930
1/29/2024,15:00:00,67.399458,34.136159
1/29/2024,16:00:00,74.605043,47.160480
1/29/2024,17:00:00,83.373277,58.583948
1/29/2024,18:00:00,93.435400,68.845381
1/29/2024,19:00:00,104.065709,78.494617
1/29/2024,20:00:00,115.066188,88.166763
1/29/2024,21:00:00,126.121421,98.691797
1/29/2024,22:00:00,136.821539,111.373318
1/29/2024,23:00:00,146.440903,128.520982
1/30/2024,0:00:00,153.465359,153.649608
1/30/2024,1:00:00,155.378177,186.817702
1/30/2024,2:00:00,151.111173,217.465269
1/30/2024,3:00:00,142.785504,238.976255
1/30/2024,4:00:00,132.602796,253.963765
1/30/2024,5:00:00,121.687683,265.570646
1/30/2024,6:00:00,110.598971,275.625617
1/30/2024,7:00:00,99.690581,285.194769
1/30/2024,8:00:00,88.891219,295.008931
1/30/2024,9:00:00,79.605291,305.665807
1/30/2024,10:00:00,71.343212,317.687232
1/30/2024,11:00:00,64.903417,331.433653
1/30/2024,12:00:00,60.937529,346.858455
1/30/2024,13:00:00,59.967714,3.254086
1/30/2024,14:00:00,62.140271,19.402627
1/30/2024,15:00:00,67.137836,34.226144
1/30/2024,16:00:00,74.359718,47.287834
1/30/2024,17:00:00,83.146838,58.736239
1/30/2024,18:00:00,93.219019,69.016253
1/30/2024,19:00:00,103.858920,78.682562
1/30/2024,20:00:00,114.863684,88.373509
1/30/2024,21:00:00,125.916288,98.920329
1/30/2024,22:00:00,136.604366,111.622503
1/30/2024,23:00:00,146.199751,128.764996
1/31/2024,0:00:00,153.194793,153.778907
1/31/2024,1:00:00,155.108577,186.666667
1/31/2024,2:00:00,150.886987,217.129275
1/31/2024,3:00:00,142.605462,238.628219
1/31/2024,4:00:00,132.447909,253.651307
1/31/2024,5:00:00,121.542716,265.292484
1/31/2024,6:00:00,110.453332,275.372868
1/31/2024,7:00:00,99.536329,284.960050
1/31/2024,8:00:00,88.739200,294.788140
1/31/2024,9:00:00,79.416259,305.459192
1/31/2024,10:00:00,71.127889,317.501108
1/31/2024,11:00:00,64.660986,331.281971
1/31/2024,12:00:00,60.672105,346.760681
1/31/2024,13:00:00,59.689802,3.225552
1/31/2024,14:00:00,61.863441,19.443393
1/31/2024,15:00:00,66.872889,34.321960
1/31/2024,16:00:00,74.111902,47.421213
1/31/2024,17:00:00,82.918411,58.894480
1/31/2024,18:00:00,93.001229,69.192960
1/31/2024,19:00:00,103.650930,78.876307
1/31/2024,20:00:00,114.659975,88.586157
1/31/2024,21:00:00,125.709715,99.155021
1/31/2024,22:00:00,136.385244,111.878214
1/31/2024,23:00:00,145.955819,129.015928
2/1/2024,0:00:00,152.920270,153.916038
2/1/2024,1:00:00,154.833385,186.524780
2/1/2024,2:00:00,150.655955,216.798612
2/1/2024,3:00:00,142.418486,238.281226
2/1/2024,4:00:00,132.286427,253.337982
2/1/2024,5:00:00,121.391487,265.012796
2/1/2024,6:00:00,110.301669,275.118429
2/1/2024,7:00:00,99.376196,284.723684
2/1/2024,8:00:00,88.580722,294.565873
2/1/2024,9:00:00,79.221419,305.251426
2/1/2024,10:00:00,70.906754,317.314410
2/1/2024,11:00:00,64.412788,331.130707
2/1/2024,12:00:00,60.401142,346.664817
2/1/2024,13:00:00,59.406893,3.200681
2/1/2024,14:00:00,61.582453,19.489255
2/1/2024,15:00:00,66.604726,34.423613
2/1/2024,16:00:00,73.861697,47.560597
2/1/2024,17:00:00,82.688094,59.058624
2/1/2024,18:00:00,92.782109,69.375431
2/1/2024,19:00:00,103.441801,79.075762
2/1/2024,20:00:00,114.455108,88.804598
2/1/2024,21:00:00,125.501738,99.395727
2/1/2024,22:00:00,136.164204,112.140256
2/1/2024,23:00:00,145.709145,129.273509
2/2/2024,0:00:00,152.641866,154.060677
2/2/2024,1:00:00,154.552726,186.391885
2/2/2024,2:00:00,150.418189,216.473472
2/2/2024,3:00:00,142.224648,237.935533
2/2/2024,4:00:00,132.118402,253.023996
2/2/2024,5:00:00,121.234045,264.731741
2/2/2024,6:00:00,110.144035,274.862422
2/2/2024,7:00:00,99.210243,284.485766
2/2/2024,8:00:00,88.415818,294.342204
2/2/2024,9:00:00,79.020848,305.042563
2/2/2024,10:00:00,70.679894,317.127177
2/2/2024,11:00:00,64.158915,330.979886
2/2/2024,12:00:00,60.124738,346.570890
2/2/2024,13:00:00,59.119090,3.179503
2/2/2024,14:00:00,61.297416,19.540237
2/2/2024,15:00:00,66.333456,34.531107
2/2/2024,16:00:00,73.609208,47.705961
2/2/2024,17:00:00,82.455986,59.228623
2/2/2024,18:00:00,92.561735,69.563598
2/2/2024,19:00:00,103.231596,79.280839
2/2/2024,20:00:00,114.249133,89.028717
2/2/2024,21:00:00,125.292396,99.642304
2/2/2024,22:00:00,135.941276,112.408434
2/2/2024,23:00:00,145.459767,129.537469
2/3/2024,0:00:00,152.359656,154.212502
2/3/2024,1:00:00,154.266726,186.267815
2/3/2024,2:00:00,150.173805,216.154023
2/3/2024,3:00:00,142.024025,237.591388
2/3/2024,4:00:00,131.943893,252.709555
2/3/2024,5:00:00,121.070445,264.449476
2/3/2024,6:00:00,109.980489,274.604969
2/3/2024,7:00:00,99.038536,284.246391
2/3/2024,8:00:00,88.244536,294.117208
2/3/2024,9:00:00,78.814629,304.832657
2/3/2024,10:00:00,70.447400,316.939445
2/3/2024,11:00:00,63.899464,330.829535
2/3/2024,12:00:00,59.842992,346.478926
2/3/2024,13:00:00,58.826498,3.162049
2/3/2024,14:00:00,61.008440,19.596365
2/3/2024,15:00:00,66.059191,34.644447
2/3/2024,16:00:00,73.354538,47.857281
2/3/2024,17:00:00,82.222190,59.404425
2/3/2024,18:00:00,92.340186,69.757388
2/3/2024,19:00:00,103.020379,79.491444
2/3/2024,20:00:00,114.042099,89.258400
2/3/2024,21:00:00,125.081725,99.894605
2/3/2024,22:00:00,135.716493,112.682552
2/3/2024,23:00:00,145.207729,129.807543
2/4/2024,0:00:00,152.073718,154.371196
2/4/2024,1:00:00,153.975511,186.152397
2/4/2024,2:00:00,149.922924,215.840421
2/4/2024,3:00:00,141.816700,237.249031
2/4/2024,4:00:00,131.762962,252.394859
2/4/2024,5:00:00,120.900745,264.166157
2/4/2024,6:00:00,109.811092,274.346192
2/4/2024,7:00:00,98.861144,284.005656
2/4/2024,8:00:00,88.066944,293.890958
2/4/2024,9:00:00,78.602844,304.621765
2/4/2024,10:00:00,70.209363,316.751255
2/4/2024,11:00:00,63.634532,330.679682
2/4/2024,12:00:00,59.556008,346.388950
2/4/2024,13:00:00,58.529226,3.148351
2/4/2024,14:00:00,60.715641,19.657665
2/4/2024,15:00:00,65.782045,34.763633
2/4/2024,16:00:00,73.097797,48.014530
2/4/2024,17:00:00,81.986807,59.585978
2/4/2024,18:00:00,92.117543,69.956727
2/4/2024,19:00:00,102.808215,79.707485
2/4/2024,20:00:00,113.834058,89.493532
2/4/2024,21:00:00,124.869765,100.152483
2/4/2024,22:00:00,135.489890,112.962417
2/4/2024,23:00:00,144.953072,130.083469
2/5/2024,0:00:00,151.784130,154.536451
2/5/2024,1:00:00,153.679210,186.045454
2/5/2024,2:00:00,149.665670,215.532807
2/5/2024,3:00:00,141.602761,236.908697
2/5/2024,4:00:00,131.575676,252.080111
2/5/2024,5:00:00,120.725006,263.881942
2/5/2024,6:00:00,109.635908,274.086213
2/5/2024,7:00:00,98.678138,283.763658
2/5/2024,8:00:00,87.883119,293.663531
2/5/2024,9:00:00,78.385581,304.409944
2/5/2024,10:00:00,69.965880,316.562644
2/5/2024,11:00:00,63.364221,330.530356
2/5/2024,12:00:00,59.263891,346.300992
2/5/2024,13:00:00,58.227386,3.138443
2/5/2024,14:00:00,60.419135,19.724163
2/5/2024,15:00:00,65.502137,34.888668
2/5/2024,16:00:00,72.839095,48.177680
2/5/2024,17:00:00,81.749941,59.773228
2/5/2024,18:00:00,91.893888,70.161539
2/5/2024,19:00:00,102.595171,79.928866
2/5/2024,20:00:00,113.625063,89.733994
2/5/2024,21:00:00,124.656560,100.415790
2/5/2024,22:00:00,135.261504,113.247834
2/5/2024,23:00:00,144.695845,130.364988
2/6/2024,0:00:00,151.490976,154.707964
2/6/2024,1:00:00,153.377954,185.946805
2/6/2024,2:00:00,149.402171,215.231308
2/6/2024,3:00:00,141.382299,236.570613
2/6/2024,4:00:00,131.382104,251.765510
2/6/2024,5:00:00,120.543292,263.596987
2/6/2024,6:00:00,109.455004,273.825157
2/6/2024,7:00:00,98.489590,283.520496
2/6/2024,8:00:00,87.693151,293.435006
2/6/2024,9:00:00,78.162927,304.197252
2/6/2024,10:00:00,69.717047,316.373657
2/6/2024,11:00:00,63.088634,330.381588
2/6/2024,12:00:00,58.966750,346.215083
2/6/2024,13:00:00,57.921093,3.132361
2/6/2024,14:00:00,60.119045,19.795888
2/6/2024,15:00:00,65.219589,35.019555
2/6/2024,16:00:00,72.578547,48.346702
2/6/2024,17:00:00,81.511701,59.966119
2/6/2024,18:00:00,91.669309,70.371748
2/6/2024,19:00:00,102.381319,80.155491
2/6/2024,20:00:00,113.415170,89.979671
2/6/2024,21:00:00,124.442153,100.684380
2/6/2024,22:00:00,135.031376,113.538610
2/6/2024,23:00:00,144.436098,130.651848
2/7/2024,0:00:00,151.194339,154.885445
2/7/2024,1:00:00,153.071874,185.856271
2/7/2024,2:00:00,149.132557,214.936041
2/7/2024,3:00:00,141.155410,236.235002
2/7/2024,4:00:00,131.182321,251.451254
2/7/2024,5:00:00,120.355669,263.311452
2/7/2024,6:00:00,109.268448,273.563151
2/7/2024,7:00:00,98.295576,283.276270
2/7/2024,8:00:00,87.497138,293.205460
2/7/2024,9:00:00,77.934974,303.983750
2/7/2024,10:00:00,69.462964,316.184336
2/7/2024,11:00:00,62.807878,330.233411
2/7/2024,12:00:00,58.664698,346.131256
2/7/2024,13:00:00,57.610467,3.130143
2/7/2024,14:00:00,59.815496,19.872869
2/7/2024,15:00:00,64.934525,35.156296
2/7/2024,16:00:00,72.316271,48.521568
2/7/2024,17:00:00,81.272195,60.164594
2/7/2024,18:00:00,91.443892,70.587276
2/7/2024,19:00:00,102.166731,80.387264
2/7/2024,20:00:00,113.204439,90.230442
2/7/2024,21:00:00,124.226594,100.958106
2/7/2024,22:00:00,134.799550,113.834557
2/7/2024,23:00:00,144.173884,130.943800
2/8/2024,0:00:00,150.894307,155.068612
2/8/2024,1:00:00,152.761104,185.773673
2/8/2024,2:00:00,148.856964,214.647112
2/8/2024,3:00:00,140.922193,235.902080
2/8/2024,4:00:00,130.976403,251.137540
2/8/2024,5:00:00,120.162208,263.025495
2/8/2024,6:00:00,109.076311,273.300321
2/8/2024,7:00:00,98.096172,283.031082
2/8/2024,8:00:00,87.295185,292.974977
2/8/2024,9:00:00,77.701813,303.769502
2/8/2024,10:00:00,69.203731,315.994730
2/8/2024,11:00:00,62.522059,330.085861
2/8/2024,12:00:00,58.357847,346.049549
2/8/2024,13:00:00,57.295628,3.131832
2/8/2024,14:00:00,59.508615,19.955139
2/8/2024,15:00:00,64.647075,35.298896
2/8/2024,16:00:00,72.052387,48.702247
2/8/2024,17:00:00,81.031537,60.368598
2/8/2024,18:00:00,91.217729,70.808044
2/8/2024,19:00:00,101.951482,80.624087
2/8/2024,20:00:00,112.992930,90.486192
2/8/2024,21:00:00,124.009933,101.236821
2/8/2024,22:00:00,134.566071,114.135486
2/8/2024,23:00:00,143.909259,131.240605
2/9/2024,0:00:00,150.590967,155.257192
2/9/2024,1:00:00,152.445776,185.698832
2/9/2024,2:00:00,148.575524,214.364613
2/9/2024,3:00:00,140.682749,235.572053
2/9/2024,4:00:00,130.764429,250.824560
2/9/2024,5:00:00,119.962979,262.739273
2/9/2024,6:00:00,108.878665,273.036792
2/9/2024,7:00:00,97.891456,282.785035
2/9/2024,8:00:00,87.087401,292.743638
2/9/2024,9:00:00,77.463536,303.554571
2/9/2024,10:00:00,68.939450,315.804884
2/9/2024,11:00:00,62.231285,329.938976
2/9/2024,12:00:00,58.046311,345.969999
2/9/2024,13:00:00,56.976697,3.137472
2/9/2024,14:00:00,59.198531,20.042731
2/9/2024,15:00:00,64.357368,35.447358
2/9/2024,16:00:00,71.787016,48.888710
2/9/2024,17:00:00,80.789838,60.578073
2/9/2024,18:00:00,90.990911,71.033975
2/9/2024,19:00:00,101.735647,80.865865
2/9/2024,20:00:00,112.780704,90.746804
2/9/2024,21:00:00,123.792219,101.520384
2/9/2024,22:00:00,134.330987,114.441214
2/9/2024,23:00:00,143.642280,131.542029
2/10/2024,0:00:00,150.284409,155.450924
2/10/2024,1:00:00,152.126021,185.631566
2/10/2024,2:00:00,148.288376,214.088621
2/10/2024,3:00:00,140.437183,235.245117
2/10/2024,4:00:00,130.546481,250.512501
2/10/2024,5:00:00,119.758056,262.452939
2/10/2024,6:00:00,108.675582,272.772688
2/10/2024,7:00:00,97.681505,282.538226
2/10/2024,8:00:00,86.873898,292.511520
2/10/2024,9:00:00,77.220236,303.339017
2/10/2024,10:00:00,68.670222,315.614844
2/10/2024,11:00:00,61.935664,329.792791
2/10/2024,12:00:00,57.730203,345.892644
2/10/2024,13:00:00,56.653796,3.147106
2/10/2024,14:00:00,58.885373,20.135680
2/10/2024,15:00:00,64.065531,35.601688
2/10/2024,16:00:00,71.520278,49.080928
2/10/2024,17:00:00,80.547207,60.792961
2/10/2024,18:00:00,90.172878,71.264990
2/10/2024,19:00:00,101.519299,81.112501
2/10/2024,20:00:00,112.567820,91.012162
2/10/2024,21:00:00,123.573501,101.808650
2/10/2024,22:00:00,134.094341,114.751561
2/10/2024,23:00:00,143.373001,131.847842
2/11/2024,0:00:00,149.974718,155.649550
2/11/2024,1:00:00,151.801970,185.571689
2/11/2024,2:00:00,147.995655,213.819194
2/11/2024,3:00:00,140.185602,234.921454
2/11/2024,4:00:00,130.322643,250.201540
2/11/2024,5:00:00,119.547513,262.166639
2/11/2024,6:00:00,108.467140,272.508128
2/11/2024,7:00:00,97.466400,282.290753
2/11/2024,8:00:00,86.654792,292.278702
2/11/2024,9:00:00,76.972009,303.122899
2/11/2024,10:00:00,68.396148,315.424652
2/11/2024,11:00:00,61.635304,329.647339
2/11/2024,12:00:00,57.409637,345.817520
2/11/2024,13:00:00,56.327046,3.160776
2/11/2024,14:00:00,58.569268,20.234018
2/11/2024,15:00:00,63.771693,35.761885
2/11/2024,16:00:00,71.252291,49.278868
2/11/2024,17:00:00,80.303754,61.013203
2/11/2024,18:00:00,89.982832,71.501009
2/11/2024,19:00:00,101.302507,81.363898
2/11/2024,20:00:00,112.354335,91.282149
2/11/2024,21:00:00,123.353826,102.101479
2/11/2024,22:00:00,133.856178,115.066346
2/11/2024,23:00:00,143.101477,132.157816
2/12/2024,0:00:00,149.661979,155.852816
2/12/2024,1:00:00,151.473751,185.519007
2/12/2024,2:00:00,147.697499,213.556373
2/12/2024,3:00:00,139.928118,234.601228
2/12/2024,4:00:00,130.093005,249.891845
2/12/2024,5:00:00,119.331433,261.880515
2/12/2024,6:00:00,108.253418,272.243226
2/12/2024,7:00:00,97.246226,282.042707
2/12/2024,8:00:00,86.430205,292.045255
2/12/2024,9:00:00,76.718950,302.906272
2/12/2024,10:00:00,68.117334,315.234346
2/12/2024,11:00:00,61.330313,329.502647
2/12/2024,12:00:00,57.084728,345.744657
2/12/2024,13:00:00,55.996568,3.178522
2/12/2024,14:00:00,58.250344,20.337772
2/12/2024,15:00:00,63.475979,35.927948
2/12/2024,16:00:00,70.983171,49.482493
2/12/2024,17:00:00,80.059581,61.238735
2/12/2024,18:00:00,89.791073,71.741948
2/12/2024,19:00:00,101.085340,81.619955
2/12/2024,20:00:00,112.140301,91.556648
2/12/2024,21:00:00,123.133237,102.398725
2/12/2024,22:00:00,133.616537,115.385387
2/12/2024,23:00:00,142.827758,132.471726
2/13/2024,0:00:00,149.346276,156.060467
2/13/2024,1:00:00,151.141492,185.473318
2/13/2024,2:00:00,147.394050,213.300177
2/13/2024,3:00:00,139.664846,234.284591
2/13/2024,4:00:00,129.857662,249.583575
2/13/2024,5:00:00,119.109901,261.594701
2/13/2024,6:00:00,108.034502,271.978091
2/13/2024,7:00:00,97.021072,281.794175
2/13/2024,8:00:00,86.200260,291.811247
2/13/2024,9:00:00,76.461162,302.689184
2/13/2024,10:00:00,67.833886,315.043960
2/13/2024,11:00:00,61.020806,329.358740
2/13/2024,12:00:00,56.755591,345.674080
2/13/2024,13:00:00,55.662483,3.200376
2/13/2024,14:00:00,57.928727,20.446966
2/13/2024,15:00:00,63.178513,36.099868
2/13/2024,16:00:00,70.713031,49.691760
2/13/2024,17:00:00,79.814789,61.469489
2/13/2024,18:00:00,89.596915,71.987721
2/13/2024,19:00:00,100.867860,81.880569
2/13/2024,20:00:00,111.925768,91.835534
2/13/2024,21:00:00,122.911773,102.700241
2/13/2024,22:00:00,133.375456,115.708500
2/13/2024,23:00:00,142.551895,132.789340
2/14/2024,0:00:00,149.027691,156.272247
2/14/2024,1:00:00,150.805321,185.434408
2/14/2024,2:00:00,147.085453,213.050604
2/14/2024,3:00:00,139.395910,233.971676
2/14/2024,4:00:00,129.616716,249.276876
2/14/2024,5:00:00,118.883010,261.309322
2/14/2024,6:00:00,107.810483,271.712824
2/14/2024,7:00:00,96.791032,281.545238
2/14/2024,8:00:00,85.965088,291.576741
2/14/2024,9:00:00,76.198752,302.471681
2/14/2024,10:00:00,67.545917,314.853520
2/14/2024,11:00:00,60.706896,329.215633
2/14/2024,12:00:00,56.422345,345.605809
2/14/2024,13:00:00,55.324915,3.226365
2/14/2024,14:00:00,57.604543,20.561615
2/14/2024,15:00:00,62.879418,36.277630
2/14/2024,16:00:00,70.441981,49.906621
2/14/2024,17:00:00,79.569476,61.705389
2/14/2024,18:00:00,89.400064,72.238234
2/14/2024,19:00:00,100.650125,82.145630
2/14/2024,20:00:00,111.710781,92.118682
2/14/2024,21:00:00,122.689470,103.005874
2/14/2024,22:00:00,133.132970,116.035494
2/14/2024,23:00:00,142.273937,133.110426
2/15/2024,0:00:00,148.706306,156.487896
2/15/2024,1:00:00,150.465368,185.402052
2/15/2024,2:00:00,146.771855,212.807632
2/15/2024,3:00:00,139.121439,233.662598
2/15/2024,4:00:00,129.370278,248.971884
2/15/2024,5:00:00,118.650861,261.024498
2/15/2024,6:00:00,107.581460,271.447525
2/15/2024,7:00:00,96.556210,281.295973
2/15/2024,8:00:00,85.724824,291.341794
2/15/2024,9:00:00,75.931831,302.253801
2/15/2024,10:00:00,67.253545,314.663049
2/15/2024,11:00:00,60.388704,329.073336
2/15/2024,12:00:00,56.085110,345.539856
2/15/2024,13:00:00,54.983987,3.256508
2/15/2024,14:00:00,57.277919,20.681729
2/15/2024,15:00:00,62.578814,36.461211
2/15/2024,16:00:00,70.170128,50.127020
2/15/2024,17:00:00,79.323733,61.946355
2/15/2024,18:00:00,89.200477,72.493388
2/15/2024,19:00:00,100.432188,82.415025
2/15/2024,20:00:00,111.495380,92.405960
2/15/2024,21:00:00,122.466361,103.315467
2/15/2024,22:00:00,132.889110,116.366177
2/15/2024,23:00:00,141.993929,133.434746
2/16/2024,0:00:00,148.382203,156.707149
2/16/2024,1:00:00,150.121760,185.376017
2/16/2024,2:00:00,146.453409,212.571219
2/16/2024,3:00:00,138.841568,233.357457
2/16/2024,4:00:00,129.118463,248.668723
2/16/2024,5:00:00,118.413561,260.740339
2/16/2024,6:00:00,107.347540,271.182281
2/16/2024,7:00:00,96.316713,281.046452
2/16/2024,8:00:00,85.479611,291.106459
2/16/2024,9:00:00,75.660518,302.035577
2/16/2024,10:00:00,66.956889,314.472560
2/16/2024,11:00:00,60.066351,328.931852
2/16/2024,12:00:00,55.744009,345.476224
2/16/2024,13:00:00,54.639824,3.290817
2/16/2024,14:00:00,56.948979,20.807308
2/16/2024,15:00:00,62.276820,36.650581
2/16/2024,16:00:00,69.897575,50.352893
2/16/2024,17:00:00,79.077648,62.192300
2/16/2024,18:00:00,88.998262,72.753080
2/16/2024,19:00:00,100.214100,82.688635
2/16/2024,20:00:00,111.279600,92.697232
2/16/2024,21:00:00,122.242471,103.628862
2/16/2024,22:00:00,132.643905,116.700353
2/16/2024,23:00:00,141.711914,133.762063
2/17/2024,0:00:00,148.055460,156.929740
2/17/2024,1:00:00,149.774625,185.356058
2/17/2024,2:00:00,146.130268,212.341303
2/17/2024,3:00:00,138.556438,233.056332
2/17/2024,4:00:00,128.861395,248.367504
2/17/2024,5:00:00,118.171225,260.456945
2/17/2024,6:00:00,107.108833,270.917176
2/17/2024,7:00:00,96.072654,280.796738
2/17/2024,8:00:00,85.229591,290.870781
2/17/2024,9:00:00,75.384932,301.817037
2/17/2024,10:00:00,66.656075,314.282060
2/17/2024,11:00:00,59.739963,328.791174
2/17/2024,12:00:00,55.399164,345.414909
2/17/2024,13:00:00,54.292547,3.329298
2/17/2024,14:00:00,56.617846,20.938348
2/17/2024,15:00:00,61.973548,36.845703
2/17/2024,16:00:00,69.624420,50.584172
2/17/2024,17:00:00,78.831302,62.443133
2/17/2024,18:00:00,88.793611,73.017203
2/17/2024,19:00:00,99.995900,82.966341
2/17/2024,20:00:00,111.063471,92.992361
2/17/2024,21:00:00,122.017824,103.945894
2/17/2024,22:00:00,132.397377,117.037822
2/17/2024,23:00:00,141.427933,134.092136
2/18/2024,0:00:00,147.726152,157.155405
2/18/2024,1:00:00,149.424089,185.341925
2/18/2024,2:00:00,145.802585,212.117802
2/18/2024,3:00:00,138.266192,232.759287
2/18/2024,4:00:00,128.599201,248.068325
2/18/2024,5:00:00,117.923969,260.174407
2/18/2024,6:00:00,106.865455,270.652284
2/18/2024,7:00:00,95.824152,280.546887
2/18/2024,8:00:00,84.974911,290.634799
2/18/2024,9:00:00,75.105200,301.598198
2/18/2024,10:00:00,66.351228,314.091552
2/18/2024,11:00:00,59.409663,328.651290
2/18/2024,12:00:00,55.050698,345.355901
2/18/2024,13:00:00,53.942277,3.371947
2/18/2024,14:00:00,56.284637,21.074835
2/18/2024,15:00:00,61.669108,37.046536
2/18/2024,16:00:00,69.350755,50.820786
2/18/2024,17:00:00,78.584771,62.698759
2/18/2024,18:00:00,88.586750,73.285647
2/18/2024,19:00:00,99.777628,83.248019
2/18/2024,20:00:00,110.847017,93.291208
2/18/2024,21:00:00,121.792437,104.266403
2/18/2024,22:00:00,132.149546,117.378389
2/18/2024,23:00:00,141.142022,134.424728
2/19/2024,0:00:00,147.394354,157.383878
2/19/2024,1:00:00,149.070275,185.333362
2/19/2024,2:00:00,145.470515,211.900619
2/19/2024,3:00:00,137.970976,232.466365
2/19/2024,4:00:00,128.332011,247.771270
2/19/2024,5:00:00,117.671916,259.892806
2/19/2024,6:00:00,106.617527,270.387672
2/19/2024,7:00:00,95.571326,280.296950
2/19/2024,8:00:00,84.715719,290.398545
2/19/2024,9:00:00,74.821446,301.379075
2/19/2024,10:00:00,66.042476,313.901026
2/19/2024,11:00:00,59.075578,328.512180
2/19/2024,12:00:00,54.698731,345.299181
2/19/2024,13:00:00,53.589134,3.418758
2/19/2024,14:00:00,55.949468,21.216755
2/19/2024,15:00:00,61.363606,37.253032
2/19/2024,16:00:00,69.076669,51.062655
2/19/2024,17:00:00,78.338125,62.959081
2/19/2024,18:00:00,88.377920,73.558301
2/19/2024,19:00:00,99.559312,83.533545
2/19/2024,20:00:00,110.630258,93.593634
2/19/2024,21:00:00,121.566321,104.590224
2/19/2024,22:00:00,131.900427,117.721853
2/19/2024,23:00:00,140.854213,134.759601
2/20/2024,0:00:00,147.060134,157.614897
2/20/2024,1:00:00,148.713303,185.330109
2/20/2024,2:00:00,145.134210,211.689642
2/20/2024,3:00:00,137.670938,232.177598
2/20/2024,4:00:00,128.059960,247.476412
2/20/2024,5:00:00,117.415192,259.612215
2/20/2024,6:00:00,106.365170,270.123398
2/20/2024,7:00:00,95.314300,280.046970
2/20/2024,8:00:00,84.452165,290.162044
2/20/2024,9:00:00,74.533799,301.159674
2/20/2024,10:00:00,65.729946,313.710471
2/20/2024,11:00:00,58.737832,328.373816
2/20/2024,12:00:00,54.343383,345.244724
2/20/2024,13:00:00,53.233232,3.469716
2/20/2024,14:00:00,55.612452,21.364085
2/20/2024,15:00:00,61.057141,37.465142
2/20/2024,16:00:00,68.802242,51.309702
2/20/2024,17:00:00,78.091427,63.224000
2/20/2024,18:00:00,88.167356,73.835053
2/20/2024,19:00:00,99.340981,83.822795
2/20/2024,20:00:00,110.413207,93.899498
2/20/2024,21:00:00,121.339486,104.917194
2/20/2024,22:00:00,131.650032,118.068020
2/20/2024,23:00:00,140.564538,135.096522
2/21/2024,0:00:00,146.723561,157.848203
2/21/2024,1:00:00,148.353289,185.331906
2/21/2024,2:00:00,144.793821,211.484745
2/21/2024,3:00:00,137.366226,231.892999
2/21/2024,4:00:00,127.783182,247.183813
2/21/2024,5:00:00,117.153924,259.332696
2/21/2024,6:00:00,106.108509,269.859516
2/21/2024,7:00:00,95.053199,279.796985
2/21/2024,8:00:00,84.184398,289.925320
2/21/2024,9:00:00,74.242388,300.939998
2/21/2024,10:00:00,65.413768,313.519868
2/21/2024,11:00:00,58.396549,328.236167
2/21/2024,12:00:00,53.984773,345.192501
2/21/2024,13:00:00,52.874687,3.524807
2/21/2024,14:00:00,55.273696,21.516801
2/21/2024,15:00:00,60.749812,37.682810
2/21/2024,16:00:00,68.527555,51.561843
2/21/2024,17:00:00,77.844739,63.493412
2/21/2024,18:00:00,87.955280,74.115787
2/21/2024,19:00:00,99.122657,84.115644
2/21/2024,20:00:00,110.195876,94.208661
2/21/2024,21:00:00,121.111938,105.247151
2/21/2024,22:00:00,131.398371,118.416694
2/21/2024,23:00:00,140.273027,135.435262
2/22/2024,0:00:00,146.384701,158.083543
2/22/2024,1:00:00,147.990349,185.338494
2/22/2024,2:00:00,144.449500,211.285795
2/22/2024,3:00:00,137.056990,231.612573
2/22/2024,4:00:00,127.501816,246.893526
2/22/2024,5:00:00,116.888242,259.054306
2/22/2024,6:00:00,105.847670,269.596072
2/22/2024,7:00:00,94.788150,279.547028
2/22/2024,8:00:00,83.912567,289.688387
2/22/2024,9:00:00,73.947343,300.720043
2/22/2024,10:00:00,65.094071,313.329196
2/22/2024,11:00:00,58.051854,328.099195
2/22/2024,12:00:00,53.623018,345.142479
2/22/2024,13:00:00,52.513610,3.584008
2/22/2024,14:00:00,54.933309,21.674875
2/22/2024,15:00:00,60.441713,37.905981
2/22/2024,16:00:00,68.252682,51.818993
2/22/2024,17:00:00,77.598117,63.767216
2/22/2024,18:00:00,87.741896,74.400389
2/22/2024,19:00:00,98.904358,84.411965
2/22/2024,20:00:00,109.978275,94.520982
2/22/2024,21:00:00,120.883681,105.579933
2/22/2024,22:00:00,131.145453,118.767681
2/22/2024,23:00:00,139.979708,135.775594
2/23/2024,0:00:00,146.043618,158.320672
2/23/2024,1:00:00,147.624597,185.349618
2/23/2024,2:00:00,144.101393,211.092651
2/23/2024,3:00:00,136.743379,231.336313
2/23/2024,4:00:00,127.216001,246.605594
2/23/2024,5:00:00,116.618276,258.777096
2/23/2024,6:00:00,105.582783,269.333109
2/23/2024,7:00:00,94.519282,279.297128
2/23/2024,8:00:00,83.636822,289.451260
2/23/2024,9:00:00,73.648796,300.499805
2/23/2024,10:00:00,64.770983,313.138426
2/23/2024,11:00:00,57.703872,327.962860
2/23/2024,12:00:00,53.258234,345.094622
2/23/2024,13:00:00,52.150113,3.647299
2/23/2024,14:00:00,54.591396,21.838279
2/23/2024,15:00:00,60.132936,38.134596
2/23/2024,16:00:00,67.977697,52.081066
2/23/2024,17:00:00,77.351615,64.045307
2/23/2024,18:00:00,87.527391,74.688745
2/23/2024,19:00:00,98.686104,84.711634
2/23/2024,20:00:00,109.760409,94.836322
2/23/2024,21:00:00,120.654717,105.915381
2/23/2024,22:00:00,130.891287,119.120793
2/23/2024,23:00:00,139.684609,136.117297
2/24/2024,0:00:00,145.700378,158.559350
2/24/2024,1:00:00,147.256141,185.365025
2/24/2024,2:00:00,143.749649,210.905167
2/24/2024,3:00:00,136.425543,231.064202
2/24/2024,4:00:00,126.925875,246.320053
2/24/2024,5:00:00,116.344159,258.501111
2/24/2024,6:00:00,105.313975,269.070663
2/24/2024,7:00:00,94.246722,279.047311
2/24/2024,8:00:00,83.357310,289.213948
2/24/2024,9:00:00,73.346876,300.279275
2/24/2024,10:00:00,64.444634,312.947532
2/24/2024,11:00:00,57.352726,327.827118
2/24/2024,12:00:00,52.890539,345.048890
2/24/2024,13:00:00,51.784305,3.714655
2/24/2024,14:00:00,54.248059,22.006981
2/24/2024,15:00:00,59.823570,38.368594
2/24/2024,16:00:00,67.702669,52.347974
2/24/2024,17:00:00,77.105284,64.327581
2/24/2024,18:00:00,87.311935,74.980738
2/24/2024,19:00:00,98.467908,85.014525
2/24/2024,20:00:00,109.542285,95.154545
2/24/2024,21:00:00,120.425049,106.253335
2/24/2024,22:00:00,130.635879,119.475841
2/24/2024,23:00:00,139.387758,136.460156
2/25/2024,0:00:00,145.355043,158.799345
2/25/2024,1:00:00,146.885093,185.384470
2/25/2024,2:00:00,143.394414,210.723190
2/25/2024,3:00:00,136.103632,230.796215
2/25/2024,4:00:00,126.631580,246.036933
2/25/2024,5:00:00,116.066024,258.226388
2/25/2024,6:00:00,105.041377,268.808770
2/25/2024,7:00:00,93.970601,278.797599
2/25/2024,8:00:00,83.074180,288.976458
2/25/2024,9:00:00,73.041716,300.058441
2/25/2024,10:00:00,64.115154,312.756480
2/25/2024,11:00:00,56.998540,327.691923
2/25/2024,12:00:00,52.520045,345.005241
2/25/2024,13:00:00,51.416294,3.786049
2/25/2024,14:00:00,53.903402,22.180947
2/25/2024,15:00:00,59.513705,38.607912
2/25/2024,16:00:00,67.427666,52.619627
2/25/2024,17:00:00,76.859171,64.613930
2/25/2024,18:00:00,87.095679,75.276252
2/25/2024,19:00:00,98.249784,85.320514
2/25/2024,20:00:00,109.323906,95.475510
2/25/2024,21:00:00,120.194677,106.593637
2/25/2024,22:00:00,130.379239,119.832640
2/25/2024,23:00:00,139.089183,136.803960
2/26/2024,0:00:00,145.007677,159.040432
2/26/2024,1:00:00,146.511560,185.407709
2/26/2024,2:00:00,143.035830,210.546566
2/26/2024,3:00:00,135.777794,230.532320
2/26/2024,4:00:00,126.333257,245.756256
2/26/2024,5:00:00,115.784006,257.952963
2/26/2024,6:00:00,104.765120,268.547458
2/26/2024,7:00:00,93.691050,278.548011
2/26/2024,8:00:00,82.787580,288.738796
2/26/2024,9:00:00,72.733448,299.837290
2/26/2024,10:00:00,63.782672,312.565236
2/26/2024,11:00:00,56.641437,327.557226
2/26/2024,12:00:00,52.146870,344.963630
2/26/2024,13:00:00,51.046189,3.861454
2/26/2024,14:00:00,53.557523,22.360143
2/26/2024,15:00:00,59.203426,38.852487
2/26/2024,16:00:00,67.152755,52.895933
2/26/2024,17:00:00,76.613324,64.904249
2/26/2024,18:00:00,86.878758,75.575171
2/26/2024,19:00:00,98.031744,85.629474
2/26/2024,20:00:00,109.105275,95.799081
2/26/2024,21:00:00,119.963602,106.936130
2/26/2024,22:00:00,130.121372,120.191006
2/26/2024,23:00:00,138.788915,137.148502
2/27/2024,0:00:00,144.658344,159.282392
2/27/2024,1:00:00,146.135650,185.434508
2/27/2024,2:00:00,142.674043,210.375138
2/27/2024,3:00:00,135.448181,230.272478
2/27/2024,4:00:00,126.031048,245.478038
2/27/2024,5:00:00,115.498240,257.680867
2/27/2024,6:00:00,104.485336,268.286754
2/27/2024,7:00:00,93.408200,278.298565
2/27/2024,8:00:00,82.497657,288.500965
2/27/2024,9:00:00,72.422205,299.615806
2/27/2024,10:00:00,63.447320,312.373763
2/27/2024,11:00:00,56.281541,327.422973
2/27/2024,12:00:00,51.771126,344.924010
2/27/2024,13:00:00,50.674098,3.940839
2/27/2024,14:00:00,53.210525,22.544532
2/27/2024,15:00:00,58.892818,39.102250
2/27/2024,16:00:00,66.877998,53.176799
2/27/2024,17:00:00,76.367787,65.198427
2/27/2024,18:00:00,86.661296,75.877377
2/27/2024,19:00:00,97.813799,85.941281
2/27/2024,20:00:00,108.886394,96.125119
2/27/2024,21:00:00,119.731824,107.280658
2/27/2024,22:00:00,129.862289,120.550757
2/27/2024,23:00:00,138.486982,137.493578
2/28/2024,0:00:00,144.307109,159.525014
2/28/2024,1:00:00,145.757469,185.464634
2/28/2024,2:00:00,142.309194,210.208746
2/28/2024,3:00:00,135.114941,230.016644
2/28/2024,4:00:00,125.725096,245.202292
2/28/2024,5:00:00,115.208863,257.410124
2/28/2024,6:00:00,104.202160,268.026683
2/28/2024,7:00:00,93.122185,278.049274
2/28/2024,8:00:00,82.204559,288.262964
2/28/2024,9:00:00,72.108121,299.393971
2/28/2024,10:00:00,63.109229,312.182023
2/28/2024,11:00:00,55.918979,327.289111
2/28/2024,12:00:00,51.392930,344.886332
2/28/2024,13:00:00,50.300126,4.024172
2/28/2024,14:00:00,52.862504,22.734074
2/28/2024,15:00:00,58.581965,39.357132
2/28/2024,16:00:00,66.603460,53.462129
2/28/2024,17:00:00,76.122603,65.496354
2/28/2024,18:00:00,86.443400,76.182751
2/28/2024,19:00:00,97.595958,86.255807
2/28/2024,20:00:00,108.667265,96.453487
2/28/2024,21:00:00,119.499345,107.627065
2/28/2024,22:00:00,129.601997,120.911714
2/28/2024,23:00:00,138.183417,137.838991
2/29/2024,0:00:00,143.954036,159.768091
2/29/2024,1:00:00,145.377123,185.497863
2/29/2024,2:00:00,141.941426,210.047229
2/29/2024,3:00:00,134.778226,229.764768
2/29/2024,4:00:00,125.415547,244.929023
2/29/2024,5:00:00,114.916013,257.140757
2/29/2024,6:00:00,103.915726,267.767265
2/29/2024,7:00:00,92.833139,277.800151
2/29/2024,8:00:00,81.908434,288.024793
2/29/2024,9:00:00,71.791333,299.171767
2/29/2024,10:00:00,62.768532,311.989975
2/29/2024,11:00:00,55.553874,327.155583
2/29/2024,12:00:00,51.012396,344.850543
2/29/2024,13:00:00,49.924382,4.111419
2/29/2024,14:00:00,52.513562,22.928727
2/29/2024,15:00:00,58.270950,39.617061
2/29/2024,16:00:00,66.329200,53.751825
2/29/2024,17:00:00,75.877813,65.797919
2/29/2024,18:00:00,86.225170,76.491175
2/29/2024,19:00:00,97.378231,86.572926
2/29/2024,20:00:00,108.447890,96.784047
2/29/2024,21:00:00,119.266164,107.975195
2/29/2024,22:00:00,129.340508,121.273699
2/29/2024,23:00:00,137.878253,138.184546
3/1/2024,0:00:00,143.599192,160.011425
3/1/2024,1:00:00,144.994720,185.533974
3/1/2024,2:00:00,141.570881,209.890426
3/1/2024,3:00:00,134.438186,229.516796
3/1/2024,4:00:00,125.102546,244.658233
3/1/2024,5:00:00,114.619830,256.872786
3/1/2024,6:00:00,103.626170,267.508520
3/1/2024,7:00:00,92.541198,277.551207
3/1/2024,8:00:00,81.609430,287.786450
3/1/2024,9:00:00,71.471976,298.949175
3/1/2024,10:00:00,62.425362,311.797578
3/1/2024,11:00:00,55.186354,327.022330
3/1/2024,12:00:00,50.629640,344.816591
3/1/2024,13:00:00,49.546974,4.202546
3/1/2024,14:00:00,52.163796,23.128450
3/1/2024,15:00:00,57.959856,39.881963
3/1/2024,16:00:00,66.055281,54.045788
3/1/2024,17:00:00,75.633458,66.103009
3/1/2024,18:00:00,86.006694,76.802527
3/1/2024,19:00:00,97.160626,86.892511
3/1/2024,20:00:00,108.228272,97.116661
3/1/2024,21:00:00,119.032285,108.324894
3/1/2024,22:00:00,129.077835,121.636536
3/1/2024,23:00:00,137.571525,138.530052
3/2/2024,0:00:00,143.242647,160.254824
3/2/2024,1:00:00,144.610367,185.572757
3/2/2024,2:00:00,141.197701,209.738178
3/2/2024,3:00:00,134.094973,229.272669
3/2/2024,4:00:00,124.786239,244.389923
3/2/2024,5:00:00,114.320456,256.606228
3/2/2024,6:00:00,103.333631,267.250466
3/2/2024,7:00:00,92.246497,277.302454
3/2/2024,8:00:00,81.307696,287.547935
3/2/2024,9:00:00,71.150188,298.726173
3/2/2024,10:00:00,62.079854,311.604789
3/2/2024,11:00:00,54.816545,326.889294
3/2/2024,12:00:00,50.244780,344.784421
3/2/2024,13:00:00,49.168009,4.297516
3/2/2024,14:00:00,51.813307,23.333196
3/2/2024,15:00:00,57.648765,40.151761
3/2/2024,16:00:00,65.781763,54.343914
3/2/2024,17:00:00,75.389580,66.411507
3/2/2024,18:00:00,85.788054,77.116686
3/2/2024,19:00:00,96.943156,87.214433
3/2/2024,20:00:00,108.008415,97.451190
3/2/2024,21:00:00,118.797713,108.676007
3/2/2024,22:00:00,128.813993,122.000050
3/2/2024,23:00:00,137.263272,138.875326
3/3/2024,0:00:00,142.884470,160.498103
3/3/2024,1:00:00,144.224172,185.614007
3/3/2024,2:00:00,140.822027,209.590329
3/3/2024,3:00:00,133.748740,229.032330
3/3/2024,4:00:00,124.466774,244.124090
3/3/2024,5:00:00,114.018031,256.341099
3/3/2024,6:00:00,103.038246,266.993120
3/3/2024,7:00:00,91.949175,277.053903
3/3/2024,8:00:00,81.003379,287.309245
3/3/2024,9:00:00,70.826107,298.502745
3/3/2024,10:00:00,61.732143,311.411570
3/3/2024,11:00:00,54.444578,326.756417
3/3/2024,12:00:00,49.857934,344.753980
3/3/2024,13:00:00,48.787599,4.396295
3/3/2024,14:00:00,51.462196,23.542923
3/3/2024,15:00:00,57.337763,40.426378
3/3/2024,16:00:00,65.508708,54.646102
3/3/2024,17:00:00,75.146220,66.723300
3/3/2024,18:00:00,85.569327,77.433530
3/3/2024,19:00:00,96.725831,87.538564
3/3/2024,20:00:00,107.788325,97.787496
3/3/2024,21:00:00,118.562456,109.028381
3/3/2024,22:00:00,128.549002,122.364072
3/3/2024,23:00:00,136.953537,139.220187
3/4/2024,0:00:00,142.524738,160.741088
3/4/2024,1:00:00,143.836244,185.657530
3/4/2024,2:00:00,140.444003,209.446726
3/4/2024,3:00:00,133.399637,228.795719
3/4/2024,4:00:00,124.144299,243.860731
3/4/2024,5:00:00,113.712697,256.077418
3/4/2024,6:00:00,102.740155,266.736503
3/4/2024,7:00:00,91.649369,276.805567
3/4/2024,8:00:00,80.696629,287.070383
3/4/2024,9:00:00,70.499871,298.278874
3/4/2024,10:00:00,61.382367,311.217881
3/4/2024,11:00:00,54.070582,326.623643
3/4/2024,12:00:00,49.469223,344.725217
3/4/2024,13:00:00,48.405855,4.498850
3/4/2024,14:00:00,51.110566,23.757584
3/4/2024,15:00:00,57.026936,40.705734
3/4/2024,16:00:00,65.236182,54.952246
3/4/2024,17:00:00,74.903423,67.038270
3/4/2024,18:00:00,85.350587,77.752936
3/4/2024,19:00:00,96.508668,87.864776
3/4/2024,20:00:00,107.568013,98.125443
3/4/2024,21:00:00,118.326527,109.381865
3/4/2024,22:00:00,128.282886,122.728432
3/4/2024,23:00:00,136.642369,139.564463
3/5/2024,0:00:00,142.163528,160.983614
3/5/2024,1:00:00,143.446697,185.703144
3/5/2024,2:00:00,140.063770,209.307224
3/5/2024,3:00:00,133.047817,228.562782
3/5/2024,4:00:00,123.818963,243.599844
3/5/2024,5:00:00,113.404598,255.815201
3/5/2024,6:00:00,102.439495,266.480634
3/5/2024,7:00:00,91.347217,276.557462
3/5/2024,8:00:00,80.387591,286.831353
3/5/2024,9:00:00,70.171622,298.054548
3/5/2024,10:00:00,61.030663,311.023688
3/5/2024,11:00:00,53.694688,326.490919
3/5/2024,12:00:00,49.078768,344.698082
3/5/2024,13:00:00,48.022892,4.605149
3/5/2024,14:00:00,50.758525,23.977137
3/5/2024,15:00:00,56.716373,40.989752
3/5/2024,16:00:00,64.964250,55.262242
3/5/2024,17:00:00,74.661237,67.356300
3/5/2024,18:00:00,85.131904,78.074783
3/5/2024,19:00:00,96.291686,88.192941
3/5/2024,20:00:00,107.347494,98.464893
3/5/2024,21:00:00,118.089944,109.736309
3/5/2024,22:00:00,128.015676,123.092968
3/5/2024,23:00:00,136.329821,139.907989
3/6/2024,0:00:00,141.800923,161.225525
3/6/2024,1:00:00,143.055644,185.750677
3/6/2024,2:00:00,139.681472,209.171684
3/6/2024,3:00:00,132.693434,228.333463
3/6/2024,4:00:00,123.490912,243.341431
3/6/2024,5:00:00,113.093875,255.554470
3/6/2024,6:00:00,102.136406,266.225538
3/6/2024,7:00:00,91.042857,276.309605
3/6/2024,8:00:00,80.076414,286.592162
3/6/2024,9:00:00,69.841497,297.829758
3/6/2024,10:00:00,60.677169,310.828961
3/6/2024,11:00:00,53.317029,326.358197
3/6/2024,12:00:00,48.686694,344.672532
3/6/2024,13:00:00,47.638828,4.715166
3/6/2024,14:00:00,50.406180,24.201539
3/6/2024,15:00:00,56.406165,41.278351
3/6/2024,16:00:00,64.692982,55.575983
3/6/2024,17:00:00,74.419710,67.677272
3/6/2024,18:00:00,84.913348,78.398947
3/6/2024,19:00:00,96.074909,88.522932
3/6/2024,20:00:00,107.126788,98.805710
3/6/2024,21:00:00,117.852729,110.091565
3/6/2024,22:00:00,127.747407,123.457519
3/6/2024,23:00:00,136.015951,140.250606
3/7/2024,0:00:00,141.437011,161.466676
3/7/2024,1:00:00,142.663201,185.799967
3/7/2024,2:00:00,139.297253,209.039975
3/7/2024,3:00:00,132.336638,228.107713
3/7/2024,4:00:00,123.160296,243.085492
3/7/2024,5:00:00,112.780670,255.295246
3/7/2024,6:00:00,101.831026,265.971240
3/7/2024,7:00:00,90.150310,276.062018
3/7/2024,8:00:00,79.763242,286.352822
3/7/2024,9:00:00,69.509635,297.604498
3/7/2024,10:00:00,60.322023,310.633672
3/7/2024,11:00:00,52.937740,326.225430
3/7/2024,12:00:00,48.293126,344.648525
3/7/2024,13:00:00,47.253782,4.828875
3/7/2024,14:00:00,50.053644,24.430750
3/7/2024,15:00:00,56.096408,41.571453
3/7/2024,16:00:00,64.422451,55.893365
3/7/2024,17:00:00,74.178896,68.001070
3/7/2024,18:00:00,84.694989,78.725306
3/7/2024,19:00:00,95.858362,88.854622
3/7/2024,20:00:00,106.905918,99.147762
3/7/2024,21:00:00,117.614910,110.447488
3/7/2024,22:00:00,127.478119,123.821932
3/7/2024,23:00:00,135.700824,140.592164
3/8/2024,0:00:00,141.071881,161.706935
3/8/2024,1:00:00,142.269486,185.850868
3/8/2024,2:00:00,138.911256,208.911974
3/8/2024,3:00:00,131.977583,227.885482
3/8/2024,4:00:00,122.827261,242.832030
3/8/2024,5:00:00,112.465123,255.037553
3/8/2024,6:00:00,101.523491,265.717767
3/8/2024,7:00:00,89.892665,275.814725
3/8/2024,8:00:00,79.448218,286.113346
3/8/2024,9:00:00,69.176176,297.378768
3/8/2024,10:00:00,59.965362,310.437800
3/8/2024,11:00:00,52.556951,326.092578
3/8/2024,12:00:00,47.898189,344.626023
3/8/2024,13:00:00,46.867874,4.946256
3/8/2024,14:00:00,49.701030,24.664732
3/8/2024,15:00:00,55.787197,41.868980
3/8/2024,16:00:00,64.152729,56.214283
3/8/2024,17:00:00,73.938850,68.327578
3/8/2024,18:00:00,84.476895,79.053741
3/8/2024,19:00:00,95.642076,89.187887
3/8/2024,20:00:00,106.684910,99.490917
3/8/2024,21:00:00,117.376516,110.803938
3/8/2024,22:00:00,127.207857,124.186056
3/8/2024,23:00:00,135.384505,140.932521
3/9/2024,0:00:00,140.705625,161.946177
3/9/2024,1:00:00,141.874616,185.903237
3/9/2024,2:00:00,138.523621,208.787560
3/9/2024,3:00:00,131.616416,227.666723
3/9/2024,4:00:00,122.491953,242.581048
3/9/2024,5:00:00,112.147375,254.781412
3/9/2024,6:00:00,101.213937,265.465147
3/9/2024,7:00:00,89.630271,275.567748
3/9/2024,8:00:00,79.131485,285.873750
3/9/2024,9:00:00,68.841253,297.152566
3/9/2024,10:00:00,59.607323,310.241321
3/9/2024,11:00:00,52.174796,325.959600
3/9/2024,12:00:00,47.502007,344.604991
3/9/2024,13:00:00,46.481222,5.067290
3/9/2024,14:00:00,49.348448,24.903447
3/9/2024,15:00:00,55.478626,42.170853
3/9/2024,16:00:00,63.883890,56.538631
3/9/2024,17:00:00,73.699624,68.656680
3/9/2024,18:00:00,84.259129,79.384132
3/9/2024,19:00:00,95.426080,89.522605
3/9/2024,20:00:00,106.463791,99.835047
3/9/2024,21:00:00,117.137582,111.160777
3/9/2024,22:00:00,126.936666,124.549749
3/9/2024,23:00:00,135.067063,141.271543
3/10/2024,0:00:00,140.338336,162.184286
3/10/2024,1:00:00,141.478705,185.956944
3/10/2024,2:00:00,138.134488,208.666616
3/10/2024,3:00:00,131.253285,227.451388
3/10/2024,4:00:00,122.154514,242.332545
3/10/2024,5:00:00,111.827562,254.526846
3/10/2024,6:00:00,100.902496,265.213405
3/10/2024,7:00:00,89.361962,275.321113
3/10/2024,8:00:00,78.813180,285.634047
3/10/2024,9:00:00,68.505003,296.925892
3/10/2024,10:00:00,59.248038,310.044215
3/10/2024,11:00:00,51.791404,325.826456
3/10/2024,12:00:00,47.104703,344.585391
3/10/2024,13:00:00,46.093945,5.191959
3/10/2024,14:00:00,48.996010,25.146857
3/10/2024,15:00:00,55.170789,42.476995
3/10/2024,16:00:00,63.616004,56.866305
3/10/2024,17:00:00,73.461271,68.988263
3/10/2024,18:00:00,84.041754,79.716362
3/10/2024,19:00:00,95.210404,89.858655
3/10/2024,20:00:00,106.242590,100.180025
3/10/2024,21:00:00,116.898138,111.517872
3/10/2024,22:00:00,126.664592,124.912871
3/10/2024,23:00:00,134.748565,141.609101
3/11/2024,0:00:00,139.970104,162.421153
3/11/2024,1:00:00,141.081869,186.011862
3/11/2024,2:00:00,137.743994,208.549029
3/11/2024,3:00:00,130.888336,227.239423
3/11/2024,4:00:00,121.815087,242.086518
3/11/2024,5:00:00,111.505821,254.273871
3/11/2024,6:00:00,100.589302,264.962567
3/11/2024,7:00:00,89.087515,275.074839
3/11/2024,8:00:00,78.493442,285.394252
3/11/2024,9:00:00,68.167557,296.698745
3/11/2024,10:00:00,58.887641,309.846459
3/11/2024,11:00:00,51.406904,325.693104
3/11/2024,12:00:00,46.706399,344.567188
3/11/2024,13:00:00,45.706160,5.320245
3/11/2024,14:00:00,48.643826,25.394923
3/11/2024,15:00:00,54.863777,42.787324
3/11/2024,16:00:00,63.349141,57.197200
3/11/2024,17:00:00,73.223842,69.322210
3/11/2024,18:00:00,83.824827,80.050312
3/11/2024,19:00:00,94.995077,90.195917
3/11/2024,20:00:00,106.021333,100.525727
3/11/2024,21:00:00,116.658218,111.875090
3/11/2024,22:00:00,126.391683,125.275286
3/11/2024,23:00:00,134.429081,141.945070
3/12/2024,0:00:00,139.601022,162.656673
3/12/2024,1:00:00,140.684222,186.067865
3/12/2024,2:00:00,137.352275,208.434683
3/12/2024,3:00:00,130.521714,227.030776
3/12/2024,4:00:00,121.473815,241.842961
3/12/2024,5:00:00,111.182289,254.022504
3/12/2024,6:00:00,100.274488,264.712652
3/12/2024,7:00:00,88.807207,274.828947
3/12/2024,8:00:00,78.172408,285.154376
3/12/2024,9:00:00,67.829051,296.471123
3/12/2024,10:00:00,58.526267,309.648029
3/12/2024,11:00:00,51.021426,325.559499
3/12/2024,12:00:00,46.307217,344.550342
3/12/2024,13:00:00,45.317982,5.452124
3/12/2024,14:00:00,48.292001,25.647602
3/12/2024,15:00:00,54.557679,43.101755
3/12/2024,16:00:00,63.083368,57.531205
3/12/2024,17:00:00,72.987385,69.658406
3/12/2024,18:00:00,83.608400,80.385865
3/12/2024,19:00:00,94.780124,90.534269
3/12/2024,20:00:00,105.800047,100.872026
3/12/2024,21:00:00,116.417855,112.232297
3/12/2024,22:00:00,126.117985,125.636858
3/12/2024,23:00:00,134.108681,142.279328
3/13/2024,0:00:00,139.231182,162.890741
3/13/2024,1:00:00,140.285876,186.124830
3/13/2024,2:00:00,136.959468,208.323462
3/13/2024,3:00:00,130.153566,226.825389
3/13/2024,4:00:00,121.130843,241.601862
3/13/2024,5:00:00,110.857106,253.772756
3/13/2024,6:00:00,99.958189,264.463682
3/13/2024,7:00:00,88.521544,274.583456
3/13/2024,8:00:00,77.850218,284.914429
3/13/2024,9:00:00,67.489619,296.243021
3/13/2024,10:00:00,58.164049,309.448899
3/13/2024,11:00:00,50.635101,325.425595
3/13/2024,12:00:00,45.907279,344.534807
3/13/2024,13:00:00,44.929527,5.587569
3/13/2024,14:00:00,47.940645,25.904844
3/13/2024,15:00:00,54.252582,43.420199
3/13/2024,16:00:00,62.818747,57.868208
3/13/2024,17:00:00,72.751945,69.996728
3/13/2024,18:00:00,83.392524,80.722898
3/13/2024,19:00:00,94.565573,90.873589
3/13/2024,20:00:00,105.578757,101.218795
3/13/2024,21:00:00,116.177080,112.589361
3/13/2024,22:00:00,125.843547,125.997451
3/13/2024,23:00:00,133.787433,142.611751
3/14/2024,0:00:00,138.860678,163.123254
3/14/2024,1:00:00,139.886948,186.182635
3/14/2024,2:00:00,136.565711,208.215247
3/14/2024,3:00:00,129.784041,226.623199
3/14/2024,4:00:00,120.786317,241.363208
3/14/2024,5:00:00,110.530414,253.524636
3/14/2024,6:00:00,99.640545,264.215671
3/14/2024,7:00:00,88.231116,274.338379
3/14/2024,8:00:00,77.527015,284.674421
3/14/2024,9:00:00,67.149402,296.014434
3/14/2024,10:00:00,57.801127,309.249040
3/14/2024,11:00:00,50.248062,325.291340
3/14/2024,12:00:00,45.506709,344.520533
3/14/2024,13:00:00,44.540911,5.726548
3/14/2024,14:00:00,47.589860,26.166595
3/14/2024,15:00:00,53.948571,43.742558
3/14/2024,16:00:00,62.555341,58.208088
3/14/2024,17:00:00,72.517565,70.337052
3/14/2024,18:00:00,83.177243,81.061286
3/14/2024,19:00:00,94.351445,91.213751
3/14/2024,20:00:00,105.357486,101.565904
3/14/2024,21:00:00,115.935925,112.946146
3/14/2024,22:00:00,125.568414,126.356926
3/14/2024,23:00:00,133.465409,142.942215
3/15/2024,0:00:00,138.489601,163.354104
3/15/2024,1:00:00,139.487552,186.241155
3/15/2024,2:00:00,136.171142,208.109917
3/15/2024,3:00:00,129.413287,226.424140
3/15/2024,4:00:00,120.440386,241.126977
3/15/2024,5:00:00,110.202357,253.278148
3/15/2024,6:00:00,99.321696,263.968633
3/15/2024,7:00:00,87.936519,274.093731
3/15/2024,8:00:00,77.202942,284.434356
3/15/2024,9:00:00,66.808539,295.785351
3/15/2024,10:00:00,57.437641,309.048418
3/15/2024,11:00:00,49.860443,325.156675
3/15/2024,12:00:00,45.105631,344.507463
3/15/2024,13:00:00,44.152249,5.869019
3/15/2024,14:00:00,47.239751,26.432789
3/15/2024,15:00:00,53.645726,44.068728
3/15/2024,16:00:00,62.293206,58.550722
3/15/2024,17:00:00,72.284283,70.679251
3/15/2024,18:00:00,82.962597,81.400902
3/15/2024,19:00:00,94.137761,91.554626
3/15/2024,20:00:00,105.136255,101.913222
3/15/2024,21:00:00,115.694417,113.302514
3/15/2024,22:00:00,125.292633,126.715146
3/15/2024,23:00:00,133.142677,143.270595
3/16/2024,0:00:00,138.118045,163.583187
3/16/2024,1:00:00,139.087803,186.300261
3/16/2024,2:00:00,135.775900,208.007346
3/16/2024,3:00:00,129.041456,226.228138
3/16/2024,4:00:00,120.093201,240.893145
3/16/2024,5:00:00,109.873084,253.033289
3/16/2024,6:00:00,99.001786,263.722575
3/16/2024,7:00:00,87.638315,273.849520
3/16/2024,8:00:00,76.878145,284.194236
3/16/2024,9:00:00,66.467174,295.555759
3/16/2024,10:00:00,57.073731,308.846996
3/16/2024,11:00:00,49.472380,325.021537
3/16/2024,12:00:00,44.704168,344.495532
3/16/2024,13:00:00,43.763654,6.014934
3/16/2024,14:00:00,46.890416,26.703355
3/16/2024,15:00:00,53.344124,44.398599
3/16/2024,16:00:00,62.032392,58.895980
3/16/2024,17:00:00,72.052132,71.023191
3/16/2024,18:00:00,82.748618,81.741615
3/16/2024,19:00:00,93.924534,91.896084
3/16/2024,20:00:00,104.915079,102.260616
3/16/2024,21:00:00,115.452583,113.658328
3/16/2024,22:00:00,125.016246,127.071972
3/16/2024,23:00:00,132.819304,143.596768
3/17/2024,0:00:00,137.746100,163.810393
3/17/2024,1:00:00,138.687814,186.359825
3/17/2024,2:00:00,135.380122,207.907406
3/17/2024,3:00:00,128.668698,226.035115
3/17/2024,4:00:00,119.744914,240.661677
3/17/2024,5:00:00,109.542741,252.790054
3/17/2024,6:00:00,98.680961,263.477501
3/17/2024,7:00:00,87.337025,273.605749
3/17/2024,8:00:00,76.552773,283.954058
3/17/2024,9:00:00,66.125451,295.325641
3/17/2024,10:00:00,56.709541,308.644729
3/17/2024,11:00:00,49.084007,324.885854
3/17/2024,12:00:00,44.302443,344.484667
3/17/2024,13:00:00,43.375234,6.164237
3/17/2024,14:00:00,46.541949,26.978215
3/17/2024,15:00:00,53.043834,44.732054
3/17/2024,16:00:00,61.772945,59.243731
3/17/2024,17:00:00,71.821138,71.368741
3/17/2024,18:00:00,82.535334,82.083295
3/17/2024,19:00:00,93.711776,92.237997
3/17/2024,20:00:00,104.693972,102.607953
3/17/2024,21:00:00,115.210444,114.013450
3/17/2024,22:00:00,124.739293,127.427265
3/17/2024,23:00:00,132.495354,143.920607
3/18/2024,0:00:00,137.373854,164.035613
3/18/2024,1:00:00,138.287697,186.419717
3/18/2024,2:00:00,134.983944,207.809963
3/18/2024,3:00:00,128.295164,225.844986
3/18/2024,4:00:00,119.395678,240.432535
3/18/2024,5:00:00,109.211479,252.548427
3/18/2024,6:00:00,98.359366,263.233408
3/18/2024,7:00:00,87.033119,273.362417
3/18/2024,8:00:00,76.226972,283.713816
3/18/2024,9:00:00,65.783513,295.094974
3/18/2024,10:00:00,56.345212,308.441570
3/18/2024,11:00:00,48.695460,324.749548
3/18/2024,12:00:00,43.900574,344.474786
3/18/2024,13:00:00,42.987097,6.316863
3/18/2024,14:00:00,46.194440,27.257284
3/18/2024,15:00:00,52.744921,45.068971
3/18/2024,16:00:00,61.514905,59.593837
3/18/2024,17:00:00,71.591323,71.715763
3/18/2024,18:00:00,82.322765,82.425810
3/18/2024,19:00:00,93.499492,92.580233
3/18/2024,20:00:00,104.472943,102.955100
3/18/2024,21:00:00,114.968021,114.367744
3/18/2024,22:00:00,124.461812,127.780888
3/18/2024,23:00:00,132.170890,144.241991
3/19/2024,0:00:00,137.001392,164.258740
3/19/2024,1:00:00,137.887559,186.479803
3/19/2024,2:00:00,134.587500,207.714881
3/19/2024,3:00:00,127.921002,225.657660
3/19/2024,4:00:00,119.045644,240.205675
3/19/2024,5:00:00,108.879448,252.308392
3/19/2024,6:00:00,98.037149,262.990289
3/19/2024,7:00:00,86.727022,273.119519
3/19/2024,8:00:00,75.900891,283.473497
3/19/2024,9:00:00,65.441507,294.863730
3/19/2024,10:00:00,55.980887,308.237464
3/19/2024,11:00:00,48.306870,324.612535
3/19/2024,12:00:00,43.498680,344.465801
3/19/2024,13:00:00,42.599345,6.472744
3/19/2024,14:00:00,45.847975,27.540469
3/19/2024,15:00:00,52.447444,45.409226
3/19/2024,16:00:00,61.258306,59.946161
3/19/2024,17:00:00,71.362703,72.064123
3/19/2024,18:00:00,82.110927,82.769027
3/19/2024,19:00:00,93.287685,92.922661
3/19/2024,20:00:00,104.251997,103.301925
3/19/2024,21:00:00,114.725328,114.721071
3/19/2024,22:00:00,124.183837,128.132706
3/19/2024,23:00:00,131.845970,144.560797
3/20/2024,0:00:00,136.628799,164.479666
3/20/2024,1:00:00,137.487508,186.539953
3/20/2024,2:00:00,134.190922,207.622022
3/20/2024,3:00:00,127.546359,225.473042
3/20/2024,4:00:00,118.694962,239.981045
3/20/2024,5:00:00,108.546796,252.069924
3/20/2024,6:00:00,97.714457,262.748133
3/20/2024,7:00:00,86.419118,272.877046
3/20/2024,8:00:00,75.574678,283.233088
3/20/2024,9:00:00,65.099576,294.631880
3/20/2024,10:00:00,55.616707,308.032353
3/20/2024,11:00:00,47.918371,324.474724
3/20/2024,12:00:00,43.096877,344.457617
3/20/2024,13:00:00,42.212076,6.631801
3/20/2024,14:00:00,45.502632,27.827674
3/20/2024,15:00:00,52.151457,45.752688
3/20/2024,16:00:00,61.003176,60.300563
3/20/2024,17:00:00,71.135290,72.413682
3/20/2024,18:00:00,81.899832,83.112816
3/20/2024,19:00:00,93.076354,93.265153
3/20/2024,20:00:00,104.031138,103.648297
3/20/2024,21:00:00,114.482382,115.073299
3/20/2024,22:00:00,123.905402,128.482584
3/20/2024,23:00:00,131.520653,144.876908
3/21/2024,0:00:00,136.256156,164.698285
3/21/2024,1:00:00,137.087648,186.600037
3/21/2024,2:00:00,133.794340,207.531250
3/21/2024,3:00:00,127.171382,225.291037
3/21/2024,4:00:00,118.343783,239.758594
3/21/2024,5:00:00,108.213672,251.832996
3/21/2024,6:00:00,97.391435,262.506925
3/21/2024,7:00:00,86.109754,272.634987
3/21/2024,8:00:00,75.248479,282.992571
3/21/2024,9:00:00,64.757865,294.399392
3/21/2024,10:00:00,55.252813,307.826177
3/21/2024,11:00:00,47.530095,324.336022
3/21/2024,12:00:00,42.695279,344.450133
3/21/2024,13:00:00,41.825389,6.793955
3/21/2024,14:00:00,45.158490,28.118799
3/21/2024,15:00:00,51.857010,46.099225
3/21/2024,16:00:00,60.749540,60.656901
3/21/2024,17:00:00,70.909094,72.764304
3/21/2024,18:00:00,81.689486,83.457044
3/21/2024,19:00:00,92.865496,93.607578
3/21/2024,20:00:00,103.810367,103.994085
3/21/2024,21:00:00,114.239195,115.424293
3/21/2024,22:00:00,123.626542,128.830392
3/21/2024,23:00:00,131.194998,145.190205
3/22/2024,0:00:00,135.883545,164.914493
3/22/2024,1:00:00,136.688082,186.659928
3/22/2024,2:00:00,133.397880,207.442426
3/22/2024,3:00:00,126.796215,225.111545
3/22/2024,4:00:00,117.992256,239.538264
3/22/2024,5:00:00,107.880224,251.597580
3/22/2024,6:00:00,97.068230,262.266648
3/22/2024,7:00:00,85.799246,272.393329
3/22/2024,8:00:00,74.922442,282.751927
3/22/2024,9:00:00,64.416515,294.166232
3/22/2024,10:00:00,54.889345,307.618874
3/22/2024,11:00:00,47.142171,324.196331
3/22/2024,12:00:00,42.293998,344.443245
3/22/2024,13:00:00,41.439376,6.959121
3/22/2024,14:00:00,44.815623,28.413737
3/22/2024,15:00:00,51.564150,46.448700
3/22/2024,16:00:00,60.497422,61.015032
3/22/2024,17:00:00,70.684119,73.115850
3/22/2024,18:00:00,81.479893,83.801579
3/22/2024,19:00:00,92.655107,93.949810
3/22/2024,20:00:00,103.589685,104.339161
3/22/2024,21:00:00,113.995781,115.773923
3/22/2024,22:00:00,123.347288,129.176000
3/22/2024,23:00:00,130.869062,145.500578
3/23/2024,0:00:00,135.511044,165.128192
3/23/2024,1:00:00,136.288911,186.719500
3/23/2024,2:00:00,133.001670,207.355417
3/23/2024,3:00:00,126.420999,224.934468
3/23/2024,4:00:00,117.640528,239.319999
3/23/2024,5:00:00,107.546599,251.363644
3/23/2024,6:00:00,96.744986,262.027285
3/23/2024,7:00:00,85.487885,272.152056
3/23/2024,8:00:00,74.596710,282.511138
3/23/2024,9:00:00,64.075671,293.932364
3/23/2024,10:00:00,54.526442,307.410379
3/23/2024,11:00:00,46.754729,324.055549
3/23/2024,12:00:00,41.893144,344.436843
3/23/2024,13:00:00,41.054130,7.127207
3/23/2024,14:00:00,44.474100,28.712381
3/23/2024,15:00:00,51.272920,46.800977
3/23/2024,16:00:00,60.246838,61.374811
3/23/2024,17:00:00,70.460368,73.468183
3/23/2024,18:00:00,81.271057,84.146292
3/23/2024,19:00:00,92.445180,94.291720
3/23/2024,20:00:00,103.369093,104.683396
3/23/2024,21:00:00,113.752153,116.122058
3/23/2024,22:00:00,123.067674,129.519283
3/23/2024,23:00:00,130.542901,145.807915
3/24/2024,0:00:00,135.138734,165.339286
3/24/2024,1:00:00,135.890236,186.778634
3/24/2024,2:00:00,132.605834,207.270089
3/24/2024,3:00:00,126.045876,224.759706
3/24/2024,4:00:00,117.288746,239.103738
3/24/2024,5:00:00,107.212943,251.131155
3/24/2024,6:00:00,96.421847,261.788816
3/24/2024,7:00:00,85.175937,271.911152
3/24/2024,8:00:00,74.271429,282.270183
3/24/2024,9:00:00,63.735473,293.697754
3/24/2024,10:00:00,54.164244,307.200627
3/24/2024,11:00:00,46.367898,323.913574
3/24/2024,12:00:00,41.492829,344.430815
3/24/2024,13:00:00,40.669742,7.298123
3/24/2024,14:00:00,44.133991,29.014617
3/24/2024,15:00:00,50.983361,47.155914
3/24/2024,16:00:00,59.997807,61.736095
3/24/2024,17:00:00,70.237844,73.821165
3/24/2024,18:00:00,81.062977,84.491052
3/24/2024,19:00:00,92.235710,94.633182
3/24/2024,20:00:00,103.148591,105.026663
3/24/2024,21:00:00,113.508324,116.468572
3/24/2024,22:00:00,122.787733,129.860116
3/24/2024,23:00:00,130.216575,146.112112
3/25/2024,0:00:00,134.766694,165.547680
3/25/2024,1:00:00,135.492156,186.837212
3/25/2024,2:00:00,132.210493,207.186312
3/25/2024,3:00:00,125.670985,224.587160
3/25/2024,4:00:00,116.937052,238.889423
3/25/2024,5:00:00,106.879399,250.900079
3/25/2024,6:00:00,96.098956,261.551220
3/25/2024,7:00:00,84.863649,271.670603
3/25/2024,8:00:00,73.946742,282.029042
3/25/2024,9:00:00,63.396062,293.462367
3/25/2024,10:00:00,53.802889,306.989553
3/25/2024,11:00:00,45.981807,323.770302
3/25/2024,12:00:00,41.093160,344.425044
3/25/2024,13:00:00,40.286298,7.471771
3/25/2024,14:00:00,43.795360,29.320330
3/25/2024,15:00:00,50.695509,47.513367
3/25/2024,16:00:00,59.750340,62.098736
3/25/2024,17:00:00,70.016546,74.174659
3/25/2024,18:00:00,80.855652,84.835729
3/25/2024,19:00:00,92.026689,94.974070
3/25/2024,20:00:00,102.928178,105.368839
3/25/2024,21:00:00,113.264308,116.813337
3/25/2024,22:00:00,122.507500,130.198380
3/25/2024,23:00:00,129.890140,146.413065
3/26/2024,0:00:00,134.395002,165.753285
3/26/2024,1:00:00,135.094771,186.895120
3/26/2024,2:00:00,131.815771,207.103958
3/26/2024,3:00:00,125.296462,224.416733
3/26/2024,4:00:00,116.585593,238.676991
3/26/2024,5:00:00,106.546113,250.670380
3/26/2024,6:00:00,95.776456,261.314476
3/26/2024,7:00:00,84.551255,271.430390
3/26/2024,8:00:00,73.622792,281.787695
3/26/2024,9:00:00,63.057579,293.226168
3/26/2024,10:00:00,53.442514,306.777092
3/26/2024,11:00:00,45.596582,323.625624
3/26/2024,12:00:00,40.694245,344.419409
3/26/2024,13:00:00,39.903885,7.648050
3/26/2024,14:00:00,43.458272,29.629399
3/26/2024,15:00:00,50.409401,47.873192
3/26/2024,16:00:00,59.504451,62.462588
3/26/2024,17:00:00,69.796470,74.528526
3/26/2024,18:00:00,80.649079,85.180193
3/26/2024,19:00:00,91.818111,95.314259
3/26/2024,20:00:00,102.707856,105.709797
3/26/2024,21:00:00,113.020120,117.156229
3/26/2024,22:00:00,122.227009,130.533955
3/26/2024,23:00:00,129.563657,146.710673
3/27/2024,0:00:00,134.023740,165.956015
3/27/2024,1:00:00,134.698178,186.952249
3/27/2024,2:00:00,131.421787,207.022903
3/27/2024,3:00:00,124.922446,224.248328
3/27/2024,4:00:00,116.234509,238.466383
3/27/2024,5:00:00,106.213227,250.442024
3/27/2024,6:00:00,95.454488,261.078562
3/27/2024,7:00:00,84.238973,271.190498
3/27/2024,8:00:00,73.299719,281.546121
3/27/2024,9:00:00,62.720165,292.989121
3/27/2024,10:00:00,53.083256,306.563177
3/27/2024,11:00:00,45.212353,323.479431
3/27/2024,12:00:00,40.296191,344.413787
3/27/2024,13:00:00,39.522590,7.826855
3/27/2024,14:00:00,43.122787,29.941701
3/27/2024,15:00:00,50.125068,48.235240
3/27/2024,16:00:00,59.260148,62.827501
3/27/2024,17:00:00,69.577614,74.882628
3/27/2024,18:00:00,80.443253,85.524315
3/27/2024,19:00:00,91.609967,95.653624
3/27/2024,20:00:00,102.487623,106.049414
3/27/2024,21:00:00,112.775775,117.497126
3/27/2024,22:00:00,121.946297,130.866725
3/27/2024,23:00:00,129.237184,147.004839
3/28/2024,0:00:00,133.652985,166.155785
3/28/2024,1:00:00,134.302476,187.008491
3/28/2024,2:00:00,131.028661,206.943026
3/28/2024,3:00:00,124.549071,224.081847
3/28/2024,4:00:00,115.883944,238.257537
3/28/2024,5:00:00,105.880883,250.214975
3/28/2024,6:00:00,95.133193,260.843458
3/28/2024,7:00:00,83.927010,270.950911
3/28/2024,8:00:00,72.977668,281.304302
3/28/2024,9:00:00,62.383958,292.751193
3/28/2024,10:00:00,52.725255,306.347744
3/28/2024,11:00:00,44.829246,323.331615
3/28/2024,12:00:00,39.899106,344.408049
3/28/2024,13:00:00,39.142497,8.008078
3/28/2024,14:00:00,42.788966,30.257107
3/28/2024,15:00:00,49.842542,48.599357
3/28/2024,16:00:00,59.017440,63.193326
3/28/2024,17:00:00,69.359972,75.236826
3/28/2024,18:00:00,80.238170,85.867966
3/28/2024,19:00:00,91.402250,95.992041
3/28/2024,20:00:00,102.267483,106.387568
3/28/2024,21:00:00,112.531289,117.835904
3/28/2024,22:00:00,121.665402,131.196575
3/28/2024,23:00:00,128.910783,147.295469
3/29/2024,0:00:00,133.282820,166.352515
3/29/2024,1:00:00,133.907764,187.063743
3/29/2024,2:00:00,130.636513,206.864207
3/29/2024,3:00:00,124.176474,223.917198
3/29/2024,4:00:00,115.534039,238.050394
3/29/2024,5:00:00,105.549224,249.989198
3/29/2024,6:00:00,94.812712,260.609142
3/29/2024,7:00:00,83.615564,270.711612
3/29/2024,8:00:00,72.656777,281.062219
3/29/2024,9:00:00,62.049099,292.512353
3/29/2024,10:00:00,52.368647,306.130728
3/29/2024,11:00:00,44.447392,323.182063
3/29/2024,12:00:00,39.503098,344.402065
3/29/2024,13:00:00,38.763689,8.191606
3/29/2024,14:00:00,42.456868,30.575485
3/29/2024,15:00:00,49.561853,48.965391
3/29/2024,16:00:00,58.776333,63.559911
3/29/2024,17:00:00,69.143540,75.590980
3/29/2024,18:00:00,80.033825,86.211015
3/29/2024,19:00:00,91.194955,96.329384
3/29/2024,20:00:00,102.047439,106.724134
3/29/2024,21:00:00,112.286682,118.172443
3/29/2024,22:00:00,121.384363,131.523393
3/29/2024,23:00:00,128.584518,147.582470
3/30/2024,0:00:00,132.913327,166.546127
3/30/2024,1:00:00,133.514141,187.117907
3/30/2024,2:00:00,130.245462,206.786334
3/30/2024,3:00:00,123.804788,223.754289
3/30/2024,4:00:00,115.184934,237.844896
3/30/2024,5:00:00,105.218391,249.764660
3/30/2024,6:00:00,94.493186,260.375595
3/30/2024,7:00:00,83.304825,270.472590
3/30/2024,8:00:00,72.337189,280.819858
3/30/2024,9:00:00,61.715727,292.272571
3/30/2024,10:00:00,52.013572,305.912070
3/30/2024,11:00:00,44.066918,323.030668
3/30/2024,12:00:00,39.108275,344.395703
3/30/2024,13:00:00,38.386251,8.377324
3/30/2024,14:00:00,42.126551,30.896698
3/30/2024,15:00:00,49.283030,49.333183
3/30/2024,16:00:00,58.536836,63.927103
3/30/2024,17:00:00,68.928315,75.944949
3/30/2024,18:00:00,79.830214,86.553333
3/30/2024,19:00:00,90.988078,96.665531
3/30/2024,20:00:00,101.827495,107.058992
3/30/2024,21:00:00,112.041975,118.506623
3/30/2024,22:00:00,121.103225,131.847068
3/30/2024,23:00:00,128.258454,147.865755
3/31/2024,0:00:00,132.544591,166.736547
3/31/2024,1:00:00,133.121709,187.170889
3/31/2024,2:00:00,129.855629,206.709297
3/31/2024,3:00:00,123.434148,223.593033
3/31/2024,4:00:00,114.836770,237.640988
3/31/2024,5:00:00,104.888525,249.541330
3/31/2024,6:00:00,94.174754,260.142801
3/31/2024,7:00:00,82.994976,270.233835
3/31/2024,8:00:00,72.019042,280.577207
3/31/2024,9:00:00,61.383982,292.031824
3/31/2024,10:00:00,51.660167,305.691712
3/31/2024,11:00:00,43.687956,322.877322
3/31/2024,12:00:00,38.714745,344.388831
3/31/2024,13:00:00,38.010269,8.565114
3/31/2024,14:00:00,41.798075,31.220608
3/31/2024,15:00:00,49.006104,49.702575
3/31/2024,16:00:00,58.298956,64.294748
3/31/2024,17:00:00,68.714293,76.298594
3/31/2024,18:00:00,79.627337,86.894789
3/31/2024,19:00:00,90.187942,97.000356
3/31/2024,20:00:00,101.607663,107.392020
3/31/2024,21:00:00,111.797194,118.838326
3/31/2024,22:00:00,120.822035,132.167493
3/31/2024,23:00:00,127.932663,148.145239
4/1/2024,0:00:00,132.176699,166.923709
4/1/2024,1:00:00,132.730569,187.222604
4/1/2024,2:00:00,129.467134,206.632996
4/1/2024,3:00:00,123.064688,223.433350
4/1/2024,4:00:00,114.489686,237.438619
4/1/2024,5:00:00,104.559766,249.319181
4/1/2024,6:00:00,93.857554,259.910747
4/1/2024,7:00:00,82.686192,269.995340
4/1/2024,8:00:00,71.702477,280.334260
4/1/2024,9:00:00,61.054002,291.790091
4/1/2024,10:00:00,51.308570,305.469603
4/1/2024,11:00:00,43.310635,322.721922
4/1/2024,12:00:00,38.322621,344.381318
4/1/2024,13:00:00,37.635830,8.754859
4/1/2024,14:00:00,41.471500,31.547074
4/1/2024,15:00:00,48.731105,50.073405
4/1/2024,16:00:00,58.062705,64.662691
4/1/2024,17:00:00,68.501475,76.651774
4/1/2024,18:00:00,79.425194,87.235255
4/1/2024,19:00:00,90.016195,97.333737
4/1/2024,20:00:00,101.387956,107.723098
4/1/2024,21:00:00,111.552370,119.167437
4/1/2024,22:00:00,120.540844,132.484566
4/1/2024,23:00:00,127.607219,148.420843
4/2/2024,0:00:00,131.809742,167.107550
4/2/2024,1:00:00,132.340826,187.272971
4/2/2024,2:00:00,129.080098,206.557337
4/2/2024,3:00:00,122.696543,223.275163
4/2/2024,4:00:00,114.143822,237.237744
4/2/2024,5:00:00,104.232253,249.098191
4/2/2024,6:00:00,93.541725,259.679426
4/2/2024,7:00:00,82.378644,269.757104
4/2/2024,8:00:00,71.387630,280.091014
4/2/2024,9:00:00,60.725925,291.547361
4/2/2024,10:00:00,50.958920,305.245700
4/2/2024,11:00:00,42.935088,322.564371
4/2/2024,12:00:00,37.932014,344.373036
4/2/2024,13:00:00,37.263022,8.946441
4/2/2024,14:00:00,41.146889,31.875955
4/2/2024,15:00:00,48.458069,50.445511
4/2/2024,16:00:00,57.828096,65.030778
4/2/2024,17:00:00,68.289866,77.004347
4/2/2024,18:00:00,79.223792,87.574601
4/2/2024,19:00:00,89.843824,97.665552
4/2/2024,20:00:00,101.168394,108.052109
4/2/2024,21:00:00,111.307540,119.493844
4/2/2024,22:00:00,120.259711,132.798186
4/2/2024,23:00:00,127.282200,148.692493
4/3/2024,0:00:00,131.443816,167.288016
4/3/2024,1:00:00,131.952589,187.321922
4/3/2024,2:00:00,128.694643,206.482235
4/3/2024,3:00:00,122.329845,223.118405
4/3/2024,4:00:00,113.799315,237.038322
4/3/2024,5:00:00,103.906122,248.878342
4/3/2024,6:00:00,93.227400,259.448835
4/3/2024,7:00:00,82.072495,269.519134
4/3/2024,8:00:00,71.074637,279.847476
4/3/2024,9:00:00,60.399887,291.303628
4/3/2024,10:00:00,50.611354,305.019968
4/3/2024,11:00:00,42.561447,322.404582
4/3/2024,12:00:00,37.543038,344.363862
4/3/2024,13:00:00,36.891937,9.139747
4/3/2024,14:00:00,40.824308,32.207108
4/3/2024,15:00:00,48.187031,50.818731
4/3/2024,16:00:00,57.595146,65.398855
4/3/2024,17:00:00,68.079473,77.356176
4/3/2024,18:00:00,79.023142,87.912699
4/3/2024,19:00:00,89.670226,97.995680
4/3/2024,20:00:00,100.949002,108.378936
4/3/2024,21:00:00,111.062747,119.817436
4/3/2024,22:00:00,119.978701,133.108261
4/3/2024,23:00:00,126.957692,148.960124
4/4/2024,0:00:00,131.079019,167.465058
4/4/2024,1:00:00,131.565965,187.369393
4/4/2024,2:00:00,128.310890,206.407613
4/4/2024,3:00:00,121.964727,222.963016
4/4/2024,4:00:00,113.456300,236.840322
4/4/2024,5:00:00,103.581510,248.659624
4/4/2024,6:00:00,92.914713,259.218977
4/4/2024,7:00:00,81.767903,269.281440
4/4/2024,8:00:00,70.763630,279.603659
4/4/2024,9:00:00,60.076020,291.058896
4/4/2024,10:00:00,50.266007,304.792379
4/4/2024,11:00:00,42.189844,322.242473
4/4/2024,12:00:00,37.155809,344.353679
4/4/2024,13:00:00,36.522668,9.334664
4/4/2024,14:00:00,40.503824,32.540392
4/4/2024,15:00:00,47.918032,51.192904
4/4/2024,16:00:00,57.363876,65.766767
4/4/2024,17:00:00,67.870310,77.707121
4/4/2024,18:00:00,78.823258,88.249423
4/4/2024,19:00:00,89.495099,98.324003
4/4/2024,20:00:00,100.729811,108.703466
4/4/2024,21:00:00,110.818038,120.138109
4/4/2024,22:00:00,119.697881,133.414700
4/4/2024,23:00:00,126.633783,149.223674
4/5/2024,0:00:00,130.715452,167.638640
4/5/2024,1:00:00,131.181066,187.415333
4/5/2024,2:00:00,127.928963,206.333405
4/5/2024,3:00:00,121.601320,222.808943
4/5/2024,4:00:00,113.114912,236.643716
4/5/2024,5:00:00,103.258548,248.442031
4/5/2024,6:00:00,92.603794,258.989862
4/5/2024,7:00:00,81.465019,269.044039
4/5/2024,8:00:00,70.454739,279.359581
4/5/2024,9:00:00,59.754458,290.813175
4/5/2024,10:00:00,49.923015,304.562918
4/5/2024,11:00:00,41.820411,322.077971
4/5/2024,12:00:00,36.770442,344.342375
4/5/2024,13:00:00,36.155310,9.531083
4/5/2024,14:00:00,40.185506,32.875666
4/5/2024,15:00:00,47.651113,51.567868
4/5/2024,16:00:00,57.134309,66.134364
4/5/2024,17:00:00,67.662393,78.057047
4/5/2024,18:00:00,78.624160,88.584650
4/5/2024,19:00:00,89.318340,98.650404
4/5/2024,20:00:00,100.510859,109.025589
4/5/2024,21:00:00,110.573468,120.455760
4/5/2024,22:00:00,119.417327,133.717420
4/5/2024,23:00:00,126.310567,149.483091
4/6/2024,0:00:00,130.353221,167.808727
4/6/2024,1:00:00,130.798002,187.459698
4/6/2024,2:00:00,127.548982,206.259553
4/6/2024,3:00:00,121.239752,222.656140
4/6/2024,4:00:00,112.775281,236.448482
4/6/2024,5:00:00,102.937365,248.225562
4/6/2024,6:00:00,92.294769,258.761502
4/6/2024,7:00:00,81.163988,268.806953
4/6/2024,8:00:00,70.148090,279.115268
4/6/2024,9:00:00,59.435326,290.566484
4/6/2024,10:00:00,49.582506,304.331573
4/6/2024,11:00:00,41.453276,321.911013
4/6/2024,12:00:00,36.387052,344.329843
4/6/2024,13:00:00,35.789956,9.728899
4/6/2024,14:00:00,39.869424,33.212791
4/6/2024,15:00:00,47.386317,51.943464
4/6/2024,16:00:00,56.906470,66.501495
4/6/2024,17:00:00,67.455740,78.405819
4/6/2024,18:00:00,78.425870,88.918258
4/6/2024,19:00:00,89.139982,98.974771
4/6/2024,20:00:00,100.292184,109.345201
4/6/2024,21:00:00,110.329094,120.770295
4/6/2024,22:00:00,119.137116,134.016346
4/6/2024,23:00:00,125.988138,149.738328
4/7/2024,0:00:00,129.992428,167.975298
4/7/2024,1:00:00,130.416884,187.502450
4/7/2024,2:00:00,127.171066,206.186004
4/7/2024,3:00:00,120.880149,222.504568
4/7/2024,4:00:00,112.437533,236.254604
4/7/2024,5:00:00,102.618085,248.010219
4/7/2024,6:00:00,91.987760,258.533914
4/7/2024,7:00:00,80.864948,268.570208
4/7/2024,8:00:00,69.843805,278.870748
4/7/2024,9:00:00,59.118747,290.318845
4/7/2024,10:00:00,49.244610,304.098342
4/7/2024,11:00:00,41.088567,321.741538
4/7/2024,12:00:00,36.005753,344.315981
4/7/2024,13:00:00,35.426700,9.928007
4/7/2024,14:00:00,39.555647,33.551628
4/7/2024,15:00:00,47.123687,52.319534
4/7/2024,16:00:00,56.680386,66.868014
4/7/2024,17:00:00,67.250372,78.753309
4/7/2024,18:00:00,78.228413,89.250130
4/7/2024,19:00:00,88.960130,99.296997
4/7/2024,20:00:00,100.073831,109.662200
4/7/2024,21:00:00,110.084975,121.081623
4/7/2024,22:00:00,118.857325,134.311407
4/7/2024,23:00:00,125.666591,149.989348
4/8/2024,0:00:00,129.633178,168.138332
4/8/2024,1:00:00,130.037820,187.543559
4/8/2024,2:00:00,126.795329,206.112712
4/8/2024,3:00:00,120.522633,222.354189
4/8/2024,4:00:00,112.101793,236.062065
4/8/2024,5:00:00,102.300831,247.796008
4/8/2024,6:00:00,91.682884,258.307117
4/8/2024,7:00:00,80.568033,268.333833
4/8/2024,8:00:00,69.541999,278.626054
4/8/2024,9:00:00,58.804841,290.070286
4/8/2024,10:00:00,48.909448,303.863228
4/8/2024,11:00:00,40.726407,321.569495
4/8/2024,12:00:00,35.626656,344.300689
4/8/2024,13:00:00,35.065634,10.128306
4/8/2024,14:00:00,39.244242,33.892039
4/8/2024,15:00:00,46.863263,52.695923
4/8/2024,16:00:00,56.456082,67.233775
4/8/2024,17:00:00,67.046311,79.099387
4/8/2024,18:00:00,78.031814,89.580152
4/8/2024,19:00:00,88.778938,99.616975
4/8/2024,20:00:00,99.855843,109.976489
4/8/2024,21:00:00,109.841173,121.389658
4/8/2024,22:00:00,118.578036,134.602537
4/8/2024,23:00:00,125.346023,150.236115
4/9/2024,0:00:00,129.275575,168.297818
4/9/2024,1:00:00,129.660919,187.582998
4/9/2024,2:00:00,126.421888,206.039634
4/9/2024,3:00:00,120.167323,222.204970
4/9/2024,4:00:00,111.768180,235.870854
4/9/2024,5:00:00,101.985719,247.582936
4/9/2024,6:00:00,91.380258,258.081132
4/9/2024,7:00:00,80.273368,268.097857
4/9/2024,8:00:00,69.242787,278.381222
4/9/2024,9:00:00,58.493725,289.820840
4/9/2024,10:00:00,48.577143,303.626238
4/9/2024,11:00:00,40.366920,321.394835
4/9/2024,12:00:00,35.249870,344.283870
4/9/2024,13:00:00,34.706848,10.329692
4/9/2024,14:00:00,38.935276,34.233884
4/9/2024,15:00:00,46.605088,53.072472
4/9/2024,16:00:00,56.233584,67.598635
4/9/2024,17:00:00,66.843577,79.443927
4/9/2024,18:00:00,77.836100,89.908210
4/9/2024,19:00:00,88.596580,99.934602
4/9/2024,20:00:00,99.638267,110.287971
4/9/2024,21:00:00,109.597752,121.694315
4/9/2024,22:00:00,118.299332,134.889674
4/9/2024,23:00:00,125.026530,150.478599
4/10/2024,0:00:00,128.919723,168.453744
4/10/2024,1:00:00,129.286286,187.620746
4/10/2024,2:00:00,126.050854,205.966733
4/10/2024,3:00:00,119.814337,222.056881
4/10/2024,4:00:00,111.436813,235.680962
4/10/2024,5:00:00,101.672867,247.371010
4/10/2024,6:00:00,91.079993,257.855983
4/10/2024,7:00:00,79.981080,267.862314
4/10/2024,8:00:00,68.946281,278.136291
4/10/2024,9:00:00,58.185511,289.570541
4/10/2024,10:00:00,48.247815,303.387385
4/10/2024,11:00:00,40.010227,321.217512
4/10/2024,12:00:00,34.875508,344.265425
4/10/2024,13:00:00,34.350434,10.532059
4/10/2024,14:00:00,38.628816,34.577018
4/10/2024,15:00:00,46.349202,53.449022
4/10/2024,16:00:00,56.012919,67.962448
4/10/2024,17:00:00,66.642194,79.786801
4/10/2024,18:00:00,77.641299,90.234190
4/10/2024,19:00:00,88.413237,100.249773
4/10/2024,20:00:00,99.421153,110.596551
4/10/2024,21:00:00,109.354778,121.995512
4/10/2024,22:00:00,118.021295,135.172757
4/10/2024,23:00:00,124.708212,150.716770
4/11/2024,0:00:00,128.565727,168.606100
4/11/2024,1:00:00,128.914031,187.656780
4/11/2024,2:00:00,125.682342,205.893972
4/11/2024,3:00:00,119.463796,221.909894
4/11/2024,4:00:00,111.107813,235.492378
4/11/2024,5:00:00,101.362391,247.160242
4/11/2024,6:00:00,90.188431,257.631693
4/11/2024,7:00:00,79.691291,267.627240
4/11/2024,8:00:00,68.652594,277.891302
4/11/2024,9:00:00,57.880316,289.319431
4/11/2024,10:00:00,47.921584,303.146685
4/11/2024,11:00:00,39.656452,321.037485
4/11/2024,12:00:00,34.503680,344.245254
4/11/2024,13:00:00,33.996483,10.735293
4/11/2024,14:00:00,38.324925,34.921289
4/11/2024,15:00:00,46.095644,53.825406
4/11/2024,16:00:00,55.794112,68.325064
4/11/2024,17:00:00,66.442183,80.127881
4/11/2024,18:00:00,77.447437,90.557977
4/11/2024,19:00:00,88.229087,100.562384
4/11/2024,20:00:00,99.204547,110.902135
4/11/2024,21:00:00,109.112316,122.293166
4/11/2024,22:00:00,117.744010,135.451725
4/11/2024,23:00:00,124.391168,150.950598
4/12/2024,0:00:00,128.213694,168.754878
4/12/2024,1:00:00,128.544262,187.691078
4/12/2024,2:00:00,125.316465,205.821313
4/12/2024,3:00:00,119.115817,221.763979
4/12/2024,4:00:00,110.781298,235.305095
4/12/2024,5:00:00,101.054409,246.950642
4/12/2024,6:00:00,89.942107,257.408288
4/12/2024,7:00:00,79.404124,267.392670
4/12/2024,8:00:00,68.361837,277.646298
4/12/2024,9:00:00,57.578254,289.067549
4/12/2024,10:00:00,47.598571,302.904159
4/12/2024,11:00:00,39.305718,320.854713
4/12/2024,12:00:00,34.134498,344.223252
4/12/2024,13:00:00,33.645083,10.939275
4/12/2024,14:00:00,38.023666,35.266537
4/12/2024,15:00:00,45.844449,54.201456
4/12/2024,16:00:00,55.577183,68.686333
4/12/2024,17:00:00,66.243563,80.467034
4/12/2024,18:00:00,77.254540,90.879456
4/12/2024,19:00:00,88.044302,100.872330
4/12/2024,20:00:00,98.988499,111.204627
4/12/2024,21:00:00,108.870430,122.587195
4/12/2024,22:00:00,117.467561,135.726518
4/12/2024,23:00:00,124.075495,151.180053
4/13/2024,0:00:00,127.863727,168.900064
4/13/2024,1:00:00,128.177087,187.723618
4/13/2024,2:00:00,124.953339,205.748720
4/13/2024,3:00:00,118.770519,221.619108
4/13/2024,4:00:00,110.457389,235.119103
4/13/2024,5:00:00,100.749038,246.742218
4/13/2024,6:00:00,89.695482,257.185793
4/13/2024,7:00:00,79.119699,267.158641
4/13/2024,8:00:00,68.074124,277.401322
4/13/2024,9:00:00,57.279440,288.814938
4/13/2024,10:00:00,47.278895,302.659826
4/13/2024,11:00:00,38.958148,320.669153
4/13/2024,12:00:00,33.768074,344.199310
4/13/2024,13:00:00,33.296324,11.143873
4/13/2024,14:00:00,37.725099,35.612595
4/13/2024,15:00:00,45.595652,54.576995
4/13/2024,16:00:00,55.362153,69.046100
4/13/2024,17:00:00,66.046350,80.804130
4/13/2024,18:00:00,77.062631,91.198510
4/13/2024,19:00:00,87.859041,101.179505
4/13/2024,20:00:00,98.773054,111.503930
4/13/2024,21:00:00,108.629186,122.877516
4/13/2024,22:00:00,117.192030,135.997075
4/13/2024,23:00:00,123.761290,151.405103
4/14/2024,0:00:00,127.515930,169.041645
4/14/2024,1:00:00,127.812613,187.754373
4/14/2024,2:00:00,124.593075,205.676154
4/14/2024,3:00:00,118.428023,221.475249
4/14/2024,4:00:00,110.136206,234.934390
4/14/2024,5:00:00,100.446397,246.534979
4/14/2024,6:00:00,89.447480,256.964229
4/14/2024,7:00:00,78.838138,266.925185
4/14/2024,8:00:00,67.789566,277.156417
4/14/2024,9:00:00,56.983988,288.561641
4/14/2024,10:00:00,46.962679,302.413706
4/14/2024,11:00:00,38.613867,320.480761
4/14/2024,12:00:00,33.404519,344.173308
4/14/2024,13:00:00,32.950291,11.348948
4/14/2024,14:00:00,37.429278,35.959284
4/14/2024,15:00:00,45.349279,54.951844
4/14/2024,16:00:00,55.149035,69.404208
4/14/2024,17:00:00,65.850559,81.139033
4/14/2024,18:00:00,76.871730,91.515021
4/14/2024,19:00:00,87.673450,101.483803
4/14/2024,20:00:00,98.558256,111.799948
4/14/2024,21:00:00,108.388645,123.164045
4/14/2024,22:00:00,116.917496,136.263333
4/14/2024,23:00:00,123.448648,151.625715
4/15/2024,0:00:00,127.170405,169.179605
4/15/2024,1:00:00,127.450947,187.783316
4/15/2024,2:00:00,124.235787,205.603573
4/15/2024,3:00:00,118.088444,221.332369
4/15/2024,4:00:00,109.817867,234.750941
4/15/2024,5:00:00,100.146601,246.328928
4/15/2024,6:00:00,89.197933,256.743618
4/15/2024,7:00:00,78.559560,266.692337
4/15/2024,8:00:00,67.508275,276.911623
4/15/2024,9:00:00,56.692012,288.307699
4/15/2024,10:00:00,46.650040,302.165820
4/15/2024,11:00:00,38.272996,320.289492
4/15/2024,12:00:00,33.043940,344.145123
4/15/2024,13:00:00,32.607065,11.554349
4/15/2024,14:00:00,37.136254,36.306420
4/15/2024,15:00:00,45.105353,55.325817
4/15/2024,16:00:00,54.937840,69.760499
4/15/2024,17:00:00,65.656198,81.471610
4/15/2024,18:00:00,76.681853,91.828872
4/15/2024,19:00:00,87.487662,101.785118
4/15/2024,20:00:00,98.344146,112.092586
4/15/2024,21:00:00,108.148864,123.446701
4/15/2024,22:00:00,116.644037,136.525233
4/15/2024,23:00:00,123.137660,151.841857
4/16/2024,0:00:00,126.827251,169.313924
4/16/2024,1:00:00,127.092190,187.810416
4/16/2024,2:00:00,123.881585,205.530932
4/16/2024,3:00:00,117.751901,221.190430
4/16/2024,4:00:00,109.502491,234.568740
4/16/2024,5:00:00,99.849769,246.124070
4/16/2024,6:00:00,88.947138,256.523977
4/16/2024,7:00:00,78.284082,266.460127
4/16/2024,8:00:00,67.230362,276.666980
4/16/2024,9:00:00,56.403625,288.053153
4/16/2024,10:00:00,46.341098,301.916188
4/16/2024,11:00:00,37.935656,320.095297
4/16/2024,12:00:00,32.686445,344.114622
4/16/2024,13:00:00,32.266725,11.759916
4/16/2024,14:00:00,36.846072,36.653810
4/16/2024,15:00:00,44.863893,55.698728
4/16/2024,16:00:00,54.728575,70.114814
4/16/2024,17:00:00,65.463272,81.801727
4/16/2024,18:00:00,76.493013,92.139947
4/16/2024,19:00:00,87.301796,102.083345
4/16/2024,20:00:00,98.130762,112.381750
4/16/2024,21:00:00,107.909901,123.725402
4/16/2024,22:00:00,116.371727,136.782714
4/16/2024,23:00:00,122.828414,152.053495
4/17/2024,0:00:00,126.486563,169.444585
4/17/2024,1:00:00,126.736443,187.835642
4/17/2024,2:00:00,123.530575,205.458189
4/17/2024,3:00:00,117.418506,221.049397
4/17/2024,4:00:00,109.190195,234.387769
4/17/2024,5:00:00,99.556013,245.920403
4/17/2024,6:00:00,88.695593,256.305324
4/17/2024,7:00:00,78.011821,266.228584
4/17/2024,8:00:00,66.955935,276.422528
4/17/2024,9:00:00,56.118937,287.798043
4/17/2024,10:00:00,46.035968,301.664829
4/17/2024,11:00:00,37.601967,319.898129
4/17/2024,12:00:00,32.332138,344.081668
4/17/2024,13:00:00,31.929345,11.965481
4/17/2024,14:00:00,36.558772,37.001257
4/17/2024,15:00:00,44.624912,56.070386
4/17/2024,16:00:00,54.521240,70.466995
4/17/2024,17:00:00,65.271784,82.129251
4/17/2024,18:00:00,76.305221,92.448129
4/17/2024,19:00:00,87.115959,102.378382
4/17/2024,20:00:00,97.918141,112.667345
4/17/2024,21:00:00,107.671809,124.000069
4/17/2024,22:00:00,116.100638,137.035719
4/17/2024,23:00:00,122.520998,152.260596
4/18/2024,0:00:00,126.148435,169.571568
4/18/2024,1:00:00,126.383806,187.858963
4/18/2024,2:00:00,123.182865,205.385296
4/18/2024,3:00:00,117.088372,220.909230
4/18/2024,4:00:00,108.881092,234.208007
4/18/2024,5:00:00,99.265449,245.717929
4/18/2024,6:00:00,88.443856,256.087675
4/18/2024,7:00:00,77.742890,265.997738
4/18/2024,8:00:00,66.685103,276.178305
4/18/2024,9:00:00,55.838057,287.542411
4/18/2024,10:00:00,45.734765,301.411768
4/18/2024,11:00:00,37.272047,319.697941
4/18/2024,12:00:00,31.981123,344.046120
4/18/2024,13:00:00,31.594998,12.170869
4/18/2024,14:00:00,36.274391,37.348556
4/18/2024,15:00:00,44.388420,56.440601
4/18/2024,16:00:00,54.315836,70.816880
4/18/2024,17:00:00,65.081735,82.454049
4/18/2024,18:00:00,76.118486,92.753305
4/18/2024,19:00:00,86.930249,102.670125
4/18/2024,20:00:00,97.706318,112.949282
4/18/2024,21:00:00,107.434642,124.270625
4/18/2024,22:00:00,115.830843,137.284189
4/18/2024,23:00:00,122.215497,152.463130
4/19/2024,0:00:00,125.812959,169.694854
4/19/2024,1:00:00,126.034374,187.880346
4/19/2024,2:00:00,122.838558,205.312211
4/19/2024,3:00:00,116.761610,220.769891
4/19/2024,4:00:00,108.575295,234.029436
4/19/2024,5:00:00,98.978186,245.516646
4/19/2024,6:00:00,88.192477,255.871044
4/19/2024,7:00:00,77.477400,265.767619
4/19/2024,8:00:00,66.417968,275.934351
4/19/2024,9:00:00,55.561092,287.286301
4/19/2024,10:00:00,45.437601,301.157029
4/19/2024,11:00:00,36.946011,319.494688
4/19/2024,12:00:00,31.633502,344.007832
4/19/2024,13:00:00,31.263751,12.375896
4/19/2024,14:00:00,35.992963,37.695498
4/19/2024,15:00:00,44.154424,56.809178
4/19/2024,16:00:00,54.112359,71.164313
4/19/2024,17:00:00,64.893123,82.775989
4/19/2024,18:00:00,75.932817,93.055360
4/19/2024,19:00:00,86.744753,102.958474
4/19/2024,20:00:00,97.495329,113.227470
4/19/2024,21:00:00,107.198454,124.536993
4/19/2024,22:00:00,115.562411,137.528071
4/19/2024,23:00:00,121.911993,152.661066
4/20/2024,0:00:00,125.480226,169.814425
4/20/2024,1:00:00,125.688243,187.899761
4/20/2024,2:00:00,122.497755,205.238888
4/20/2024,3:00:00,116.438327,220.631344
4/20/2024,4:00:00,108.272915,233.852035
4/20/2024,5:00:00,98.694334,245.316554
4/20/2024,6:00:00,87.941970,255.655449
4/20/2024,7:00:00,77.215458,265.538255
4/20/2024,8:00:00,66.154636,275.690707
4/20/2024,9:00:00,55.288146,287.029760
4/20/2024,10:00:00,45.144585,300.900641
4/20/2024,11:00:00,36.623973,319.288328
4/20/2024,12:00:00,31.289373,343.966657
4/20/2024,13:00:00,30.935673,12.580374
4/20/2024,14:00:00,35.714518,38.041870
4/20/2024,15:00:00,43.922929,57.175923
4/20/2024,16:00:00,53.910806,71.509135
4/20/2024,17:00:00,64.705946,83.094943
4/20/2024,18:00:00,75.748219,93.354184
4/20/2024,19:00:00,86.559552,103.243330
4/20/2024,20:00:00,97.285207,113.501821
4/20/2024,21:00:00,106.963296,124.799101
4/20/2024,22:00:00,115.295411,137.767311
4/20/2024,23:00:00,121.610570,152.854377
4/21/2024,0:00:00,125.150323,169.930264
4/21/2024,1:00:00,125.345506,187.917179
4/21/2024,2:00:00,122.160557,205.165287
4/21/2024,3:00:00,116.118631,220.493552
4/21/2024,4:00:00,107.974061,233.675786
4/21/2024,5:00:00,98.414000,245.117653
4/21/2024,6:00:00,87.692794,255.440906
4/21/2024,7:00:00,76.957172,265.309678
4/21/2024,8:00:00,65.895205,275.447416
4/21/2024,9:00:00,55.019320,286.772834
4/21/2024,10:00:00,44.855826,300.642638
4/21/2024,11:00:00,36.306048,319.078823
4/21/2024,12:00:00,30.948835,343.922445
4/21/2024,13:00:00,30.610828,12.784108
4/21/2024,14:00:00,35.439083,38.387453
4/21/2024,15:00:00,43.693938,57.540641
4/21/2024,16:00:00,53.711170,71.851187
4/21/2024,17:00:00,64.520201,83.410780
4/21/2024,18:00:00,75.564699,93.649665
4/21/2024,19:00:00,86.374720,103.524595
4/21/2024,20:00:00,97.075988,113.772249
4/21/2024,21:00:00,106.729219,125.056875
4/21/2024,22:00:00,115.029914,138.001859
4/21/2024,23:00:00,121.311310,153.043035
4/22/2024,0:00:00,124.823340,170.042355
4/22/2024,1:00:00,125.006254,187.932572
4/22/2024,2:00:00,121.827063,205.091367
4/22/2024,3:00:00,115.802624,220.356480
4/22/2024,4:00:00,107.678838,233.500671
4/22/2024,5:00:00,98.137289,244.919944
4/22/2024,6:00:00,87.445363,255.227432
4/22/2024,7:00:00,76.702644,265.081919
4/22/2024,8:00:00,65.639775,275.204522
4/22/2024,9:00:00,54.754716,286.515576
4/22/2024,10:00:00,44.571430,300.383055
4/22/2024,11:00:00,35.992345,318.866139
4/22/2024,12:00:00,30.611987,343.875047
4/22/2024,13:00:00,30.289279,12.986896
4/22/2024,14:00:00,35.166685,38.732026
4/22/2024,15:00:00,43.467449,57.903136
4/22/2024,16:00:00,53.513444,72.190312
4/22/2024,17:00:00,64.335884,83.723371
4/22/2024,18:00:00,75.382265,93.941694
4/22/2024,19:00:00,86.190325,103.802173
4/22/2024,20:00:00,96.867705,114.038669
4/22/2024,21:00:00,106.496278,125.310247
4/22/2024,22:00:00,114.765988,138.231666
4/22/2024,23:00:00,121.014293,153.227015
4/23/2024,0:00:00,124.499363,170.150683
4/23/2024,1:00:00,124.670579,187.945913
4/23/2024,2:00:00,121.497368,205.017088
4/23/2024,3:00:00,115.490411,220.220095
4/23/2024,4:00:00,107.387351,233.326673
4/23/2024,5:00:00,97.864306,244.723428
4/23/2024,6:00:00,87.200040,255.015045
4/23/2024,7:00:00,76.451975,264.855013
4/23/2024,8:00:00,65.388440,274.962072
4/23/2024,9:00:00,54.494429,286.258039
4/23/2024,10:00:00,44.291500,300.121937
4/23/2024,11:00:00,35.682974,318.650247
4/23/2024,12:00:00,30.278925,343.824309
4/23/2024,13:00:00,29.971086,13.188530
4/23/2024,14:00:00,34.897346,39.075361
4/23/2024,15:00:00,43.243463,58.263209
4/23/2024,16:00:00,53.317620,72.526355
4/23/2024,17:00:00,64.152990,84.032591
4/23/2024,18:00:00,75.200923,94.230164
4/23/2024,19:00:00,86.006428,104.075969
4/23/2024,20:00:00,96.660395,114.300999
4/23/2024,21:00:00,106.264523,125.559147
4/23/2024,22:00:00,114.503702,138.456684
4/23/2024,23:00:00,120.719599,153.406294
4/24/2024,0:00:00,124.178477,170.255235
4/24/2024,1:00:00,124.338569,187.957176
4/24/2024,2:00:00,121.171569,204.942414
4/24/2024,3:00:00,115.182092,220.084363
4/24/2024,4:00:00,107.099705,233.153776
4/24/2024,5:00:00,97.595150,244.528108
4/24/2024,6:00:00,86.957149,254.803765
4/24/2024,7:00:00,76.205265,264.628992
4/24/2024,8:00:00,65.141296,274.720114
4/24/2024,9:00:00,54.238555,286.000281
4/24/2024,10:00:00,44.016137,299.859328
4/24/2024,11:00:00,35.378044,318.431122
4/24/2024,12:00:00,29.949745,343.770078
4/24/2024,13:00:00,29.656310,13.388797
4/24/2024,14:00:00,34.631087,39.417227
4/24/2024,15:00:00,43.021975,58.620663
4/24/2024,16:00:00,53.123688,72.859158
4/24/2024,17:00:00,63.971516,84.338313
4/24/2024,18:00:00,75.020677,94.514966
4/24/2024,19:00:00,85.823089,104.345890
4/24/2024,20:00:00,96.454091,114.559157
4/24/2024,21:00:00,106.034007,125.803511
4/24/2024,22:00:00,114.243124,138.676868
4/24/2024,23:00:00,120.427310,153.580848
4/25/2024,0:00:00,123.860767,170.355997
4/25/2024,1:00:00,124.010314,187.966339
4/25/2024,2:00:00,120.849761,204.867308
4/25/2024,3:00:00,114.877766,219.949256
4/25/2024,4:00:00,106.815999,232.981965
4/25/2024,5:00:00,97.329923,244.333987
4/25/2024,6:00:00,86.716976,254.593612
4/25/2024,7:00:00,75.962609,264.403894
4/25/2024,8:00:00,64.898434,274.478698
4/25/2024,9:00:00,53.987188,285.742364
4/25/2024,10:00:00,43.745442,299.595282
4/25/2024,11:00:00,35.077664,318.208746
4/25/2024,12:00:00,29.624543,343.712200
4/25/2024,13:00:00,29.345009,13.587474
4/25/2024,14:00:00,34.367928,39.757389
4/25/2024,15:00:00,42.802982,58.975296
4/25/2024,16:00:00,52.931638,73.188565
4/25/2024,17:00:00,63.791456,84.640409
4/25/2024,18:00:00,74.841536,94.795994
4/25/2024,19:00:00,85.640363,104.611841
4/25/2024,20:00:00,96.248829,114.813061
4/25/2024,21:00:00,105.804783,126.043271
4/25/2024,22:00:00,113.984323,138.892174
4/25/2024,23:00:00,120.137504,153.750657
4/26/2024,0:00:00,123.546320,170.452957
4/26/2024,1:00:00,123.685901,187.973377
4/26/2024,2:00:00,120.532036,204.791737
4/26/2024,3:00:00,114.577534,219.814744
4/26/2024,4:00:00,106.536335,232.811229
4/26/2024,5:00:00,97.068723,244.141071
4/26/2024,6:00:00,86.479781,254.384609
4/26/2024,7:00:00,75.724102,264.179757
4/26/2024,8:00:00,64.659945,274.237878
4/26/2024,9:00:00,53.740420,285.484352
4/26/2024,10:00:00,43.479514,299.329858
4/26/2024,11:00:00,34.781938,317.983109
4/26/2024,12:00:00,29.303414,343.650523
4/26/2024,13:00:00,29.037242,13.784337
4/26/2024,14:00:00,34.107886,40.095605
4/26/2024,15:00:00,42.586478,59.326907
4/26/2024,16:00:00,52.741461,73.514418
4/26/2024,17:00:00,63.612806,84.938755
4/26/2024,18:00:00,74.663507,95.073143
4/26/2024,19:00:00,85.458302,104.873731
4/26/2024,20:00:00,96.044647,115.062633
4/26/2024,21:00:00,105.576906,126.278363
4/26/2024,22:00:00,113.727370,139.102557
4/26/2024,23:00:00,119.850263,153.915699
4/27/2024,0:00:00,123.235221,170.546106
4/27/2024,1:00:00,123.365420,187.978270
4/27/2024,2:00:00,120.218489,204.715671
4/27/2024,3:00:00,114.281492,219.680802
4/27/2024,4:00:00,106.260813,232.641558
4/27/2024,5:00:00,96.811648,243.949368
4/27/2024,6:00:00,86.245793,254.176781
4/27/2024,7:00:00,75.489839,263.956622
4/27/2024,8:00:00,64.425917,273.997712
4/27/2024,9:00:00,53.498339,285.226317
4/27/2024,10:00:00,43.218448,299.063121
4/27/2024,11:00:00,34.490975,317.754209
4/27/2024,12:00:00,28.986457,343.584895
4/27/2024,13:00:00,28.733066,13.979151
4/27/2024,14:00:00,33.850980,40.431629
4/27/2024,15:00:00,42.372460,59.675292
4/27/2024,16:00:00,52.553149,73.836561
4/27/2024,17:00:00,63.435566,85.233224
4/27/2024,18:00:00,74.486600,95.346305
4/27/2024,19:00:00,85.276958,105.131469
4/27/2024,20:00:00,95.841585,115.307794
4/27/2024,21:00:00,105.350432,126.508726
4/27/2024,22:00:00,113.472336,139.307977
4/27/2024,23:00:00,119.565671,154.075956
4/28/2024,0:00:00,122.927556,170.635434
4/28/2024,1:00:00,123.048960,187.981002
4/28/2024,2:00:00,119.909213,204.639083
4/28/2024,3:00:00,113.989740,219.547408
4/28/2024,4:00:00,105.989530,232.472944
4/28/2024,5:00:00,96.558794,243.758890
4/28/2024,6:00:00,86.015223,253.970157
4/28/2024,7:00:00,75.259910,263.734536
4/28/2024,8:00:00,64.196437,273.758263
4/28/2024,9:00:00,53.261035,284.968337
4/28/2024,10:00:00,42.962341,298.795149
4/28/2024,11:00:00,34.204880,317.522053
4/28/2024,12:00:00,28.673768,343.515169
4/28/2024,13:00:00,28.432543,14.171680
4/28/2024,14:00:00,33.597229,40.765213
4/28/2024,15:00:00,42.160924,60.020247
4/28/2024,16:00:00,52.366695,74.154836
4/28/2024,17:00:00,63.259734,85.523691
4/28/2024,18:00:00,74.310827,95.615376
4/28/2024,19:00:00,85.096383,105.384962
4/28/2024,20:00:00,95.639686,115.548465
4/28/2024,21:00:00,105.125422,126.734297
4/28/2024,22:00:00,113.219298,139.508394
4/28/2024,23:00:00,119.283811,154.231411
4/29/2024,0:00:00,122.623414,170.720936
4/29/2024,1:00:00,122.736611,187.981557
4/29/2024,2:00:00,119.604303,204.561950
4/29/2024,3:00:00,113.702374,219.414546
4/29/2024,4:00:00,105.722586,232.305386
4/29/2024,5:00:00,96.310256,243.569652
4/29/2024,6:00:00,85.788260,253.764770
4/29/2024,7:00:00,75.034403,263.513549
4/29/2024,8:00:00,63.971590,273.519599
4/29/2024,9:00:00,53.028593,284.710496
4/29/2024,10:00:00,42.711285,298.526026
4/29/2024,11:00:00,33.923758,317.286666
4/29/2024,12:00:00,28.365446,343.441208
4/29/2024,13:00:00,28.135733,14.361686
4/29/2024,14:00:00,33.346655,41.096106
4/29/2024,15:00:00,41.951870,60.361568
4/29/2024,16:00:00,52.182098,74.469087
4/29/2024,17:00:00,63.085317,85.810032
4/29/2024,18:00:00,74.136205,95.880251
4/29/2024,19:00:00,84.916631,105.634122
4/29/2024,20:00:00,95.438996,115.784572
4/29/2024,21:00:00,104.901939,126.955018
4/29/2024,22:00:00,112.968333,139.703773
4/29/2024,23:00:00,119.004771,154.382053
4/30/2024,0:00:00,122.322887,170.802610
4/30/2024,1:00:00,122.428466,187.979929
4/30/2024,2:00:00,119.303853,204.484256
4/30/2024,3:00:00,113.419491,219.282203
4/30/2024,4:00:00,105.460074,232.138889
4/30/2024,5:00:00,96.066127,243.381676
4/30/2024,6:00:00,85.565079,253.560659
4/30/2024,7:00:00,74.813406,263.293717
4/30/2024,8:00:00,63.751456,273.281795
4/30/2024,9:00:00,52.801094,284.452889
4/30/2024,10:00:00,42.465372,298.255853
4/30/2024,11:00:00,33.647713,317.048085
4/30/2024,12:00:00,28.061593,343.362881
4/30/2024,13:00:00,27.842700,14.548930
4/30/2024,14:00:00,33.099280,41.424054
4/30/2024,15:00:00,41.745302,60.699049
4/30/2024,16:00:00,51.999357,74.779158
4/30/2024,17:00:00,62.912322,86.092122
4/30/2024,18:00:00,73.962756,96.140828
4/30/2024,19:00:00,84.737759,105.878861
4/30/2024,20:00:00,95.239568,116.016040
4/30/2024,21:00:00,104.680051,127.170833
4/30/2024,22:00:00,112.719523,139.894079
4/30/2024,23:00:00,118.728643,154.527872
5/1/2024,0:00:00,122.026067,170.880460
5/1/2024,1:00:00,122.124617,187.976114
5/1/2024,2:00:00,119.007958,204.405991
5/1/2024,3:00:00,113.141187,219.150377
5/1/2024,4:00:00,105.202091,231.973463
5/1/2024,5:00:00,95.826497,243.194991
5/1/2024,6:00:00,85.345839,253.357870
5/1/2024,7:00:00,74.596999,263.075104
5/1/2024,8:00:00,63.536114,273.044935
5/1/2024,9:00:00,52.578618,284.195620
5/1/2024,10:00:00,42.224687,297.984743
5/1/2024,11:00:00,33.376848,316.806366
5/1/2024,12:00:00,27.762310,343.280074
5/1/2024,13:00:00,27.553510,14.733175
5/1/2024,14:00:00,32.855132,41.748806
5/1/2024,15:00:00,41.541225,61.032488
5/1/2024,16:00:00,51.818479,75.084895
5/1/2024,17:00:00,62.740764,86.369841
5/1/2024,18:00:00,73.790507,96.397005
5/1/2024,19:00:00,84.559825,106.119093
5/1/2024,20:00:00,95.041460,116.242800
5/1/2024,21:00:00,104.459833,127.381690
5/1/2024,22:00:00,112.472957,140.079286
5/1/2024,23:00:00,118.455521,154.668866
5/2/2024,0:00:00,121.733050,170.954495
5/2/2024,1:00:00,121.825158,187.970118
5/2/2024,2:00:00,118.716711,204.327153
5/2/2024,3:00:00,112.867556,219.019069
5/2/2024,4:00:00,104.948727,231.809124
5/2/2024,5:00:00,95.591453,243.009629
5/2/2024,6:00:00,85.130683,253.156454
5/2/2024,7:00:00,74.385260,262.857780
5/2/2024,8:00:00,63.325634,272.809111
5/2/2024,9:00:00,52.361237,283.938803
5/2/2024,10:00:00,41.989314,297.712821
5/2/2024,11:00:00,33.111262,316.561585
5/2/2024,12:00:00,27.467698,343.192686
5/2/2024,13:00:00,27.268232,14.914191
5/2/2024,14:00:00,32.614240,42.070112
5/2/2024,15:00:00,41.339653,61.361685
5/2/2024,16:00:00,51.639476,75.386147
5/2/2024,17:00:00,62.570662,86.643068
5/2/2024,18:00:00,73.619492,96.648685
5/2/2024,19:00:00,84.382895,106.354737
5/2/2024,20:00:00,94.844733,116.464785
5/2/2024,21:00:00,104.241362,127.587542
5/2/2024,22:00:00,112.228725,140.259371
5/2/2024,23:00:00,118.185503,154.805036
5/3/2024,0:00:00,121.443933,171.024732
5/3/2024,1:00:00,121.530184,187.961951
5/3/2024,2:00:00,118.430206,204.247749
5/3/2024,3:00:00,112.598688,218.888292
5/3/2024,4:00:00,104.700070,231.645897
5/3/2024,5:00:00,95.361077,242.825631
5/3/2024,6:00:00,84.919743,252.956469
5/3/2024,7:00:00,74.178262,262.641823
5/3/2024,8:00:00,63.120086,272.574420
5/3/2024,9:00:00,52.149020,283.682563
5/3/2024,10:00:00,41.759329,297.440230
5/3/2024,11:00:00,32.851050,316.313837
5/3/2024,12:00:00,27.177860,343.100634
5/3/2024,13:00:00,26.986936,15.091751
5/3/2024,14:00:00,32.376637,42.387726
5/3/2024,15:00:00,41.140601,61.686445
5/3/2024,16:00:00,51.462364,75.682768
5/3/2024,17:00:00,62.402044,86.911690
5/3/2024,18:00:00,73.449748,96.895774
5/3/2024,19:00:00,84.207037,106.585714
5/3/2024,20:00:00,94.649458,116.681933
5/3/2024,21:00:00,104.024723,127.788347
5/3/2024,22:00:00,111.986922,140.434316
5/3/2024,23:00:00,117.918689,154.936394
5/4/2024,0:00:00,121.158814,171.091194
5/4/2024,1:00:00,121.239788,187.951636
5/4/2024,2:00:00,118.148533,204.167793
5/4/2024,3:00:00,112.334673,218.758063
5/4/2024,4:00:00,104.456204,231.483814
5/4/2024,5:00:00,95.135447,242.643045
5/4/2024,6:00:00,84.713138,252.757978
5/4/2024,7:00:00,73.976070,262.427313
5/4/2024,8:00:00,62.919528,272.340970
5/4/2024,9:00:00,51.942027,283.427032
5/4/2024,10:00:00,41.534804,297.167124
5/4/2024,11:00:00,32.596305,316.063238
5/4/2024,12:00:00,26.892895,343.003855
5/4/2024,13:00:00,26.709694,15.265638
5/4/2024,14:00:00,32.142359,42.701407
5/4/2024,15:00:00,40.944087,62.006577
5/4/2024,16:00:00,51.287163,75.974615
5/4/2024,17:00:00,62.234937,87.175595
5/4/2024,18:00:00,73.281319,97.138182
5/4/2024,19:00:00,84.032321,106.811952
5/4/2024,20:00:00,94.455706,116.894189
5/4/2024,21:00:00,103.810002,127.984070
5/4/2024,22:00:00,111.747644,140.604113
5/4/2024,23:00:00,117.655180,155.062955
5/5/2024,0:00:00,120.877792,171.153912
5/5/2024,1:00:00,120.954064,187.939198
5/5/2024,2:00:00,117.871780,204.087306
5/5/2024,3:00:00,112.075594,218.628407
5/5/2024,4:00:00,104.217208,231.322910
5/5/2024,5:00:00,94.914633,242.461923
5/5/2024,6:00:00,84.510972,252.561052
5/5/2024,7:00:00,73.778742,262.214341
5/5/2024,8:00:00,62.724013,272.108871
5/5/2024,9:00:00,51.740312,283.172353
5/5/2024,10:00:00,41.315802,296.893671
5/5/2024,11:00:00,32.347110,315.809923
5/5/2024,12:00:00,26.612900,342.902302
5/5/2024,13:00:00,26.436577,15.435643
5/5/2024,14:00:00,31.911442,43.010920
5/5/2024,15:00:00,40.750135,62.321897
5/5/2024,16:00:00,51.113899,76.261552
5/5/2024,17:00:00,62.069378,87.434680
5/5/2024,18:00:00,73.114253,97.375825
5/5/2024,19:00:00,83.858823,107.033384
5/5/2024,20:00:00,94.263554,117.101501
5/5/2024,21:00:00,103.597287,128.174681
5/5/2024,22:00:00,111.510992,140.768759
5/5/2024,23:00:00,117.395077,155.184743
5/6/2024,0:00:00,120.600962,171.212924
5/6/2024,1:00:00,120.673099,187.924673
5/6/2024,2:00:00,117.600030,204.006315
5/6/2024,3:00:00,111.821529,218.499355
5/6/2024,4:00:00,103.983153,231.163228
5/6/2024,5:00:00,94.698702,242.282320
5/6/2024,6:00:00,84.313340,252.365762
5/6/2024,7:00:00,73.586331,262.002998
5/6/2024,8:00:00,62.533589,271.878241
5/6/2024,9:00:00,51.543922,282.918672
5/6/2024,10:00:00,41.102378,296.620049
5/6/2024,11:00:00,32.103545,315.554045
5/6/2024,12:00:00,26.337971,342.795948
5/6/2024,13:00:00,26.167655,15.601565
5/6/2024,14:00:00,31.683923,43.316038
5/6/2024,15:00:00,40.558769,62.632228
5/6/2024,16:00:00,50.942599,76.543450
5/6/2024,17:00:00,61.905406,87.688844
5/6/2024,18:00:00,72.948602,97.608625
5/6/2024,19:00:00,83.686618,107.249948
5/6/2024,20:00:00,94.073081,117.303827
5/6/2024,21:00:00,103.386672,128.360159
5/6/2024,22:00:00,111.277065,140.928258
5/6/2024,23:00:00,117.138481,155.301788
5/7/2024,0:00:00,120.328421,171.268273
5/7/2024,1:00:00,120.396982,187.908100
5/7/2024,2:00:00,117.333365,203.924855
5/7/2024,3:00:00,111.572554,218.370944
5/7/2024,4:00:00,103.754107,231.004815
5/7/2024,5:00:00,94.487712,242.104298
5/7/2024,6:00:00,84.120326,252.172185
5/7/2024,7:00:00,73.398883,261.793381
5/7/2024,8:00:00,62.348294,271.649202
5/7/2024,9:00:00,51.352894,282.666146
5/7/2024,10:00:00,40.894582,296.346446
5/7/2024,11:00:00,31.865683,315.295774
5/7/2024,12:00:00,26.068200,342.684784
5/7/2024,13:00:00,25.902999,15.763210
5/7/2024,14:00:00,31.459844,43.616536
5/7/2024,15:00:00,40.370017,62.937397
5/7/2024,16:00:00,50.773295,76.820182
5/7/2024,17:00:00,61.743060,87.937993
5/7/2024,18:00:00,72.784422,97.836507
5/7/2024,19:00:00,83.515786,107.461586
5/7/2024,20:00:00,93.884369,117.501126
5/7/2024,21:00:00,103.178250,128.540483
5/7/2024,22:00:00,111.045964,141.082617
5/7/2024,23:00:00,116.885494,155.414125
5/8/2024,0:00:00,120.060263,171.320008
5/8/2024,1:00:00,120.125798,187.889526
5/8/2024,2:00:00,117.071863,203.842965
5/8/2024,3:00:00,111.328739,218.243213
5/8/2024,4:00:00,103.530135,230.847720
5/8/2024,5:00:00,94.281718,241.927920
5/8/2024,6:00:00,83.932004,251.980402
5/8/2024,7:00:00,73.216436,261.585589
5/8/2024,8:00:00,62.168163,271.421878
5/8/2024,9:00:00,51.167265,282.414934
5/8/2024,10:00:00,40.692458,296.073061
5/8/2024,11:00:00,31.633593,315.035298
5/8/2024,12:00:00,25.803676,342.568818
5/8/2024,13:00:00,25.642682,15.920390
5/8/2024,14:00:00,31.239243,43.912193
5/8/2024,15:00:00,40.183908,63.237234
5/8/2024,16:00:00,50.606022,77.091626
5/8/2024,17:00:00,61.582388,88.182033
5/8/2024,18:00:00,72.621769,98.059400
5/8/2024,19:00:00,83.346409,107.668244
5/8/2024,20:00:00,93.697503,117.693360
5/8/2024,21:00:00,102.972117,128.715640
5/8/2024,22:00:00,110.817792,141.231849
5/8/2024,23:00:00,116.636219,155.521791
5/9/2024,0:00:00,119.796583,171.368179
5/9/2024,1:00:00,119.859633,187.868998
5/9/2024,2:00:00,116.815599,203.760686
5/9/2024,3:00:00,111.090155,218.116208
5/9/2024,4:00:00,103.311298,230.691997
5/9/2024,5:00:00,94.080775,241.753254
5/9/2024,6:00:00,83.748444,251.790497
5/9/2024,7:00:00,73.039030,261.379726
5/9/2024,8:00:00,61.993226,271.196400
5/9/2024,9:00:00,50.987063,282.165201
5/9/2024,10:00:00,40.496046,295.800101
5/9/2024,11:00:00,31.407341,314.772817
5/9/2024,12:00:00,25.544491,342.448071
5/9/2024,13:00:00,25.386776,16.072916
5/9/2024,14:00:00,31.022163,44.202786
5/9/2024,15:00:00,40.000474,63.531570
5/9/2024,16:00:00,50.440814,77.357659
5/9/2024,17:00:00,61.423434,88.420874
5/9/2024,18:00:00,72.460704,98.277232
5/9/2024,19:00:00,83.178566,107.869868
5/9/2024,20:00:00,93.512568,117.880496
5/9/2024,21:00:00,102.768369,128.885617
5/9/2024,22:00:00,110.592652,141.375967
5/9/2024,23:00:00,116.390757,155.624824
5/10/2024,0:00:00,119.537475,171.412839
5/10/2024,1:00:00,119.598570,187.846565
5/10/2024,2:00:00,116.564651,203.678062
5/10/2024,3:00:00,110.856869,217.989973
5/10/2024,4:00:00,103.097656,230.537703
5/10/2024,5:00:00,93.884933,241.580369
5/10/2024,6:00:00,83.569711,251.602553
5/10/2024,7:00:00,72.866699,261.175896
5/10/2024,8:00:00,61.823512,270.972899
5/10/2024,9:00:00,50.812316,281.917117
5/10/2024,10:00:00,40.305382,295.527778
5/10/2024,11:00:00,31.186989,314.508547
5/10/2024,12:00:00,25.290733,342.322574
5/10/2024,13:00:00,25.135352,16.220599
5/10/2024,14:00:00,30.808646,44.488089
5/10/2024,15:00:00,39.819746,63.820234
5/10/2024,16:00:00,50.277709,77.618159
5/10/2024,17:00:00,61.266247,88.654423
5/10/2024,18:00:00,72.301286,98.489933
5/10/2024,19:00:00,83.012340,108.066405
5/10/2024,20:00:00,93.329651,118.062497
5/10/2024,21:00:00,102.567102,129.050399
5/10/2024,22:00:00,110.370645,141.514983
5/10/2024,23:00:00,116.149209,155.723263
5/11/2024,0:00:00,119.283034,171.454038
5/11/2024,1:00:00,119.342694,187.822277
5/11/2024,2:00:00,116.319094,203.595137
5/11/2024,3:00:00,110.628950,217.864556
5/11/2024,4:00:00,102.889269,230.384893
5/11/2024,5:00:00,93.694243,241.409334
5/11/2024,6:00:00,83.395864,251.416656
5/11/2024,7:00:00,72.699476,260.974205
5/11/2024,8:00:00,61.659048,270.751506
5/11/2024,9:00:00,50.643051,281.670851
5/11/2024,10:00:00,40.120503,295.256310
5/11/2024,11:00:00,30.972600,314.242710
5/11/2024,12:00:00,25.042492,342.192370
5/11/2024,13:00:00,24.888483,16.363244
5/11/2024,14:00:00,30.598732,44.767872
5/11/2024,15:00:00,39.641754,64.103053
5/11/2024,16:00:00,50.116742,77.873004
5/11/2024,17:00:00,61.110873,88.882590
5/11/2024,18:00:00,72.143576,98.697433
5/11/2024,19:00:00,82.847810,108.257802
5/11/2024,20:00:00,93.148835,118.239330
5/11/2024,21:00:00,102.368411,129.209975
5/11/2024,22:00:00,110.151872,141.648910
5/11/2024,23:00:00,115.911676,155.817143
5/12/2024,0:00:00,119.033352,171.491824
5/12/2024,1:00:00,119.092087,187.796180
5/12/2024,2:00:00,116.079002,203.511955
5/12/2024,3:00:00,110.406465,217.740003
5/12/2024,4:00:00,102.686196,230.233622
5/12/2024,5:00:00,93.508754,241.240218
5/12/2024,6:00:00,83.226962,251.232892
5/12/2024,7:00:00,72.537396,260.774757
5/12/2024,8:00:00,61.499860,270.532355
5/12/2024,9:00:00,50.479291,281.426574
5/12/2024,10:00:00,39.941439,294.985917
5/12/2024,11:00:00,30.764230,313.975537
5/12/2024,12:00:00,24.799854,342.057505
5/12/2024,13:00:00,24.646240,16.500653
5/12/2024,14:00:00,30.392459,45.041902
5/12/2024,15:00:00,39.466528,64.379856
5/12/2024,16:00:00,49.957947,78.122071
5/12/2024,17:00:00,60.957357,89.105283
5/12/2024,18:00:00,71.987632,98.899662
5/12/2024,19:00:00,82.685054,108.444008
5/12/2024,20:00:00,92.970204,118.410961
5/12/2024,21:00:00,102.172390,129.364332
5/12/2024,22:00:00,109.936432,141.777761
5/12/2024,23:00:00,115.678253,155.906501
5/13/2024,0:00:00,118.788517,171.526247
5/13/2024,1:00:00,118.846831,187.768320
5/13/2024,2:00:00,115.844448,203.428554
5/13/2024,3:00:00,110.189479,217.616356
5/13/2024,4:00:00,102.488494,230.083945
5/13/2024,5:00:00,93.328514,241.073088
5/13/2024,6:00:00,83.063059,251.051342
5/13/2024,7:00:00,72.380488,260.577655
5/13/2024,8:00:00,61.345971,270.315574
5/13/2024,9:00:00,50.321057,281.184455
5/13/2024,10:00:00,39.768220,294.716817
5/13/2024,11:00:00,30.561935,313.707264
5/13/2024,12:00:00,24.562905,341.918035
5/13/2024,13:00:00,24.408692,16.632620
5/13/2024,14:00:00,30.189865,45.309941
5/13/2024,15:00:00,39.294093,64.650468
5/13/2024,16:00:00,49.801356,78.365238
5/13/2024,17:00:00,60.805742,89.322412
5/13/2024,18:00:00,71.833508,99.096552
5/13/2024,19:00:00,82.524146,108.624971
5/13/2024,20:00:00,92.793837,118.577356
5/13/2024,21:00:00,101.979127,129.513457
5/13/2024,22:00:00,109.724419,141.901547
5/13/2024,23:00:00,115.449035,155.991370
5/14/2024,0:00:00,118.548618,171.557349
5/14/2024,1:00:00,118.607003,187.738739
5/14/2024,2:00:00,115.615503,203.344976
5/14/2024,3:00:00,109.978055,217.493658
5/14/2024,4:00:00,102.296218,229.935913
5/14/2024,5:00:00,93.153570,240.908009
5/14/2024,6:00:00,82.904206,250.872088
5/14/2024,7:00:00,72.228783,260.383000
5/14/2024,8:00:00,61.197404,270.101292
5/14/2024,9:00:00,50.168370,280.944662
5/14/2024,10:00:00,39.600873,294.449231
5/14/2024,11:00:00,30.365767,313.438134
5/14/2024,12:00:00,24.331726,341.774020
5/14/2024,13:00:00,24.175904,16.758939
5/14/2024,14:00:00,29.990982,45.571750
5/14/2024,15:00:00,39.124474,64.914716
5/14/2024,16:00:00,49.646998,78.602385
5/14/2024,17:00:00,60.656068,89.533889
5/14/2024,18:00:00,71.681258,99.288036
5/14/2024,19:00:00,82.365157,108.800643
5/14/2024,20:00:00,92.619812,118.738484
5/14/2024,21:00:00,101.788708,129.657340
5/14/2024,22:00:00,109.515925,142.020280
5/14/2024,23:00:00,115.224111,156.071784
5/15/2024,0:00:00,118.313737,171.585174
5/15/2024,1:00:00,118.372678,187.707479
5/15/2024,2:00:00,115.392234,203.261256
5/15/2024,3:00:00,109.772255,217.371950
5/15/2024,4:00:00,102.109421,229.789577
5/15/2024,5:00:00,92.983966,240.745045
5/15/2024,6:00:00,82.750450,250.695209
5/15/2024,7:00:00,72.082307,260.190889
5/15/2024,8:00:00,61.054177,269.889634
5/15/2024,9:00:00,50.021244,280.707358
5/15/2024,10:00:00,39.439420,294.183379
5/15/2024,11:00:00,30.175773,313.168392
5/15/2024,12:00:00,24.106397,341.625529
5/15/2024,13:00:00,23.947941,16.879400
5/15/2024,14:00:00,29.795841,45.827088
5/15/2024,15:00:00,38.957691,65.172431
5/15/2024,16:00:00,49.494902,78.833393
5/15/2024,17:00:00,60.508374,89.739628
5/15/2024,18:00:00,71.530933,99.474049
5/15/2024,19:00:00,82.208157,108.970976
5/15/2024,20:00:00,92.448202,118.894316
5/15/2024,21:00:00,101.601217,129.795971
5/15/2024,22:00:00,109.311036,142.133973
5/15/2024,23:00:00,115.003568,156.147774
5/16/2024,0:00:00,118.083954,171.609765
5/16/2024,1:00:00,118.143928,187.674578
5/16/2024,2:00:00,115.174706,203.177430
5/16/2024,3:00:00,109.572137,217.251271
5/16/2024,4:00:00,101.928155,229.644984
5/16/2024,5:00:00,92.819745,240.584256
5/16/2024,6:00:00,82.601837,250.520781
5/16/2024,7:00:00,71.941085,260.001420
5/16/2024,8:00:00,60.916308,269.680723
5/16/2024,9:00:00,49.879694,280.472709
5/16/2024,10:00:00,39.283880,293.919480
5/16/2024,11:00:00,29.991995,312.898292
5/16/2024,12:00:00,23.886994,341.472641
5/16/2024,13:00:00,23.724862,16.993792
5/16/2024,14:00:00,29.604471,46.075715
5/16/2024,15:00:00,38.793766,65.423442
5/16/2024,16:00:00,49.345093,79.058146
5/16/2024,17:00:00,60.362698,89.939544
5/16/2024,18:00:00,71.382584,99.654528
5/16/2024,19:00:00,82.053211,109.135924
5/16/2024,20:00:00,92.279081,119.044822
5/16/2024,21:00:00,101.416736,129.929340
5/16/2024,22:00:00,109.109839,142.242640
5/16/2024,23:00:00,114.787490,156.219375
5/17/2024,0:00:00,117.859347,171.631163
5/17/2024,1:00:00,117.920822,187.640077
5/17/2024,2:00:00,114.962981,203.093535
5/17/2024,3:00:00,109.377756,217.131658
5/17/2024,4:00:00,101.752468,229.502184
5/17/2024,5:00:00,92.660945,240.425705
5/17/2024,6:00:00,82.458404,250.348882
5/17/2024,7:00:00,71.805139,259.814689
5/17/2024,8:00:00,60.783810,269.474682
5/17/2024,9:00:00,49.743729,280.240875
5/17/2024,10:00:00,39.134267,293.657754
5/17/2024,11:00:00,29.814473,312.628092
5/17/2024,12:00:00,23.673589,341.315445
5/17/2024,13:00:00,23.506728,17.101906
5/17/2024,14:00:00,29.416897,46.317391
5/17/2024,15:00:00,38.632717,65.667583
5/17/2024,16:00:00,49.197598,79.276530
5/17/2024,17:00:00,60.219076,90.133556
5/17/2024,18:00:00,71.236258,99.829413
5/17/2024,19:00:00,81.900386,109.295444
5/17/2024,20:00:00,92.112519,119.189977
5/17/2024,21:00:00,101.235343,130.057443
5/17/2024,22:00:00,108.912417,142.346295
5/17/2024,23:00:00,114.575958,156.286619
5/18/2024,0:00:00,117.639990,171.649410
5/18/2024,1:00:00,117.703426,187.604014
5/18/2024,2:00:00,114.757120,203.009604
5/18/2024,3:00:00,109.189166,217.013152
5/18/2024,4:00:00,101.582404,229.361223
5/18/2024,5:00:00,92.507603,240.269450
5/18/2024,6:00:00,82.320190,250.179585
5/18/2024,7:00:00,71.674487,259.630788
5/18/2024,8:00:00,60.656695,269.271632
5/18/2024,9:00:00,49.613357,280.012019
5/18/2024,10:00:00,38.990594,293.398422
5/18/2024,11:00:00,29.643240,312.358058
5/18/2024,12:00:00,23.466253,341.154042
5/18/2024,13:00:00,23.293598,17.203533
5/18/2024,14:00:00,29.233147,46.551880
5/18/2024,15:00:00,38.474563,65.904691
5/18/2024,16:00:00,49.052442,79.488436
5/18/2024,17:00:00,60.077545,90.321584
5/18/2024,18:00:00,71.092005,99.998646
5/18/2024,19:00:00,81.749745,109.449496
5/18/2024,20:00:00,91.948586,119.329758
5/18/2024,21:00:00,101.057115,130.180273
5/18/2024,22:00:00,108.718850,142.444954
5/18/2024,23:00:00,114.369051,156.349540
5/19/2024,0:00:00,117.425954,171.664547
5/19/2024,1:00:00,117.491805,187.566428
5/19/2024,2:00:00,114.557179,202.925674
5/19/2024,3:00:00,109.006417,216.895790
5/19/2024,4:00:00,101.418007,229.222150
5/19/2024,5:00:00,92.359754,240.115553
5/19/2024,6:00:00,82.187227,250.012966
5/19/2024,7:00:00,71.549147,259.449812
5/19/2024,8:00:00,60.534970,269.071692
5/19/2024,9:00:00,49.488580,279.786301
5/19/2024,10:00:00,38.852868,293.141705
5/19/2024,11:00:00,29.478329,312.088462
5/19/2024,12:00:00,23.265054,340.988548
5/19/2024,13:00:00,23.085526,17.298471
5/19/2024,14:00:00,29.053245,46.778945
5/19/2024,15:00:00,38.319321,66.134603
5/19/2024,16:00:00,48.909649,79.693755
5/19/2024,17:00:00,59.938141,90.503553
5/19/2024,18:00:00,70.949871,100.162171
5/19/2024,19:00:00,81.601351,109.598041
5/19/2024,20:00:00,91.787351,119.464142
5/19/2024,21:00:00,100.882128,130.297829
5/19/2024,22:00:00,108.529217,142.538635
5/19/2024,23:00:00,114.166844,156.408173
5/20/2024,0:00:00,117.217309,171.676615
5/20/2024,1:00:00,117.286020,187.527357
5/20/2024,2:00:00,114.363212,202.841781
5/20/2024,3:00:00,108.829556,216.779611
5/20/2024,4:00:00,101.259318,229.085012
5/20/2024,5:00:00,92.217429,239.964071
5/20/2024,6:00:00,82.059545,249.849098
5/20/2024,7:00:00,71.429132,259.271853
5/20/2024,8:00:00,60.418640,268.874981
5/20/2024,9:00:00,49.369398,279.563880
5/20/2024,10:00:00,38.721091,292.887824
5/20/2024,11:00:00,29.319763,311.819582
5/20/2024,12:00:00,23.070055,340.819089
5/20/2024,13:00:00,22.882570,17.386517
5/20/2024,14:00:00,28.877216,46.998355
5/20/2024,15:00:00,38.167010,66.357164
5/20/2024,16:00:00,48.769245,79.892382
5/20/2024,17:00:00,59.800898,90.679388
5/20/2024,18:00:00,70.809905,100.319935
5/20/2024,19:00:00,81.455266,109.741042
5/20/2024,20:00:00,91.628880,119.593110
5/20/2024,21:00:00,100.710457,130.410108
5/20/2024,22:00:00,108.343594,142.627357
5/20/2024,23:00:00,113.969412,156.462552
5/21/2024,0:00:00,117.014122,171.685658
5/21/2024,1:00:00,117.086130,187.486841
5/21/2024,2:00:00,114.175272,202.757959
5/21/2024,3:00:00,108.658630,216.664653
5/21/2024,4:00:00,101.106373,228.949856
5/21/2024,5:00:00,92.080656,239.815065
5/21/2024,6:00:00,81.937170,249.688054
5/21/2024,7:00:00,71.314453,259.097001
5/21/2024,8:00:00,60.307708,268.681615
5/21/2024,9:00:00,49.255810,279.344912
5/21/2024,10:00:00,38.595265,292.637000
5/21/2024,11:00:00,29.167567,311.551701
5/21/2024,12:00:00,22.881319,340.645805
5/21/2024,13:00:00,22.684783,17.467475
5/21/2024,14:00:00,28.705083,47.209878
5/21/2024,15:00:00,38.017648,66.572218
5/21/2024,16:00:00,48.631254,80.084215
5/21/2024,17:00:00,59.665854,90.849019
5/21/2024,18:00:00,70.672153,100.471888
5/21/2024,19:00:00,81.311550,109.878466
5/21/2024,20:00:00,91.473240,119.716644
5/21/2024,21:00:00,100.542173,130.517111
5/21/2024,22:00:00,108.162057,142.711137
5/21/2024,23:00:00,113.776826,156.512712
5/22/2024,0:00:00,116.816457,171.691715
5/22/2024,1:00:00,116.892191,187.444919
5/22/2024,2:00:00,113.993408,202.674245
5/22/2024,3:00:00,108.493682,216.550956
5/22/2024,4:00:00,100.959208,228.816728
5/22/2024,5:00:00,91.949464,239.668591
5/22/2024,6:00:00,81.820126,249.529906
5/22/2024,7:00:00,71.205119,258.925346
5/22/2024,8:00:00,60.202175,268.491710
5/22/2024,9:00:00,49.147810,279.129554
5/22/2024,10:00:00,38.475387,292.389454
5/22/2024,11:00:00,29.021757,311.285107
5/22/2024,12:00:00,22.698903,340.468848
5/22/2024,13:00:00,22.492218,17.541152
5/22/2024,14:00:00,28.536870,47.413287
5/22/2024,15:00:00,37.871251,66.779614
5/22/2024,16:00:00,48.495701,80.269154
5/22/2024,17:00:00,59.533043,91.012375
5/22/2024,18:00:00,70.536662,100.617979
5/22/2024,19:00:00,81.170263,110.010278
5/22/2024,20:00:00,91.320495,119.834727
5/22/2024,21:00:00,100.377348,130.618839
5/22/2024,22:00:00,107.984677,142.789996
5/22/2024,23:00:00,113.589157,156.558689
5/23/2024,0:00:00,116.624378,171.694829
5/23/2024,1:00:00,116.704259,187.401628
5/23/2024,2:00:00,113.817669,202.590675
5/23/2024,3:00:00,108.334752,216.438557
5/23/2024,4:00:00,100.817858,228.685677
5/23/2024,5:00:00,91.823876,239.524708
5/23/2024,6:00:00,81.708434,249.374725
5/23/2024,7:00:00,71.101137,258.756978
5/23/2024,8:00:00,60.102039,268.305381
5/23/2024,9:00:00,49.045390,278.917960
5/23/2024,10:00:00,38.361450,292.145404
5/23/2024,11:00:00,28.882350,311.020093
5/23/2024,12:00:00,22.522866,340.288386
5/23/2024,13:00:00,22.304930,17.607361
5/23/2024,14:00:00,28.372601,47.608357
5/23/2024,15:00:00,37.727838,66.979201
5/23/2024,16:00:00,48.362612,80.447102
5/23/2024,17:00:00,59.402500,91.169389
5/23/2024,18:00:00,70.403477,100.758162
5/23/2024,19:00:00,81.031465,110.136449
5/23/2024,20:00:00,91.170710,119.947343
5/23/2024,21:00:00,100.216051,130.715293
5/23/2024,22:00:00,107.811527,142.863953
5/23/2024,23:00:00,113.406471,156.600517
5/24/2024,0:00:00,116.437946,171.695040
5/24/2024,1:00:00,116.522387,187.357009
5/24/2024,2:00:00,113.648102,202.507284
5/24/2024,3:00:00,108.181882,216.327497
5/24/2024,4:00:00,100.682354,228.556748
5/24/2024,5:00:00,91.703917,239.383475
5/24/2024,6:00:00,81.602114,249.222583
5/24/2024,7:00:00,71.002512,258.591984
5/24/2024,8:00:00,60.007295,268.122740
5/24/2024,9:00:00,48.948542,278.710284
5/24/2024,10:00:00,38.253448,291.905069
5/24/2024,11:00:00,28.749357,310.756953
5/24/2024,12:00:00,22.353261,340.104599
5/24/2024,13:00:00,22.122971,17.665919
5/24/2024,14:00:00,28.212298,47.794864
5/24/2024,15:00:00,37.587429,67.170834
5/24/2024,16:00:00,48.232013,80.617963
5/24/2024,17:00:00,59.274263,91.319995
5/24/2024,18:00:00,70.272646,100.892390
5/24/2024,19:00:00,80.895213,110.256947
5/24/2024,20:00:00,91.023949,120.054479
5/24/2024,21:00:00,100.058351,130.806476
5/24/2024,22:00:00,107.642677,142.933030
5/24/2024,23:00:00,113.228838,156.638232
5/25/2024,0:00:00,116.257221,171.692389
5/25/2024,1:00:00,116.346628,187.311099
5/25/2024,2:00:00,113.484751,202.424110
5/25/2024,3:00:00,108.035109,216.217816
5/25/2024,4:00:00,100.552728,228.429990
5/25/2024,5:00:00,91.589609,239.244949
5/25/2024,6:00:00,81.501182,249.073552
5/25/2024,7:00:00,70.909248,258.430454
5/25/2024,8:00:00,59.917941,267.943900
5/25/2024,9:00:00,48.857255,278.506678
5/25/2024,10:00:00,38.151369,291.668670
5/25/2024,11:00:00,28.622789,310.495992
5/25/2024,12:00:00,22.190142,339.917680
5/25/2024,13:00:00,21.946395,17.716651
5/25/2024,14:00:00,28.055990,47.972590
5/25/2024,15:00:00,37.450043,67.354367
5/25/2024,16:00:00,48.103931,80.781642
5/25/2024,17:00:00,59.148369,91.464129
5/25/2024,18:00:00,70.144216,101.020618
5/25/2024,19:00:00,80.761567,110.371744
5/25/2024,20:00:00,90.880276,120.156120
5/25/2024,21:00:00,99.904319,130.892392
5/25/2024,22:00:00,107.478198,142.997247
5/25/2024,23:00:00,113.056323,156.671867
5/26/2024,0:00:00,116.082264,171.686916
5/26/2024,1:00:00,116.177034,187.263939
5/26/2024,2:00:00,113.327662,202.341190
5/26/2024,3:00:00,107.894471,216.109554
5/26/2024,4:00:00,100.429009,228.305453
5/26/2024,5:00:00,91.480972,239.109191
5/26/2024,6:00:00,81.405654,248.927703
5/26/2024,7:00:00,70.821348,258.272476
5/26/2024,8:00:00,59.833968,267.768976
5/26/2024,9:00:00,48.771515,278.307295
5/26/2024,10:00:00,38.055202,291.436425
5/26/2024,11:00:00,28.502651,310.237517
5/26/2024,12:00:00,22.033562,339.727843
5/26/2024,13:00:00,21.775259,17.759390
5/26/2024,14:00:00,27.903703,48.141317
5/26/2024,15:00:00,37.315704,67.529657
5/26/2024,16:00:00,47.978396,80.938046
5/26/2024,17:00:00,59.024857,91.601725
5/26/2024,18:00:00,70.018236,101.142801
5/26/2024,19:00:00,80.630590,110.480812
5/26/2024,20:00:00,90.153085,120.252255
5/26/2024,21:00:00,99.754024,130.973045
5/26/2024,22:00:00,107.318162,143.056625
5/26/2024,23:00:00,112.888995,156.701458
5/27/2024,0:00:00,115.913135,171.678665
5/27/2024,1:00:00,116.013658,187.215569
5/27/2024,2:00:00,113.176881,202.258565
5/27/2024,3:00:00,107.760007,216.002756
5/27/2024,4:00:00,100.311227,228.183189
5/27/2024,5:00:00,91.378026,238.976263
5/27/2024,6:00:00,81.315544,248.785112
5/27/2024,7:00:00,70.738812,258.118141
5/27/2024,8:00:00,59.755369,267.598082
5/27/2024,9:00:00,48.691307,278.112290
5/27/2024,10:00:00,37.964931,291.208559
5/27/2024,11:00:00,28.388949,309.981845
5/27/2024,12:00:00,21.883572,339.535321
5/27/2024,13:00:00,21.609620,17.793982
5/27/2024,14:00:00,27.755469,48.300835
5/27/2024,15:00:00,37.184440,67.696565
5/27/2024,16:00:00,47.855443,81.087084
5/27/2024,17:00:00,58.903771,91.732723
5/27/2024,18:00:00,69.894761,101.258898
5/27/2024,19:00:00,80.502343,110.584123
5/27/2024,20:00:00,90.038642,120.342872
5/27/2024,21:00:00,99.607539,131.048441
5/27/2024,22:00:00,107.162641,143.111188
5/27/2024,23:00:00,112.726924,156.727045
5/28/2024,0:00:00,115.749896,171.667680
5/28/2024,1:00:00,115.856553,187.166035
5/28/2024,2:00:00,113.032451,202.176280
5/28/2024,3:00:00,107.631753,215.897471
5/28/2024,4:00:00,100.199408,228.063253
5/28/2024,5:00:00,91.280790,238.846230
5/28/2024,6:00:00,81.230863,248.645856
5/28/2024,7:00:00,70.661638,257.967543
5/28/2024,8:00:00,59.682132,267.431336
5/28/2024,9:00:00,48.616614,277.921819
5/28/2024,10:00:00,37.880540,290.985297
5/28/2024,11:00:00,28.281683,309.729301
5/28/2024,12:00:00,21.740221,339.340368
5/28/2024,13:00:00,21.449540,17.820290
5/28/2024,14:00:00,27.611324,48.450940
5/28/2024,15:00:00,37.056280,67.854955
5/28/2024,16:00:00,47.735109,81.228670
5/28/2024,17:00:00,58.785157,91.857063
5/28/2024,18:00:00,69.773846,101.368868
5/28/2024,19:00:00,80.376893,110.681654
5/28/2024,20:00:00,89.926562,120.427963
5/28/2024,21:00:00,99.464940,131.118588
5/28/2024,22:00:00,107.011709,143.160961
5/28/2024,23:00:00,112.570178,156.748665
5/29/2024,0:00:00,115.592608,171.654008
5/29/2024,1:00:00,115.705771,187.115385
5/29/2024,2:00:00,112.894417,202.094383
5/29/2024,3:00:00,107.509742,215.793750
5/29/2024,4:00:00,100.093578,227.945704
5/29/2024,5:00:00,91.189276,238.719161
5/29/2024,6:00:00,81.151618,248.510015
5/29/2024,7:00:00,70.589821,257.820777
5/29/2024,8:00:00,59.614243,267.268857
5/29/2024,9:00:00,48.547415,277.736043
5/29/2024,10:00:00,37.802005,290.766869
5/29/2024,11:00:00,28.180851,309.480218
5/29/2024,12:00:00,21.603557,339.143264
5/29/2024,13:00:00,21.295081,17.838195
5/29/2024,14:00:00,27.471309,48.591439
5/29/2024,15:00:00,36.931263,68.004699
5/29/2024,16:00:00,47.617437,81.362719
5/29/2024,17:00:00,58.669069,91.974689
5/29/2024,18:00:00,69.655551,101.472674
5/29/2024,19:00:00,80.254312,110.773384
5/29/2024,20:00:00,89.816742,120.507522
5/29/2024,21:00:00,99.326302,131.183497
5/29/2024,22:00:00,106.865445,143.205974
5/29/2024,23:00:00,112.418829,156.766365
5/30/2024,0:00:00,115.441334,171.637701
5/30/2024,1:00:00,115.561363,187.063672
5/30/2024,2:00:00,112.762820,202.012928
5/30/2024,3:00:00,107.394007,215.691651
5/30/2024,4:00:00,99.993758,227.830606
5/30/2024,5:00:00,91.103496,238.595129
5/30/2024,6:00:00,81.077811,248.377672
5/30/2024,7:00:00,70.523350,257.677943
5/30/2024,8:00:00,59.551681,267.110766
5/30/2024,9:00:00,48.483682,277.555122
5/30/2024,10:00:00,37.729300,290.553507
5/30/2024,11:00:00,28.086443,309.234940
5/30/2024,12:00:00,21.473625,338.944316
5/30/2024,13:00:00,21.146308,17.847604
5/30/2024,14:00:00,27.335468,48.722153
5/30/2024,15:00:00,36.809430,68.145677
5/30/2024,16:00:00,47.502476,81.489156
5/30/2024,17:00:00,58.555561,92.085551
5/30/2024,18:00:00,69.539942,101.570284
5/30/2024,19:00:00,80.134671,110.859296
5/30/2024,20:00:00,89.709164,120.581550
5/30/2024,21:00:00,99.191706,131.243186
5/30/2024,22:00:00,106.723925,143.246261
5/30/2024,23:00:00,112.272949,156.780193
5/31/2024,0:00:00,115.296135,171.618818
5/31/2024,1:00:00,115.423381,187.010956
5/31/2024,2:00:00,112.637698,201.931973
5/31/2024,3:00:00,107.284575,215.591236
5/31/2024,4:00:00,99.899965,227.718028
5/31/2024,5:00:00,91.023456,238.474209
5/31/2024,6:00:00,81.009440,248.248915
5/31/2024,7:00:00,70.462210,257.539141
5/31/2024,8:00:00,59.494422,266.957189
5/31/2024,9:00:00,48.425382,277.379219
5/31/2024,10:00:00,37.662391,290.345446
5/31/2024,11:00:00,27.998444,308.993819
5/31/2024,12:00:00,21.350464,338.743858
5/31/2024,13:00:00,21.003288,17.848451
5/31/2024,14:00:00,27.203851,48.842919
5/31/2024,15:00:00,36.690827,68.277779
5/31/2024,16:00:00,47.390278,81.607910
5/31/2024,17:00:00,58.444697,92.189604
5/31/2024,18:00:00,69.427089,101.661673
5/31/2024,19:00:00,80.018050,110.939381
5/31/2024,20:00:00,89.603875,120.650051
5/31/2024,21:00:00,99.061235,131.297678
5/31/2024,22:00:00,106.587229,143.281864
5/31/2024,23:00:00,112.132610,156.790206
6/1/2024,0:00:00,115.157072,171.597423
6/1/2024,1:00:00,115.291872,186.957302
6/1/2024,2:00:00,112.519088,201.851586
6/1/2024,3:00:00,107.181470,215.492574
6/1/2024,4:00:00,99.812208,227.608044
6/1/2024,5:00:00,90.949154,238.356482
6/1/2024,6:00:00,80.946494,248.123833
6/1/2024,7:00:00,70.406377,257.404476
6/1/2024,8:00:00,59.442432,266.808251
6/1/2024,9:00:00,48.372476,277.208500
6/1/2024,10:00:00,37.601237,290.142924
6/1/2024,11:00:00,27.916832,308.757216
6/1/2024,12:00:00,21.234107,338.542254
6/1/2024,13:00:00,20.866088,17.840705
6/1/2024,14:00:00,27.076510,48.953594
6/1/2024,15:00:00,36.575507,68.400909
6/1/2024,16:00:00,47.280903,81.718923
6/1/2024,17:00:00,58.336543,92.286814
6/1/2024,18:00:00,69.317064,101.746821
6/1/2024,19:00:00,79.904529,111.013634
6/1/2024,20:00:00,89.500960,120.713039
6/1/2024,21:00:00,98.934970,131.347002
6/1/2024,22:00:00,106.455436,143.312830
6/1/2024,23:00:00,111.997881,156.796467
6/2/2024,0:00:00,115.024202,171.573588
6/2/2024,1:00:00,115.166879,186.902785
6/2/2024,2:00:00,112.407018,201.771840
6/2/2024,3:00:00,107.084708,215.395738
6/2/2024,4:00:00,99.730493,227.500730
6/2/2024,5:00:00,90.880581,238.242032
6/2/2024,6:00:00,80.888955,248.002518
6/2/2024,7:00:00,70.355821,257.274051
6/2/2024,8:00:00,59.395670,266.664079
6/2/2024,9:00:00,48.324915,277.043128
6/2/2024,10:00:00,37.545790,289.946178
6/2/2024,11:00:00,27.841574,308.525497
6/2/2024,12:00:00,21.124582,338.339895
6/2/2024,13:00:00,20.734775,17.824368
6/2/2024,14:00:00,26.953505,49.054058
6/2/2024,15:00:00,36.463528,68.514984
6/2/2024,16:00:00,47.174416,81.822146
6/2/2024,17:00:00,58.231170,92.377153
6/2/2024,18:00:00,69.209947,101.825718
6/2/2024,19:00:00,79.794192,111.082061
6/2/2024,20:00:00,89.400537,120.770533
6/2/2024,21:00:00,98.812998,131.391196
6/2/2024,22:00:00,106.328627,143.339214
6/2/2024,23:00:00,111.868834,156.799046
6/3/2024,0:00:00,114.897582,171.547391
6/3/2024,1:00:00,115.048442,186.847484
6/3/2024,2:00:00,112.301514,201.692812
6/3/2024,3:00:00,106.994300,215.300809
6/3/2024,4:00:00,99.654817,227.396169
6/3/2024,5:00:00,90.218006,238.130945
6/3/2024,6:00:00,80.836798,247.885064
6/3/2024,7:00:00,70.310503,257.147974
6/3/2024,8:00:00,59.354089,266.524798
6/3/2024,9:00:00,48.282645,276.883269
6/3/2024,10:00:00,37.495991,289.755445
6/3/2024,11:00:00,27.772633,308.299031
6/3/2024,12:00:00,21.021910,338.137199
6/3/2024,13:00:00,20.609414,17.799477
6/3/2024,14:00:00,26.834895,49.144213
6/3/2024,15:00:00,36.354952,68.619938
6/3/2024,16:00:00,47.070883,81.917541
6/3/2024,17:00:00,58.128654,92.460602
6/3/2024,18:00:00,69.105819,101.898361
6/3/2024,19:00:00,79.687127,111.144672
6/3/2024,20:00:00,89.302738,120.822560
6/3/2024,21:00:00,98.695405,131.430304
6/3/2024,22:00:00,106.206881,143.361078
6/3/2024,23:00:00,111.745536,156.798020
6/4/2024,0:00:00,114.777263,171.518918
6/4/2024,1:00:00,114.936598,186.791485
6/4/2024,2:00:00,112.202596,201.614587
6/4/2024,3:00:00,106.910251,215.207868
6/4/2024,4:00:00,99.585169,227.294446
6/4/2024,5:00:00,90.170404,238.023311
6/4/2024,6:00:00,80.789990,247.771567
6/4/2024,7:00:00,70.270378,257.026351
6/4/2024,8:00:00,59.317633,266.390536
6/4/2024,9:00:00,48.245602,276.729085
6/4/2024,10:00:00,37.451777,289.570961
6/4/2024,11:00:00,27.709959,308.078191
6/4/2024,12:00:00,20.926104,337.934607
6/4/2024,13:00:00,20.490073,17.766105
6/4/2024,14:00:00,26.720746,49.223981
6/4/2024,15:00:00,36.249845,68.715714
6/4/2024,16:00:00,46.970380,82.005079
6/4/2024,17:00:00,58.029074,92.537151
6/4/2024,18:00:00,69.004765,101.964754
6/4/2024,19:00:00,79.583424,111.201485
6/4/2024,20:00:00,89.207710,120.869152
6/4/2024,21:00:00,98.582276,131.464375
6/4/2024,22:00:00,106.090276,143.378490
6/4/2024,23:00:00,111.628053,156.793473
6/5/2024,0:00:00,114.663297,171.488260
6/5/2024,1:00:00,114.831379,186.734880
6/5/2024,2:00:00,112.110279,201.537255
6/5/2024,3:00:00,106.832560,215.117005
6/5/2024,4:00:00,99.521536,227.195649
6/5/2024,5:00:00,90.127510,237.919219
6/5/2024,6:00:00,80.748491,247.662123
6/5/2024,7:00:00,70.235394,256.909289
6/5/2024,8:00:00,59.286242,266.261419
6/5/2024,9:00:00,48.213718,276.580737
6/5/2024,10:00:00,37.413079,289.392960
6/5/2024,11:00:00,27.653500,307.863349
6/5/2024,12:00:00,20.837172,337.732578
6/5/2024,13:00:00,20.376816,17.724354
6/5/2024,14:00:00,26.611126,49.293305
6/5/2024,15:00:00,36.148278,68.802271
6/5/2024,16:00:00,46.872982,82.084739
6/5/2024,17:00:00,57.932514,92.606795
6/5/2024,18:00:00,68.906873,102.024906
6/5/2024,19:00:00,79.483174,111.252523
6/5/2024,20:00:00,89.115603,120.910349
6/5/2024,21:00:00,98.473700,131.493464
6/5/2024,22:00:00,105.978893,143.391522
6/5/2024,23:00:00,111.516453,156.785489
6/6/2024,0:00:00,114.555732,171.455509
6/6/2024,1:00:00,114.732815,186.677763
6/6/2024,2:00:00,112.024576,201.460907
6/6/2024,3:00:00,106.761223,215.028310
6/6/2024,4:00:00,99.463898,227.099869
6/6/2024,5:00:00,90.089285,237.818764
6/6/2024,6:00:00,80.712260,247.556831
6/6/2024,7:00:00,70.205497,256.796895
6/6/2024,8:00:00,59.259850,266.137571
6/6/2024,9:00:00,48.186922,276.438386
6/6/2024,10:00:00,37.379822,289.221670
6/6/2024,11:00:00,27.603199,307.654875
6/6/2024,12:00:00,20.755119,337.531587
6/6/2024,13:00:00,20.269709,17.674354
6/6/2024,14:00:00,26.506104,49.352143
6/6/2024,15:00:00,36.050326,68.879573
6/6/2024,16:00:00,46.778769,82.156506
6/6/2024,17:00:00,57.839059,92.669535
6/6/2024,18:00:00,68.812232,102.078830
6/6/2024,19:00:00,79.386468,111.297812
6/6/2024,20:00:00,89.026569,120.946189
6/6/2024,21:00:00,98.369762,131.517627
6/6/2024,22:00:00,105.872810,143.400246
6/6/2024,23:00:00,111.410798,156.774158
6/7/2024,0:00:00,114.454616,171.420763
6/7/2024,1:00:00,114.640935,186.620232
6/7/2024,2:00:00,111.945497,201.385639
6/7/2024,3:00:00,106.696235,214.941875
6/7/2024,4:00:00,99.412235,227.007197
6/7/2024,5:00:00,90.055697,237.722037
6/7/2024,6:00:00,80.681250,247.455786
6/7/2024,7:00:00,70.180629,256.689275
6/7/2024,8:00:00,59.238392,266.019115
6/7/2024,9:00:00,48.165139,276.302187
6/7/2024,10:00:00,37.351931,289.057315
6/7/2024,11:00:00,27.558994,307.453132
6/7/2024,12:00:00,20.679945,337.332115
6/7/2024,13:00:00,20.168818,17.616258
6/7/2024,14:00:00,26.405754,49.400464
6/7/2024,15:00:00,35.956062,68.947593
6/7/2024,16:00:00,46.687823,82.220370
6/7/2024,17:00:00,57.748795,92.725374
6/7/2024,18:00:00,68.720932,102.126541
6/7/2024,19:00:00,79.293401,111.337380
6/7/2024,20:00:00,88.940759,120.976716
6/7/2024,21:00:00,98.270549,131.536923
6/7/2024,22:00:00,105.772102,143.404737
6/7/2024,23:00:00,111.311154,156.759565
6/8/2024,0:00:00,114.359993,171.384116
6/8/2024,1:00:00,114.555766,186.562382
6/8/2024,2:00:00,111.873051,201.311544
6/8/2024,3:00:00,106.637588,214.857792
6/8/2024,4:00:00,99.366523,226.917725
6/8/2024,5:00:00,90.026721,237.629131
6/8/2024,6:00:00,80.655416,247.359084
6/8/2024,7:00:00,70.160733,256.586532
6/8/2024,8:00:00,59.221799,265.906171
6/8/2024,9:00:00,48.148297,276.172291
6/8/2024,10:00:00,37.329330,288.900113
6/8/2024,11:00:00,27.520823,307.258475
6/8/2024,12:00:00,20.611646,337.134649
6/8/2024,13:00:00,20.074207,17.550237
6/8/2024,14:00:00,26.310149,49.438250
6/8/2024,15:00:00,35.865565,69.006310
6/8/2024,16:00:00,46.600223,82.276324
6/8/2024,17:00:00,57.661807,92.774317
6/8/2024,18:00:00,68.633061,102.168056
6/8/2024,19:00:00,79.204061,111.371256
6/8/2024,20:00:00,88.858319,121.001971
6/8/2024,21:00:00,98.176145,131.551408
6/8/2024,22:00:00,105.676846,143.405069
6/8/2024,23:00:00,111.217579,156.741800
6/9/2024,0:00:00,114.271910,171.345663
6/9/2024,1:00:00,114.477334,186.504309
6/9/2024,2:00:00,111.807246,201.238715
6/9/2024,3:00:00,106.585274,214.776152
6/9/2024,4:00:00,99.326739,226.831542
6/9/2024,5:00:00,90.002334,237.540136
6/9/2024,6:00:00,80.634709,247.266818
6/9/2024,7:00:00,70.145748,256.488766
6/9/2024,8:00:00,59.210005,265.798853
6/9/2024,9:00:00,48.136319,276.048842
6/9/2024,10:00:00,37.311943,288.750269
6/9/2024,11:00:00,27.488623,307.071244
6/9/2024,12:00:00,20.550215,336.939668
6/9/2024,13:00:00,19.985938,17.476476
6/9/2024,14:00:00,26.219363,49.465493
6/9/2024,15:00:00,35.778909,69.055707
6/9/2024,16:00:00,46.516052,82.324364
6/9/2024,17:00:00,57.578180,92.816373
6/9/2024,18:00:00,68.548707,102.203396
6/9/2024,19:00:00,79.118538,111.399471
6/9/2024,20:00:00,88.779390,121.021998
6/9/2024,21:00:00,98.086629,131.561141
6/9/2024,22:00:00,105.587112,143.401313
6/9/2024,23:00:00,111.130134,156.720945
6/10/2024,0:00:00,114.190405,171.305494
6/10/2024,1:00:00,114.405661,186.446105
6/10/2024,2:00:00,111.748088,201.167242
6/10/2024,3:00:00,106.539280,214.697043
6/10/2024,4:00:00,99.292858,226.748734
6/10/2024,5:00:00,89.982512,237.455137
6/10/2024,6:00:00,80.619082,247.179077
6/10/2024,7:00:00,70.135617,256.396072
6/10/2024,8:00:00,59.202941,265.697269
6/10/2024,9:00:00,48.129133,275.931976
6/10/2024,10:00:00,37.299691,288.607978
6/10/2024,11:00:00,27.462327,306.891763
6/10/2024,12:00:00,20.495643,336.747649
6/10/2024,13:00:00,19.904071,17.395176
6/10/2024,14:00:00,26.133466,49.482196
6/10/2024,15:00:00,35.696170,69.095775
6/10/2024,16:00:00,46.435388,82.364491
6/10/2024,17:00:00,57.497996,92.851552
6/10/2024,18:00:00,68.467952,102.232580
6/10/2024,19:00:00,79.036916,111.422056
6/10/2024,20:00:00,88.704105,121.036840
6/10/2024,21:00:00,98.002079,131.566179
6/10/2024,22:00:00,105.502967,143.393541
6/10/2024,23:00:00,111.048870,156.697083
6/11/2024,0:00:00,114.115516,171.263700
6/11/2024,1:00:00,114.340768,186.387859
6/11/2024,2:00:00,111.695579,201.097214
6/11/2024,3:00:00,106.499596,214.620549
6/11/2024,4:00:00,99.264854,226.669384
6/11/2024,5:00:00,89.967234,237.374218
6/11/2024,6:00:00,80.608485,247.095946
6/11/2024,7:00:00,70.130281,256.308542
6/11/2024,8:00:00,59.200541,265.601523
6/11/2024,9:00:00,48.126664,275.821820
6/11/2024,10:00:00,37.292499,288.473424
6/11/2024,11:00:00,27.441870,306.720340
6/11/2024,12:00:00,20.447916,336.559056
6/11/2024,13:00:00,19.828663,17.306555
6/11/2024,14:00:00,26.052530,49.488373
6/11/2024,15:00:00,35.617421,69.126511
6/11/2024,16:00:00,46.358305,82.396710
6/11/2024,17:00:00,57.421333,92.879871
6/11/2024,18:00:00,68.390878,102.255634
6/11/2024,19:00:00,78.959275,111.439046
6/11/2024,20:00:00,88.632589,121.046543
6/11/2024,21:00:00,97.922566,131.566580
6/11/2024,22:00:00,105.424474,143.381824
6/11/2024,23:00:00,110.973838,156.670296
6/12/2024,0:00:00,114.047278,171.220366
6/12/2024,1:00:00,114.282671,186.329659
6/12/2024,2:00:00,111.649721,201.028714
6/12/2024,3:00:00,106.466206,214.546752
6/12/2024,4:00:00,99.242698,226.593573
6/12/2024,5:00:00,89.956472,237.297458
6/12/2024,6:00:00,80.602868,247.017504
6/12/2024,7:00:00,70.129679,256.226257
6/12/2024,8:00:00,59.202738,265.511709
6/12/2024,9:00:00,48.128838,275.718493
6/12/2024,10:00:00,37.290291,288.346775
6/12/2024,11:00:00,27.427183,306.557263
6/12/2024,12:00:00,20.407013,336.374343
6/12/2024,13:00:00,19.759765,17.210842
6/12/2024,14:00:00,25.976621,49.484052
6/12/2024,15:00:00,35.542732,69.147919
6/12/2024,16:00:00,46.284880,82.421031
6/12/2024,17:00:00,57.348267,92.901345
6/12/2024,18:00:00,68.317562,102.272581
6/12/2024,19:00:00,78.885694,111.450474
6/12/2024,20:00:00,88.564960,121.051153
6/12/2024,21:00:00,97.848158,131.562400
6/12/2024,22:00:00,105.351691,143.366230
6/12/2024,23:00:00,110.905083,156.640663
6/13/2024,0:00:00,113.985720,171.175575
6/13/2024,1:00:00,114.231383,186.271589
6/13/2024,2:00:00,111.610509,200.961825
6/13/2024,3:00:00,106.439093,214.475732
6/13/2024,4:00:00,99.226359,226.521376
6/13/2024,5:00:00,89.950198,237.224930
6/13/2024,6:00:00,80.602181,246.943827
6/13/2024,7:00:00,70.133752,256.149299
6/13/2024,8:00:00,59.209463,265.427915
6/13/2024,9:00:00,48.135583,275.622104
6/13/2024,10:00:00,37.292989,288.228189
6/13/2024,11:00:00,27.418199,306.402803
6/13/2024,12:00:00,20.372913,336.193951
6/13/2024,13:00:00,19.697426,17.108282
6/13/2024,14:00:00,25.905807,49.469273
6/13/2024,15:00:00,35.472173,69.160012
6/13/2024,16:00:00,46.215183,82.437470
6/13/2024,17:00:00,57.278874,92.915997
6/13/2024,18:00:00,68.248078,102.283453
6/13/2024,19:00:00,78.816246,111.456380
6/13/2024,20:00:00,88.501328,121.050717
6/13/2024,21:00:00,97.778919,131.553699
6/13/2024,22:00:00,105.284673,143.346829
6/13/2024,23:00:00,110.842646,156.608261
6/14/2024,0:00:00,113.930867,171.129412
6/14/2024,1:00:00,114.186914,186.213730
6/14/2024,2:00:00,111.577938,200.896625
6/14/2024,3:00:00,106.418238,214.407564
6/14/2024,4:00:00,99.215806,226.452867
6/14/2024,5:00:00,89.948378,237.156708
6/14/2024,6:00:00,80.606370,246.874986
6/14/2024,7:00:00,70.142439,256.077742
6/14/2024,8:00:00,59.220649,265.350224
6/14/2024,9:00:00,48.146825,275.532754
6/14/2024,10:00:00,37.300517,288.117810
6/14/2024,11:00:00,27.414845,306.257213
6/14/2024,12:00:00,20.345589,336.018310
6/14/2024,13:00:00,19.641692,16.999137
6/14/2024,14:00:00,25.840153,49.444091
6/14/2024,15:00:00,35.405813,69.162812
6/14/2024,16:00:00,46.149286,82.446048
6/14/2024,17:00:00,57.213223,92.923854
6/14/2024,18:00:00,68.182498,102.288282
6/14/2024,19:00:00,78.751001,111.456803
6/14/2024,20:00:00,88.441794,121.045283
6/14/2024,21:00:00,97.714909,131.540535
6/14/2024,22:00:00,105.223469,143.323689
6/14/2024,23:00:00,110.786565,156.573167
6/15/2024,0:00:00,113.882742,171.081955
6/15/2024,1:00:00,114.149270,186.156163
6/15/2024,2:00:00,111.552001,200.833191
6/15/2024,3:00:00,106.403617,214.342323
6/15/2024,4:00:00,99.211004,226.388117
6/15/2024,5:00:00,89.950978,237.092858
6/15/2024,6:00:00,80.615383,246.811047
6/15/2024,7:00:00,70.155679,256.011653
6/15/2024,8:00:00,59.236228,265.278713
6/15/2024,9:00:00,48.162489,275.450535
6/15/2024,10:00:00,37.312798,288.015771
6/15/2024,11:00:00,27.417053,306.120726
6/15/2024,12:00:00,20.325009,335.847833
6/15/2024,13:00:00,19.592604,16.883683
6/15/2024,14:00:00,25.779722,49.408575
6/15/2024,15:00:00,35.343719,69.156349
6/15/2024,16:00:00,46.087257,82.446791
6/15/2024,17:00:00,57.151386,92.924944
6/15/2024,18:00:00,68.120892,102.287101
6/15/2024,19:00:00,78.690028,111.451785
6/15/2024,20:00:00,88.386455,121.034901
6/15/2024,21:00:00,97.656183,131.522967
6/15/2024,22:00:00,105.168126,143.296879
6/15/2024,23:00:00,110.736873,156.535457
6/16/2024,0:00:00,113.841364,171.033284
6/16/2024,1:00:00,114.118456,186.098966
6/16/2024,2:00:00,111.532685,200.771600
6/16/2024,3:00:00,106.395206,214.280078
6/16/2024,4:00:00,99.211916,226.327192
6/16/2024,5:00:00,89.957954,237.033445
6/16/2024,6:00:00,80.629165,246.752075
6/16/2024,7:00:00,70.173408,255.951098
6/16/2024,8:00:00,59.256130,265.213450
6/16/2024,9:00:00,48.182503,275.375533
6/16/2024,10:00:00,37.329755,287.922192
6/16/2024,11:00:00,27.424749,305.993559
6/16/2024,12:00:00,20.311141,335.682920
6/16/2024,13:00:00,19.550199,16.762211
6/16/2024,14:00:00,25.724577,49.362812
6/16/2024,15:00:00,35.285957,69.140661
6/16/2024,16:00:00,46.029163,82.439733
6/16/2024,17:00:00,57.093430,92.919303
6/16/2024,18:00:00,68.063325,102.279950
6/16/2024,19:00:00,78.633390,111.441369
6/16/2024,20:00:00,88.335399,121.019624
6/16/2024,21:00:00,97.602794,131.501055
6/16/2024,22:00:00,105.118687,143.266469
6/16/2024,23:00:00,110.693600,156.495205
6/17/2024,0:00:00,113.806749,170.983477
6/17/2024,1:00:00,114.094471,186.042215
6/17/2024,2:00:00,111.519977,200.711925
6/17/2024,3:00:00,106.392978,214.220901
6/17/2024,4:00:00,99.218504,226.270158
6/17/2024,5:00:00,89.969265,236.978532
6/17/2024,6:00:00,80.647659,246.698129
6/17/2024,7:00:00,70.195565,255.896136
6/17/2024,8:00:00,59.280289,265.154500
6/17/2024,9:00:00,48.206793,275.307824
6/17/2024,10:00:00,37.351313,287.837182
6/17/2024,11:00:00,27.437861,305.875910
6/17/2024,12:00:00,20.303947,335.523952
6/17/2024,13:00:00,19.514513,16.635025
6/17/2024,14:00:00,25.674778,49.306899
6/17/2024,15:00:00,35.232592,69.115796
6/17/2024,16:00:00,45.975072,82.424911
6/17/2024,17:00:00,57.039421,92.906967
6/17/2024,18:00:00,68.009863,102.266870
6/17/2024,19:00:00,78.581150,111.425602
6/17/2024,20:00:00,88.288709,120.999503
6/17/2024,21:00:00,97.554792,131.474860
6/17/2024,22:00:00,105.075191,143.232524
6/17/2024,23:00:00,110.656773,156.452486
6/18/2024,0:00:00,113.778908,170.932609
6/18/2024,1:00:00,114.077313,185.985986
6/18/2024,2:00:00,111.513860,200.654236
6/18/2024,3:00:00,106.396904,214.164858
6/18/2024,4:00:00,99.230728,226.217078
6/18/2024,5:00:00,89.984862,236.928176
6/18/2024,6:00:00,80.670808,246.649265
6/18/2024,7:00:00,70.222086,255.846823
6/18/2024,8:00:00,59.308635,265.101922
6/18/2024,9:00:00,48.235287,275.247477
6/18/2024,10:00:00,37.377395,287.760840
6/18/2024,11:00:00,27.456319,305.767957
6/18/2024,12:00:00,20.303387,335.371293
6/18/2024,13:00:00,19.485576,16.502440
6/18/2024,14:00:00,25.630384,49.240950
6/18/2024,15:00:00,35.183687,69.081809
6/18/2024,16:00:00,45.925047,82.402367
6/18/2024,17:00:00,56.989422,92.887978
6/18/2024,18:00:00,67.960568,102.247903
6/18/2024,19:00:00,78.533366,111.404531
6/18/2024,20:00:00,88.246460,120.974593
6/18/2024,21:00:00,97.512222,131.444442
6/18/2024,22:00:00,105.037674,143.195113
6/18/2024,23:00:00,110.626416,156.407371
6/19/2024,0:00:00,113.757852,170.880754
6/19/2024,1:00:00,114.066977,185.930351
6/19/2024,2:00:00,111.514315,200.598604
6/19/2024,3:00:00,106.406953,214.112013
6/19/2024,4:00:00,99.248545,226.168010
6/19/2024,5:00:00,90.004696,236.882431
6/19/2024,6:00:00,80.698557,246.605533
6/19/2024,7:00:00,70.252909,255.803209
6/19/2024,8:00:00,59.341101,265.055768
6/19/2024,9:00:00,48.267913,275.194552
6/19/2024,10:00:00,37.407930,287.693249
6/19/2024,11:00:00,27.480050,305.669861
6/19/2024,12:00:00,20.309419,335.225285
6/19/2024,13:00:00,19.463415,16.364781
6/19/2024,14:00:00,25.591454,49.165092
6/19/2024,15:00:00,35.139306,69.038765
6/19/2024,16:00:00,45.879152,82.372151
6/19/2024,17:00:00,56.943495,92.862380
6/19/2024,18:00:00,67.915497,102.223095
6/19/2024,19:00:00,78.490094,111.378206
6/19/2024,20:00:00,88.208721,120.944946
6/19/2024,21:00:00,97.475126,131.409860
6/19/2024,22:00:00,105.006167,143.154300
6/19/2024,23:00:00,110.602547,156.359929
6/20/2024,0:00:00,113.743585,170.827984
6/20/2024,1:00:00,114.063456,185.875379
6/20/2024,2:00:00,111.521323,200.545094
6/20/2024,3:00:00,106.423093,214.062429
6/20/2024,4:00:00,99.271915,226.123013
6/20/2024,5:00:00,90.028716,236.841351
6/20/2024,6:00:00,80.730846,246.566982
6/20/2024,7:00:00,70.287971,255.765340
6/20/2024,8:00:00,59.377621,265.016084
6/20/2024,9:00:00,48.304603,275.149103
6/20/2024,10:00:00,37.442844,287.634485
6/20/2024,11:00:00,27.508985,305.581762
6/20/2024,12:00:00,20.322000,335.086248
6/20/2024,13:00:00,19.448055,16.222380
6/20/2024,14:00:00,25.558043,49.079463
6/20/2024,15:00:00,35.099509,68.986733
6/20/2024,16:00:00,45.837446,82.334312
6/20/2024,17:00:00,56.901699,92.830220
6/20/2024,18:00:00,67.874708,102.192493
6/20/2024,19:00:00,78.451386,111.346674
6/20/2024,20:00:00,88.175557,120.910616
6/20/2024,21:00:00,97.443543,131.371173
6/20/2024,22:00:00,104.980700,143.110150
6/20/2024,23:00:00,110.585185,156.310229
6/21/2024,0:00:00,113.736114,170.774367
6/21/2024,1:00:00,114.066741,185.821139
6/21/2024,2:00:00,111.534860,200.493771
6/21/2024,3:00:00,106.445291,214.016164
6/21/2024,4:00:00,99.300794,226.082138
6/21/2024,5:00:00,90.056874,236.804983
6/21/2024,6:00:00,80.767621,246.533656
6/21/2024,7:00:00,70.327213,255.733257
6/21/2024,8:00:00,59.418131,264.982913
6/21/2024,9:00:00,48.345288,275.111175
6/21/2024,10:00:00,37.482069,287.584611
6/21/2024,11:00:00,27.543056,305.503783
6/21/2024,12:00:00,20.341084,334.954479
6/21/2024,13:00:00,19.439516,16.075575
6/21/2024,14:00:00,25.530207,48.984212
6/21/2024,15:00:00,35.064357,68.925790
6/21/2024,16:00:00,45.799989,82.288907
6/21/2024,17:00:00,56.864092,92.791546
6/21/2024,18:00:00,67.838254,102.156143
6/21/2024,19:00:00,78.417293,111.309986
6/21/2024,20:00:00,88.147025,120.871657
6/21/2024,21:00:00,97.417509,131.328439
6/21/2024,22:00:00,104.961298,143.062724
6/21/2024,23:00:00,110.574345,156.258335
6/22/2024,0:00:00,113.735440,170.719970
6/22/2024,1:00:00,114.076821,185.767696
6/22/2024,2:00:00,111.554906,200.444696
6/22/2024,3:00:00,106.473512,213.973276
6/22/2024,4:00:00,99.335140,226.045438
6/22/2024,5:00:00,90.089120,236.773374
6/22/2024,6:00:00,80.808825,246.505597
6/22/2024,7:00:00,70.370573,255.706998
6/22/2024,8:00:00,59.462568,264.956290
6/22/2024,9:00:00,48.389905,275.080810
6/22/2024,10:00:00,37.525537,287.543681
6/22/2024,11:00:00,27.582198,305.436032
6/22/2024,12:00:00,20.366627,334.830255
6/22/2024,13:00:00,19.437819,15.924708
6/22/2024,14:00:00,25.507999,48.879502
6/22/2024,15:00:00,35.033908,68.856018
6/22/2024,16:00:00,45.766841,82.235995
6/22/2024,17:00:00,56.830730,92.746409
6/22/2024,18:00:00,67.806189,102.114096
6/22/2024,19:00:00,78.387861,111.268191
6/22/2024,20:00:00,88.123180,120.828120
6/22/2024,21:00:00,97.397058,131.281714
6/22/2024,22:00:00,104.947988,143.012083
6/22/2024,23:00:00,110.570039,156.204311
6/23/2024,0:00:00,113.741564,170.664856
6/23/2024,1:00:00,114.093686,185.715113
6/23/2024,2:00:00,111.581436,200.397932
6/23/2024,3:00:00,106.507724,213.933821
6/23/2024,4:00:00,99.374910,226.012964
6/23/2024,5:00:00,90.125411,236.746567
6/23/2024,6:00:00,80.854404,246.482844
6/23/2024,7:00:00,70.417995,255.686600
6/23/2024,8:00:00,59.510871,264.936251
6/23/2024,9:00:00,48.438389,275.058042
6/23/2024,10:00:00,37.573185,287.511740
6/23/2024,11:00:00,27.626348,305.378598
6/23/2024,12:00:00,20.398584,334.713830
6/23/2024,13:00:00,19.442981,15.770129
6/23/2024,14:00:00,25.491474,48.765503
6/23/2024,15:00:00,35.008224,68.777506
6/23/2024,16:00:00,45.738059,82.175635
6/23/2024,17:00:00,56.801667,92.694861
6/23/2024,18:00:00,67.778564,102.066400
6/23/2024,19:00:00,78.363140,111.221339
6/23/2024,20:00:00,88.104071,120.780058
6/23/2024,21:00:00,97.382223,131.231052
6/23/2024,22:00:00,104.940792,142.958285
6/23/2024,23:00:00,110.572282,156.148218
6/24/2024,0:00:00,113.754489,170.609089
6/24/2024,1:00:00,114.117324,185.663452
6/24/2024,2:00:00,111.614429,200.353537
6/24/2024,3:00:00,106.547894,213.897854
6/24/2024,4:00:00,99.420063,225.984765
6/24/2024,5:00:00,90.165708,236.724607
6/24/2024,6:00:00,80.904303,246.465434
6/24/2024,7:00:00,70.469422,255.672095
6/24/2024,8:00:00,59.562982,264.922825
6/24/2024,9:00:00,48.490682,275.042903
6/24/2024,10:00:00,37.624951,287.488829
6/24/2024,11:00:00,27.675446,305.331562
6/24/2024,12:00:00,20.436912,334.605443
6/24/2024,13:00:00,19.455018,15.612188
6/24/2024,14:00:00,25.480688,48.642398
6/24/2024,15:00:00,34.987364,68.690348
6/24/2024,16:00:00,45.713704,82.107892
6/24/2024,17:00:00,56.776962,92.636954
6/24/2024,18:00:00,67.755431,102.013103
6/24/2024,19:00:00,78.343174,111.169479
6/24/2024,20:00:00,88.089745,120.727521
6/24/2024,21:00:00,97.373037,131.176508
6/24/2024,22:00:00,104.939734,142.901387
6/24/2024,23:00:00,110.581086,156.090116
6/25/2024,0:00:00,113.774215,170.552730
6/25/2024,1:00:00,114.147726,185.612776
6/25/2024,2:00:00,111.653862,200.311572
6/25/2024,3:00:00,106.593989,213.865432
6/25/2024,4:00:00,99.470558,225.960890
6/25/2024,5:00:00,90.209981,236.707536
6/25/2024,6:00:00,80.958470,246.453407
6/25/2024,7:00:00,70.524798,255.663517
6/25/2024,8:00:00,59.618843,264.916043
6/25/2024,9:00:00,48.546724,275.035422
6/25/2024,10:00:00,37.680778,287.474981
6/25/2024,11:00:00,27.729433,305.294991
6/25/2024,12:00:00,20.481567,334.505310
6/25/2024,13:00:00,19.473948,15.451244
6/25/2024,14:00:00,25.475697,48.510381
6/25/2024,15:00:00,34.971392,68.594643
6/25/2024,16:00:00,45.693835,82.032834
6/25/2024,17:00:00,56.756669,92.572745
6/25/2024,18:00:00,67.736843,101.954257
6/25/2024,19:00:00,78.328011,111.112661
6/25/2024,20:00:00,88.080248,120.670561
6/25/2024,21:00:00,97.369533,131.118136
6/25/2024,22:00:00,104.944838,142.841447
6/25/2024,23:00:00,110.596464,156.030064
6/26/2024,0:00:00,113.800745,170.495841
6/26/2024,1:00:00,114.184880,185.563147
6/26/2024,2:00:00,111.699713,200.272098
6/26/2024,3:00:00,106.645975,213.836611
6/26/2024,4:00:00,99.526351,225.941390
6/26/2024,5:00:00,90.865992,236.695399
6/26/2024,6:00:00,81.016851,246.446797
6/26/2024,7:00:00,70.584067,255.660898
6/26/2024,8:00:00,59.678397,264.915932
6/26/2024,9:00:00,48.606458,275.035623
6/26/2024,10:00:00,37.740607,287.470225
6/26/2024,11:00:00,27.788255,305.268941
6/26/2024,12:00:00,20.532507,334.413638
6/26/2024,13:00:00,19.499785,15.287666
6/26/2024,14:00:00,25.476557,48.369665
6/26/2024,15:00:00,34.960371,68.490503
6/26/2024,16:00:00,45.678515,81.950533
6/26/2024,17:00:00,56.740848,92.502291
6/26/2024,18:00:00,67.722851,101.889917
6/26/2024,19:00:00,78.317699,111.050938
6/26/2024,20:00:00,88.075621,120.609232
6/26/2024,21:00:00,97.371742,131.055992
6/26/2024,22:00:00,104.956125,142.778522
6/26/2024,23:00:00,110.618428,155.968124
6/27/2024,0:00:00,113.834077,170.438487
6/27/2024,1:00:00,114.228774,185.514630
6/27/2024,2:00:00,111.751956,200.235178
6/27/2024,3:00:00,106.703817,213.811450
6/27/2024,4:00:00,99.587398,225.926317
6/27/2024,5:00:00,90.928584,236.688239
6/27/2024,6:00:00,81.079387,246.445643
6/27/2024,7:00:00,70.647170,255.664268
6/27/2024,8:00:00,59.741583,264.922519
6/27/2024,9:00:00,48.669823,275.043529
6/27/2024,10:00:00,37.804379,287.474583
6/27/2024,11:00:00,27.851853,305.253458
6/27/2024,12:00:00,20.589686,334.330615
6/27/2024,13:00:00,19.532542,15.121833
6/27/2024,14:00:00,25.483327,48.220479
6/27/2024,15:00:00,34.954367,68.378050
6/27/2024,16:00:00,45.667807,81.861073
6/27/2024,17:00:00,56.729557,92.425659
6/27/2024,18:00:00,67.713510,101.820140
6/27/2024,19:00:00,78.312284,110.984366
6/27/2024,20:00:00,88.075904,120.543590
6/27/2024,21:00:00,97.379696,130.990134
6/27/2024,22:00:00,104.973619,142.712675
6/27/2024,23:00:00,110.646988,155.904361
6/28/2024,0:00:00,113.874210,170.380733
6/28/2024,1:00:00,114.279393,185.467293
6/28/2024,2:00:00,111.810563,200.200879
6/28/2024,3:00:00,106.767473,213.790008
6/28/2024,4:00:00,99.653651,225.915722
6/28/2024,5:00:00,90.995806,236.686099
6/28/2024,6:00:00,81.146020,246.449980
6/28/2024,7:00:00,70.714047,255.673655
6/28/2024,8:00:00,59.808341,264.935825
6/28/2024,9:00:00,48.736759,275.059160
6/28/2024,10:00:00,37.872033,287.488074
6/28/2024,11:00:00,27.920167,305.248579
6/28/2024,12:00:00,20.653054,334.256420
6/28/2024,13:00:00,19.572226,14.954137
6/28/2024,14:00:00,25.496065,48.063075
6/28/2024,15:00:00,34.953448,68.257423
6/28/2024,16:00:00,45.661777,81.764545
6/28/2024,17:00:00,56.722857,92.342923
6/28/2024,18:00:00,67.708875,101.744992
6/28/2024,19:00:00,78.311814,110.913008
6/28/2024,20:00:00,88.081134,120.473698
6/28/2024,21:00:00,97.393427,130.920627
6/28/2024,22:00:00,104.997338,142.643971
6/28/2024,23:00:00,110.682152,155.838842
6/29/2024,0:00:00,113.921138,170.322651
6/29/2024,1:00:00,114.336716,185.421209
6/29/2024,2:00:00,111.875501,200.169270
6/29/2024,3:00:00,106.836899,213.772349
6/29/2024,4:00:00,99.725053,225.909659
6/29/2024,5:00:00,91.067596,236.689023
6/29/2024,6:00:00,81.216683,246.459843
6/29/2024,7:00:00,70.784630,255.689089
6/29/2024,8:00:00,59.878602,264.955874
6/29/2024,9:00:00,48.807198,275.082529
6/29/2024,10:00:00,37.943505,287.510708
6/29/2024,11:00:00,27.993136,305.254332
6/29/2024,12:00:00,20.722559,334.191220
6/29/2024,13:00:00,19.618842,14.784989
6/29/2024,14:00:00,25.514826,47.897733
6/29/2024,15:00:00,34.957681,68.128776
6/29/2024,16:00:00,45.660491,81.661054
6/29/2024,17:00:00,56.720810,92.254164
6/29/2024,18:00:00,67.709002,101.664545
6/29/2024,19:00:00,78.316338,110.836932
6/29/2024,20:00:00,88.091345,120.399624
6/29/2024,21:00:00,97.412964,130.847539
6/29/2024,22:00:00,105.027302,142.572483
6/29/2024,23:00:00,110.723926,155.771643
6/30/2024,0:00:00,113.974853,170.264318
6/30/2024,1:00:00,114.400720,185.376454
6/30/2024,2:00:00,111.946731,200.140424
6/30/2024,3:00:00,106.912044,213.758538
6/30/2024,4:00:00,99.801544,225.908184
6/30/2024,5:00:00,91.143887,236.697057
6/30/2024,6:00:00,81.291304,246.475268
6/30/2024,7:00:00,70.858847,255.710595
6/30/2024,8:00:00,59.952295,264.982682
6/30/2024,9:00:00,48.881071,275.113650
6/30/2024,10:00:00,38.018725,287.542493
6/30/2024,11:00:00,28.070692,305.270733
6/30/2024,12:00:00,20.798143,334.135170
6/30/2024,13:00:00,19.672390,14.614813
6/30/2024,14:00:00,25.539669,47.724754
6/30/2024,15:00:00,34.967138,67.992285
6/30/2024,16:00:00,45.664020,81.550717
6/30/2024,17:00:00,56.723481,92.159476
6/30/2024,18:00:00,67.713948,101.578882
6/30/2024,19:00:00,78.325905,110.756215
6/30/2024,20:00:00,88.106570,120.321443
6/30/2024,21:00:00,97.438336,130.770947
6/30/2024,22:00:00,105.063526,142.498288
6/30/2024,23:00:00,110.772312,155.702845
7/1/2024,0:00:00,114.035341,170.205816
7/1/2024,1:00:00,114.471377,185.333112
7/1/2024,2:00:00,112.024208,200.114421
7/1/2024,3:00:00,106.992849,213.748645
7/1/2024,4:00:00,99.883057,225.911354
7/1/2024,5:00:00,91.224605,236.710246
7/1/2024,6:00:00,81.369805,246.496287
7/1/2024,7:00:00,70.936619,255.738198
7/1/2024,8:00:00,60.029342,265.016267
7/1/2024,9:00:00,48.958300,275.152529
7/1/2024,10:00:00,38.097621,287.583430
7/1/2024,11:00:00,28.152765,305.297794
7/1/2024,12:00:00,20.879742,334.088419
7/1/2024,13:00:00,19.732865,14.444049
7/1/2024,14:00:00,25.570649,47.544468
7/1/2024,15:00:00,34.981891,67.848139
7/1/2024,16:00:00,45.672433,81.433664
7/1/2024,17:00:00,56.730935,92.058960
7/1/2024,18:00:00,67.723772,101.488091
7/1/2024,19:00:00,78.340565,110.670939
7/1/2024,20:00:00,88.126837,120.239236
7/1/2024,21:00:00,97.469573,130.690933
7/1/2024,22:00:00,105.106027,142.421470
7/1/2024,23:00:00,110.827311,155.632533
7/2/2024,0:00:00,114.102587,170.147235
7/2/2024,1:00:00,114.548652,185.291270
7/2/2024,2:00:00,112.107883,200.091341
7/2/2024,3:00:00,107.079251,213.742742
7/2/2024,4:00:00,99.969518,225.919227
7/2/2024,5:00:00,91.309671,236.728634
7/2/2024,6:00:00,81.452100,246.522937
7/2/2024,7:00:00,71.017862,255.771921
7/2/2024,8:00:00,60.109659,265.056642
7/2/2024,9:00:00,49.038806,275.199173
7/2/2024,10:00:00,38.180115,287.633515
7/2/2024,11:00:00,28.239280,305.335517
7/2/2024,12:00:00,20.967292,334.051101
7/2/2024,13:00:00,19.800258,14.273143
7/2/2024,14:00:00,25.607821,47.357226
7/2/2024,15:00:00,35.002010,67.696547
7/2/2024,16:00:00,45.685804,81.310036
7/2/2024,17:00:00,56.743239,91.952727
7/2/2024,18:00:00,67.738533,101.392268
7/2/2024,19:00:00,78.360368,110.581196
7/2/2024,20:00:00,88.152172,120.153090
7/2/2024,21:00:00,97.506701,130.607582
7/2/2024,22:00:00,105.154819,142.342117
7/2/2024,23:00:00,110.888920,155.560797
7/3/2024,0:00:00,114.176571,170.088666
7/3/2024,1:00:00,114.632508,185.251020
7/3/2024,2:00:00,112.197701,200.071272
7/3/2024,3:00:00,107.171182,213.740902
7/3/2024,4:00:00,100.060847,225.931864
7/3/2024,5:00:00,91.398999,236.752268
7/3/2024,6:00:00,81.538102,246.555248
7/3/2024,7:00:00,71.102490,255.811787
7/3/2024,8:00:00,60.193162,265.103820
7/3/2024,9:00:00,49.122506,275.253584
7/3/2024,10:00:00,38.266130,287.692740
7/3/2024,11:00:00,28.330162,305.383893
7/3/2024,12:00:00,21.060723,334.023338
7/3/2024,13:00:00,19.874555,14.102550
7/3/2024,14:00:00,25.651239,47.163397
7/3/2024,15:00:00,35.027571,67.537730
7/3/2024,16:00:00,45.704205,81.179983
7/3/2024,17:00:00,56.760461,91.840896
7/3/2024,18:00:00,67.758290,101.291514
7/3/2024,19:00:00,78.385362,110.487077
7/3/2024,20:00:00,88.182597,120.063096
7/3/2024,21:00:00,97.549747,130.520986
7/3/2024,22:00:00,105.209912,142.260321
7/3/2024,23:00:00,110.957136,155.487732
7/4/2024,0:00:00,114.257272,170.030205
7/4/2024,1:00:00,114.722906,185.212457
7/4/2024,2:00:00,112.293604,200.054302
7/4/2024,3:00:00,107.268568,213.743202
7/4/2024,4:00:00,100.156963,225.949325
7/4/2024,5:00:00,91.492501,236.781193
7/4/2024,6:00:00,81.627718,246.593254
7/4/2024,7:00:00,71.190412,255.857817
7/4/2024,8:00:00,60.279763,265.157811
7/4/2024,9:00:00,49.209317,275.315759
7/4/2024,10:00:00,38.355584,287.761091
7/4/2024,11:00:00,28.425335,305.442907
7/4/2024,12:00:00,21.159963,334.005236
7/4/2024,13:00:00,19.955739,13.932720
7/4/2024,14:00:00,25.700955,46.963362
7/4/2024,15:00:00,35.058644,67.371920
7/4/2024,16:00:00,45.727709,81.043665
7/4/2024,17:00:00,56.782667,91.723588
7/4/2024,18:00:00,67.783103,101.185936
7/4/2024,19:00:00,78.415598,110.388679
7/4/2024,20:00:00,88.218130,119.969346
7/4/2024,21:00:00,97.598737,130.431236
7/4/2024,22:00:00,105.271319,142.176174
7/4/2024,23:00:00,111.031954,155.413433
7/5/2024,0:00:00,114.344667,169.971949
7/5/2024,1:00:00,114.819803,185.175677
7/5/2024,2:00:00,112.395533,200.040519
7/5/2024,3:00:00,107.371335,213.749717
7/5/2024,4:00:00,100.257781,225.971669
7/5/2024,5:00:00,91.590088,236.815454
7/5/2024,6:00:00,81.720855,246.636985
7/5/2024,7:00:00,71.281536,255.910027
7/5/2024,8:00:00,60.369373,265.218621
7/5/2024,9:00:00,49.299153,275.385693
7/5/2024,10:00:00,38.448400,287.838548
7/5/2024,11:00:00,28.524724,305.512532
7/5/2024,12:00:00,21.264942,333.996880
7/5/2024,13:00:00,20.043791,13.764094
7/5/2024,14:00:00,25.757018,46.757513
7/5/2024,15:00:00,35.095301,67.199359
7/5/2024,16:00:00,45.756388,80.901243
7/5/2024,17:00:00,56.809925,91.600930
7/5/2024,18:00:00,67.813029,101.075640
7/5/2024,19:00:00,78.451122,110.286101
7/5/2024,20:00:00,88.258783,119.871934
7/5/2024,21:00:00,97.653695,130.338424
7/5/2024,22:00:00,105.339047,142.089768
7/5/2024,23:00:00,111.113364,155.337993
7/6/2024,0:00:00,114.438729,169.913993
7/6/2024,1:00:00,114.923155,185.140775
7/6/2024,2:00:00,112.503425,200.030012
7/6/2024,3:00:00,107.479409,213.760523
7/6/2024,4:00:00,100.363216,225.998956
7/6/2024,5:00:00,91.691669,236.855093
7/6/2024,6:00:00,81.817420,246.686469
7/6/2024,7:00:00,71.375774,255.968434
7/6/2024,8:00:00,60.461906,265.286254
7/6/2024,9:00:00,49.391934,275.463378
7/6/2024,10:00:00,38.544500,287.925085
7/6/2024,11:00:00,28.628256,305.592727
7/6/2024,12:00:00,21.375590,333.998334
7/6/2024,13:00:00,20.138686,13.597100
7/6/2024,14:00:00,25.819473,46.546246
7/6/2024,15:00:00,35.137611,67.020290
7/6/2024,16:00:00,45.790312,80.752885
7/6/2024,17:00:00,56.842297,91.473051
7/6/2024,18:00:00,67.848124,100.960735
7/6/2024,19:00:00,78.491979,110.179440
7/6/2024,20:00:00,88.304561,119.770952
7/6/2024,21:00:00,97.714640,130.242641
7/6/2024,22:00:00,105.413104,142.001195
7/6/2024,23:00:00,111.201358,155.261504
7/7/2024,0:00:00,114.539431,169.856433
7/7/2024,1:00:00,115.032917,185.107844
7/7/2024,2:00:00,112.617219,200.022867
7/7/2024,3:00:00,107.592711,213.775692
7/7/2024,4:00:00,100.473183,226.031241
7/7/2024,5:00:00,91.797154,236.900148
7/7/2024,6:00:00,81.917321,246.741731
7/7/2024,7:00:00,71.473036,256.033049
7/7/2024,8:00:00,60.557277,265.360708
7/7/2024,9:00:00,49.487581,275.548796
7/7/2024,10:00:00,38.643813,288.020666
7/7/2024,11:00:00,28.735863,305.683439
7/7/2024,12:00:00,21.491838,334.009635
7/7/2024,13:00:00,20.240397,13.432144
7/7/2024,14:00:00,25.888363,46.329958
7/7/2024,15:00:00,35.185638,66.834964
7/7/2024,16:00:00,45.829546,80.598760
7/7/2024,17:00:00,56.879843,91.340080
7/7/2024,18:00:00,67.888439,100.841331
7/7/2024,19:00:00,78.538209,110.068795
7/7/2024,20:00:00,88.355462,119.666492
7/7/2024,21:00:00,97.781591,130.143975
7/7/2024,22:00:00,105.493491,141.910543
7/7/2024,23:00:00,111.295923,155.184056
7/8/2024,0:00:00,114.646745,169.799359
7/8/2024,1:00:00,115.149040,185.076976
7/8/2024,2:00:00,112.736850,200.019167
7/8/2024,3:00:00,107.711165,213.795293
7/8/2024,4:00:00,100.587595,226.068577
7/8/2024,5:00:00,91.906454,236.950656
7/8/2024,6:00:00,82.020466,246.802790
7/8/2024,7:00:00,71.573236,256.103879
7/8/2024,8:00:00,60.655405,265.441977
7/8/2024,9:00:00,49.586017,275.641925
7/8/2024,10:00:00,38.746268,288.125248
7/8/2024,11:00:00,28.847478,305.784597
7/8/2024,12:00:00,21.613617,334.030792
7/8/2024,13:00:00,20.348893,13.269612
7/8/2024,14:00:00,25.963722,46.109045
7/8/2024,15:00:00,35.239442,66.643634
7/8/2024,16:00:00,45.874151,80.439039
7/8/2024,17:00:00,56.922619,91.202148
7/8/2024,18:00:00,67.934020,100.717536
7/8/2024,19:00:00,78.589847,109.954263
7/8/2024,20:00:00,88.411474,119.558646
7/8/2024,21:00:00,97.854558,130.042514
7/8/2024,22:00:00,105.580208,141.817897
7/8/2024,23:00:00,111.397043,155.105735
7/9/2024,0:00:00,114.760636,169.742858
7/9/2024,1:00:00,115.271477,185.048256
7/9/2024,2:00:00,112.862252,200.018993
7/9/2024,3:00:00,107.834693,213.819392
7/9/2024,4:00:00,100.706368,226.111010
7/9/2024,5:00:00,92.019482,237.006647
7/9/2024,6:00:00,82.126767,246.869662
7/9/2024,7:00:00,71.676291,256.180925
7/9/2024,8:00:00,60.756212,265.530048
7/9/2024,9:00:00,49.687171,275.742736
7/9/2024,10:00:00,38.851801,288.238775
7/9/2024,11:00:00,28.963039,305.896118
7/9/2024,12:00:00,21.740861,334.061789
7/9/2024,13:00:00,20.464137,13.109865
7/9/2024,14:00:00,26.045582,45.883901
7/9/2024,15:00:00,35.299078,66.446554
7/9/2024,16:00:00,45.924184,80.273897
7/9/2024,17:00:00,56.970675,91.059387
7/9/2024,18:00:00,67.984908,100.589460
7/9/2024,19:00:00,78.646924,109.835941
7/9/2024,20:00:00,88.472576,119.447501
7/9/2024,21:00:00,97.933550,129.938342
7/9/2024,22:00:00,105.673248,141.723339
7/9/2024,23:00:00,111.504697,155.026622
7/10/2024,0:00:00,114.881071,169.687013
7/10/2024,1:00:00,115.400175,185.021767
7/10/2024,2:00:00,112.993360,200.022418
7/10/2024,3:00:00,107.963218,213.848049
7/10/2024,4:00:00,100.829417,226.158585
7/10/2024,5:00:00,92.136151,237.068147
7/10/2024,6:00:00,82.236134,246.942357
7/10/2024,7:00:00,71.782118,256.264184
7/10/2024,8:00:00,60.859621,265.624902
7/10/2024,9:00:00,49.790974,275.851192
7/10/2024,10:00:00,38.960348,288.361185
7/10/2024,11:00:00,29.082488,306.017898
7/10/2024,12:00:00,21.873504,334.102580
7/10/2024,13:00:00,20.586089,12.953237
7/10/2024,14:00:00,26.133965,45.654919
7/10/2024,15:00:00,35.364595,66.243982
7/10/2024,16:00:00,45.979696,80.103508
7/10/2024,17:00:00,57.024056,90.911930
7/10/2024,18:00:00,68.041141,100.457212
7/10/2024,19:00:00,78.709465,109.713923
7/10/2024,20:00:00,88.538735,119.333146
7/10/2024,21:00:00,98.018569,129.831542
7/10/2024,22:00:00,105.772601,141.626948
7/10/2024,23:00:00,111.618862,154.946796
7/11/2024,0:00:00,115.008011,169.631903
7/11/2024,1:00:00,115.535080,184.997587
7/11/2024,2:00:00,113.130104,200.029514
7/11/2024,3:00:00,108.096659,213.881321
7/11/2024,4:00:00,100.956657,226.211338
7/11/2024,5:00:00,92.256373,237.135176
7/11/2024,6:00:00,82.348482,247.020881
7/11/2024,7:00:00,71.890639,256.353645
7/11/2024,8:00:00,60.965560,265.726514
7/11/2024,9:00:00,49.897360,275.967249
7/11/2024,10:00:00,39.071853,288.492402
7/11/2024,11:00:00,29.205768,306.149823
7/11/2024,12:00:00,22.011479,334.153097
7/11/2024,13:00:00,20.714705,12.800040
7/11/2024,14:00:00,26.228890,45.422484
7/11/2024,15:00:00,35.436037,66.036179
7/11/2024,16:00:00,46.040732,79.928049
7/11/2024,17:00:00,57.082803,90.759911
7/11/2024,18:00:00,68.102749,100.320903
7/11/2024,19:00:00,78.777491,109.588306
7/11/2024,20:00:00,88.609908,119.215667
7/11/2024,21:00:00,98.109615,129.722193
7/11/2024,22:00:00,105.878253,141.528801
7/11/2024,23:00:00,111.739509,154.866331
7/12/2024,0:00:00,115.141413,169.577604
7/12/2024,1:00:00,115.676136,184.975790
7/12/2024,2:00:00,113.272415,200.040348
7/12/2024,3:00:00,108.234937,213.919260
7/12/2024,4:00:00,101.088003,226.269306
7/12/2024,5:00:00,92.380065,237.207751
7/12/2024,6:00:00,82.463725,247.105233
7/12/2024,7:00:00,72.001776,256.449295
7/12/2024,8:00:00,61.073958,265.834856
7/12/2024,9:00:00,50.006267,276.090856
7/12/2024,10:00:00,39.186259,288.632344
7/12/2024,11:00:00,29.332826,306.291762
7/12/2024,12:00:00,22.154723,334.213247
7/12/2024,13:00:00,20.849935,12.650558
7/12/2024,14:00:00,26.330368,45.186981
7/12/2024,15:00:00,35.513441,65.823404
7/12/2024,16:00:00,46.107334,79.747701
7/12/2024,17:00:00,57.146951,90.603463
7/12/2024,18:00:00,68.169760,100.180642
7/12/2024,19:00:00,78.851016,109.459185
7/12/2024,20:00:00,88.686040,119.095149
7/12/2024,21:00:00,98.206680,129.610374
7/12/2024,22:00:00,105.990186,141.428971
7/12/2024,23:00:00,111.866608,154.785300
7/13/2024,0:00:00,115.281232,169.524189
7/13/2024,1:00:00,115.823284,184.956449
7/13/2024,2:00:00,113.420221,200.054984
7/13/2024,3:00:00,108.377971,213.961913
7/13/2024,4:00:00,101.223369,226.332516
7/13/2024,5:00:00,92.507140,237.285884
7/13/2024,6:00:00,82.581779,247.195411
7/13/2024,7:00:00,72.115454,256.551114
7/13/2024,8:00:00,61.184748,265.949890
7/13/2024,9:00:00,50.117636,276.221955
7/13/2024,10:00:00,39.303515,288.780920
7/13/2024,11:00:00,29.463613,306.443572
7/13/2024,12:00:00,22.303171,334.282914
7/13/2024,13:00:00,20.991726,12.505053
7/13/2024,14:00:00,26.438406,44.948787
7/13/2024,15:00:00,35.596841,65.605920
7/13/2024,16:00:00,46.179537,79.562642
7/13/2024,17:00:00,57.216529,90.442724
7/13/2024,18:00:00,68.242194,100.036539
7/13/2024,19:00:00,78.930051,109.326654
7/13/2024,20:00:00,88.767064,118.971675
7/13/2024,21:00:00,98.309753,129.496162
7/13/2024,22:00:00,106.108376,141.327531
7/13/2024,23:00:00,112.000123,154.703772
7/14/2024,0:00:00,115.427422,169.471726
7/14/2024,1:00:00,115.976463,184.939630
7/14/2024,2:00:00,113.573449,200.073481
7/14/2024,3:00:00,108.525679,214.009327
7/14/2024,4:00:00,101.362671,226.400996
7/14/2024,5:00:00,92.637515,237.369583
7/14/2024,6:00:00,82.702561,247.291404
7/14/2024,7:00:00,72.231600,256.659079
7/14/2024,8:00:00,61.297864,266.071576
7/14/2024,9:00:00,50.231409,276.360483
7/14/2024,10:00:00,39.423572,288.938030
7/14/2024,11:00:00,29.598080,306.605099
7/14/2024,12:00:00,22.456762,334.361963
7/14/2024,13:00:00,21.140023,12.363760
7/14/2024,14:00:00,26.553003,44.708271
7/14/2024,15:00:00,35.686264,65.383990
7/14/2024,16:00:00,46.257372,79.373055
7/14/2024,17:00:00,57.291564,90.277829
7/14/2024,18:00:00,68.320068,99.888704
7/14/2024,19:00:00,79.014601,109.190806
7/14/2024,20:00:00,88.852902,118.845329
7/14/2024,21:00:00,98.418821,129.379631
7/14/2024,22:00:00,106.232797,141.224548
7/14/2024,23:00:00,112.140016,154.621812
7/15/2024,0:00:00,115.579931,169.420280
7/15/2024,1:00:00,116.135610,184.925398
7/15/2024,2:00:00,113.732024,200.095895
7/15/2024,3:00:00,108.677979,214.061541
7/15/2024,4:00:00,101.505823,226.474767
7/15/2024,5:00:00,92.771107,237.458851
7/15/2024,6:00:00,82.825989,247.393201
7/15/2024,7:00:00,72.350142,256.773160
7/15/2024,8:00:00,61.413244,266.199868
7/15/2024,9:00:00,50.347533,276.506372
7/15/2024,10:00:00,39.546385,289.103568
7/15/2024,11:00:00,29.736184,306.776175
7/15/2024,12:00:00,22.615432,334.450241
7/15/2024,13:00:00,21.294765,12.226891
7/15/2024,14:00:00,26.674154,44.465797
7/15/2024,15:00:00,35.781733,65.157876
7/15/2024,16:00:00,46.340865,79.179122
7/15/2024,17:00:00,57.372077,90.108914
7/15/2024,18:00:00,68.403396,99.737246
7/15/2024,19:00:00,79.104668,109.051734
7/15/2024,20:00:00,88.943463,118.716191
7/15/2024,21:00:00,98.533863,129.260852
7/15/2024,22:00:00,106.363419,141.120089
7/15/2024,23:00:00,112.286246,154.539483
7/16/2024,0:00:00,115.738707,169.369914
7/16/2024,1:00:00,116.300660,184.913814
7/16/2024,2:00:00,113.895871,200.122280
7/16/2024,3:00:00,108.834788,214.118592
7/16/2024,4:00:00,101.652742,226.553847
7/16/2024,5:00:00,92.907833,237.553688
7/16/2024,6:00:00,82.951982,247.500784
7/16/2024,7:00:00,72.471012,256.893325
7/16/2024,8:00:00,61.530829,266.334716
7/16/2024,9:00:00,50.465959,276.659546
7/16/2024,10:00:00,39.671912,289.277420
7/16/2024,11:00:00,29.877883,306.956622
7/16/2024,12:00:00,22.779122,334.547574
7/16/2024,13:00:00,21.455891,12.094630
7/16/2024,14:00:00,26.801848,44.221716
7/16/2024,15:00:00,35.883263,64.927837
7/16/2024,16:00:00,46.430038,78.981023
7/16/2024,17:00:00,57.458084,89.936114
7/16/2024,18:00:00,68.492184,99.582275
7/16/2024,19:00:00,79.200248,108.909529
7/16/2024,20:00:00,89.038643,118.584339
7/16/2024,21:00:00,98.654856,129.139895
7/16/2024,22:00:00,106.500207,141.014215
7/16/2024,23:00:00,112.438769,154.456842
7/17/2024,0:00:00,115.903695,169.320685
7/17/2024,1:00:00,116.471547,184.904935
7/17/2024,2:00:00,114.064912,200.152685
7/17/2024,3:00:00,108.996023,214.180514
7/17/2024,4:00:00,101.803342,226.638249
7/17/2024,5:00:00,93.047613,237.654088
7/17/2024,6:00:00,83.080463,247.614132
7/17/2024,7:00:00,72.594144,257.019536
7/17/2024,8:00:00,61.650562,266.476064
7/17/2024,9:00:00,50.586640,276.819926
7/17/2024,10:00:00,39.800114,289.459463
7/17/2024,11:00:00,30.023139,307.146254
7/17/2024,12:00:00,22.947774,334.653771
7/17/2024,13:00:00,21.623334,11.967136
7/17/2024,14:00:00,26.936068,43.976369
7/17/2024,15:00:00,35.990867,64.694132
7/17/2024,16:00:00,46.524905,78.778939
7/17/2024,17:00:00,57.549595,89.759564
7/17/2024,18:00:00,68.586436,99.423895
7/17/2024,19:00:00,79.301331,108.764280
7/17/2024,20:00:00,89.138325,118.449850
7/17/2024,21:00:00,98.781772,129.016826
7/17/2024,22:00:00,106.643125,140.906984
7/17/2024,23:00:00,112.597536,154.373944
7/18/2024,0:00:00,116.074838,169.272646
7/18/2024,1:00:00,116.648204,184.898812
7/18/2024,2:00:00,114.239073,200.187153
7/18/2024,3:00:00,109.161603,214.247335
7/18/2024,4:00:00,101.957542,226.727982
7/18/2024,5:00:00,93.190370,237.760042
7/18/2024,6:00:00,83.211356,247.733218
7/18/2024,7:00:00,72.719477,257.151752
7/18/2024,8:00:00,61.772391,266.623853
7/18/2024,9:00:00,50.709535,276.987425
7/18/2024,10:00:00,39.930959,289.649569
7/18/2024,11:00:00,30.171920,307.344871
7/18/2024,12:00:00,23.121331,334.768624
7/18/2024,13:00:00,21.797029,11.844541
7/18/2024,14:00:00,27.076792,43.730083
7/18/2024,15:00:00,36.104549,64.457012
7/18/2024,16:00:00,46.625477,78.573046
7/18/2024,17:00:00,57.646616,89.579396
7/18/2024,18:00:00,68.686148,99.262212
7/18/2024,19:00:00,79.407905,108.616071
7/18/2024,20:00:00,89.242382,118.312795
7/18/2024,21:00:00,98.914582,128.891706
7/18/2024,22:00:00,106.792131,140.798449
7/18/2024,23:00:00,112.762499,154.290837
7/19/2024,0:00:00,116.252077,169.225847
7/19/2024,1:00:00,116.830562,184.895494
7/19/2024,2:00:00,114.418276,200.225725
7/19/2024,3:00:00,109.331447,214.319078
7/19/2024,4:00:00,102.115263,226.823052
7/19/2024,5:00:00,93.336028,237.871537
7/19/2024,6:00:00,83.344588,247.858014
7/19/2024,7:00:00,72.846951,257.289927
7/19/2024,8:00:00,61.896269,266.778019
7/19/2024,9:00:00,50.834605,277.161954
7/19/2024,10:00:00,40.064417,289.847604
7/19/2024,11:00:00,30.324195,307.552266
7/19/2024,12:00:00,23.299738,334.891910
7/19/2024,13:00:00,21.976905,11.726948
7/19/2024,14:00:00,27.223992,43.483168
7/19/2024,15:00:00,36.224310,64.216723
7/19/2024,16:00:00,46.731760,78.363520
7/19/2024,17:00:00,57.749149,89.395738
7/19/2024,18:00:00,68.791315,99.097326
7/19/2024,19:00:00,79.519951,108.464987
7/19/2024,20:00:00,89.350679,118.173244
7/19/2024,21:00:00,99.053248,128.764593
7/19/2024,22:00:00,106.947181,140.688661
7/19/2024,23:00:00,112.933606,154.207565
7/20/2024,0:00:00,116.435352,169.180330
7/20/2024,1:00:00,117.018554,184.895024
7/20/2024,2:00:00,114.602446,200.268437
7/20/2024,3:00:00,109.505476,214.395765
7/20/2024,4:00:00,102.276425,226.923459
7/20/2024,5:00:00,93.484515,237.988557
7/20/2024,6:00:00,83.480090,247.988485
7/20/2024,7:00:00,72.976513,257.434013
7/20/2024,8:00:00,62.022153,266.938493
7/20/2024,9:00:00,50.961819,277.343417
7/20/2024,10:00:00,40.200464,290.053427
7/20/2024,11:00:00,30.479940,307.768224
7/20/2024,12:00:00,23.482947,335.023391
7/20/2024,13:00:00,22.162894,11.614438
7/20/2024,14:00:00,27.377638,43.235920
7/20/2024,15:00:00,36.350146,63.973506
7/20/2024,16:00:00,46.843754,78.150529
7/20/2024,17:00:00,57.857190,89.208716
7/20/2024,18:00:00,68.901924,98.929337
7/20/2024,19:00:00,79.637447,108.311105
7/20/2024,20:00:00,89.463076,118.031261
7/20/2024,21:00:00,99.197735,128.635540
7/20/2024,22:00:00,107.108230,140.577662
7/20/2024,23:00:00,113.110803,154.124167
7/21/2024,0:00:00,116.624603,169.136133
7/21/2024,1:00:00,117.212112,184.897442
7/21/2024,2:00:00,114.791509,200.315322
7/21/2024,3:00:00,109.683613,214.477413
7/21/2024,4:00:00,102.440956,227.029203
7/21/2024,5:00:00,93.635762,238.111082
7/21/2024,6:00:00,83.617796,248.124598
7/21/2024,7:00:00,73.108114,257.583958
7/21/2024,8:00:00,62.150003,267.105207
7/21/2024,9:00:00,51.091148,277.531719
7/21/2024,10:00:00,40.339082,290.266896
7/21/2024,11:00:00,30.639133,307.992522
7/21/2024,12:00:00,23.670909,335.162818
7/21/2024,13:00:00,22.354926,11.507063
7/21/2024,14:00:00,27.537695,42.988617
7/21/2024,15:00:00,36.482049,63.727592
7/21/2024,16:00:00,46.961458,77.934239
7/21/2024,17:00:00,57.970734,89.018451
7/21/2024,18:00:00,69.017963,98.758336
7/21/2024,19:00:00,79.760368,108.154501
7/21/2024,20:00:00,89.579442,117.886906
7/21/2024,21:00:00,99.348002,128.504596
7/21/2024,22:00:00,107.275232,140.465491
7/21/2024,23:00:00,113.294039,154.040677
7/22/2024,0:00:00,116.819772,169.093292
7/22/2024,1:00:00,117.411171,184.902781
7/22/2024,2:00:00,114.985394,200.366408
7/22/2024,3:00:00,109.865784,214.564036
7/22/2024,4:00:00,102.608782,227.140279
7/22/2024,5:00:00,93.789705,238.239090
7/22/2024,6:00:00,83.757645,248.266314
7/22/2024,7:00:00,73.241708,257.739709
7/22/2024,8:00:00,62.279788,267.278088
7/22/2024,9:00:00,51.222571,277.726759
7/22/2024,10:00:00,40.480256,290.487863
7/22/2024,11:00:00,30.801760,308.224938
7/22/2024,12:00:00,23.863581,335.309935
7/22/2024,13:00:00,22.552935,11.404856
7/22/2024,14:00:00,27.704126,42.741520
7/22/2024,15:00:00,36.620007,63.479205
7/22/2024,16:00:00,47.084864,77.714809
7/22/2024,17:00:00,58.089770,88.825061
7/22/2024,18:00:00,69.139414,98.584414
7/22/2024,19:00:00,79.888686,107.995245
7/22/2024,20:00:00,89.699660,117.740236
7/22/2024,21:00:00,99.504010,128.371803
7/22/2024,22:00:00,107.448138,140.352183
7/22/2024,23:00:00,113.483259,153.957124
7/23/2024,0:00:00,117.020801,169.051836
7/23/2024,1:00:00,117.615666,184.911076
7/23/2024,2:00:00,115.184030,200.421724
7/23/2024,3:00:00,110.051918,214.655646
7/23/2024,4:00:00,102.779836,227.256681
7/23/2024,5:00:00,93.946283,238.372558
7/23/2024,6:00:00,83.899576,248.413595
7/23/2024,7:00:00,73.377254,257.901212
7/23/2024,8:00:00,62.411476,267.457065
7/23/2024,9:00:00,51.356070,277.928440
7/23/2024,10:00:00,40.623979,290.716182
7/23/2024,11:00:00,30.967810,308.465242
7/23/2024,12:00:00,24.060925,335.464480
7/23/2024,13:00:00,22.756852,11.307831
7/23/2024,14:00:00,27.876894,42.494874
7/23/2024,15:00:00,36.764009,63.228560
7/23/2024,16:00:00,47.213967,77.492395
7/23/2024,17:00:00,58.214287,88.628659
7/23/2024,18:00:00,69.266260,98.407657
7/23/2024,19:00:00,80.022374,107.833405
7/23/2024,20:00:00,89.823654,117.591302
7/23/2024,21:00:00,99.665716,128.237202
7/23/2024,22:00:00,107.626902,140.237768
7/23/2024,23:00:00,113.678412,153.873533
7/24/2024,0:00:00,117.227631,169.011793
7/24/2024,1:00:00,117.825535,184.922356
7/24/2024,2:00:00,115.387350,200.481295
7/24/2024,3:00:00,110.241945,214.752256
7/24/2024,4:00:00,102.954051,227.378404
7/24/2024,5:00:00,94.105436,238.511463
7/24/2024,6:00:00,84.043533,248.566402
7/24/2024,7:00:00,73.514714,258.068414
7/24/2024,8:00:00,62.545042,267.642064
7/24/2024,9:00:00,51.491629,278.136658
7/24/2024,10:00:00,40.770242,290.951704
7/24/2024,11:00:00,31.137274,308.713205
7/24/2024,12:00:00,24.262901,335.626187
7/24/2024,13:00:00,22.966611,11.215985
7/24/2024,14:00:00,28.055958,42.248913
7/24/2024,15:00:00,36.914037,62.975869
7/24/2024,16:00:00,47.348755,77.267150
7/24/2024,17:00:00,58.344273,88.429357
7/24/2024,18:00:00,69.398480,98.228151
7/24/2024,19:00:00,80.161398,107.669045
7/24/2024,20:00:00,89.951412,117.440156
7/24/2024,21:00:00,99.833077,128.100832
7/24/2024,22:00:00,107.811474,140.122274
7/24/2024,23:00:00,113.879443,153.789930
7/25/2024,0:00:00,117.440206,168.973189
7/25/2024,1:00:00,118.040713,184.936652
7/25/2024,2:00:00,115.595286,200.545146
7/25/2024,3:00:00,110.435794,214.853877
7/25/2024,4:00:00,103.131361,227.505440
7/25/2024,5:00:00,94.267105,238.655780
7/25/2024,6:00:00,84.189457,248.724693
7/25/2024,7:00:00,73.654050,258.241257
7/25/2024,8:00:00,62.680461,267.833011
7/25/2024,9:00:00,51.629234,278.351313
7/25/2024,10:00:00,40.919041,291.194277
7/25/2024,11:00:00,31.310144,308.968597
7/25/2024,12:00:00,24.469474,335.794789
7/25/2024,13:00:00,23.182145,11.129305
7/25/2024,14:00:00,28.241273,42.003860
7/25/2024,15:00:00,37.070073,62.721341
7/25/2024,16:00:00,47.489216,77.039225
7/25/2024,17:00:00,58.479712,88.227266
7/25/2024,18:00:00,69.536052,98.045979
7/25/2024,19:00:00,80.305726,107.502233
7/25/2024,20:00:00,90.083035,117.286848
7/25/2024,21:00:00,100.006049,127.962730
7/25/2024,22:00:00,108.001804,140.005730
7/25/2024,23:00:00,114.086299,153.706337
7/26/2024,0:00:00,117.658465,168.936051
7/26/2024,1:00:00,118.261137,184.953994
7/26/2024,2:00:00,115.807766,200.613303
7/26/2024,3:00:00,110.633395,214.960518
7/26/2024,4:00:00,103.311698,227.637779
7/26/2024,5:00:00,94.431231,238.805481
7/26/2024,6:00:00,84.337291,248.888428
7/26/2024,7:00:00,73.795224,258.419684
7/26/2024,8:00:00,62.817706,268.029828
7/26/2024,9:00:00,51.768871,278.572298
7/26/2024,10:00:00,41.070370,291.443748
7/26/2024,11:00:00,31.486410,309.231184
7/26/2024,12:00:00,24.680602,335.970020
7/26/2024,13:00:00,23.403384,11.047772
7/26/2024,14:00:00,28.432794,41.759936
7/26/2024,15:00:00,37.232094,62.465186
7/26/2024,16:00:00,47.635336,76.808777
7/26/2024,17:00:00,58.620586,88.022502
7/26/2024,18:00:00,69.678952,97.861230
7/26/2024,19:00:00,80.455321,107.333036
7/26/2024,20:00:00,90.218797,117.131431
7/26/2024,21:00:00,100.184585,127.822936
7/26/2024,22:00:00,108.197838,139.888166
7/26/2024,23:00:00,114.298919,153.622780
7/27/2024,0:00:00,117.882345,168.900407
7/27/2024,1:00:00,118.486735,184.974415
7/27/2024,2:00:00,116.024716,200.685794
7/27/2024,3:00:00,110.834670,215.072191
7/27/2024,4:00:00,103.494989,227.775413
7/27/2024,5:00:00,94.597748,238.960540
7/27/2024,6:00:00,84.486969,249.057561
7/27/2024,7:00:00,73.938193,258.603635
7/27/2024,8:00:00,62.956746,268.232438
7/27/2024,9:00:00,51.910522,278.799507
7/27/2024,10:00:00,41.224217,291.699961
7/27/2024,11:00:00,31.666060,309.500733
7/27/2024,12:00:00,24.896244,336.151618
7/27/2024,13:00:00,23.630254,10.971363
7/27/2024,14:00:00,28.630468,41.517357
7/27/2024,15:00:00,37.400077,62.207616
7/27/2024,16:00:00,47.787096,76.575966
7/27/2024,17:00:00,58.766876,87.815184
7/27/2024,18:00:00,69.827153,97.673995
7/27/2024,19:00:00,80.610145,107.161526
7/27/2024,20:00:00,90.987053,116.973963
7/27/2024,21:00:00,100.368635,127.681495
7/27/2024,22:00:00,108.399521,139.769616
7/27/2024,23:00:00,114.517244,153.539290
7/28/2024,0:00:00,118.111780,168.866290
7/28/2024,1:00:00,118.717436,184.997949
7/28/2024,2:00:00,116.246056,200.762646
7/28/2024,3:00:00,111.039539,215.188907
7/28/2024,4:00:00,103.681157,227.918332
7/28/2024,5:00:00,94.766589,239.120927
7/28/2024,6:00:00,84.638423,249.232047
7/28/2024,7:00:00,74.082911,258.793049
7/28/2024,8:00:00,63.097549,268.440759
7/28/2024,9:00:00,52.054164,279.032831
7/28/2024,10:00:00,41.380570,291.962760
7/28/2024,11:00:00,31.849075,309.777014
7/28/2024,12:00:00,25.116352,336.339327
7/28/2024,13:00:00,23.862680,10.900059
7/28/2024,14:00:00,28.834242,41.276341
7/28/2024,15:00:00,37.573993,61.948850
7/28/2024,16:00:00,47.944479,76.340956
7/28/2024,17:00:00,58.918562,87.605436
7/28/2024,18:00:00,69.980629,97.484372
7/28/2024,19:00:00,80.770160,106.987781
7/28/2024,20:00:00,91.160779,116.814503
7/28/2024,21:00:00,100.558149,127.538455
7/28/2024,22:00:00,108.606794,139.650119
7/28/2024,23:00:00,114.741209,153.455901
7/29/2024,0:00:00,118.346698,168.833736
7/29/2024,1:00:00,118.953160,185.024637
7/29/2024,2:00:00,116.471702,200.843893
7/29/2024,3:00:00,111.247914,215.310680
7/29/2024,4:00:00,103.870119,228.066527
7/29/2024,5:00:00,94.937679,239.286613
7/29/2024,6:00:00,84.791577,249.411841
7/29/2024,7:00:00,74.229327,258.987864
7/29/2024,8:00:00,63.240077,268.654710
7/29/2024,9:00:00,52.199771,279.272161
7/29/2024,10:00:00,41.539411,292.231988
7/29/2024,11:00:00,32.035433,310.059797
7/29/2024,12:00:00,25.340875,336.532900
7/29/2024,13:00:00,24.100581,10.833840
7/29/2024,14:00:00,29.044058,41.037104
7/29/2024,15:00:00,37.753812,61.689109
7/29/2024,16:00:00,48.107463,76.103918
7/29/2024,17:00:00,59.075622,87.393388
7/29/2024,18:00:00,70.139353,97.292461
7/29/2024,19:00:00,80.935324,106.811880
7/29/2024,20:00:00,91.339807,116.653119
7/29/2024,21:00:00,100.753076,127.393869
7/29/2024,22:00:00,108.819599,139.529718
7/29/2024,23:00:00,114.970747,153.372651
7/30/2024,0:00:00,118.587026,168.802787
7/30/2024,1:00:00,119.193825,185.054523
7/30/2024,2:00:00,116.701563,200.929571
7/30/2024,3:00:00,111.459703,215.437525
7/30/2024,4:00:00,104.061788,228.219990
7/30/2024,5:00:00,95.110939,239.457570
7/30/2024,6:00:00,84.946353,249.596896
7/30/2024,7:00:00,74.377386,259.188016
7/30/2024,8:00:00,63.384286,268.874209
7/30/2024,9:00:00,52.347312,279.517385
7/30/2024,10:00:00,41.700715,292.507488
7/30/2024,11:00:00,32.225108,310.348856
7/30/2024,12:00:00,25.569756,336.732098
7/30/2024,13:00:00,24.343875,10.772686
7/30/2024,14:00:00,29.259856,40.799861
7/30/2024,15:00:00,37.939504,61.428615
7/30/2024,16:00:00,48.276028,75.865026
7/30/2024,17:00:00,59.238034,87.179173
7/30/2024,18:00:00,70.303296,97.098367
7/30/2024,19:00:00,81.105595,106.633909
7/30/2024,20:00:00,91.524092,116.489877
7/30/2024,21:00:00,100.953361,127.247790
7/30/2024,22:00:00,109.037874,139.408457
7/30/2024,23:00:00,115.205791,153.289582
7/31/2024,0:00:00,118.832688,168.773488
7/31/2024,1:00:00,119.439346,185.087655
7/31/2024,2:00:00,116.935547,201.019717
7/31/2024,3:00:00,111.674813,215.569459
7/31/2024,4:00:00,104.256073,228.378714
7/31/2024,5:00:00,95.286288,239.633769
7/31/2024,6:00:00,85.102664,249.787165
7/31/2024,7:00:00,74.527031,259.393442
7/31/2024,8:00:00,63.530133,269.099173
7/31/2024,9:00:00,52.496754,279.768395
7/31/2024,10:00:00,41.864459,292.789104
7/31/2024,11:00:00,32.418070,310.643970
7/31/2024,12:00:00,25.802940,336.936688
7/31/2024,13:00:00,24.592479,10.716578
7/31/2024,14:00:00,29.481574,40.564820
7/31/2024,15:00:00,38.131032,61.167591
7/31/2024,16:00:00,48.450150,75.624455
7/31/2024,17:00:00,59.405774,86.962925
7/31/2024,18:00:00,70.472429,96.902196
7/31/2024,19:00:00,81.280930,106.453954
7/31/2024,20:00:00,91.713590,116.324848
7/31/2024,21:00:00,101.158952,127.100279
7/31/2024,22:00:00,109.261558,139.286386
7/31/2024,23:00:00,115.446271,153.206739
8/1/2024,0:00:00,119.083606,168.745887
8/1/2024,1:00:00,119.689636,185.124084
8/1/2024,2:00:00,117.173558,201.114372
8/1/2024,3:00:00,111.893143,215.706499
8/1/2024,4:00:00,104.452879,228.542691
8/1/2024,5:00:00,95.463641,239.815181
8/1/2024,6:00:00,85.260423,249.982601
8/1/2024,7:00:00,74.678200,259.604079
8/1/2024,8:00:00,63.677571,269.329521
8/1/2024,9:00:00,52.648063,280.025079
8/1/2024,10:00:00,42.030616,293.076682
8/1/2024,11:00:00,32.614287,310.944919
8/1/2024,12:00:00,26.040367,337.146443
8/1/2024,13:00:00,24.846307,10.665491
8/1/2024,14:00:00,29.709147,40.332182
8/1/2024,15:00:00,38.328362,60.906259
8/1/2024,16:00:00,48.629805,75.382380
8/1/2024,17:00:00,59.578819,86.744781
8/1/2024,18:00:00,70.646722,96.704056
8/1/2024,19:00:00,81.461284,106.272101
8/1/2024,20:00:00,91.908255,116.158104
8/1/2024,21:00:00,101.369793,126.951391
8/1/2024,22:00:00,109.490587,139.163552
8/1/2024,23:00:00,115.692115,153.124168
8/2/2024,0:00:00,119.339701,168.720034
8/2/2024,1:00:00,119.944606,185.163861
8/2/2024,2:00:00,117.415498,201.213577
8/2/2024,3:00:00,112.114594,215.848663
8/2/2024,4:00:00,104.652112,228.711912
8/2/2024,5:00:00,95.642912,240.001775
8/2/2024,6:00:00,85.419541,250.183157
8/2/2024,7:00:00,74.830834,259.819863
8/2/2024,8:00:00,63.826552,269.565167
8/2/2024,9:00:00,52.801203,280.287327
8/2/2024,10:00:00,42.199157,293.370067
8/2/2024,11:00:00,32.813729,311.251486
8/2/2024,12:00:00,26.281977,337.361142
8/2/2024,13:00:00,25.105273,10.619392
8/2/2024,14:00:00,29.942506,40.102138
8/2/2024,15:00:00,38.531453,60.644833
8/2/2024,16:00:00,48.814964,75.138975
8/2/2024,17:00:00,59.757141,86.524874
8/2/2024,18:00:00,70.826143,96.504054
8/2/2024,19:00:00,81.646610,106.088437
8/2/2024,20:00:00,92.108038,115.989715
8/2/2024,21:00:00,101.585828,126.801185
8/2/2024,22:00:00,109.724896,139.040004
8/2/2024,23:00:00,115.943252,153.041911
8/3/2024,0:00:00,119.600892,168.695977
8/3/2024,1:00:00,120.204164,185.207038
8/3/2024,2:00:00,117.661270,201.317373
8/3/2024,3:00:00,112.339066,215.995970
8/3/2024,4:00:00,104.853676,228.886370
8/3/2024,5:00:00,95.824016,240.193519
8/3/2024,6:00:00,85.579925,250.388782
8/3/2024,7:00:00,74.984874,260.040727
8/3/2024,8:00:00,63.977030,269.806028
8/3/2024,9:00:00,52.956140,280.555027
8/3/2024,10:00:00,42.370057,293.669101
8/3/2024,11:00:00,33.016363,311.563453
8/3/2024,12:00:00,26.527712,337.580561
8/3/2024,13:00:00,25.369292,10.578242
8/3/2024,14:00:00,30.181582,39.874865
8/3/2024,15:00:00,38.740262,60.383520
8/3/2024,16:00:00,49.005597,74.894409
8/3/2024,17:00:00,59.940710,86.303337
8/3/2024,18:00:00,71.010656,96.302294
8/3/2024,19:00:00,81.836855,105.903047
8/3/2024,20:00:00,92.312891,115.819749
8/3/2024,21:00:00,101.807000,126.649716
8/3/2024,22:00:00,109.964420,138.915787
8/3/2024,23:00:00,116.199609,152.960013
8/4/2024,0:00:00,119.867098,168.673762
8/4/2024,1:00:00,120.468220,185.253666
8/4/2024,2:00:00,117.910772,201.425800
8/4/2024,3:00:00,112.566459,216.148432
8/4/2024,4:00:00,105.057477,229.066051
8/4/2024,5:00:00,96.006870,240.390381
8/4/2024,6:00:00,85.741486,250.599426
8/4/2024,7:00:00,75.140261,260.266603
8/4/2024,8:00:00,64.128963,270.052016
8/4/2024,9:00:00,53.112842,280.828066
8/4/2024,10:00:00,42.543290,293.973628
8/4/2024,11:00:00,33.222158,311.880601
8/4/2024,12:00:00,26.777510,337.804477
8/4/2024,13:00:00,25.638275,10.541986
8/4/2024,14:00:00,30.426300,39.650523
8/4/2024,15:00:00,38.954741,60.122519
8/4/2024,16:00:00,49.201667,74.648847
8/4/2024,17:00:00,60.129491,86.080299
8/4/2024,18:00:00,71.200222,96.098878
8/4/2024,19:00:00,82.031964,105.716011
8/4/2024,20:00:00,92.522759,115.648272
8/4/2024,21:00:00,102.033245,126.497036
8/4/2024,22:00:00,110.209090,138.790943
8/4/2024,23:00:00,116.461109,152.878511
8/5/2024,0:00:00,120.138236,168.653435
8/5/2024,1:00:00,120.736683,185.303792
8/5/2024,2:00:00,118.163909,201.538893
8/5/2024,3:00:00,112.796672,216.306062
8/5/2024,4:00:00,105.263421,229.250941
8/5/2024,5:00:00,96.191392,240.592324
8/5/2024,6:00:00,85.904131,250.815034
8/5/2024,7:00:00,75.296941,260.497421
8/5/2024,8:00:00,64.282307,270.303043
8/5/2024,9:00:00,53.271280,281.106325
8/5/2024,10:00:00,42.718833,294.283486
8/5/2024,11:00:00,33.431085,312.202711
8/5/2024,12:00:00,27.031316,338.032665
8/5/2024,13:00:00,25.912135,10.510558
8/5/2024,14:00:00,30.676583,39.429257
8/5/2024,15:00:00,39.174839,59.862019
8/5/2024,16:00:00,49.403136,74.402446
8/5/2024,17:00:00,60.323446,85.855885
8/5/2024,18:00:00,71.394798,95.893905
8/5/2024,19:00:00,82.231876,105.527410
8/5/2024,20:00:00,92.737587,115.475347
8/5/2024,21:00:00,102.264501,126.343195
8/5/2024,22:00:00,110.458834,138.665511
8/5/2024,23:00:00,116.727676,152.797442
8/6/2024,0:00:00,120.414223,168.635034
8/6/2024,1:00:00,121.009460,185.357460
8/6/2024,2:00:00,118.420579,201.656685
8/6/2024,3:00:00,113.029606,216.468868
8/6/2024,4:00:00,105.471417,229.441022
8/6/2024,5:00:00,96.377501,240.799306
8/6/2024,6:00:00,86.067771,251.035548
8/6/2024,7:00:00,75.454861,260.733108
8/6/2024,8:00:00,64.437026,270.559016
8/6/2024,9:00:00,53.431426,281.389686
8/6/2024,10:00:00,42.896667,294.598512
8/6/2024,11:00:00,33.643117,312.529560
8/6/2024,12:00:00,27.289069,338.264897
8/6/2024,13:00:00,26.190784,10.483881
8/6/2024,14:00:00,30.932352,39.211195
8/6/2024,15:00:00,39.400498,59.602197
8/6/2024,16:00:00,49.609957,74.155358
8/6/2024,17:00:00,60.522532,85.630214
8/6/2024,18:00:00,71.594336,95.687470
8/6/2024,19:00:00,82.436525,105.337317
8/6/2024,20:00:00,92.957313,115.301032
8/6/2024,21:00:00,102.500699,126.188236
8/6/2024,22:00:00,110.713579,138.539526
8/6/2024,23:00:00,116.999231,152.716834
8/7/2024,0:00:00,120.694972,168.618596
8/7/2024,1:00:00,121.286459,185.414709
8/7/2024,2:00:00,118.680686,201.779205
8/7/2024,3:00:00,113.265166,216.636853
8/7/2024,4:00:00,105.681376,229.636271
8/7/2024,5:00:00,96.565121,241.011284
8/7/2024,6:00:00,86.232316,251.260907
8/7/2024,7:00:00,75.613973,260.973587
8/7/2024,8:00:00,64.593084,270.819840
8/7/2024,9:00:00,53.593258,281.678026
8/7/2024,10:00:00,43.076773,294.918538
8/7/2024,11:00:00,33.858227,312.860921
8/7/2024,12:00:00,27.550715,338.500942
8/7/2024,13:00:00,26.474132,10.461862
8/7/2024,14:00:00,31.193520,38.996446
8/7/2024,15:00:00,39.631655,59.343219
8/7/2024,16:00:00,49.822081,73.907730
8/7/2024,17:00:00,60.726700,85.403402
8/7/2024,18:00:00,71.798784,95.479663
8/7/2024,19:00:00,82.645838,105.145805
8/7/2024,20:00:00,93.181873,115.125383
8/7/2024,21:00:00,102.741768,126.032201
8/7/2024,22:00:00,110.973247,138.413016
8/7/2024,23:00:00,117.275691,152.636716
8/8/2024,0:00:00,120.980398,168.604152
8/8/2024,1:00:00,121.567586,185.475576
8/8/2024,2:00:00,118.944130,201.906477
8/8/2024,3:00:00,113.503253,216.810017
8/8/2024,4:00:00,105.893209,229.836660
8/8/2024,5:00:00,96.754177,241.228210
8/8/2024,6:00:00,86.397675,251.491048
8/8/2024,7:00:00,75.774231,261.218779
8/8/2024,8:00:00,64.750449,271.085417
8/8/2024,9:00:00,53.756754,281.971220
8/8/2024,10:00:00,43.259136,295.243395
8/8/2024,11:00:00,34.076390,313.196567
8/8/2024,12:00:00,27.816194,338.740567
8/8/2024,13:00:00,26.762089,10.444400
8/8/2024,14:00:00,31.460001,38.785106
8/8/2024,15:00:00,39.868245,59.085243
8/8/2024,16:00:00,50.039451,73.659700
8/8/2024,17:00:00,60.935897,85.175560
8/8/2024,18:00:00,72.008084,95.270573
8/8/2024,19:00:00,82.859737,104.952943
8/8/2024,20:00:00,93.411200,114.948452
8/8/2024,21:00:00,102.987634,125.875129
8/8/2024,22:00:00,111.237760,138.286009
8/8/2024,23:00:00,117.556974,152.557109
8/9/2024,0:00:00,121.270413,168.591729
8/9/2024,1:00:00,121.852748,185.540093
8/9/2024,2:00:00,119.210814,202.038523
8/9/2024,3:00:00,113.743772,216.988356
8/9/2024,4:00:00,106.106831,230.042160
8/9/2024,5:00:00,96.944597,241.450033
8/9/2024,6:00:00,86.563758,251.725902
8/9/2024,7:00:00,75.935590,261.468600
8/9/2024,8:00:00,64.909091,271.355645
8/9/2024,9:00:00,53.921895,282.269137
8/9/2024,10:00:00,43.443741,295.572909
8/9/2024,11:00:00,34.297581,313.536267
8/9/2024,12:00:00,28.085452,338.983539
8/9/2024,13:00:00,27.054563,10.431384
8/9/2024,14:00:00,31.731702,38.577255
8/9/2024,15:00:00,40.110193,58.828415
8/9/2024,16:00:00,50.262009,73.411400
8/9/2024,17:00:00,61.150065,84.946795
8/9/2024,18:00:00,72.222176,95.060283
8/9/2024,19:00:00,83.078137,104.758795
8/9/2024,20:00:00,93.645220,114.770289
8/9/2024,21:00:00,103.238218,125.717052
8/9/2024,22:00:00,111.507033,138.158527
8/9/2024,23:00:00,117.842992,152.478030
8/10/2024,0:00:00,121.564926,168.581352
8/10/2024,1:00:00,122.141849,185.608289
8/10/2024,2:00:00,119.480638,202.175359
8/10/2024,3:00:00,113.986628,217.171861
8/10/2024,4:00:00,106.322156,230.252737
8/10/2024,5:00:00,97.136309,241.676698
8/10/2024,6:00:00,86.730473,251.965399
8/10/2024,7:00:00,76.098011,261.722965
8/10/2024,8:00:00,65.068983,271.630421
8/10/2024,9:00:00,54.088665,282.571647
8/10/2024,10:00:00,43.630575,295.906903
8/10/2024,11:00:00,34.521778,313.879790
8/10/2024,12:00:00,28.358429,339.229621
8/10/2024,13:00:00,27.351463,10.422691
8/10/2024,14:00:00,32.008530,38.372957
8/10/2024,15:00:00,40.357426,58.572869
8/10/2024,16:00:00,50.489688,73.162958
8/10/2024,17:00:00,61.369141,84.717210
8/10/2024,18:00:00,72.440993,94.848873
8/10/2024,19:00:00,83.300949,104.563423
8/10/2024,20:00:00,93.883859,114.590938
8/10/2024,21:00:00,103.493439,125.558002
8/10/2024,22:00:00,111.780982,138.030589
8/10/2024,23:00:00,118.133658,152.399495
8/11/2024,0:00:00,121.863846,168.573040
8/11/2024,1:00:00,122.434793,185.680189
8/11/2024,2:00:00,119.753506,202.316999
8/11/2024,3:00:00,114.231727,217.360520
8/11/2024,4:00:00,106.539102,230.468350
8/11/2024,5:00:00,97.329247,241.908147
8/11/2024,6:00:00,86.897725,252.209465
8/11/2024,7:00:00,76.261454,261.981786
8/11/2024,8:00:00,65.230102,271.909638
8/11/2024,9:00:00,54.257049,282.878615
8/11/2024,10:00:00,43.819629,296.245199
8/11/2024,11:00:00,34.748956,314.226903
8/11/2024,12:00:00,28.635070,339.478581
8/11/2024,13:00:00,27.652694,10.418195
8/11/2024,14:00:00,32.290386,38.172263
8/11/2024,15:00:00,40.609860,58.318731
8/11/2024,16:00:00,50.722420,72.914492
8/11/2024,17:00:00,61.593060,84.486902
8/11/2024,18:00:00,72.664466,94.636422
8/11/2024,19:00:00,83.528074,104.366888
8/11/2024,20:00:00,94.127036,114.410443
8/11/2024,21:00:00,103.753213,125.398007
8/11/2024,22:00:00,112.059518,137.902209
8/11/2024,23:00:00,118.428882,152.321513
8/12/2024,0:00:00,122.167082,168.566810
8/12/2024,1:00:00,122.731486,185.755814
8/12/2024,2:00:00,120.029319,202.463452
8/12/2024,3:00:00,114.478976,217.554317
8/12/2024,4:00:00,106.757588,230.688960
8/12/2024,5:00:00,97.523343,242.144317
8/12/2024,6:00:00,87.065420,252.458023
8/12/2024,7:00:00,76.425884,262.244970
8/12/2024,8:00:00,65.392423,272.193186
8/12/2024,9:00:00,54.427035,283.189903
8/12/2024,10:00:00,44.010891,296.587616
8/12/2024,11:00:00,34.979094,314.577372
8/12/2024,12:00:00,28.915317,339.730183
8/12/2024,13:00:00,27.958165,10.417759
8/12/2024,14:00:00,32.577171,37.975211
8/12/2024,15:00:00,40.867413,58.066117
8/12/2024,16:00:00,50.960131,72.666117
8/12/2024,17:00:00,61.821749,84.255964
8/12/2024,18:00:00,72.892520,94.423002
8/12/2024,19:00:00,83.759409,104.169244
8/12/2024,20:00:00,94.374671,114.228843
8/12/2024,21:00:00,104.017452,125.237090
8/12/2024,22:00:00,112.342551,137.773399
8/12/2024,23:00:00,118.728572,152.244091
8/13/2024,0:00:00,122.474540,168.562673
8/13/2024,1:00:00,123.031829,185.835182
8/13/2024,2:00:00,120.307979,202.614725
8/13/2024,3:00:00,114.728284,217.753231
8/13/2024,4:00:00,106.977534,230.914520
8/13/2024,5:00:00,97.718535,242.385145
8/13/2024,6:00:00,87.233461,252.710993
8/13/2024,7:00:00,76.591269,262.512426
8/13/2024,8:00:00,65.555929,272.480953
8/13/2024,9:00:00,54.598613,283.505372
8/13/2024,10:00:00,44.204355,296.933971
8/13/2024,11:00:00,35.212169,314.930963
8/13/2024,12:00:00,29.199113,339.984193
8/13/2024,13:00:00,28.267780,10.421241
8/13/2024,14:00:00,32.868783,37.781825
8/13/2024,15:00:00,41.129995,57.815129
8/13/2024,16:00:00,51.202742,72.417938
8/13/2024,17:00:00,62.055135,84.024485
8/13/2024,18:00:00,73.125077,94.208682
8/13/2024,19:00:00,83.994842,103.970542
8/13/2024,20:00:00,94.626676,114.046172
8/13/2024,21:00:00,104.286067,125.075271
8/13/2024,22:00:00,112.629988,137.644164
8/13/2024,23:00:00,119.032634,152.167228
8/14/2024,0:00:00,122.786126,168.560636
8/14/2024,1:00:00,123.335729,185.918305
8/14/2024,2:00:00,120.589391,202.770818
8/14/2024,3:00:00,114.979561,217.957239
8/14/2024,4:00:00,107.198865,231.144981
8/14/2024,5:00:00,97.914763,242.630561
8/14/2024,6:00:00,87.401748,252.968294
8/14/2024,7:00:00,76.757578,262.784055
8/14/2024,8:00:00,65.720604,272.772825
8/14/2024,9:00:00,54.771778,283.824880
8/14/2024,10:00:00,44.400014,297.284078
8/14/2024,11:00:00,35.448161,315.287441
8/14/2024,12:00:00,29.486403,340.240377
8/14/2024,13:00:00,28.581447,10.428490
8/14/2024,14:00:00,33.165116,37.592112
8/14/2024,15:00:00,41.397514,57.565861
8/14/2024,16:00:00,51.450171,72.170051
8/14/2024,17:00:00,62.293136,83.792546
8/14/2024,18:00:00,73.362054,93.993526
8/14/2024,19:00:00,84.234254,103.770830
8/14/2024,20:00:00,94.882962,113.862463
8/14/2024,21:00:00,104.558963,124.912564
8/14/2024,22:00:00,112.921734,137.514506
8/14/2024,23:00:00,119.340974,152.090920
8/15/2024,0:00:00,123.101745,168.560700
8/15/2024,1:00:00,123.643088,186.005194
8/15/2024,2:00:00,120.873459,202.931729
8/15/2024,3:00:00,115.232719,218.166311
8/15/2024,4:00:00,107.421506,231.380289
8/15/2024,5:00:00,98.111969,242.880494
8/15/2024,6:00:00,87.570179,253.229838
8/15/2024,7:00:00,76.924787,263.059759
8/15/2024,8:00:00,65.886436,273.068685
8/15/2024,9:00:00,54.946525,284.148282
8/15/2024,10:00:00,44.597867,297.637750
8/15/2024,11:00:00,35.687052,315.646568
8/15/2024,12:00:00,29.777131,340.498499
8/15/2024,13:00:00,28.899071,10.439347
8/15/2024,14:00:00,33.466063,37.406067
8/15/2024,15:00:00,41.669873,57.318391
8/15/2024,16:00:00,51.702330,71.922547
8/15/2024,17:00:00,62.535669,83.560222
8/15/2024,18:00:00,73.603366,93.777591
8/15/2024,19:00:00,84.477515,103.570149
8/15/2024,20:00:00,95.143437,113.677740
8/15/2024,21:00:00,104.836044,124.748978
8/15/2024,22:00:00,113.217691,137.384420
8/15/2024,23:00:00,119.653494,152.015156
8/16/2024,0:00:00,123.421304,168.562863
8/16/2024,1:00:00,123.953812,186.095849
8/16/2024,2:00:00,121.160092,203.097449
8/16/2024,3:00:00,115.487676,218.380414
8/16/2024,4:00:00,107.645390,231.620386
8/16/2024,5:00:00,98.310103,243.134869
8/16/2024,6:00:00,87.738651,253.495539
8/16/2024,7:00:00,77.092875,263.339436
8/16/2024,8:00:00,66.053416,273.368414
8/16/2024,9:00:00,55.122855,284.475432
8/16/2024,10:00:00,44.797914,297.994797
8/16/2024,11:00:00,35.928824,316.008108
8/16/2024,12:00:00,30.071242,340.758323
8/16/2024,13:00:00,29.220559,10.453646
8/16/2024,14:00:00,33.771517,37.223670
8/16/2024,15:00:00,41.946973,57.072787
8/16/2024,16:00:00,51.959130,71.675504
8/16/2024,17:00:00,62.782646,83.327580
8/16/2024,18:00:00,73.848921,93.560931
8/16/2024,19:00:00,84.724489,103.368536
8/16/2024,20:00:00,95.408003,113.492023
8/16/2024,21:00:00,105.117212,124.584518
8/16/2024,22:00:00,113.517760,137.253894
8/16/2024,23:00:00,119.970099,151.939918
8/17/2024,0:00:00,123.744707,168.567112
8/17/2024,1:00:00,124.267809,186.190269
8/17/2024,2:00:00,121.449198,203.267965
8/17/2024,3:00:00,115.744349,218.599510
8/17/2024,4:00:00,107.870450,231.865211
8/17/2024,5:00:00,98.509117,243.393606
8/17/2024,6:00:00,87.907058,253.765304
8/17/2024,7:00:00,77.261825,263.622983
8/17/2024,8:00:00,66.221542,273.671890
8/17/2024,9:00:00,55.300772,284.806180
8/17/2024,10:00:00,45.000157,298.355027
8/17/2024,11:00:00,36.173463,316.371821
8/17/2024,12:00:00,30.368686,341.019613
8/17/2024,13:00:00,29.545818,10.471213
8/17/2024,14:00:00,34.081368,37.044885
8/17/2024,15:00:00,42.228710,56.829102
8/17/2024,16:00:00,52.220475,71.428993
8/17/2024,17:00:00,63.033975,83.094683
8/17/2024,18:00:00,74.098625,93.343591
8/17/2024,19:00:00,84.975026,103.166022
8/17/2024,20:00:00,95.676563,113.305327
8/17/2024,21:00:00,105.402365,124.419180
8/17/2024,22:00:00,113.821839,137.122910
8/17/2024,23:00:00,120.290690,151.865183
8/18/2024,0:00:00,124.071862,168.573430
8/18/2024,1:00:00,124.584986,186.288445
8/18/2024,2:00:00,121.740691,203.443258
8/18/2024,3:00:00,116.002664,218.823556
8/18/2024,4:00:00,108.096628,232.114698
8/18/2024,5:00:00,98.708968,243.656626
8/18/2024,6:00:00,88.075291,254.039040
8/18/2024,7:00:00,77.431627,263.910293
8/18/2024,8:00:00,66.390816,273.978991
8/18/2024,9:00:00,55.480286,285.140376
8/18/2024,10:00:00,45.204605,298.718246
8/18/2024,11:00:00,36.420958,316.737470
8/18/2024,12:00:00,30.669411,341.282133
8/18/2024,13:00:00,29.874759,10.491868
8/18/2024,14:00:00,34.395506,36.869662
8/18/2024,15:00:00,42.514980,56.587377
8/18/2024,16:00:00,52.486268,71.183071
8/18/2024,17:00:00,63.289561,82.861580
8/18/2024,18:00:00,74.352380,93.125609
8/18/2024,19:00:00,85.228968,102.962629
8/18/2024,20:00:00,95.949015,113.117659
8/18/2024,21:00:00,105.691400,124.252955
8/18/2024,22:00:00,114.129828,136.991444
8/18/2024,23:00:00,120.615170,151.790917
8/19/2024,0:00:00,124.402678,168.581795
8/19/2024,1:00:00,124.905257,186.390363
8/19/2024,2:00:00,122.034488,203.623307
8/19/2024,3:00:00,116.262549,219.052506
8/19/2024,4:00:00,108.323868,232.368780
8/19/2024,5:00:00,98.909621,243.923845
8/19/2024,6:00:00,88.243240,254.316654
8/19/2024,7:00:00,77.602275,264.201262
8/19/2024,8:00:00,66.561245,274.289594
8/19/2024,9:00:00,55.661411,285.477870
8/19/2024,10:00:00,45.411268,299.084264
8/19/2024,11:00:00,36.671300,317.104818
8/19/2024,12:00:00,30.973372,341.545649
8/19/2024,13:00:00,30.207295,10.515425
8/19/2024,14:00:00,34.713823,36.697940
8/19/2024,15:00:00,42.805678,56.347639
8/19/2024,16:00:00,52.756409,70.937789
8/19/2024,17:00:00,63.549307,82.628317
8/19/2024,18:00:00,74.610088,92.907018
8/19/2024,19:00:00,85.486144,102.758375
8/19/2024,20:00:00,96.225257,112.929021
8/19/2024,21:00:00,105.984215,124.085828
8/19/2024,22:00:00,114.441625,136.859464
8/19/2024,23:00:00,120.943446,151.717083
8/20/2024,0:00:00,124.737064,168.592175
8/20/2024,1:00:00,125.228538,186.496006
8/20/2024,2:00:00,122.330511,203.808084
8/20/2024,3:00:00,116.523937,219.286312
8/20/2024,4:00:00,108.552121,232.627387
8/20/2024,5:00:00,99.111045,244.195179
8/20/2024,6:00:00,88.410789,254.598051
8/20/2024,7:00:00,77.773769,264.495783
8/20/2024,8:00:00,66.732841,274.603576
8/20/2024,9:00:00,55.844165,285.818511
8/20/2024,10:00:00,45.620162,299.452887
8/20/2024,11:00:00,36.924483,317.473632
8/20/2024,12:00:00,31.280525,341.809930
8/20/2024,13:00:00,30.543339,10.541695
8/20/2024,14:00:00,35.036211,36.529642
8/20/2024,15:00:00,43.100697,56.109902
8/20/2024,16:00:00,53.030799,70.693185
8/20/2024,17:00:00,63.813115,82.394929
8/20/2024,18:00:00,74.871646,92.687842
8/20/2024,19:00:00,85.746370,102.553272
8/20/2024,20:00:00,96.505186,112.739409
8/20/2024,21:00:00,106.280706,123.917776
8/20/2024,22:00:00,114.757131,136.726931
8/20/2024,23:00:00,121.275421,151.643634
8/21/2024,0:00:00,125.074936,168.604536
8/21/2024,1:00:00,125.554747,186.605351
8/21/2024,2:00:00,122.628686,203.997560
8/21/2024,3:00:00,116.786767,219.524923
8/21/2024,4:00:00,108.781343,232.890449
8/21/2024,5:00:00,99.313214,244.470543
8/21/2024,6:00:00,88.577823,254.883136
8/21/2024,7:00:00,77.946113,264.793749
8/21/2024,8:00:00,66.905618,274.920813
8/21/2024,9:00:00,56.028569,286.162150
8/21/2024,10:00:00,45.831305,299.823926
8/21/2024,11:00:00,37.180505,317.843682
8/21/2024,12:00:00,31.590826,342.074749
8/21/2024,13:00:00,30.882810,10.570488
8/21/2024,14:00:00,35.362564,36.364686
8/21/2024,15:00:00,43.399931,55.874174
8/21/2024,16:00:00,53.309335,70.449292
8/21/2024,17:00:00,64.080884,82.161447
8/21/2024,18:00:00,75.136952,92.468101
8/21/2024,19:00:00,86.009449,102.347327
8/21/2024,20:00:00,96.788698,112.548815
8/21/2024,21:00:00,106.580769,123.748774
8/21/2024,22:00:00,115.076243,136.593803
8/21/2024,23:00:00,121.611003,151.570523
8/22/2024,0:00:00,125.416207,168.618840
8/22/2024,1:00:00,125.883805,186.718373
8/22/2024,2:00:00,122.928940,204.191706
8/22/2024,3:00:00,117.050979,219.768285
8/22/2024,4:00:00,109.011491,233.157892
8/22/2024,5:00:00,99.516104,244.749853
8/22/2024,6:00:00,88.744220,255.171813
8/22/2024,7:00:00,78.119312,265.095053
8/22/2024,8:00:00,67.079595,275.241183
8/22/2024,9:00:00,56.214645,286.508637
8/22/2024,10:00:00,46.044712,300.197191
8/22/2024,11:00:00,37.439360,318.214739
8/22/2024,12:00:00,31.904233,342.339886
8/22/2024,13:00:00,31.225625,10.601616
8/22/2024,14:00:00,35.692774,36.202984
8/22/2024,15:00:00,43.703271,55.640453
8/22/2024,16:00:00,53.591914,70.206137
8/22/2024,17:00:00,64.352514,81.927898
8/22/2024,18:00:00,75.405903,92.247814
8/22/2024,19:00:00,86.275161,102.140545
8/22/2024,20:00:00,97.075688,112.357227
8/22/2024,21:00:00,106.884298,123.578795
8/22/2024,22:00:00,115.398860,136.460037
8/22/2024,23:00:00,121.950097,151.497697
8/23/2024,0:00:00,125.760791,168.635045
8/23/2024,1:00:00,126.215632,186.835047
8/23/2024,2:00:00,123.231199,204.390487
8/23/2024,3:00:00,117.316513,220.016345
8/23/2024,4:00:00,109.242524,233.429643
8/23/2024,5:00:00,99.719691,245.033019
8/23/2024,6:00:00,88.909856,255.463984
8/23/2024,7:00:00,78.293370,265.399589
8/23/2024,8:00:00,67.254788,275.564562
8/23/2024,9:00:00,56.402414,286.857820
8/23/2024,10:00:00,46.260400,300.572492
8/23/2024,11:00:00,37.701042,318.586580
8/23/2024,12:00:00,32.220700,342.605126
8/23/2024,13:00:00,31.571698,10.634896
8/23/2024,14:00:00,36.026733,36.044447
8/23/2024,15:00:00,44.010609,55.408737
8/23/2024,16:00:00,53.878431,69.963745
8/23/2024,17:00:00,64.627900,81.694308
8/23/2024,18:00:00,75.678390,92.026999
8/23/2024,19:00:00,86.543268,101.932932
8/23/2024,20:00:00,97.366047,112.164638
8/23/2024,21:00:00,107.191186,123.407810
8/23/2024,22:00:00,115.724877,136.325587
8/23/2024,23:00:00,122.292605,151.425106
8/24/2024,0:00:00,126.108599,168.653112
8/24/2024,1:00:00,126.550144,186.955347
8/24/2024,2:00:00,123.535389,204.593872
8/24/2024,3:00:00,117.583307,220.269047
8/24/2024,4:00:00,109.474397,233.705624
8/24/2024,5:00:00,99.923950,245.319954
8/24/2024,6:00:00,89.074606,255.759552
8/24/2024,7:00:00,78.468292,265.707246
8/24/2024,8:00:00,67.431209,275.890823
8/24/2024,9:00:00,56.591892,287.209549
8/24/2024,10:00:00,46.478379,300.949640
8/24/2024,11:00:00,37.965535,318.958987
8/24/2024,12:00:00,32.540177,342.870265
8/24/2024,13:00:00,31.920944,10.670155
8/24/2024,14:00:00,36.364332,35.888991
8/24/2024,15:00:00,44.321831,55.179023
8/24/2024,16:00:00,54.168778,69.722144
8/24/2024,17:00:00,64.906938,81.460706
8/24/2024,18:00:00,75.954306,91.805676
8/24/2024,19:00:00,86.813503,101.724496
8/24/2024,20:00:00,97.659667,111.971040
8/24/2024,21:00:00,107.501322,123.235797
8/24/2024,22:00:00,116.054188,136.190412
8/24/2024,23:00:00,122.638427,151.352700
8/25/2024,0:00:00,126.459540,168.673003
8/25/2024,1:00:00,126.887256,187.079249
8/25/2024,2:00:00,123.841429,204.801827
8/25/2024,3:00:00,117.851294,220.526334
8/25/2024,4:00:00,109.707062,233.985761
8/25/2024,5:00:00,100.128850,245.610567
8/25/2024,6:00:00,89.238352,256.058417
8/25/2024,7:00:00,78.644073,266.017913
8/25/2024,8:00:00,67.608867,276.219839
8/25/2024,9:00:00,56.783092,287.563671
8/25/2024,10:00:00,46.698652,301.328449
8/25/2024,11:00:00,38.232822,319.331745
8/25/2024,12:00:00,32.862607,343.135111
8/25/2024,13:00:00,32.273270,10.707230
8/25/2024,14:00:00,36.705458,35.736535
8/25/2024,15:00:00,44.636826,54.951314
8/25/2024,16:00:00,54.462847,69.481363
8/25/2024,17:00:00,65.189520,81.227124
8/25/2024,18:00:00,76.233542,91.583869
8/25/2024,19:00:00,87.085569,101.515250
8/25/2024,20:00:00,97.956438,111.776431
8/25/2024,21:00:00,107.814596,123.062735
8/25/2024,22:00:00,116.386682,136.054476
8/25/2024,23:00:00,122.987460,151.280435
8/26/2024,0:00:00,126.813517,168.694684
8/26/2024,1:00:00,127.226877,187.206734
8/26/2024,2:00:00,124.149235,205.014323
8/26/2024,3:00:00,118.120404,220.788150
8/26/2024,4:00:00,109.940467,234.269974
8/26/2024,5:00:00,100.334358,245.904767
8/26/2024,6:00:00,89.400991,256.360477
8/26/2024,7:00:00,78.820708,266.331480
8/26/2024,8:00:00,67.787764,276.551485
8/26/2024,9:00:00,56.976018,287.920034
8/26/2024,10:00:00,46.921217,301.708733
8/26/2024,11:00:00,38.502875,319.704650
8/26/2024,12:00:00,33.187928,343.399482
8/26/2024,13:00:00,32.628583,10.745971
8/26/2024,14:00:00,37.049997,35.587005
8/26/2024,15:00:00,44.955478,54.725613
8/26/2024,16:00:00,54.760528,69.241435
8/26/2024,17:00:00,65.475541,80.993595
8/26/2024,18:00:00,76.515986,91.361604
8/26/2024,19:00:00,87.359133,101.305208
8/26/2024,20:00:00,98.256248,111.580812
8/26/2024,21:00:00,108.130895,122.888607
8/26/2024,22:00:00,116.722250,135.917745
8/26/2024,23:00:00,123.339600,151.208269
8/27/2024,0:00:00,127.170433,168.718125
8/27/2024,1:00:00,127.568912,187.337783
8/27/2024,2:00:00,124.458721,205.231330
8/27/2024,3:00:00,118.390563,221.054441
8/27/2024,4:00:00,110.174555,234.558187
8/27/2024,5:00:00,100.540436,246.202464
8/27/2024,6:00:00,89.562462,256.665632
8/27/2024,7:00:00,78.998184,266.647836
8/27/2024,8:00:00,67.967899,276.885633
8/27/2024,9:00:00,57.170670,288.278489
8/27/2024,10:00:00,47.146065,302.090312
8/27/2024,11:00:00,38.775662,320.077503
8/27/2024,12:00:00,33.516075,343.663212
8/27/2024,13:00:00,32.986787,10.786238
8/27/2024,14:00:00,37.397834,35.440332
8/27/2024,15:00:00,45.277672,54.501925
8/27/2024,16:00:00,55.061712,69.002394
8/27/2024,17:00:00,65.764892,80.760158
8/27/2024,18:00:00,76.801528,91.138912
8/27/2024,19:00:00,87.633821,101.094390
8/27/2024,20:00:00,98.558986,111.384187
8/27/2024,21:00:00,108.450106,122.713403
8/27/2024,22:00:00,117.060781,135.780189
8/27/2024,23:00:00,123.694741,151.136165
8/28/2024,0:00:00,127.530187,168.743299
8/28/2024,1:00:00,127.913266,187.472385
8/28/2024,2:00:00,124.769794,205.452824
8/28/2024,3:00:00,118.661692,221.325151
8/28/2024,4:00:00,110.409267,234.850324
8/28/2024,5:00:00,100.747041,246.503566
8/28/2024,6:00:00,89.722766,256.973783
8/28/2024,7:00:00,79.176486,266.966869
8/28/2024,8:00:00,68.149265,277.222158
8/28/2024,9:00:00,57.367043,288.638888
8/28/2024,10:00:00,47.373183,302.473009
8/28/2024,11:00:00,39.051146,320.450117
8/28/2024,12:00:00,33.846977,343.926144
8/28/2024,13:00:00,33.347784,10.827903
8/28/2024,14:00:00,37.748854,35.296452
8/28/2024,15:00:00,45.603294,54.280259
8/28/2024,16:00:00,55.366288,68.764277
8/28/2024,17:00:00,66.057467,80.526850
8/28/2024,18:00:00,77.090058,90.915825
8/28/2024,19:00:00,87.909207,100.882817
8/28/2024,20:00:00,98.864543,111.186564
8/28/2024,21:00:00,108.772118,122.537110
8/28/2024,22:00:00,117.402163,135.641780
8/28/2024,23:00:00,124.052775,151.064088
8/29/2024,0:00:00,127.892679,168.770184
8/29/2024,1:00:00,128.259840,187.610528
8/29/2024,2:00:00,125.082362,205.678779
8/29/2024,3:00:00,118.933712,221.600229
8/29/2024,4:00:00,110.644540,235.146307
8/29/2024,5:00:00,100.954131,246.807984
8/29/2024,6:00:00,89.882010,257.284829
8/29/2024,7:00:00,79.355595,267.288471
8/29/2024,8:00:00,68.331852,277.560936
8/29/2024,9:00:00,57.565128,289.001084
8/29/2024,10:00:00,47.602552,302.856652
8/29/2024,11:00:00,39.329283,320.822310
8/29/2024,12:00:00,34.180561,344.188133
8/29/2024,13:00:00,33.711475,10.870845
8/29/2024,14:00:00,38.102942,35.155303
8/29/2024,15:00:00,45.932229,54.060621
8/29/2024,16:00:00,55.674148,68.527118
8/29/2024,17:00:00,66.353159,80.293710
8/29/2024,18:00:00,77.381466,90.692375
8/29/2024,19:00:00,88.184812,100.670510
8/29/2024,20:00:00,99.172806,110.987951
8/29/2024,21:00:00,109.096818,122.359722
8/29/2024,22:00:00,117.746284,135.502494
8/29/2024,23:00:00,124.413595,150.992004
8/30/2024,0:00:00,128.257805,168.798757
8/30/2024,1:00:00,128.608534,187.752205
8/30/2024,2:00:00,125.396330,205.909173
8/30/2024,3:00:00,119.206541,221.879620
8/30/2024,4:00:00,110.880311,235.446060
8/30/2024,5:00:00,101.161660,247.115628
8/30/2024,6:00:00,90.040464,257.598672
8/30/2024,7:00:00,79.535491,267.612531
8/30/2024,8:00:00,68.515649,277.901844
8/30/2024,9:00:00,57.764915,289.364932
8/30/2024,10:00:00,47.834150,303.241071
8/30/2024,11:00:00,39.610029,321.193908
8/30/2024,12:00:00,34.516751,344.449041
8/30/2024,13:00:00,34.077760,10.914949
8/30/2024,14:00:00,38.459983,35.016824
8/30/2024,15:00:00,46.264360,53.843017
8/30/2024,16:00:00,55.985180,68.290951
8/30/2024,17:00:00,66.651861,80.060776
8/30/2024,18:00:00,77.675638,90.468594
8/30/2024,19:00:00,88.460092,100.457493
8/30/2024,20:00:00,99.483666,110.788357
8/30/2024,21:00:00,109.424093,122.181229
8/30/2024,22:00:00,118.093032,135.362303
8/30/2024,23:00:00,124.777093,150.919880
8/31/2024,0:00:00,128.625463,168.828998
8/31/2024,1:00:00,128.959249,187.897408
8/31/2024,2:00:00,125.711603,206.143981
8/31/2024,3:00:00,119.480098,222.163270
8/31/2024,4:00:00,111.116517,235.749507
8/31/2024,5:00:00,101.369582,247.426406
8/31/2024,6:00:00,90.198628,257.915210
8/31/2024,7:00:00,79.716152,267.938941
8/31/2024,8:00:00,68.700641,278.244757
8/31/2024,9:00:00,57.966389,289.730290
8/31/2024,10:00:00,48.067954,303.626100
8/31/2024,11:00:00,39.893335,321.564741
8/31/2024,12:00:00,34.855471,344.708739
8/31/2024,13:00:00,34.446539,10.960103
8/31/2024,14:00:00,38.819860,34.880953
8/31/2024,15:00:00,46.599571,53.627450
8/31/2024,16:00:00,56.299274,68.055809
8/31/2024,17:00:00,66.953464,79.828085
8/31/2024,18:00:00,77.972462,90.244514
8/31/2024,19:00:00,88.734450,100.243785
8/31/2024,20:00:00,99.797009,110.587790
8/31/2024,21:00:00,109.753828,122.001623
8/31/2024,22:00:00,118.442293,135.221182
8/31/2024,23:00:00,125.143160,150.847681
9/1/2024,0:00:00,128.995550,168.860884
9/1/2024,1:00:00,129.311882,188.046127
9/1/2024,2:00:00,126.028087,206.383179
9/1/2024,3:00:00,119.754302,222.451124
9/1/2024,4:00:00,111.353096,236.056566
9/1/2024,5:00:00,101.577853,247.740227
9/1/2024,6:00:00,90.984763,258.234345
9/1/2024,7:00:00,79.897556,268.267591
9/1/2024,8:00:00,68.886816,278.589552
9/1/2024,9:00:00,58.169536,290.097013
9/1/2024,10:00:00,48.303939,304.011574
9/1/2024,11:00:00,40.179153,321.934646
9/1/2024,12:00:00,35.196642,344.967101
9/1/2024,13:00:00,34.817712,11.006200
9/1/2024,14:00:00,39.182457,34.747625
9/1/2024,15:00:00,46.937745,53.413918
9/1/2024,16:00:00,56.616316,67.821719
9/1/2024,17:00:00,67.257858,79.595671
9/1/2024,18:00:00,78.271823,90.020164
9/1/2024,19:00:00,89.007244,100.029409
9/1/2024,20:00:00,100.112724,110.386256
9/1/2024,21:00:00,110.085908,121.820893
9/1/2024,22:00:00,118.793954,135.079102
9/1/2024,23:00:00,125.511687,150.775369
9/2/2024,0:00:00,129.367961,168.894392
9/2/2024,1:00:00,129.666335,188.198352
9/2/2024,2:00:00,126.345685,206.626740
9/2/2024,3:00:00,120.029071,222.743123
9/2/2024,4:00:00,111.589986,236.367159
9/2/2024,5:00:00,101.786429,248.056997
9/2/2024,6:00:00,91.175550,258.555973
9/2/2024,7:00:00,80.079683,268.598369
9/2/2024,8:00:00,69.074161,278.936106
9/2/2024,9:00:00,58.374342,290.464960
9/2/2024,10:00:00,48.542077,304.397330
9/2/2024,11:00:00,40.467431,322.303460
9/2/2024,12:00:00,35.540185,345.224005
9/2/2024,13:00:00,35.191176,11.053130
9/2/2024,14:00:00,39.547658,34.616774
9/2/2024,15:00:00,47.278763,53.202416
9/2/2024,16:00:00,56.936191,67.588705
9/2/2024,17:00:00,67.564930,79.363564
9/2/2024,18:00:00,78.573602,89.795570
9/2/2024,19:00:00,89.277849,99.814380
9/2/2024,20:00:00,100.430694,110.183760
9/2/2024,21:00:00,110.420218,121.639028
9/2/2024,22:00:00,119.147898,134.936032
9/2/2024,23:00:00,125.882563,150.702905
9/3/2024,0:00:00,129.742594,168.929493
9/3/2024,1:00:00,130.022506,188.354070
9/3/2024,2:00:00,126.664305,206.874633
9/3/2024,3:00:00,120.304328,223.039204
9/3/2024,4:00:00,111.827127,236.681200
9/3/2024,5:00:00,101.995269,248.376621
9/3/2024,6:00:00,91.366786,258.879991
9/3/2024,7:00:00,80.262513,268.931164
9/3/2024,8:00:00,69.262662,279.284295
9/3/2024,9:00:00,58.580792,290.833987
9/3/2024,10:00:00,48.782344,304.783206
9/3/2024,11:00:00,40.758117,322.671026
9/3/2024,12:00:00,35.886020,345.479331
9/3/2024,13:00:00,35.566832,11.100786
9/3/2024,14:00:00,39.915344,34.488328
9/3/2024,15:00:00,47.622505,52.992932
9/3/2024,16:00:00,57.258784,67.356787
9/3/2024,17:00:00,67.874567,79.131791
9/3/2024,18:00:00,78.877680,89.570758
9/3/2024,19:00:00,89.545769,99.598715
9/3/2024,20:00:00,100.750804,109.980306
9/3/2024,21:00:00,110.756638,121.456012
9/3/2024,22:00:00,119.504009,134.791938
9/3/2024,23:00:00,126.255677,150.630245
9/4/2024,0:00:00,130.119343,168.966157
9/4/2024,1:00:00,130.380295,188.513265
9/4/2024,2:00:00,126.983855,207.126825
9/4/2024,3:00:00,120.579996,223.339304
9/4/2024,4:00:00,112.064462,236.998603
9/4/2024,5:00:00,102.204334,248.699000
9/4/2024,6:00:00,91.558446,259.206296
9/4/2024,7:00:00,80.446027,269.265864
9/4/2024,8:00:00,69.452308,279.633991
9/4/2024,9:00:00,58.788874,291.203951
9/4/2024,10:00:00,49.024710,305.169040
9/4/2024,11:00:00,41.051161,323.037187
9/4/2024,12:00:00,36.234068,345.732962
9/4/2024,13:00:00,35.944576,11.149060
9/4/2024,14:00:00,40.285397,34.362212
9/4/2024,15:00:00,47.968848,52.785450
9/4/2024,16:00:00,57.583975,67.125979
9/4/2024,17:00:00,68.186653,78.900375
9/4/2024,18:00:00,79.183933,89.345747
9/4/2024,19:00:00,89.810876,99.382427
9/4/2024,20:00:00,101.072935,109.775893
9/4/2024,21:00:00,111.095050,121.271829
9/4/2024,22:00:00,119.862168,134.646782
9/4/2024,23:00:00,126.630917,150.557340
9/5/2024,0:00:00,130.498103,169.004348
9/5/2024,1:00:00,130.739604,188.675915
9/5/2024,2:00:00,127.304243,207.383277
9/5/2024,3:00:00,120.855999,223.643354
9/5/2024,4:00:00,112.301936,237.319279
9/5/2024,5:00:00,102.413586,249.024036
9/5/2024,6:00:00,91.750505,259.534780
9/5/2024,7:00:00,80.630208,269.602353
9/5/2024,8:00:00,69.643089,279.985070
9/5/2024,9:00:00,58.998572,291.574706
9/5/2024,10:00:00,49.269149,305.554671
9/5/2024,11:00:00,41.346507,323.401789
9/5/2024,12:00:00,36.584248,345.984784
9/5/2024,13:00:00,36.324307,11.197842
9/5/2024,14:00:00,40.657698,34.238349
9/5/2024,15:00:00,48.317670,52.579948
9/5/2024,16:00:00,57.911645,66.896293
9/5/2024,17:00:00,68.501068,78.669338
9/5/2024,18:00:00,79.492235,89.120557
9/5/2024,19:00:00,90.073853,99.165527
9/5/2024,20:00:00,101.396967,109.570520
9/5/2024,21:00:00,111.435330,121.086458
9/5/2024,22:00:00,120.222255,134.500524
9/5/2024,23:00:00,127.008169,150.484139
9/6/2024,0:00:00,130.878771,169.044028
9/6/2024,1:00:00,131.100333,188.841998
9/6/2024,2:00:00,127.625378,207.643949
9/6/2024,3:00:00,121.132265,223.951281
9/6/2024,4:00:00,112.539495,237.643136
9/6/2024,5:00:00,102.622989,249.351625
9/6/2024,6:00:00,91.942943,259.865336
9/6/2024,7:00:00,80.815041,269.940517
9/6/2024,8:00:00,69.834995,280.337403
9/6/2024,9:00:00,59.209873,291.946110
9/6/2024,10:00:00,49.515633,305.939939
9/6/2024,11:00:00,41.644101,323.764682
9/6/2024,12:00:00,36.936478,346.234682
9/6/2024,13:00:00,36.705921,11.247025
9/6/2024,14:00:00,41.032126,34.116658
9/6/2024,15:00:00,48.668846,52.376403
9/6/2024,16:00:00,58.241670,66.667736
9/6/2024,17:00:00,68.817693,78.438696
9/6/2024,18:00:00,79.802457,88.895203
9/6/2024,19:00:00,90.960360,98.948024
9/6/2024,20:00:00,101.722776,109.364183
9/6/2024,21:00:00,111.777356,120.899878
9/6/2024,22:00:00,120.584149,134.353122
9/6/2024,23:00:00,127.387318,150.410587
9/7/2024,0:00:00,131.261241,169.085156
9/7/2024,1:00:00,131.462382,189.011487
9/7/2024,2:00:00,127.947171,207.908795
9/7/2024,3:00:00,121.408721,224.263010
9/7/2024,4:00:00,112.777089,237.970079
9/7/2024,5:00:00,102.832512,249.681665
9/7/2024,6:00:00,92.135739,260.197853
9/7/2024,7:00:00,81.000510,270.280237
9/7/2024,8:00:00,70.028017,280.690863
9/7/2024,9:00:00,59.422763,292.318017
9/7/2024,10:00:00,49.764131,306.324685
9/7/2024,11:00:00,41.943888,324.125717
9/7/2024,12:00:00,37.290674,346.482548
9/7/2024,13:00:00,37.089315,11.296502
9/7/2024,14:00:00,41.408561,33.997057
9/7/2024,15:00:00,49.022249,52.174785
9/7/2024,16:00:00,58.573926,66.440311
9/7/2024,17:00:00,69.136404,78.208464
9/7/2024,18:00:00,80.114466,88.669701
9/7/2024,19:00:00,91.277822,98.729926
9/7/2024,20:00:00,102.050239,109.156878
9/7/2024,21:00:00,112.121001,120.712066
9/7/2024,22:00:00,120.947727,134.204530
9/7/2024,23:00:00,127.768250,150.336626
9/8/2024,0:00:00,131.645406,169.127684
9/8/2024,1:00:00,131.825655,189.184351
9/8/2024,2:00:00,128.269534,208.177767
9/8/2024,3:00:00,121.685297,224.578462
9/8/2024,4:00:00,113.014667,238.300009
9/8/2024,5:00:00,103.042120,250.014048
9/8/2024,6:00:00,92.328874,260.532221
9/8/2024,7:00:00,81.186599,270.621397
9/8/2024,8:00:00,70.222145,281.045318
9/8/2024,9:00:00,59.637227,292.690283
9/8/2024,10:00:00,50.014614,306.708751
9/8/2024,11:00:00,42.245812,324.484747
9/8/2024,12:00:00,37.646754,346.728272
9/8/2024,13:00:00,37.474384,11.346166
9/8/2024,14:00:00,41.786881,33.879461
9/8/2024,15:00:00,49.377752,51.975062
9/8/2024,16:00:00,58.908288,66.214019
9/8/2024,17:00:00,69.457077,77.978654
9/8/2024,18:00:00,80.428127,88.444062
9/8/2024,19:00:00,91.596930,98.511237
9/8/2024,20:00:00,102.379231,108.948597
9/8/2024,21:00:00,112.466140,120.522996
9/8/2024,22:00:00,121.312864,134.054699
9/8/2024,23:00:00,128.150847,150.262192
9/9/2024,0:00:00,132.031161,169.171564
9/9/2024,1:00:00,132.190051,189.360556
9/9/2024,2:00:00,128.592380,208.450813
9/9/2024,3:00:00,121.961925,224.897554
9/9/2024,4:00:00,113.252183,238.632827
9/9/2024,5:00:00,103.251786,250.348668
9/9/2024,6:00:00,92.522332,260.868326
9/9/2024,7:00:00,81.373296,270.963876
9/9/2024,8:00:00,70.417370,281.400641
9/9/2024,9:00:00,59.853251,293.062761
9/9/2024,10:00:00,50.267050,307.091980
9/9/2024,11:00:00,42.549812,324.841628
9/9/2024,12:00:00,38.004633,346.971748
9/9/2024,13:00:00,37.861025,11.395911
9/9/2024,14:00:00,42.166963,33.763782
9/9/2024,15:00:00,49.735226,51.777196
9/9/2024,16:00:00,59.244627,65.988855
9/9/2024,17:00:00,69.779586,77.749274
9/9/2024,18:00:00,80.743302,88.218296
9/9/2024,19:00:00,91.917557,98.291962
9/9/2024,20:00:00,102.709622,108.739332
9/9/2024,21:00:00,112.812645,120.332641
9/9/2024,22:00:00,121.679434,133.903579
9/9/2024,23:00:00,128.534992,150.187221
9/10/2024,0:00:00,132.418399,169.216742
9/10/2024,1:00:00,132.555473,189.540064
9/10/2024,2:00:00,128.915622,208.727876
9/10/2024,3:00:00,122.238538,225.220201
9/10/2024,4:00:00,113.489590,238.968428
9/10/2024,5:00:00,103.461480,250.685413
9/10/2024,6:00:00,92.716097,261.206054
9/10/2024,7:00:00,81.560588,271.307555
9/10/2024,8:00:00,70.613685,281.756699
9/10/2024,9:00:00,60.070821,293.435306
9/10/2024,10:00:00,50.521408,307.474216
9/10/2024,11:00:00,42.855832,325.196221
9/10/2024,12:00:00,38.364227,347.212873
9/10/2024,13:00:00,38.249131,11.445630
9/10/2024,14:00:00,42.548684,33.649933
9/10/2024,15:00:00,50.094542,51.581149
9/10/2024,16:00:00,59.582815,65.764813
9/10/2024,17:00:00,70.103803,77.520331
9/10/2024,18:00:00,81.059848,87.992409
9/10/2024,19:00:00,92.239576,98.072101
9/10/2024,20:00:00,103.041285,108.529073
9/10/2024,21:00:00,113.160383,120.140971
9/10/2024,22:00:00,122.047311,133.751115
9/10/2024,23:00:00,128.920566,150.111642
9/11/2024,0:00:00,132.807014,169.263158
9/11/2024,1:00:00,132.921825,189.722834
9/11/2024,2:00:00,129.239177,209.008895
9/11/2024,3:00:00,122.515072,225.546310
9/11/2024,4:00:00,113.726847,239.306707
9/11/2024,5:00:00,103.671179,251.024171
9/11/2024,6:00:00,92.910156,261.545290
9/11/2024,7:00:00,81.748463,271.652312
9/11/2024,8:00:00,70.811083,282.113362
9/11/2024,9:00:00,60.289922,293.807774
9/11/2024,10:00:00,50.777656,307.855303
9/11/2024,11:00:00,43.163812,325.548383
9/11/2024,12:00:00,38.725449,347.451543
9/11/2024,13:00:00,38.638598,11.495217
9/11/2024,14:00:00,42.931922,33.537821
9/11/2024,15:00:00,50.455569,51.386875
9/11/2024,16:00:00,59.922721,65.541880
9/11/2024,17:00:00,70.429597,77.291825
9/11/2024,18:00:00,81.377619,87.766406
9/11/2024,19:00:00,92.562856,97.851653
9/11/2024,20:00:00,103.374088,108.317804
9/11/2024,21:00:00,113.509225,119.947952
9/11/2024,22:00:00,122.416365,133.597248
9/11/2024,23:00:00,129.307452,150.035377
9/12/2024,0:00:00,133.196900,169.310747
9/12/2024,1:00:00,133.289012,189.908817
9/12/2024,2:00:00,129.562963,209.293803
9/12/2024,3:00:00,122.791468,225.875789
9/12/2024,4:00:00,113.963914,239.647554
9/12/2024,5:00:00,103.880861,251.364828
9/12/2024,6:00:00,93.104499,261.885916
9/12/2024,7:00:00,81.936912,271.998024
9/12/2024,8:00:00,71.009560,282.470495
9/12/2024,9:00:00,60.510542,294.180017
9/12/2024,10:00:00,51.035763,308.235085
9/12/2024,11:00:00,43.473693,325.897978
9/12/2024,12:00:00,39.088216,347.687654
9/12/2024,13:00:00,39.029321,11.544563
9/12/2024,14:00:00,43.316552,33.427348
9/12/2024,15:00:00,50.818174,51.194324
9/12/2024,16:00:00,60.264211,65.320040
9/12/2024,17:00:00,70.756836,77.063755
9/12/2024,18:00:00,81.696466,87.540286
9/12/2024,19:00:00,92.887266,97.630613
9/12/2024,20:00:00,103.707897,108.105510
9/12/2024,21:00:00,113.859036,119.753547
9/12/2024,22:00:00,122.786467,133.441914
9/12/2024,23:00:00,129.695527,149.958343
9/13/2024,0:00:00,133.587951,169.359439
9/13/2024,1:00:00,133.656940,190.097958
9/13/2024,2:00:00,129.886903,209.582528
9/13/2024,3:00:00,123.067668,226.208536
9/13/2024,4:00:00,114.200758,239.990856
9/13/2024,5:00:00,104.090508,251.707266
9/13/2024,6:00:00,93.299120,262.227813
9/13/2024,7:00:00,82.125930,272.344566
9/13/2024,8:00:00,71.209114,282.827965
9/13/2024,9:00:00,60.732671,294.551887
9/13/2024,10:00:00,51.295699,308.613407
9/13/2024,11:00:00,43.785418,326.244867
9/13/2024,12:00:00,39.452444,347.921102
9/13/2024,13:00:00,39.421195,11.593556
9/13/2024,14:00:00,43.702451,33.318415
9/13/2024,15:00:00,51.182224,51.003439
9/13/2024,16:00:00,60.607152,65.099270
9/13/2024,17:00:00,71.085385,76.836112
9/13/2024,18:00:00,82.016233,87.314044
9/13/2024,19:00:00,93.212672,97.408971
9/13/2024,20:00:00,104.042577,107.892169
9/13/2024,21:00:00,114.209681,119.557714
9/13/2024,22:00:00,123.157483,133.285044
9/13/2024,23:00:00,130.084673,149.880451
9/14/2024,0:00:00,133.980063,169.409152
9/14/2024,1:00:00,134.025518,190.290196
9/14/2024,2:00:00,130.210921,209.874992
9/14/2024,3:00:00,123.343621,226.544447
9/14/2024,4:00:00,114.437348,240.336495
9/14/2024,5:00:00,104.300107,252.051366
9/14/2024,6:00:00,93.494018,262.570858
9/14/2024,7:00:00,82.315512,272.691812
9/14/2024,8:00:00,71.409745,283.185637
9/14/2024,9:00:00,60.956300,294.923237
9/14/2024,10:00:00,51.557437,308.990114
9/14/2024,11:00:00,44.098929,326.588911
9/14/2024,12:00:00,39.818049,348.151781
9/14/2024,13:00:00,39.814116,11.642082
9/14/2024,14:00:00,44.089494,33.210915
9/14/2024,15:00:00,51.547585,50.814158
9/14/2024,16:00:00,60.951406,64.879541
9/14/2024,17:00:00,71.415107,76.608884
9/14/2024,18:00:00,82.336761,87.087672
9/14/2024,19:00:00,93.538937,97.186713
9/14/2024,20:00:00,104.377990,107.677755
9/14/2024,21:00:00,114.561021,119.360406
9/14/2024,22:00:00,123.529283,133.126560
9/14/2024,23:00:00,130.474769,149.801600
9/15/2024,0:00:00,134.373134,169.459798
9/15/2024,1:00:00,134.394659,190.485461
9/15/2024,2:00:00,130.534947,210.171108
9/15/2024,3:00:00,123.619279,226.883413
9/15/2024,4:00:00,114.673660,240.684352
9/15/2024,5:00:00,104.509652,252.397006
9/15/2024,6:00:00,93.689196,262.914930
9/15/2024,7:00:00,82.505661,273.039635
9/15/2024,8:00:00,71.611459,283.543373
9/15/2024,9:00:00,61.181425,295.293917
9/15/2024,10:00:00,51.820950,309.365049
9/15/2024,11:00:00,44.414173,326.929973
9/15/2024,12:00:00,40.184952,348.379583
9/15/2024,13:00:00,40.207982,11.690023
9/15/2024,14:00:00,44.477558,33.104737
9/15/2024,15:00:00,51.914122,50.626412
9/15/2024,16:00:00,61.296837,64.660817
9/15/2024,17:00:00,71.745863,76.382051
9/15/2024,18:00:00,82.657885,86.861154
9/15/2024,19:00:00,93.865923,96.963821
9/15/2024,20:00:00,104.713997,107.462236
9/15/2024,21:00:00,114.912919,119.161570
9/15/2024,22:00:00,123.901732,132.966379
9/15/2024,23:00:00,130.865695,149.721684
9/16/2024,0:00:00,134.767061,169.511279
9/16/2024,1:00:00,134.764278,190.683677
9/16/2024,2:00:00,130.858918,210.470785
9/16/2024,3:00:00,123.894604,227.225319
9/16/2024,4:00:00,114.909676,241.034303
9/16/2024,5:00:00,104.719140,252.744062
9/16/2024,6:00:00,93.884662,263.259903
9/16/2024,7:00:00,82.696381,273.387907
9/16/2024,8:00:00,71.814265,283.901038
9/16/2024,9:00:00,61.408043,295.663780
9/16/2024,10:00:00,52.086216,309.738058
9/16/2024,11:00:00,44.731096,327.267914
9/16/2024,12:00:00,40.553073,348.604401
9/16/2024,13:00:00,40.602693,11.737257
9/16/2024,14:00:00,44.866521,32.999764
9/16/2024,15:00:00,52.281701,50.440125
9/16/2024,16:00:00,61.643306,64.443056
9/16/2024,17:00:00,72.077515,76.155587
9/16/2024,18:00:00,82.979435,86.634469
9/16/2024,19:00:00,94.193491,96.740270
9/16/2024,20:00:00,105.050458,107.245576
9/16/2024,21:00:00,115.265234,118.961147
9/16/2024,22:00:00,124.274697,132.804409
9/16/2024,23:00:00,131.257332,149.640584
9/17/2024,0:00:00,135.161749,169.563487
9/17/2024,1:00:00,135.134297,190.884757
9/17/2024,2:00:00,131.182774,210.773927
9/17/2024,3:00:00,124.169559,227.570048
9/17/2024,4:00:00,115.145385,241.386225
9/17/2024,5:00:00,104.928577,253.092411
9/17/2024,6:00:00,94.080430,263.605656
9/17/2024,7:00:00,82.887681,273.736501
9/17/2024,8:00:00,72.018175,284.258495
9/17/2024,9:00:00,61.636156,296.032676
9/17/2024,10:00:00,52.353215,310.108987
9/17/2024,11:00:00,45.049652,327.602601
9/17/2024,12:00:00,40.922337,348.826124
9/17/2024,13:00:00,40.998151,11.783661
9/17/2024,14:00:00,45.256264,32.895875
9/17/2024,15:00:00,52.650190,50.255212
9/17/2024,16:00:00,61.990677,64.226208
9/17/2024,17:00:00,72.409922,75.929460
9/17/2024,18:00:00,83.301238,86.407592
9/17/2024,19:00:00,94.521501,96.516030
9/17/2024,20:00:00,105.387233,107.027733
9/17/2024,21:00:00,115.617830,118.759071
9/17/2024,22:00:00,124.648045,132.640553
9/17/2024,23:00:00,131.649564,149.558174
9/18/2024,0:00:00,135.557101,169.616306
9/18/2024,1:00:00,135.504642,191.088612
9/18/2024,2:00:00,131.506462,211.080430
9/18/2024,3:00:00,124.444119,227.917478
9/18/2024,4:00:00,115.380780,241.739991
9/18/2024,5:00:00,105.137972,253.441927
9/18/2024,6:00:00,94.276519,263.952063
9/18/2024,7:00:00,83.079574,274.085290
9/18/2024,8:00:00,72.223207,284.615610
9/18/2024,9:00:00,61.865769,296.400461
9/18/2024,10:00:00,52.621929,310.477685
9/18/2024,11:00:00,45.369792,327.933899
9/18/2024,12:00:00,41.292672,349.044647
9/18/2024,13:00:00,41.394261,11.829112
9/18/2024,14:00:00,45.646669,32.792944
9/18/2024,15:00:00,53.019457,50.071589
9/18/2024,16:00:00,62.338812,64.010220
9/18/2024,17:00:00,72.742946,75.703636
9/18/2024,18:00:00,83.623115,86.180491
9/18/2024,19:00:00,94.849814,96.291068
9/18/2024,20:00:00,105.724182,106.808662
9/18/2024,21:00:00,115.970565,118.555275
9/18/2024,22:00:00,125.021645,132.474708
9/18/2024,23:00:00,132.042274,149.474322
9/19/2024,0:00:00,135.953026,169.669613
9/19/2024,1:00:00,135.875241,191.295144
9/19/2024,2:00:00,131.829933,211.390190
9/19/2024,3:00:00,124.718257,228.267487
9/19/2024,4:00:00,115.615861,242.095474
9/19/2024,5:00:00,105.347339,253.792487
9/19/2024,6:00:00,94.472950,264.299001
9/19/2024,7:00:00,83.272072,274.434147
9/19/2024,8:00:00,72.429378,284.972246
9/19/2024,9:00:00,62.096888,296.766988
9/19/2024,10:00:00,52.892342,310.844003
9/19/2024,11:00:00,45.691470,328.261679
9/19/2024,12:00:00,41.664005,349.259862
9/19/2024,13:00:00,41.790930,11.873486
9/19/2024,14:00:00,46.037620,32.690850
9/19/2024,15:00:00,53.389370,49.889166
9/19/2024,16:00:00,62.687575,63.795036
9/19/2024,17:00:00,73.076445,75.478075
9/19/2024,18:00:00,83.944881,85.953137
9/19/2024,19:00:00,95.178290,96.065350
9/19/2024,20:00:00,106.061164,106.588316
9/19/2024,21:00:00,116.323300,118.349688
9/19/2024,22:00:00,125.395362,132.306767
9/19/2024,23:00:00,132.435347,149.388892
9/20/2024,0:00:00,136.349431,169.723282
9/20/2024,1:00:00,136.246024,191.504254
9/20/2024,2:00:00,132.153139,211.703096
9/20/2024,3:00:00,124.991952,228.619951
9/20/2024,4:00:00,115.850625,242.452547
9/20/2024,5:00:00,105.556690,254.143964
9/20/2024,6:00:00,94.669744,264.646347
9/20/2024,7:00:00,83.465188,274.782945
9/20/2024,8:00:00,72.636703,285.328270
9/20/2024,9:00:00,62.329514,297.132112
9/20/2024,10:00:00,53.164433,311.207793
9/20/2024,11:00:00,46.014637,328.585813
9/20/2024,12:00:00,42.036262,349.471670
9/20/2024,13:00:00,42.188060,11.916666
9/20/2024,14:00:00,46.428998,32.589471
9/20/2024,15:00:00,53.759798,49.707856
9/20/2024,16:00:00,63.036828,63.580601
9/20/2024,17:00:00,73.410280,75.252741
9/20/2024,18:00:00,84.266343,85.725497
9/20/2024,19:00:00,95.506787,95.838842
9/20/2024,20:00:00,106.398036,106.366651
9/20/2024,21:00:00,116.675895,118.142242
9/20/2024,22:00:00,125.769062,132.136626
9/20/2024,23:00:00,132.828662,149.301746
9/21/2024,0:00:00,136.746224,169.777181
9/21/2024,1:00:00,136.616919,191.715838
9/21/2024,2:00:00,132.476030,212.019038
9/21/2024,3:00:00,125.265181,228.974740
9/21/2024,4:00:00,116.085071,242.811077
9/21/2024,5:00:00,105.766038,254.496231
9/21/2024,6:00:00,94.866921,264.993974
9/21/2024,7:00:00,83.658929,275.131556
9/21/2024,8:00:00,72.845196,285.683547
9/21/2024,9:00:00,62.563646,297.495690
9/21/2024,10:00:00,53.438176,311.568911
9/21/2024,11:00:00,46.339237,328.906180
9/21/2024,12:00:00,42.409362,349.679975
9/21/2024,13:00:00,42.585554,11.958541
9/21/2024,14:00:00,46.820684,32.488693
9/21/2024,15:00:00,54.130608,49.527578
9/21/2024,16:00:00,63.386434,63.366863
9/21/2024,17:00:00,73.744310,75.027600
9/21/2024,18:00:00,84.587301,85.497545
9/21/2024,19:00:00,95.835164,95.611517
9/21/2024,20:00:00,106.734657,106.143627
9/21/2024,21:00:00,117.028206,117.932873
9/21/2024,22:00:00,126.142607,131.964184
9/21/2024,23:00:00,133.222100,149.212746
9/22/2024,0:00:00,137.143305,169.831181
9/22/2024,1:00:00,136.987852,191.929792
9/22/2024,2:00:00,132.798557,212.337902
9/22/2024,3:00:00,125.537918,229.331725
9/22/2024,4:00:00,116.319194,243.170935
9/22/2024,5:00:00,105.975391,254.849162
9/22/2024,6:00:00,95.064495,265.341757
9/22/2024,7:00:00,83.853297,275.479852
9/22/2024,8:00:00,73.054863,286.037940
9/22/2024,9:00:00,62.799277,297.857577
9/22/2024,10:00:00,53.713540,311.927213
9/22/2024,11:00:00,46.665211,329.222662
9/22/2024,12:00:00,42.783223,349.884688
9/22/2024,13:00:00,42.983309,11.999010
9/22/2024,14:00:00,47.212556,32.388411
9/22/2024,15:00:00,54.501666,49.348255
9/22/2024,16:00:00,63.736252,63.153778
9/22/2024,17:00:00,74.078391,74.802625
9/22/2024,18:00:00,84.907542,85.269260
9/22/2024,19:00:00,96.163279,95.383349
9/22/2024,20:00:00,107.070881,105.919209
9/22/2024,21:00:00,117.380089,117.721524
9/22/2024,22:00:00,126.515858,131.789345
9/22/2024,23:00:00,133.615535,149.121760
9/23/2024,0:00:00,137.540576,169.885154
9/23/2024,1:00:00,137.358744,192.146015
9/23/2024,2:00:00,133.120662,212.659574
9/23/2024,3:00:00,125.810131,229.690777
9/23/2024,4:00:00,116.552984,243.531987
9/23/2024,5:00:00,106.184753,255.202625
9/23/2024,6:00:00,95.262474,265.689569
9/23/2024,7:00:00,84.048285,275.827703
9/23/2024,8:00:00,73.265703,286.391315
9/23/2024,9:00:00,63.036390,298.217633
9/23/2024,10:00:00,53.990484,312.282563
9/23/2024,11:00:00,46.992489,329.535150
9/23/2024,12:00:00,43.157755,350.085730
9/23/2024,13:00:00,43.381219,12.037979
9/23/2024,14:00:00,47.604491,32.288527
9/23/2024,15:00:00,54.872837,49.169819
9/23/2024,16:00:00,64.086144,62.941304
9/23/2024,17:00:00,74.412381,74.577791
9/23/2024,18:00:00,85.226846,85.040625
9/23/2024,19:00:00,96.490989,95.154323
9/23/2024,20:00:00,107.406564,105.693369
9/23/2024,21:00:00,117.731398,117.508142
9/23/2024,22:00:00,126.888674,131.612018
9/23/2024,23:00:00,134.008841,149.028660
9/24/2024,0:00:00,137.937933,169.938973
9/24/2024,1:00:00,137.729514,192.364405
9/24/2024,2:00:00,133.442287,212.983938
9/24/2024,3:00:00,126.081787,230.051762
9/24/2024,4:00:00,116.786427,243.894100
9/24/2024,5:00:00,106.394122,255.556492
9/24/2024,6:00:00,95.460863,266.037282
9/24/2024,7:00:00,84.243882,276.174980
9/24/2024,8:00:00,73.477709,286.743538
9/24/2024,9:00:00,63.274964,298.575718
9/24/2024,10:00:00,54.268964,312.634827
9/24/2024,11:00:00,47.321000,329.843540
9/24/2024,12:00:00,43.532863,350.283028
9/24/2024,13:00:00,43.779176,12.075365
9/24/2024,14:00:00,47.996365,32.188954
9/24/2024,15:00:00,55.243986,48.992208
9/24/2024,16:00:00,64.435971,62.729408
9/24/2024,17:00:00,74.746139,74.353082
9/24/2024,18:00:00,85.544977,84.811629
9/24/2024,19:00:00,96.818152,94.924424
9/24/2024,20:00:00,107.741564,105.466085
9/24/2024,21:00:00,118.081990,117.292683
9/24/2024,22:00:00,127.260912,131.432120
9/24/2024,23:00:00,134.401889,148.933321
9/25/2024,0:00:00,138.335269,169.992516
9/25/2024,1:00:00,138.100077,192.584861
9/25/2024,2:00:00,133.763371,213.310882
9/25/2024,3:00:00,126.352850,230.414550
9/25/2024,4:00:00,117.019506,244.257140
9/25/2024,5:00:00,106.603492,255.910635
9/25/2024,6:00:00,95.659661,266.384771
9/25/2024,7:00:00,84.440067,276.521557
9/25/2024,8:00:00,73.690870,287.094476
9/25/2024,9:00:00,63.514970,298.931696
9/25/2024,10:00:00,54.548926,312.983877
9/25/2024,11:00:00,47.650662,330.147737
9/25/2024,12:00:00,43.908450,350.476522
9/25/2024,13:00:00,44.177067,12.111095
9/25/2024,14:00:00,48.388051,32.089611
9/25/2024,15:00:00,55.614978,48.815366
9/25/2024,16:00:00,64.785594,62.518059
9/25/2024,17:00:00,75.079525,74.128483
9/25/2024,18:00:00,85.861687,84.582266
9/25/2024,19:00:00,97.144629,94.693647
9/25/2024,20:00:00,108.075738,105.237339
9/25/2024,21:00:00,118.431720,117.075107
9/25/2024,22:00:00,127.632431,131.249572
9/25/2024,23:00:00,134.794550,148.835621
9/26/2024,0:00:00,138.732478,170.045661
9/26/2024,1:00:00,138.470347,192.807286
9/26/2024,2:00:00,134.083848,213.640291
9/26/2024,3:00:00,126.623280,230.779010
9/26/2024,4:00:00,117.252202,244.620976
9/26/2024,5:00:00,106.812856,256.264925
9/26/2024,6:00:00,95.858862,266.731910
9/26/2024,7:00:00,84.636815,276.867307
9/26/2024,8:00:00,73.905168,287.444000
9/26/2024,9:00:00,63.756374,299.285435
9/26/2024,10:00:00,54.830313,313.329591
9/26/2024,11:00:00,47.981394,330.447652
9/26/2024,12:00:00,44.284415,350.666155
9/26/2024,13:00:00,44.574781,12.145103
9/26/2024,14:00:00,48.779425,31.990426
9/26/2024,15:00:00,55.985680,48.639242
9/26/2024,16:00:00,65.134877,62.307233
9/26/2024,17:00:00,75.412399,73.903984
9/26/2024,18:00:00,86.176711,84.352533
9/26/2024,19:00:00,97.470282,94.461987
9/26/2024,20:00:00,108.408945,105.007119
9/26/2024,21:00:00,118.780444,116.855380
9/26/2024,22:00:00,128.003089,131.064300
9/26/2024,23:00:00,135.186693,148.735443
9/27/2024,0:00:00,139.129452,170.098289
9/27/2024,1:00:00,138.840238,193.031583
9/27/2024,2:00:00,134.403655,213.972052
9/27/2024,3:00:00,126.893036,231.145011
9/27/2024,4:00:00,117.484491,244.985476
9/27/2024,5:00:00,107.022200,256.619235
9/27/2024,6:00:00,96.058459,267.078576
9/27/2024,7:00:00,84.834092,277.212105
9/27/2024,8:00:00,74.120580,287.791983
9/27/2024,9:00:00,63.999139,299.636806
9/27/2024,10:00:00,55.113063,313.671851
9/27/2024,11:00:00,48.313108,330.743206
9/27/2024,12:00:00,44.660655,350.851880
9/27/2024,13:00:00,44.972206,12.177329
9/27/2024,14:00:00,49.170363,31.891331
9/27/2024,15:00:00,56.355958,48.463791
9/27/2024,16:00:00,65.483684,62.096906
9/27/2024,17:00:00,75.744624,73.679580
9/27/2024,18:00:00,86.489762,84.122430
9/27/2024,19:00:00,97.794973,94.229446
9/27/2024,20:00:00,108.741046,104.775417
9/27/2024,21:00:00,119.128021,116.633472
9/27/2024,22:00:00,128.372745,130.876233
9/27/2024,23:00:00,135.578188,148.632671
9/28/2024,0:00:00,139.526081,170.150282
9/28/2024,1:00:00,139.209659,193.257654
9/28/2024,2:00:00,134.722724,214.306052
9/28/2024,3:00:00,127.162075,231.512421
9/28/2024,4:00:00,117.716351,245.350507
9/28/2024,5:00:00,107.231512,256.973438
9/28/2024,6:00:00,96.258440,267.424644
9/28/2024,7:00:00,85.031863,277.555829
9/28/2024,8:00:00,74.337081,288.138297
9/28/2024,9:00:00,64.243220,299.985684
9/28/2024,10:00:00,55.397108,314.010546
9/28/2024,11:00:00,48.645713,331.034321
9/28/2024,12:00:00,45.037064,351.033655
9/28/2024,13:00:00,45.369226,12.207720
9/28/2024,14:00:00,49.560738,31.792263
9/28/2024,15:00:00,56.725680,48.288969
9/28/2024,16:00:00,65.831882,61.887060
9/28/2024,17:00:00,76.076061,73.455265
9/28/2024,18:00:00,86.800528,83.891960
9/28/2024,19:00:00,98.118566,93.996026
9/28/2024,20:00:00,109.071901,104.542229
9/28/2024,21:00:00,119.474307,116.409356
9/28/2024,22:00:00,128.741255,130.685305
9/28/2024,23:00:00,135.968903,148.527191
9/29/2024,0:00:00,139.922256,170.201520
9/29/2024,1:00:00,139.578524,193.485402
9/29/2024,2:00:00,135.040990,214.642173
9/29/2024,3:00:00,127.430356,231.881108
9/29/2024,4:00:00,117.947755,245.715938
9/29/2024,5:00:00,107.440775,257.327409
9/29/2024,6:00:00,96.458792,267.769993
9/29/2024,7:00:00,85.230085,277.898356
9/29/2024,8:00:00,74.554641,288.482820
9/29/2024,9:00:00,64.488574,300.331945
9/29/2024,10:00:00,55.682380,314.345567
9/29/2024,11:00:00,48.979118,331.320928
9/29/2024,12:00:00,45.413537,351.211440
9/29/2024,13:00:00,45.765727,12.236226
9/29/2024,14:00:00,49.950426,31.693165
9/29/2024,15:00:00,57.094715,48.114735
9/29/2024,16:00:00,66.179334,61.677676
9/29/2024,17:00:00,76.406574,73.231037
9/29/2024,18:00:00,87.108668,83.661128
9/29/2024,19:00:00,98.440927,93.761732
9/29/2024,20:00:00,109.401372,104.307551
9/29/2024,21:00:00,119.819162,116.183010
9/29/2024,22:00:00,129.108480,130.491451
9/29/2024,23:00:00,136.358708,148.418888
9/30/2024,0:00:00,140.317867,170.251882
9/30/2024,1:00:00,139.946742,193.714726
9/30/2024,2:00:00,135.358386,214.980299
9/30/2024,3:00:00,127.697836,232.250937
9/30/2024,4:00:00,118.178680,246.081635
9/30/2024,5:00:00,107.649975,257.681019
9/30/2024,6:00:00,96.659500,268.114500
9/30/2024,7:00:00,85.428711,278.239564
9/30/2024,8:00:00,74.773229,288.825427
9/30/2024,9:00:00,64.735150,300.675469
9/30/2024,10:00:00,55.968808,314.676810
9/30/2024,11:00:00,49.313226,331.602960
9/30/2024,12:00:00,45.789965,351.385202
9/30/2024,13:00:00,46.161594,12.262801
9/30/2024,14:00:00,50.339302,31.593979
9/30/2024,15:00:00,57.462930,47.941050
9/30/2024,16:00:00,66.525908,61.468737
9/30/2024,17:00:00,76.736027,73.006895
9/30/2024,18:00:00,87.413805,83.429941
9/30/2024,19:00:00,98.761919,93.526573
9/30/2024,20:00:00,109.729321,104.071384
9/30/2024,21:00:00,120.162444,115.954412
9/30/2024,22:00:00,129.474275,130.294609
9/30/2024,23:00:00,136.747469,148.307647
10/1/2024,0:00:00,140.712804,170.301242
10/1/2024,1:00:00,140.314227,193.945521
10/1/2024,2:00:00,135.674847,215.320306
10/1/2024,3:00:00,127.964475,232.621771
10/1/2024,4:00:00,118.409102,246.447464
10/1/2024,5:00:00,107.859095,258.034142
10/1/2024,6:00:00,96.860551,268.458042
10/1/2024,7:00:00,85.627691,278.579331
10/1/2024,8:00:00,74.992813,289.165999
10/1/2024,9:00:00,64.982900,301.016136
10/1/2024,10:00:00,56.256317,315.004173
10/1/2024,11:00:00,49.647943,331.880353
10/1/2024,12:00:00,46.166240,351.554908
10/1/2024,13:00:00,46.556711,12.287401
10/1/2024,14:00:00,50.727242,31.494650
10/1/2024,15:00:00,57.830194,47.767877
10/1/2024,16:00:00,66.871469,61.260227
10/1/2024,17:00:00,77.064282,72.782837
10/1/2024,18:00:00,87.715521,83.198404
10/1/2024,19:00:00,99.081408,93.290556
10/1/2024,20:00:00,110.055611,103.833731
10/1/2024,21:00:00,120.504012,115.723544
10/1/2024,22:00:00,129.838499,130.094719
10/1/2024,23:00:00,137.135053,148.193353
10/2/2024,0:00:00,141.106955,170.349474
10/2/2024,1:00:00,140.680889,194.177680
10/2/2024,2:00:00,135.990310,215.662071
10/2/2024,3:00:00,128.230231,232.993472
10/2/2024,4:00:00,118.638996,246.813289
10/2/2024,5:00:00,108.068119,258.386651
10/2/2024,6:00:00,97.061928,268.800496
10/2/2024,7:00:00,85.826969,278.917538
10/2/2024,8:00:00,75.213358,289.504412
10/2/2024,9:00:00,65.231770,301.353831
10/2/2024,10:00:00,56.544833,315.327556
10/2/2024,11:00:00,49.983171,332.153047
10/2/2024,12:00:00,46.542254,351.720527
10/2/2024,13:00:00,46.950963,12.309982
10/2/2024,14:00:00,51.114120,31.395127
10/2/2024,15:00:00,58.196376,47.595178
10/2/2024,16:00:00,67.215884,61.052130
10/2/2024,17:00:00,77.391203,72.558862
10/2/2024,18:00:00,88.013355,82.966526
10/2/2024,19:00:00,99.399260,93.053691
10/2/2024,20:00:00,110.380105,103.594594
10/2/2024,21:00:00,120.843723,115.490390
10/2/2024,22:00:00,130.201009,129.891719
10/2/2024,23:00:00,137.521327,148.075888
10/3/2024,0:00:00,141.500210,170.396446
10/3/2024,1:00:00,141.046642,194.411092
10/3/2024,2:00:00,136.304710,216.005463
10/3/2024,3:00:00,128.495066,233.365899
10/3/2024,4:00:00,118.868339,247.178975
10/3/2024,5:00:00,108.277032,258.738417
10/3/2024,6:00:00,97.263615,269.141741
10/3/2024,7:00:00,86.026484,279.254063
10/3/2024,8:00:00,75.434828,289.840548
10/3/2024,9:00:00,65.481708,301.688436
10/3/2024,10:00:00,56.834278,315.646864
10/3/2024,11:00:00,50.318812,332.420985
10/3/2024,12:00:00,46.917895,351.882032
10/3/2024,13:00:00,47.344233,12.330505
10/3/2024,14:00:00,51.499812,31.295357
10/3/2024,15:00:00,58.561344,47.422916
10/3/2024,16:00:00,67.559020,60.844431
10/3/2024,17:00:00,77.716653,72.334972
10/3/2024,18:00:00,88.306802,82.734317
10/3/2024,19:00:00,99.715340,92.815991
10/3/2024,20:00:00,110.702664,103.353980
10/3/2024,21:00:00,121.181436,115.254935
10/3/2024,22:00:00,130.561661,129.685553
10/3/2024,23:00:00,137.906157,147.955133
10/4/2024,0:00:00,141.892459,170.442022
10/4/2024,1:00:00,141.411398,194.645641
10/4/2024,2:00:00,136.617986,216.350351
10/4/2024,3:00:00,128.758942,233.738907
10/4/2024,4:00:00,119.097110,247.544384
10/4/2024,5:00:00,108.485817,259.089311
10/4/2024,6:00:00,97.465597,269.481653
10/4/2024,7:00:00,86.226171,279.588786
10/4/2024,8:00:00,75.657185,290.174289
10/4/2024,9:00:00,65.732657,302.019841
10/4/2024,10:00:00,57.124572,315.962003
10/4/2024,11:00:00,50.654766,332.684111
10/4/2024,12:00:00,47.293054,352.039396
10/4/2024,13:00:00,47.736405,12.348931
10/4/2024,14:00:00,51.884193,31.195292
10/4/2024,15:00:00,58.924968,47.251058
10/4/2024,16:00:00,67.900743,60.637115
10/4/2024,17:00:00,78.040496,72.111167
10/4/2024,18:00:00,88.595317,82.501786
10/4/2024,19:00:00,100.029516,92.577468
10/4/2024,20:00:00,111.023152,103.111896
10/4/2024,21:00:00,121.517011,115.017169
10/4/2024,22:00:00,130.920312,129.476165
10/4/2024,23:00:00,138.289407,147.830972
10/5/2024,0:00:00,142.283589,170.486065
10/5/2024,1:00:00,141.775072,194.881206
10/5/2024,2:00:00,136.930077,216.696598
10/5/2024,3:00:00,129.021822,234.112350
10/5/2024,4:00:00,119.325287,247.909375
10/5/2024,5:00:00,108.694460,259.439204
10/5/2024,6:00:00,97.667855,269.820110
10/5/2024,7:00:00,86.425957,279.921588
10/5/2024,8:00:00,75.880390,290.505515
10/5/2024,9:00:00,65.984560,302.347932
10/5/2024,10:00:00,57.415637,316.272883
10/5/2024,11:00:00,50.990931,332.942375
10/5/2024,12:00:00,47.667619,352.192596
10/5/2024,13:00:00,48.127363,12.365223
10/5/2024,14:00:00,52.267138,31.094884
10/5/2024,15:00:00,59.287116,47.079569
10/5/2024,16:00:00,68.240920,60.430170
10/5/2024,17:00:00,78.362595,71.887449
10/5/2024,18:00:00,88.878333,82.268946
10/5/2024,19:00:00,100.341653,92.338138
10/5/2024,20:00:00,111.341433,102.868355
10/5/2024,21:00:00,121.850305,114.777083
10/5/2024,22:00:00,131.276818,129.263502
10/5/2024,23:00:00,138.670943,147.703286
10/6/2024,0:00:00,142.673490,170.528432
10/6/2024,1:00:00,142.137577,195.117662
10/6/2024,2:00:00,137.240922,217.044063
10/6/2024,3:00:00,129.283669,234.486080
10/6/2024,4:00:00,119.552848,248.273810
10/6/2024,5:00:00,108.902943,259.787966
10/6/2024,6:00:00,97.870372,270.156990
10/6/2024,7:00:00,86.625763,280.252349
10/6/2024,8:00:00,76.104402,290.834110
10/6/2024,9:00:00,66.237356,302.672601
10/6/2024,10:00:00,57.707388,316.579417
10/6/2024,11:00:00,51.327207,333.195728
10/6/2024,12:00:00,48.041478,352.341608
10/6/2024,13:00:00,48.516988,12.379346
10/6/2024,14:00:00,52.648522,30.994087
10/6/2024,15:00:00,59.647658,46.908416
10/6/2024,16:00:00,68.579420,60.223584
10/6/2024,17:00:00,78.682814,71.663823
10/6/2024,18:00:00,89.155311,82.035809
10/6/2024,19:00:00,100.651619,92.098018
10/6/2024,20:00:00,111.657371,102.623369
10/6/2024,21:00:00,122.181178,114.534673
10/6/2024,22:00:00,131.631034,129.047516
10/6/2024,23:00:00,139.050627,147.571955
10/7/2024,0:00:00,143.062048,170.568976
10/7/2024,1:00:00,142.498827,195.354882
10/7/2024,2:00:00,137.550463,217.392602
10/7/2024,3:00:00,129.544448,234.859945
10/7/2024,4:00:00,119.779772,248.637546
10/7/2024,5:00:00,109.111251,260.135468
10/7/2024,6:00:00,98.073128,270.492168
10/7/2024,7:00:00,86.825500,280.580950
10/7/2024,8:00:00,76.329177,291.159959
10/7/2024,9:00:00,66.490985,302.993741
10/7/2024,10:00:00,57.999742,316.881518
10/7/2024,11:00:00,51.663488,333.444122
10/7/2024,12:00:00,48.414519,352.486413
10/7/2024,13:00:00,48.905164,12.391269
10/7/2024,14:00:00,53.028220,30.892858
10/7/2024,15:00:00,60.006462,46.737571
10/7/2024,16:00:00,68.916108,60.017345
10/7/2024,17:00:00,79.001016,71.440293
10/7/2024,18:00:00,89.425820,81.802391
10/7/2024,19:00:00,100.959282,91.857127
10/7/2024,20:00:00,111.970829,102.376954
10/7/2024,21:00:00,122.509490,114.289938
10/7/2024,22:00:00,131.982817,128.828158
10/7/2024,23:00:00,139.428322,147.436861
10/8/2024,0:00:00,143.449151,170.607549
10/8/2024,1:00:00,142.858738,195.592731
10/8/2024,2:00:00,137.858640,217.742066
10/8/2024,3:00:00,129.804124,235.233791
10/8/2024,4:00:00,120.006038,249.000440
10/8/2024,5:00:00,109.319366,260.481577
10/8/2024,6:00:00,98.276105,270.825523
10/8/2024,7:00:00,87.025074,280.907273
10/8/2024,8:00:00,76.554672,291.482947
10/8/2024,9:00:00,66.745384,303.311244
10/8/2024,10:00:00,58.292613,317.179104
10/8/2024,11:00:00,51.999670,333.687514
10/8/2024,12:00:00,48.786627,352.626991
10/8/2024,13:00:00,49.291771,12.400960
10/8/2024,14:00:00,53.406107,30.791155
10/8/2024,15:00:00,60.363400,46.567002
10/8/2024,16:00:00,69.250854,59.811442
10/8/2024,17:00:00,79.317063,71.216865
10/8/2024,18:00:00,89.689706,81.568707
10/8/2024,19:00:00,101.264508,91.615485
10/8/2024,20:00:00,112.281673,102.129129
10/8/2024,21:00:00,122.835099,114.042878
10/8/2024,22:00:00,132.332022,128.605385
10/8/2024,23:00:00,139.803891,147.297885
10/9/2024,0:00:00,143.834686,170.643994
10/9/2024,1:00:00,143.217224,195.831069
10/9/2024,2:00:00,138.165397,218.092300
10/9/2024,3:00:00,130.062666,235.607462
10/9/2024,4:00:00,120.231627,249.362347
10/9/2024,5:00:00,109.527275,260.826163
10/9/2024,6:00:00,98.479283,271.156930
10/9/2024,7:00:00,87.224381,281.231200
10/9/2024,8:00:00,76.780840,291.802959
10/9/2024,9:00:00,67.000487,303.625007
10/9/2024,10:00:00,58.585914,317.472094
10/9/2024,11:00:00,52.335648,333.925861
10/9/2024,12:00:00,49.157691,352.763325
10/9/2024,13:00:00,49.676693,12.408387
10/9/2024,14:00:00,53.782059,30.688936
10/9/2024,15:00:00,60.718339,46.396679
10/9/2024,16:00:00,69.583523,59.605866
10/9/2024,17:00:00,79.630820,70.993543
10/9/2024,18:00:00,89.947373,81.334773
10/9/2024,19:00:00,101.567167,91.373116
10/9/2024,20:00:00,112.589768,101.879913
10/9/2024,21:00:00,123.157864,113.793496
10/9/2024,22:00:00,132.678502,128.379153
10/9/2024,23:00:00,140.177195,147.154905
10/10/2024,0:00:00,144.218541,170.678152
10/10/2024,1:00:00,143.574202,196.069749
10/10/2024,2:00:00,138.470681,218.443144
10/10/2024,3:00:00,130.320042,235.980795
10/10/2024,4:00:00,120.456521,249.723122
10/10/2024,5:00:00,109.734961,261.169092
10/10/2024,6:00:00,98.682644,271.486266
10/10/2024,7:00:00,87.423307,281.552610
10/10/2024,8:00:00,77.007637,292.119881
10/10/2024,9:00:00,67.256232,303.934926
10/10/2024,10:00:00,58.879559,317.760408
10/10/2024,11:00:00,52.671318,334.159121
10/10/2024,12:00:00,49.527595,352.895393
10/10/2024,13:00:00,50.059812,12.413518
10/10/2024,14:00:00,54.155949,30.586158
10/10/2024,15:00:00,61.071150,46.226572
10/10/2024,16:00:00,69.913985,59.400605
10/10/2024,17:00:00,79.942148,70.770332
10/10/2024,18:00:00,90.200231,81.100605
10/10/2024,19:00:00,101.867126,91.130040
10/10/2024,20:00:00,112.894977,101.629328
10/10/2024,21:00:00,123.477646,113.541798
10/10/2024,22:00:00,133.022113,128.149419
10/10/2024,23:00:00,140.548094,147.007797
10/11/2024,0:00:00,144.600602,170.709850
10/11/2024,1:00:00,143.929592,196.308615
10/11/2024,2:00:00,138.774439,218.794433
10/11/2024,3:00:00,130.576226,236.353627
10/11/2024,4:00:00,120.680707,250.082614
10/11/2024,5:00:00,109.942414,261.510229
10/11/2024,6:00:00,98.886172,271.813407
10/11/2024,7:00:00,87.621730,281.871386
10/11/2024,8:00:00,77.235018,292.433600
10/11/2024,9:00:00,67.512554,304.240896
10/11/2024,10:00:00,59.173462,318.043966
10/11/2024,11:00:00,53.006575,334.387250
10/11/2024,12:00:00,49.896229,353.023175
10/11/2024,13:00:00,50.441010,12.416319
10/11/2024,14:00:00,54.527654,30.482776
10/11/2024,15:00:00,61.421701,46.056647
10/11/2024,16:00:00,70.242104,59.195645
10/11/2024,17:00:00,80.250908,70.547237
10/11/2024,18:00:00,91.096829,80.866218
10/11/2024,19:00:00,102.164251,90.886278
10/11/2024,20:00:00,113.197165,101.377393
10/11/2024,21:00:00,123.794301,113.287787
10/11/2024,22:00:00,133.362708,127.916142
10/11/2024,23:00:00,140.916449,146.856431
10/12/2024,0:00:00,144.980757,170.738911
10/12/2024,1:00:00,144.283315,196.547499
10/12/2024,2:00:00,139.076624,219.145990
10/12/2024,3:00:00,130.831194,236.725787
10/12/2024,4:00:00,120.904173,250.440672
10/12/2024,5:00:00,110.149624,261.849440
10/12/2024,6:00:00,99.089852,272.138225
10/12/2024,7:00:00,87.819519,282.187408
10/12/2024,8:00:00,77.462941,292.744000
10/12/2024,9:00:00,67.769392,304.542816
10/12/2024,10:00:00,59.467539,318.322689
10/12/2024,11:00:00,53.341319,334.610204
10/12/2024,12:00:00,50.263480,353.146647
10/12/2024,13:00:00,50.820171,12.416752
10/12/2024,14:00:00,54.897049,30.378744
10/12/2024,15:00:00,61.769861,45.886870
10/12/2024,16:00:00,70.567749,58.990970
10/12/2024,17:00:00,80.556960,70.324256
10/12/2024,18:00:00,91.394518,80.631625
10/12/2024,19:00:00,102.458408,90.641851
10/12/2024,20:00:00,113.496194,101.124128
10/12/2024,21:00:00,124.107688,113.031468
10/12/2024,22:00:00,133.700139,127.679276
10/12/2024,23:00:00,141.282118,146.700673
10/13/2024,0:00:00,145.358895,170.765142
10/13/2024,1:00:00,144.635295,196.786224
10/13/2024,2:00:00,139.377194,219.497632
10/13/2024,3:00:00,131.084928,237.097102
10/13/2024,4:00:00,121.126913,250.797142
10/13/2024,5:00:00,110.356587,262.186585
10/13/2024,6:00:00,99.293674,272.460595
10/13/2024,7:00:00,88.016534,282.500554
10/13/2024,8:00:00,77.691364,293.050968
10/13/2024,9:00:00,68.026687,304.840580
10/13/2024,10:00:00,59.761708,318.596496
10/13/2024,11:00:00,53.675447,334.827937
10/13/2024,12:00:00,50.629241,353.265781
10/13/2024,13:00:00,51.197179,12.414778
10/13/2024,14:00:00,55.264009,30.274010
10/13/2024,15:00:00,62.115500,45.717202
10/13/2024,16:00:00,70.890784,58.786561
10/13/2024,17:00:00,80.860163,70.101389
10/13/2024,18:00:00,91.689308,80.396836
10/13/2024,19:00:00,102.749464,90.396775
10/13/2024,20:00:00,113.791926,100.869551
10/13/2024,21:00:00,124.417664,112.772844
10/13/2024,22:00:00,134.034259,127.438775
10/13/2024,23:00:00,141.644962,146.540382
10/14/2024,0:00:00,145.734907,170.788341
10/14/2024,1:00:00,144.985461,197.024599
10/14/2024,2:00:00,139.676111,219.849168
10/14/2024,3:00:00,131.337416,237.467391
10/14/2024,4:00:00,121.348926,251.151866
10/14/2024,5:00:00,110.563302,262.521527
10/14/2024,6:00:00,99.497631,272.780388
10/14/2024,7:00:00,88.212625,282.810704
10/14/2024,8:00:00,77.920252,293.354388
10/14/2024,9:00:00,68.284381,305.134086
10/14/2024,10:00:00,60.055890,318.865308
10/14/2024,11:00:00,54.008865,335.040403
10/14/2024,12:00:00,50.993405,353.380546
10/14/2024,13:00:00,51.571922,12.410351
10/14/2024,14:00:00,55.628412,30.168520
10/14/2024,15:00:00,62.458487,45.547598
10/14/2024,16:00:00,71.211075,58.582394
10/14/2024,17:00:00,81.160375,69.878628
10/14/2024,18:00:00,91.981066,80.161857
10/14/2024,19:00:00,103.037282,90.151067
10/14/2024,20:00:00,114.084226,100.613677
10/14/2024,21:00:00,124.724085,112.511914
10/14/2024,22:00:00,134.364920,127.194590
10/14/2024,23:00:00,142.004839,146.375408
10/15/2024,0:00:00,146.108685,170.808289
10/15/2024,1:00:00,145.333746,197.262422
10/15/2024,2:00:00,139.973344,220.200400
10/15/2024,3:00:00,131.588651,237.836473
10/15/2024,4:00:00,121.570215,251.504687
10/15/2024,5:00:00,110.769775,262.854126
10/15/2024,6:00:00,99.701722,273.097477
10/15/2024,7:00:00,88.407633,283.117738
10/15/2024,8:00:00,78.149570,293.654147
10/15/2024,9:00:00,68.542423,305.423230
10/15/2024,10:00:00,60.350011,319.129043
10/15/2024,11:00:00,54.341478,335.247552
10/15/2024,12:00:00,51.355870,353.490909
10/15/2024,13:00:00,51.944289,12.403422
10/15/2024,14:00:00,55.990139,30.062216
10/15/2024,15:00:00,62.798695,45.378012
10/15/2024,16:00:00,71.528491,58.378442
10/15/2024,17:00:00,81.457456,69.655965
10/15/2024,18:00:00,92.269658,79.926692
10/15/2024,19:00:00,103.321730,89.904736
10/15/2024,20:00:00,114.372955,100.356519
10/15/2024,21:00:00,125.026810,112.248679
10/15/2024,22:00:00,134.691975,126.946668
10/15/2024,23:00:00,142.361612,146.205597
10/16/2024,0:00:00,146.480124,170.824758
10/16/2024,1:00:00,145.680089,197.499479
10/16/2024,2:00:00,140.268867,220.551120
10/16/2024,3:00:00,131.838633,238.204163
10/16/2024,4:00:00,121.790791,251.855446
10/16/2024,5:00:00,110.976014,263.184243
10/16/2024,6:00:00,99.905948,273.411736
10/16/2024,7:00:00,88.601392,283.421536
10/16/2024,8:00:00,78.379288,293.950131
10/16/2024,9:00:00,68.800762,305.707911
10/16/2024,10:00:00,60.643998,319.387623
10/16/2024,11:00:00,54.673198,335.449337
10/16/2024,12:00:00,51.716535,353.596835
10/16/2024,13:00:00,52.314173,12.393941
10/16/2024,14:00:00,56.349071,29.955035
10/16/2024,15:00:00,63.135995,45.208394
10/16/2024,16:00:00,71.842900,58.174675
10/16/2024,17:00:00,81.751266,69.433388
10/16/2024,18:00:00,92.554953,79.691343
10/16/2024,19:00:00,103.602674,89.657794
10/16/2024,20:00:00,114.657977,100.098090
10/16/2024,21:00:00,125.325700,111.983136
10/16/2024,22:00:00,135.015280,126.694958
10/16/2024,23:00:00,142.715141,146.030790
10/17/2024,0:00:00,146.849123,170.837509
10/17/2024,1:00:00,146.024432,197.735546
10/17/2024,2:00:00,140.562662,220.901119
10/17/2024,3:00:00,132.087365,238.570273
10/17/2024,4:00:00,122.010668,252.203985
10/17/2024,5:00:00,111.182031,263.511740
10/17/2024,6:00:00,100.110315,273.723038
10/17/2024,7:00:00,88.793729,283.721981
10/17/2024,8:00:00,78.609377,294.242229
10/17/2024,9:00:00,69.059350,305.988030
10/17/2024,10:00:00,60.937780,319.640972
10/17/2024,11:00:00,55.003936,335.645708
10/17/2024,12:00:00,52.075304,353.698287
10/17/2024,13:00:00,52.681469,12.381858
10/17/2024,14:00:00,56.705092,29.846918
10/17/2024,15:00:00,63.470264,45.038695
10/17/2024,16:00:00,72.154172,57.971062
10/17/2024,17:00:00,82.041663,69.210883
10/17/2024,18:00:00,92.836819,79.455811
10/17/2024,19:00:00,103.879982,89.410253
10/17/2024,20:00:00,114.939160,99.838402
10/17/2024,21:00:00,125.620613,111.715286
10/17/2024,22:00:00,135.334688,126.439411
10/17/2024,23:00:00,143.065289,145.850825
10/18/2024,0:00:00,147.215579,170.846292
10/18/2024,1:00:00,146.366721,197.970391
10/18/2024,2:00:00,140.854709,221.250179
10/18/2024,3:00:00,132.334854,238.934614
10/18/2024,4:00:00,122.229858,252.550144
10/18/2024,5:00:00,111.387840,263.836480
10/18/2024,6:00:00,100.314825,274.031259
10/18/2024,7:00:00,88.984468,284.018954
10/18/2024,8:00:00,78.839807,294.530331
10/18/2024,9:00:00,69.318139,306.263489
10/18/2024,10:00:00,61.231288,319.889014
10/18/2024,11:00:00,55.333604,335.836622
10/18/2024,12:00:00,52.432078,353.795233
10/18/2024,13:00:00,53.046070,12.367124
10/18/2024,14:00:00,57.058087,29.737807
10/18/2024,15:00:00,63.801377,44.868866
10/18/2024,16:00:00,72.462179,57.767574
10/18/2024,17:00:00,82.328511,68.988440
10/18/2024,18:00:00,93.115127,79.220100
10/18/2024,19:00:00,104.153524,89.162125
10/18/2024,20:00:00,115.216370,99.577475
10/18/2024,21:00:00,125.911411,111.445137
10/18/2024,22:00:00,135.650056,126.179983
10/18/2024,23:00:00,143.411917,145.665548
10/19/2024,0:00:00,147.579388,170.850858
10/19/2024,1:00:00,146.706898,198.203777
10/19/2024,2:00:00,141.144991,221.598083
10/19/2024,3:00:00,132.581104,239.296997
10/19/2024,4:00:00,122.448375,252.893763
10/19/2024,5:00:00,111.593450,264.158323
10/19/2024,6:00:00,100.519480,274.336272
10/19/2024,7:00:00,89.173440,284.312339
10/19/2024,8:00:00,79.070542,294.814329
10/19/2024,9:00:00,69.577073,306.534192
10/19/2024,10:00:00,61.524445,320.131676
10/19/2024,11:00:00,55.662111,336.022033
10/19/2024,12:00:00,52.786758,353.887641
10/19/2024,13:00:00,53.407870,12.349695
10/19/2024,14:00:00,57.407937,29.627647
10/19/2024,15:00:00,64.129209,44.698864
10/19/2024,16:00:00,72.766792,57.564188
10/19/2024,17:00:00,82.611668,68.766054
10/19/2024,18:00:00,93.389746,78.984220
10/19/2024,19:00:00,104.423170,88.913431
10/19/2024,20:00:00,115.489473,99.315334
10/19/2024,21:00:00,126.197957,111.172704
10/19/2024,22:00:00,135.961237,125.916644
10/19/2024,23:00:00,143.754883,145.474809
10/20/2024,0:00:00,147.940445,170.850953
10/20/2024,1:00:00,147.044906,198.435461
10/20/2024,2:00:00,141.433488,221.944604
10/20/2024,3:00:00,132.826118,239.657227
10/20/2024,4:00:00,122.666229,253.234681
10/20/2024,5:00:00,111.798868,264.477129
10/20/2024,6:00:00,100.724277,274.637953
10/20/2024,7:00:00,89.360499,284.602018
10/20/2024,8:00:00,79.301544,295.094114
10/20/2024,9:00:00,69.836096,306.800044
10/20/2024,10:00:00,61.817172,320.368889
10/20/2024,11:00:00,55.989360,336.201904
10/20/2024,12:00:00,53.139239,353.975486
10/20/2024,13:00:00,53.766757,12.329531
10/20/2024,14:00:00,57.754525,29.516391
10/20/2024,15:00:00,64.453634,44.528653
10/20/2024,16:00:00,73.067881,57.360887
10/20/2024,17:00:00,82.890995,68.543725
10/20/2024,18:00:00,93.660548,78.748186
10/20/2024,19:00:00,104.688790,88.664200
10/20/2024,20:00:00,115.758338,99.052013
10/20/2024,21:00:00,126.480111,110.898016
10/20/2024,22:00:00,136.268085,125.649374
10/20/2024,23:00:00,144.094041,145.278469
10/21/2024,0:00:00,148.298638,170.846324
10/21/2024,1:00:00,147.380681,198.665195
10/21/2024,2:00:00,141.720176,222.289516
10/21/2024,3:00:00,133.069894,240.015110
10/21/2024,4:00:00,122.883424,253.572735
10/21/2024,5:00:00,112.004094,264.792760
10/21/2024,6:00:00,100.929206,274.936174
10/21/2024,7:00:00,89.545552,284.887875
10/21/2024,8:00:00,79.532765,295.369577
10/21/2024,9:00:00,70.095141,307.060953
10/21/2024,10:00:00,62.109383,320.600586
10/21/2024,11:00:00,56.315250,336.376198
10/21/2024,12:00:00,53.489412,354.058746
10/21/2024,13:00:00,54.122619,12.306602
10/21/2024,14:00:00,58.097730,29.404002
10/21/2024,15:00:00,64.774526,44.358204
10/21/2024,16:00:00,73.365318,57.157660
10/21/2024,17:00:00,83.166354,68.321463
10/21/2024,18:00:00,93.927406,78.512022
10/21/2024,19:00:00,104.950258,88.414467
10/21/2024,20:00:00,116.022835,98.787556
10/21/2024,21:00:00,126.757737,110.621110
10/21/2024,22:00:00,136.570453,125.378168
10/21/2024,23:00:00,144.429246,145.076403
10/22/2024,0:00:00,148.653852,170.836723
10/22/2024,1:00:00,147.714157,198.892730
10/22/2024,2:00:00,142.005026,222.632587
10/22/2024,3:00:00,133.312426,240.370448
10/22/2024,4:00:00,123.099958,253.907761
10/22/2024,5:00:00,112.209123,265.105073
10/22/2024,6:00:00,101.134252,275.230809
10/22/2024,7:00:00,89.728607,285.169793
10/22/2024,8:00:00,79.764153,295.640614
10/22/2024,9:00:00,70.354137,307.316829
10/22/2024,10:00:00,62.400985,320.826705
10/22/2024,11:00:00,56.639675,336.544886
10/22/2024,12:00:00,53.837166,354.137406
10/22/2024,13:00:00,54.475340,12.280882
10/22/2024,14:00:00,58.437430,29.290447
10/22/2024,15:00:00,65.091759,44.187497
10/22/2024,16:00:00,73.658974,56.954503
10/22/2024,17:00:00,83.437605,68.099280
10/22/2024,18:00:00,94.190194,78.275759
10/22/2024,19:00:00,105.207448,88.164276
10/22/2024,20:00:00,116.282837,98.522017
10/22/2024,21:00:00,127.030700,110.342038
10/22/2024,22:00:00,136.868196,125.103037
10/22/2024,23:00:00,144.760348,144.868497
10/23/2024,0:00:00,149.005969,170.821903
10/23/2024,1:00:00,148.045266,199.117814
10/23/2024,2:00:00,142.288007,222.973587
10/23/2024,3:00:00,133.553702,240.723045
10/23/2024,4:00:00,123.315827,254.239597
10/23/2024,5:00:00,112.413945,265.413929
10/23/2024,6:00:00,101.339393,275.521734
10/23/2024,7:00:00,89.909841,285.447659
10/23/2024,8:00:00,79.995647,295.907121
10/23/2024,9:00:00,70.613006,307.567588
10/23/2024,10:00:00,62.691881,321.047187
10/23/2024,11:00:00,56.962524,336.707942
10/23/2024,12:00:00,54.182384,354.211457
10/23/2024,13:00:00,54.824801,12.252355
10/23/2024,14:00:00,58.773503,29.175703
10/23/2024,15:00:00,65.405206,44.016517
10/23/2024,16:00:00,73.948725,56.751422
10/23/2024,17:00:00,83.704613,67.877201
10/23/2024,18:00:00,94.448790,78.039435
10/23/2024,19:00:00,105.460239,87.913681
10/23/2024,20:00:00,116.538219,98.255459
10/23/2024,21:00:00,127.298869,110.060864
10/23/2024,22:00:00,137.161170,124.824006
10/23/2024,23:00:00,145.087200,144.654654
10/24/2024,0:00:00,149.354871,170.801624
10/24/2024,1:00:00,148.373933,199.340195
10/24/2024,2:00:00,142.569085,223.312283
10/24/2024,3:00:00,133.793709,241.072704
10/24/2024,4:00:00,123.531020,254.568079
10/24/2024,5:00:00,112.618544,265.719190
10/24/2024,6:00:00,101.544601,275.808825
10/24/2024,7:00:00,90.089699,285.721361
10/24/2024,8:00:00,80.227181,296.168999
10/24/2024,9:00:00,70.871665,307.813148
10/24/2024,10:00:00,62.981970,321.261982
10/24/2024,11:00:00,57.283684,336.865349
10/24/2024,12:00:00,54.524951,354.280898
10/24/2024,13:00:00,55.170884,12.221010
10/24/2024,14:00:00,59.105828,29.059754
10/24/2024,15:00:00,65.714746,43.845257
10/24/2024,16:00:00,74.234447,56.548425
10/24/2024,17:00:00,83.967245,67.655251
10/24/2024,18:00:00,94.703076,77.803093
10/24/2024,19:00:00,105.708512,87.662739
10/24/2024,20:00:00,116.788861,97.987954
10/24/2024,21:00:00,127.562117,109.777661
10/24/2024,22:00:00,137.449234,124.541114
10/24/2024,23:00:00,145.409652,144.434788
10/25/2024,0:00:00,149.700434,170.775651
10/25/2024,1:00:00,148.700087,199.559621
10/25/2024,2:00:00,142.848223,223.648442
10/25/2024,3:00:00,134.032427,241.419231
10/25/2024,4:00:00,123.745522,254.893049
10/25/2024,5:00:00,112.822898,266.020719
10/25/2024,6:00:00,101.749844,276.091962
10/25/2024,7:00:00,90.878968,285.990789
10/25/2024,8:00:00,80.458685,296.426153
10/25/2024,9:00:00,71.130027,308.053432
10/25/2024,10:00:00,63.271146,321.471042
10/25/2024,11:00:00,57.603038,337.017093
10/25/2024,12:00:00,54.864746,354.345731
10/25/2024,13:00:00,55.513472,12.186844
10/25/2024,14:00:00,59.434285,28.942589
10/25/2024,15:00:00,66.020255,43.673716
10/25/2024,16:00:00,74.516019,56.345529
10/25/2024,17:00:00,84.225370,67.433465
10/25/2024,18:00:00,94.952936,77.566785
10/25/2024,19:00:00,105.952155,87.411516
10/25/2024,20:00:00,117.034649,97.719581
10/25/2024,21:00:00,127.820319,109.492514
10/25/2024,22:00:00,137.732250,124.254417
10/25/2024,23:00:00,145.727559,144.208831
10/26/2024,0:00:00,150.042535,170.743754
10/26/2024,1:00:00,149.023649,199.775839
10/26/2024,2:00:00,143.125382,223.981832
10/26/2024,3:00:00,134.269838,241.762431
10/26/2024,4:00:00,123.959316,255.214348
10/26/2024,5:00:00,113.026984,266.318383
10/26/2024,6:00:00,101.955086,276.371026
10/26/2024,7:00:00,91.094352,286.255838
10/26/2024,8:00:00,80.690083,296.678490
10/26/2024,9:00:00,71.388000,308.288371
10/26/2024,10:00:00,63.559301,321.674327
10/26/2024,11:00:00,57.920467,337.163167
10/26/2024,12:00:00,55.201652,354.405967
10/26/2024,13:00:00,55.852446,12.149860
10/26/2024,14:00:00,59.758754,28.824206
10/26/2024,15:00:00,66.321616,43.501899
10/26/2024,16:00:00,74.793324,56.142755
10/26/2024,17:00:00,84.478860,67.211881
10/26/2024,18:00:00,95.198260,77.330564
10/26/2024,19:00:00,106.191059,87.160085
10/26/2024,20:00:00,117.275469,97.450429
10/26/2024,21:00:00,128.073356,109.205520
10/26/2024,22:00:00,138.010085,123.963981
10/26/2024,23:00:00,146.040773,143.976729
10/27/2024,0:00:00,150.381051,170.705707
10/27/2024,1:00:00,149.344544,199.988594
10/27/2024,2:00:00,143.400521,224.312220
10/27/2024,3:00:00,134.505917,242.102111
10/27/2024,4:00:00,124.172379,255.531818
10/27/2024,5:00:00,113.230773,266.612048
10/27/2024,6:00:00,102.160285,276.645901
10/27/2024,7:00:00,91.309767,286.516406
10/27/2024,8:00:00,80.921294,296.925922
10/27/2024,9:00:00,71.645488,308.517895
10/27/2024,10:00:00,63.846323,321.871801
10/27/2024,11:00:00,58.235853,337.303569
10/27/2024,12:00:00,55.535547,354.461619
10/27/2024,13:00:00,56.187687,12.110064
10/27/2024,14:00:00,60.079119,28.704606
10/27/2024,15:00:00,66.618710,43.329816
10/27/2024,16:00:00,75.066248,55.940129
10/27/2024,17:00:00,84.727590,66.990543
10/27/2024,18:00:00,95.438940,77.094493
10/27/2024,19:00:00,106.425116,86.908523
10/27/2024,20:00:00,117.511215,97.180591
10/27/2024,21:00:00,128.321114,108.916784
10/27/2024,22:00:00,138.282607,123.669890
10/27/2024,23:00:00,146.349149,143.738440
10/28/2024,0:00:00,150.715857,170.661291
10/28/2024,1:00:00,149.662693,200.197631
10/28/2024,2:00:00,143.673598,224.639371
10/28/2024,3:00:00,134.740640,242.438079
10/28/2024,4:00:00,124.384689,255.845303
10/28/2024,5:00:00,113.434232,266.901583
10/28/2024,6:00:00,102.365397,276.916474
10/28/2024,7:00:00,91.525152,286.772390
10/28/2024,8:00:00,81.152234,297.168363
10/28/2024,9:00:00,71.902395,308.741941
10/28/2024,10:00:00,64.132098,322.063430
10/28/2024,11:00:00,58.549072,337.438300
10/28/2024,12:00:00,55.866310,354.512705
10/28/2024,13:00:00,56.519078,12.067467
10/28/2024,14:00:00,60.395261,28.583794
10/28/2024,15:00:00,66.911422,43.157482
10/28/2024,16:00:00,75.334677,55.737680
10/28/2024,17:00:00,84.971437,66.769497
10/28/2024,18:00:00,95.674871,76.858634
10/28/2024,19:00:00,106.654226,86.656913
10/28/2024,20:00:00,117.741784,96.910170
10/28/2024,21:00:00,128.563480,108.626419
10/28/2024,22:00:00,138.549688,123.372238
10/28/2024,23:00:00,146.652543,143.493939
10/29/2024,0:00:00,151.046826,170.610288
10/29/2024,1:00:00,149.978016,200.402688
10/29/2024,2:00:00,143.944571,224.963049
10/29/2024,3:00:00,134.973979,242.770140
10/29/2024,4:00:00,124.596217,256.154649
10/29/2024,5:00:00,113.637328,267.186860
10/29/2024,6:00:00,102.570374,277.182631
10/29/2024,7:00:00,91.740446,287.023694
10/29/2024,8:00:00,81.382816,297.405732
10/29/2024,9:00:00,72.158619,308.960450
10/29/2024,10:00:00,64.416512,322.249188
10/29/2024,11:00:00,58.860003,337.567366
10/29/2024,12:00:00,56.193822,354.559245
10/29/2024,13:00:00,56.846503,12.022086
10/29/2024,14:00:00,60.707067,28.461782
10/29/2024,15:00:00,67.199639,42.984913
10/29/2024,16:00:00,75.598502,55.535442
10/29/2024,17:00:00,85.210282,66.548794
10/29/2024,18:00:00,95.905952,76.623057
10/29/2024,19:00:00,106.878289,86.405342
10/29/2024,20:00:00,117.967075,96.639271
10/29/2024,21:00:00,128.800347,108.334548
10/29/2024,22:00:00,138.811203,123.071133
10/29/2024,23:00:00,146.950813,143.243214
10/30/2024,0:00:00,151.373832,170.552486
10/30/2024,1:00:00,150.290435,200.603504
10/30/2024,2:00:00,144.213395,225.283015
10/30/2024,3:00:00,135.205906,243.098103
10/30/2024,4:00:00,124.806937,256.459701
10/30/2024,5:00:00,113.840023,267.467750
10/30/2024,6:00:00,102.775167,277.444262
10/30/2024,7:00:00,91.955580,287.270222
10/30/2024,8:00:00,81.612951,297.637948
10/30/2024,9:00:00,72.414057,309.173365
10/30/2024,10:00:00,64.699447,322.429049
10/30/2024,11:00:00,59.168524,337.690775
10/30/2024,12:00:00,56.517961,354.601264
10/30/2024,13:00:00,57.169844,11.973939
10/30/2024,14:00:00,61.014421,28.338583
10/30/2024,15:00:00,67.483248,42.812132
10/30/2024,16:00:00,75.857616,55.333452
10/30/2024,17:00:00,85.444008,66.328489
10/30/2024,18:00:00,96.132086,76.387834
10/30/2024,19:00:00,107.097211,86.153901
10/30/2024,20:00:00,118.186993,96.368008
10/30/2024,21:00:00,129.031612,108.041303
10/30/2024,22:00:00,139.067032,122.766695
10/30/2024,23:00:00,147.243817,142.986269
10/31/2024,0:00:00,151.696747,170.487678
10/31/2024,1:00:00,150.599868,200.799812
10/31/2024,2:00:00,144.480028,225.599029
10/31/2024,3:00:00,135.436393,243.421774
10/31/2024,4:00:00,125.016818,256.760307
10/31/2024,5:00:00,114.042279,267.744126
10/31/2024,6:00:00,102.979724,277.701260
10/31/2024,7:00:00,92.170487,287.511880
10/31/2024,8:00:00,81.842545,297.864935
10/31/2024,9:00:00,72.668606,309.380634
10/31/2024,10:00:00,64.980787,322.602993
10/31/2024,11:00:00,59.474511,337.808538
10/31/2024,12:00:00,56.838608,354.638788
10/31/2024,13:00:00,57.488987,11.923047
10/31/2024,14:00:00,61.317213,28.214213
10/31/2024,15:00:00,67.762141,42.639162
10/31/2024,16:00:00,76.111913,55.131749
10/31/2024,17:00:00,85.672500,66.108639
10/31/2024,18:00:00,96.353179,76.153041
10/31/2024,19:00:00,107.310902,85.902686
10/31/2024,20:00:00,118.401447,96.096498
10/31/2024,21:00:00,129.257175,107.746823
10/31/2024,22:00:00,139.317057,122.459057
10/31/2024,23:00:00,147.531417,142.723122
11/1/2024,0:00:00,152.015445,170.415661
11/1/2024,1:00:00,150.906234,200.991344
11/1/2024,2:00:00,144.744423,225.910849
11/1/2024,3:00:00,135.665408,243.740962
11/1/2024,4:00:00,125.225827,257.056315
11/1/2024,5:00:00,114.244054,268.015863
11/1/2024,6:00:00,103.183988,277.953516
11/1/2024,7:00:00,92.385096,287.748577
11/1/2024,8:00:00,82.071505,298.086620
11/1/2024,9:00:00,72.922159,309.582207
11/1/2024,10:00:00,65.260413,322.771002
11/1/2024,11:00:00,59.777842,337.920671
11/1/2024,12:00:00,57.155642,354.671849
11/1/2024,13:00:00,57.803817,11.869434
11/1/2024,14:00:00,61.615329,28.088693
11/1/2024,15:00:00,68.036210,42.466033
11/1/2024,16:00:00,76.361293,54.930378
11/1/2024,17:00:00,85.895647,65.889305
11/1/2024,18:00:00,96.569138,75.918756
11/1/2024,19:00:00,107.519273,85.651797
11/1/2024,20:00:00,118.610349,95.824867
11/1/2024,21:00:00,129.476943,107.451256
11/1/2024,22:00:00,139.561165,122.148366
11/1/2024,23:00:00,147.813476,142.453810
11/2/2024,0:00:00,152.329796,170.336242
11/2/2024,1:00:00,151.209453,201.177827
11/2/2024,2:00:00,145.006536,226.218231
11/2/2024,3:00:00,135.892919,244.055474
11/2/2024,4:00:00,125.433932,257.347573
11/2/2024,5:00:00,114.445304,268.282838
11/2/2024,6:00:00,103.387902,278.200928
11/2/2024,7:00:00,92.599332,287.980225
11/2/2024,8:00:00,82.299730,298.302933
11/2/2024,9:00:00,73.174609,309.778037
11/2/2024,10:00:00,65.538204,322.933063
11/2/2024,11:00:00,60.078391,338.027192
11/2/2024,12:00:00,57.468944,354.700478
11/2/2024,13:00:00,58.114221,11.813131
11/2/2024,14:00:00,61.908663,27.962048
11/2/2024,15:00:00,68.305351,42.292776
11/2/2024,16:00:00,76.605655,54.729384
11/2/2024,17:00:00,86.113342,65.670550
11/2/2024,18:00:00,96.779878,75.685063
11/2/2024,19:00:00,107.722243,85.401339
11/2/2024,20:00:00,118.813617,95.553243
11/2/2024,21:00:00,129.690824,107.154758
11/2/2024,22:00:00,139.799248,121.834782
11/2/2024,23:00:00,148.089858,142.178388
11/3/2024,0:00:00,152.639673,170.249232
11/3/2024,1:00:00,151.509441,201.358987
11/3/2024,2:00:00,145.266319,226.520931
11/3/2024,3:00:00,136.118892,244.365118
11/3/2024,4:00:00,125.641094,257.633933
11/3/2024,5:00:00,114.645982,268.544930
11/3/2024,6:00:00,103.591406,278.443393
11/3/2024,7:00:00,92.813118,288.206738
11/3/2024,8:00:00,82.527121,298.513807
11/3/2024,9:00:00,73.425844,309.968084
11/3/2024,10:00:00,65.814039,323.089166
11/3/2024,11:00:00,60.376036,338.128123
11/3/2024,12:00:00,57.778395,354.724711
11/3/2024,13:00:00,58.420085,11.754167
11/3/2024,14:00:00,62.197105,27.834306
11/3/2024,15:00:00,68.569459,42.119428
11/3/2024,16:00:00,76.844904,54.528819
11/3/2024,17:00:00,86.325482,65.452444
11/3/2024,18:00:00,96.985313,75.452049
11/3/2024,19:00:00,107.919731,85.151420
11/3/2024,20:00:00,119.011172,95.281763
11/3/2024,21:00:00,129.898735,106.857494
11/3/2024,22:00:00,140.031201,121.518479
11/3/2024,23:00:00,148.360432,141.896927
11/4/2024,0:00:00,152.944945,170.154454
11/4/2024,1:00:00,151.806115,201.534550
11/4/2024,2:00:00,145.523724,226.818701
11/4/2024,3:00:00,136.343291,244.669704
11/4/2024,4:00:00,125.847274,257.915245
11/4/2024,5:00:00,114.846038,268.802017
11/4/2024,6:00:00,103.794435,278.680810
11/4/2024,7:00:00,93.026375,288.428033
11/4/2024,8:00:00,82.753573,298.719178
11/4/2024,9:00:00,73.675754,310.152308
11/4/2024,10:00:00,66.087797,323.239304
11/4/2024,11:00:00,60.670651,338.223488
11/4/2024,12:00:00,58.083875,354.744588
11/4/2024,13:00:00,58.721299,11.692579
11/4/2024,14:00:00,62.480549,27.705498
11/4/2024,15:00:00,68.828435,41.946026
11/4/2024,16:00:00,77.078945,54.328737
11/4/2024,17:00:00,86.531967,65.235057
11/4/2024,18:00:00,97.185364,75.219804
11/4/2024,19:00:00,108.111662,84.902154
11/4/2024,20:00:00,119.202939,95.010568
11/4/2024,21:00:00,130.100594,106.559638
11/4/2024,22:00:00,140.256923,121.199645
11/4/2024,23:00:00,148.625067,141.609521
11/5/2024,0:00:00,153.245483,170.051740
11/5/2024,1:00:00,152.099389,201.704237
11/5/2024,2:00:00,145.778702,227.111293
11/5/2024,3:00:00,136.566078,244.969038
11/5/2024,4:00:00,126.052432,258.191363
11/5/2024,5:00:00,115.045422,269.053982
11/5/2024,6:00:00,103.996925,278.913081
11/5/2024,7:00:00,93.239021,288.644030
11/5/2024,8:00:00,82.978979,298.918983
11/5/2024,9:00:00,73.924224,310.330674
11/5/2024,10:00:00,66.359354,323.383473
11/5/2024,11:00:00,60.962112,338.313314
11/5/2024,12:00:00,58.385265,354.760150
11/5/2024,13:00:00,59.017749,11.628404
11/5/2024,14:00:00,62.758890,27.575660
11/5/2024,15:00:00,69.082178,41.772615
11/5/2024,16:00:00,77.307688,54.129194
11/5/2024,17:00:00,86.732702,65.018463
11/5/2024,18:00:00,97.379954,74.988423
11/5/2024,19:00:00,108.297965,84.653658
11/5/2024,20:00:00,119.388849,94.739803
11/5/2024,21:00:00,130.296324,106.261370
11/5/2024,22:00:00,140.476320,120.878479
11/5/2024,23:00:00,148.883636,141.316279
11/6/2024,0:00:00,153.541156,169.940929
11/6/2024,1:00:00,152.389177,201.867766
11/6/2024,2:00:00,146.031202,227.398456
11/6/2024,3:00:00,136.787214,245.262931
11/6/2024,4:00:00,126.256524,258.462140
11/6/2024,5:00:00,115.244077,269.300706
11/6/2024,6:00:00,104.198806,279.140108
11/6/2024,7:00:00,93.450973,288.854648
11/6/2024,8:00:00,83.203232,299.113165
11/6/2024,9:00:00,74.171139,310.503147
11/6/2024,10:00:00,66.628586,323.521673
11/6/2024,11:00:00,61.250294,338.397630
11/6/2024,12:00:00,58.682448,354.771438
11/6/2024,13:00:00,59.309328,11.561680
11/6/2024,14:00:00,63.032024,27.444827
11/6/2024,15:00:00,69.330592,41.599238
11/6/2024,16:00:00,77.531042,53.930250
11/6/2024,17:00:00,86.927596,64.802740
11/6/2024,18:00:00,97.569007,74.758002
11/6/2024,19:00:00,108.478571,84.406051
11/6/2024,20:00:00,119.568835,94.469619
11/6/2024,21:00:00,130.485854,105.962877
11/6/2024,22:00:00,140.689299,120.555195
11/6/2024,23:00:00,149.136015,141.017331
11/7/2024,0:00:00,153.831833,169.821872
11/7/2024,1:00:00,152.675394,202.024852
11/7/2024,2:00:00,146.281175,227.679937
11/7/2024,3:00:00,137.006660,245.551188
11/7/2024,4:00:00,126.459507,258.727428
11/7/2024,5:00:00,115.441951,269.542073
11/7/2024,6:00:00,104.400011,279.361796
11/7/2024,7:00:00,93.662145,289.059810
11/7/2024,8:00:00,83.426220,299.301665
11/7/2024,9:00:00,74.416387,310.669696
11/7/2024,10:00:00,66.895370,323.653903
11/7/2024,11:00:00,61.535074,338.476466
11/7/2024,12:00:00,58.975305,354.778496
11/7/2024,13:00:00,59.595924,11.492448
11/7/2024,14:00:00,63.299848,27.313038
11/7/2024,15:00:00,69.573581,41.425940
11/7/2024,16:00:00,77.748920,53.731965
11/7/2024,17:00:00,87.116563,64.587965
11/7/2024,18:00:00,97.752451,74.528637
11/7/2024,19:00:00,108.653414,84.159455
11/7/2024,20:00:00,119.742834,94.200168
11/7/2024,21:00:00,130.669115,105.664351
11/7/2024,22:00:00,140.895772,120.230013
11/7/2024,23:00:00,149.382079,140.712821
11/8/2024,0:00:00,154.117383,169.694424
11/8/2024,1:00:00,152.957953,202.175202
11/8/2024,2:00:00,146.528571,227.955475
11/8/2024,3:00:00,137.224377,245.833615
11/8/2024,4:00:00,126.661338,258.987080
11/8/2024,5:00:00,115.638988,269.777965
11/8/2024,6:00:00,104.600469,279.578049
11/8/2024,7:00:00,93.872454,289.259439
11/8/2024,8:00:00,83.647835,299.484427
11/8/2024,9:00:00,74.659852,310.830292
11/8/2024,10:00:00,67.159586,323.780164
11/8/2024,11:00:00,61.816329,338.549850
11/8/2024,12:00:00,59.263723,354.781365
11/8/2024,13:00:00,59.877431,11.420747
11/8/2024,14:00:00,63.562263,27.180330
11/8/2024,15:00:00,69.811050,41.252768
11/8/2024,16:00:00,77.961238,53.534398
11/8/2024,17:00:00,87.299520,64.374216
11/8/2024,18:00:00,97.930217,74.300427
11/8/2024,19:00:00,108.822430,83.913992
11/8/2024,20:00:00,119.910783,93.931603
11/8/2024,21:00:00,130.846040,105.365987
11/8/2024,22:00:00,141.095656,119.903163
11/8/2024,23:00:00,149.621711,140.402907
11/9/2024,0:00:00,154.397676,169.558447
11/9/2024,1:00:00,153.236769,202.318517
11/9/2024,2:00:00,146.773341,228.224807
11/9/2024,3:00:00,137.440328,246.110015
11/9/2024,4:00:00,126.861973,259.240948
11/9/2024,5:00:00,115.835136,270.008266
11/9/2024,6:00:00,104.800115,279.788773
11/9/2024,7:00:00,94.081817,289.453461
11/9/2024,8:00:00,83.867967,299.661396
11/9/2024,9:00:00,74.901424,310.984903
11/9/2024,10:00:00,67.421113,323.900457
11/9/2024,11:00:00,62.093941,338.617810
11/9/2024,12:00:00,59.547586,354.780085
11/9/2024,13:00:00,60.153743,11.346612
11/9/2024,14:00:00,63.819167,27.046737
11/9/2024,15:00:00,70.042906,41.079764
11/9/2024,16:00:00,78.167909,53.337610
11/9/2024,17:00:00,87.476390,64.161569
11/9/2024,18:00:00,98.102234,74.073469
11/9/2024,19:00:00,108.985557,83.669784
11/9/2024,20:00:00,120.072626,93.664081
11/9/2024,21:00:00,131.016568,105.067982
11/9/2024,22:00:00,141.288867,119.574878
11/9/2024,23:00:00,149.854791,140.087761
11/10/2024,0:00:00,154.672582,169.413807
11/10/2024,1:00:00,153.511757,202.454487
11/10/2024,2:00:00,147.015441,228.487663
11/10/2024,3:00:00,137.654476,246.380190
11/10/2024,4:00:00,127.061373,259.488883
11/10/2024,5:00:00,116.030342,270.232859
11/10/2024,6:00:00,104.998882,279.993873
11/10/2024,7:00:00,94.290152,289.641798
11/10/2024,8:00:00,84.086510,299.832517
11/10/2024,9:00:00,75.140995,311.133500
11/10/2024,10:00:00,67.679836,324.014781
11/10/2024,11:00:00,62.367792,338.680371
11/10/2024,12:00:00,59.826785,354.774692
11/10/2024,13:00:00,60.424757,11.270077
11/10/2024,14:00:00,64.070462,26.912293
11/10/2024,15:00:00,70.269056,40.906972
11/10/2024,16:00:00,78.368851,53.141657
11/10/2024,17:00:00,87.647103,63.950099
11/10/2024,18:00:00,98.268435,73.847857
11/10/2024,19:00:00,109.142733,83.426950
11/10/2024,20:00:00,120.228303,93.397751
11/10/2024,21:00:00,131.180637,104.770531
11/10/2024,22:00:00,141.475329,119.245399
11/10/2024,23:00:00,150.081207,139.767564
11/11/2024,0:00:00,154.941972,169.260369
11/11/2024,1:00:00,153.782838,202.582791
11/11/2024,2:00:00,147.254828,228.743766
11/11/2024,3:00:00,137.866793,246.643937
11/11/2024,4:00:00,127.259502,259.730737
11/11/2024,5:00:00,116.224558,270.451627
11/11/2024,6:00:00,105.196708,280.193255
11/11/2024,7:00:00,94.497385,289.824376
11/11/2024,8:00:00,84.303360,299.997736
11/11/2024,9:00:00,75.378459,311.276054
11/11/2024,10:00:00,67.935643,324.123133
11/11/2024,11:00:00,62.637771,338.737556
11/11/2024,12:00:00,60.101213,354.765217
11/11/2024,13:00:00,60.690370,11.191172
11/11/2024,14:00:00,64.316053,26.777027
11/11/2024,15:00:00,70.489412,40.734427
11/11/2024,16:00:00,78.563982,52.946592
11/11/2024,17:00:00,87.811591,63.739878
11/11/2024,18:00:00,98.428753,73.623684
11/11/2024,19:00:00,109.293901,83.185606
11/11/2024,20:00:00,120.377760,93.132765
11/11/2024,21:00:00,131.338190,104.473831
11/11/2024,22:00:00,141.654967,118.914966
11/11/2024,23:00:00,150.300848,139.442507
11/12/2024,0:00:00,155.205718,169.098006
11/12/2024,1:00:00,154.049931,202.703100
11/12/2024,2:00:00,147.491464,228.992831
11/12/2024,3:00:00,138.077249,246.901053
11/12/2024,4:00:00,127.456328,259.966358
11/12/2024,5:00:00,116.417742,270.664453
11/12/2024,6:00:00,105.393537,280.386825
11/12/2024,7:00:00,94.703441,290.001122
11/12/2024,8:00:00,84.518417,300.156998
11/12/2024,9:00:00,75.613718,311.412534
11/12/2024,10:00:00,68.188428,324.225512
11/12/2024,11:00:00,62.903771,338.789386
11/12/2024,12:00:00,60.370767,354.751691
11/12/2024,13:00:00,60.950487,11.109922
11/12/2024,14:00:00,64.555848,26.640963
11/12/2024,15:00:00,70.703884,40.562166
11/12/2024,16:00:00,78.753223,52.752464
11/12/2024,17:00:00,87.969799,63.530973
11/12/2024,18:00:00,98.583123,73.401037
11/12/2024,19:00:00,109.439001,82.945867
11/12/2024,20:00:00,120.520946,92.869269
11/12/2024,21:00:00,131.489172,104.178072
11/12/2024,22:00:00,141.827710,118.583821
11/12/2024,23:00:00,150.513606,139.112790
11/13/2024,0:00:00,155.463698,168.926591
11/13/2024,1:00:00,154.312963,202.815074
11/13/2024,2:00:00,147.725317,229.234574
11/13/2024,3:00:00,138.285821,247.151335
11/13/2024,4:00:00,127.651820,260.195600
11/13/2024,5:00:00,116.609852,270.871224
11/13/2024,6:00:00,105.589313,280.574492
11/13/2024,7:00:00,94.908252,290.171963
11/13/2024,8:00:00,84.731582,300.310252
11/13/2024,9:00:00,75.846676,311.542912
11/13/2024,10:00:00,68.438088,324.321916
11/13/2024,11:00:00,63.165689,338.835880
11/13/2024,12:00:00,60.635350,354.734139
11/13/2024,13:00:00,61.205015,11.026350
11/13/2024,14:00:00,64.789757,26.504124
11/13/2024,15:00:00,70.912390,40.390219
11/13/2024,16:00:00,78.936497,52.559322
11/13/2024,17:00:00,88.121677,63.323450
11/13/2024,18:00:00,98.731483,73.180003
11/13/2024,19:00:00,109.577981,82.707843
11/13/2024,20:00:00,120.657809,92.607408
11/13/2024,21:00:00,131.633534,103.883448
11/13/2024,22:00:00,141.993494,118.252209
11/13/2024,23:00:00,150.719381,138.778623
11/14/2024,0:00:00,155.715790,168.746005
11/14/2024,1:00:00,154.571862,202.918367
11/14/2024,2:00:00,147.956355,229.468704
11/14/2024,3:00:00,138.492490,247.394579
11/14/2024,4:00:00,127.845954,260.418314
11/14/2024,5:00:00,116.800851,271.071826
11/14/2024,6:00:00,105.783985,280.756167
11/14/2024,7:00:00,95.111752,290.336829
11/14/2024,8:00:00,84.942763,300.457447
11/14/2024,9:00:00,76.077243,311.667160
11/14/2024,10:00:00,68.684528,324.412341
11/14/2024,11:00:00,63.423427,338.877055
11/14/2024,12:00:00,60.894868,354.712586
11/14/2024,13:00:00,61.453864,10.940477
11/14/2024,14:00:00,65.017694,26.366531
11/14/2024,15:00:00,71.114846,40.218617
11/14/2024,16:00:00,79.113730,52.367210
11/14/2024,17:00:00,88.267188,63.117373
11/14/2024,18:00:00,98.873774,72.960666
11/14/2024,19:00:00,109.710788,82.471642
11/14/2024,20:00:00,120.788305,92.347324
11/14/2024,21:00:00,131.771227,103.590150
11/14/2024,22:00:00,142.152258,117.920380
11/14/2024,23:00:00,150.918075,138.440232
11/15/2024,0:00:00,155.961874,168.556142
11/15/2024,1:00:00,154.826556,203.012630
11/15/2024,2:00:00,148.184550,229.694930
11/15/2024,3:00:00,138.697235,247.630582
11/15/2024,4:00:00,128.038703,260.634355
11/15/2024,5:00:00,116.990702,271.266149
11/15/2024,6:00:00,105.977502,280.931762
11/15/2024,7:00:00,95.313876,290.495653
11/15/2024,8:00:00,85.151862,300.598537
11/15/2024,9:00:00,76.305327,311.785253
11/15/2024,10:00:00,68.927649,324.496787
11/15/2024,11:00:00,63.676890,338.912930
11/15/2024,12:00:00,61.149229,354.687058
11/15/2024,13:00:00,61.696947,10.852324
11/15/2024,14:00:00,65.239576,26.228204
11/15/2024,15:00:00,71.311175,40.047390
11/15/2024,16:00:00,79.284853,52.176176
11/15/2024,17:00:00,88.406303,62.912806
11/15/2024,18:00:00,99.009939,72.743110
11/15/2024,19:00:00,109.837375,82.237377
11/15/2024,20:00:00,120.912391,92.089163
11/15/2024,21:00:00,131.902211,103.298372
11/15/2024,22:00:00,142.303945,117.588590
11/15/2024,23:00:00,151.109595,138.097860
11/16/2024,0:00:00,156.201830,168.356912
11/16/2024,1:00:00,155.076972,203.097513
11/16/2024,2:00:00,148.409871,229.912958
11/16/2024,3:00:00,138.900036,247.859142
11/16/2024,4:00:00,128.230040,260.843579
11/16/2024,5:00:00,117.179364,271.454082
11/16/2024,6:00:00,106.169811,281.101192
11/16/2024,7:00:00,95.514556,290.648367
11/16/2024,8:00:00,85.358784,300.733473
11/16/2024,9:00:00,76.530840,311.897169
11/16/2024,10:00:00,69.167355,324.575255
11/16/2024,11:00:00,63.925980,338.943527
11/16/2024,12:00:00,61.398340,354.657581
11/16/2024,13:00:00,61.934176,10.761916
11/16/2024,14:00:00,65.455318,26.089169
11/16/2024,15:00:00,71.501298,39.876573
11/16/2024,16:00:00,79.449795,51.986269
11/16/2024,17:00:00,88.539004,62.709817
11/16/2024,18:00:00,99.139924,72.527426
11/16/2024,19:00:00,109.957695,82.005160
11/16/2024,20:00:00,121.030028,91.833074
11/16/2024,21:00:00,132.026446,103.008316
11/16/2024,22:00:00,142.448504,117.257108
11/16/2024,23:00:00,151.293851,137.751776
11/17/2024,0:00:00,156.435537,168.148248
11/17/2024,1:00:00,155.323036,203.172666
11/17/2024,2:00:00,148.632284,230.122494
11/17/2024,3:00:00,139.100867,248.080057
11/17/2024,4:00:00,128.419934,261.045840
11/17/2024,5:00:00,117.366795,271.635517
11/17/2024,6:00:00,106.360855,281.264370
11/17/2024,7:00:00,95.713722,290.794908
11/17/2024,8:00:00,85.563426,300.862211
11/17/2024,9:00:00,76.753686,312.002884
11/17/2024,10:00:00,69.403549,324.647749
11/17/2024,11:00:00,64.170600,338.968866
11/17/2024,12:00:00,61.642108,354.624185
11/17/2024,13:00:00,62.165464,10.669279
11/17/2024,14:00:00,65.664839,25.949455
11/17/2024,15:00:00,71.685139,39.706205
11/17/2024,16:00:00,79.608489,51.797544
11/17/2024,17:00:00,88.665283,62.508480
11/17/2024,18:00:00,99.263677,72.313705
11/17/2024,19:00:00,110.071707,81.775111
11/17/2024,20:00:00,121.141180,91.579212
11/17/2024,21:00:00,132.143898,102.720191
11/17/2024,22:00:00,142.585887,116.926217
11/17/2024,23:00:00,151.470754,137.402273
11/18/2024,0:00:00,156.662870,167.930112
11/18/2024,1:00:00,155.564665,203.237745
11/18/2024,2:00:00,148.851750,230.323244
11/18/2024,3:00:00,139.299699,248.293124
11/18/2024,4:00:00,128.608347,261.240996
11/18/2024,5:00:00,117.552947,271.810344
11/18/2024,6:00:00,106.550572,281.421214
11/18/2024,7:00:00,95.911299,290.935210
11/18/2024,8:00:00,85.765680,300.984709
11/18/2024,9:00:00,76.973768,312.102379
11/18/2024,10:00:00,69.636127,324.714272
11/18/2024,11:00:00,64.410647,338.988974
11/18/2024,12:00:00,61.880438,354.586903
11/18/2024,13:00:00,62.390721,10.574447
11/18/2024,14:00:00,65.868054,25.809097
11/18/2024,15:00:00,71.862619,39.536332
11/18/2024,16:00:00,79.760868,51.610061
11/18/2024,17:00:00,88.785144,62.308871
11/18/2024,18:00:00,99.381151,72.102046
11/18/2024,19:00:00,110.179372,81.547354
11/18/2024,20:00:00,121.245815,91.327739
11/18/2024,21:00:00,132.254536,102.434213
11/18/2024,22:00:00,142.716051,116.596211
11/18/2024,23:00:00,151.640221,137.049673
11/19/2024,0:00:00,156.883705,167.702496
11/19/2024,1:00:00,155.801773,203.292409
11/19/2024,2:00:00,149.068224,230.514914
11/19/2024,3:00:00,139.496494,248.498140
11/19/2024,4:00:00,128.795238,261.428901
11/19/2024,5:00:00,117.737764,271.978456
11/19/2024,6:00:00,106.738896,281.571639
11/19/2024,7:00:00,96.107207,291.069212
11/19/2024,8:00:00,85.965435,301.100926
11/19/2024,9:00:00,77.190985,312.195638
11/19/2024,10:00:00,69.864983,324.774834
11/19/2024,11:00:00,64.646019,339.003879
11/19/2024,12:00:00,62.113232,354.545772
11/19/2024,13:00:00,62.609857,10.477457
11/19/2024,14:00:00,66.064880,25.668135
11/19/2024,15:00:00,72.033665,39.367004
11/19/2024,16:00:00,79.906871,51.423887
11/19/2024,17:00:00,88.898601,62.111077
11/19/2024,18:00:00,99.492300,71.892555
11/19/2024,19:00:00,110.280655,81.322020
11/19/2024,20:00:00,121.343908,91.078821
11/19/2024,21:00:00,132.358336,102.150609
11/19/2024,22:00:00,142.838958,116.267401
11/19/2024,23:00:00,151.802173,136.694325
11/20/2024,0:00:00,157.097915,167.465427
11/20/2024,1:00:00,156.034268,203.336330
11/20/2024,2:00:00,149.281654,230.697211
11/20/2024,3:00:00,139.691211,248.694905
11/20/2024,4:00:00,128.980556,261.609416
11/20/2024,5:00:00,117.921188,272.139747
11/20/2024,6:00:00,106.925752,281.715566
11/20/2024,7:00:00,96.301358,291.196857
11/20/2024,8:00:00,86.162572,301.210825
11/20/2024,9:00:00,77.405231,312.282648
11/20/2024,10:00:00,70.090010,324.829447
11/20/2024,11:00:00,64.876610,339.013616
11/20/2024,12:00:00,62.340392,354.500837
11/20/2024,13:00:00,62.822783,10.378354
11/20/2024,14:00:00,66.255236,25.526618
11/20/2024,15:00:00,72.198203,39.198278
11/20/2024,16:00:00,80.046436,51.239095
11/20/2024,17:00:00,89.005679,61.915185
11/20/2024,18:00:00,99.597084,71.685341
11/20/2024,19:00:00,110.375527,81.099244
11/20/2024,20:00:00,121.435436,90.832633
11/20/2024,21:00:00,132.455279,101.869610
11/20/2024,22:00:00,142.954578,115.940108
11/20/2024,23:00:00,151.956536,136.336607
11/21/2024,0:00:00,157.305374,167.218971
11/21/2024,1:00:00,156.262055,203.369191
11/21/2024,2:00:00,149.491986,230.869850
11/21/2024,3:00:00,139.883801,248.883224
11/21/2024,4:00:00,129.164249,261.782402
11/21/2024,5:00:00,118.103151,272.294117
11/21/2024,6:00:00,107.111063,281.852919
11/21/2024,7:00:00,96.493663,291.318087
11/21/2024,8:00:00,86.356967,301.314373
11/21/2024,9:00:00,77.616399,312.363401
11/21/2024,10:00:00,70.311096,324.878129
11/21/2024,11:00:00,65.102312,339.018222
11/21/2024,12:00:00,62.561819,354.452145
11/21/2024,13:00:00,63.029408,10.277188
11/21/2024,14:00:00,66.439042,25.384597
11/21/2024,15:00:00,72.356165,39.030220
11/21/2024,16:00:00,80.179508,51.055761
11/21/2024,17:00:00,89.106415,61.721291
11/21/2024,18:00:00,99.695469,71.480517
11/21/2024,19:00:00,110.463964,80.879167
11/21/2024,20:00:00,121.520386,90.589352
11/21/2024,21:00:00,132.545353,101.591454
11/21/2024,22:00:00,143.062890,115.614664
11/21/2024,23:00:00,152.103245,135.976923
11/22/2024,0:00:00,157.505956,166.963232
11/22/2024,1:00:00,156.485034,203.390692
11/22/2024,2:00:00,149.699158,231.032551
11/22/2024,3:00:00,140.074211,249.062905
11/22/2024,4:00:00,129.346255,261.947726
11/22/2024,5:00:00,118.283584,272.441466
11/22/2024,6:00:00,107.294746,281.983626
11/22/2024,7:00:00,96.684027,291.432855
11/22/2024,8:00:00,86.548493,301.411543
11/22/2024,9:00:00,77.824376,312.437894
11/22/2024,10:00:00,70.528130,324.920904
11/22/2024,11:00:00,65.323019,339.017742
11/22/2024,12:00:00,62.777417,354.399751
11/22/2024,13:00:00,63.229648,10.174014
11/22/2024,14:00:00,66.616221,25.242134
11/22/2024,15:00:00,72.507485,38.862896
11/22/2024,16:00:00,80.306037,50.873968
11/22/2024,17:00:00,89.200855,61.529492
11/22/2024,18:00:00,99.787427,71.278201
11/22/2024,19:00:00,110.545952,80.661931
11/22/2024,20:00:00,121.598751,90.349158
11/22/2024,21:00:00,132.628557,101.316384
11/22/2024,22:00:00,143.163878,115.291413
11/22/2024,23:00:00,152.242241,135.615704
11/23/2024,0:00:00,157.699540,166.698356
11/23/2024,1:00:00,156.703101,203.400551
11/23/2024,2:00:00,149.903103,231.185044
11/23/2024,3:00:00,140.262383,249.233764
11/23/2024,4:00:00,129.526510,262.105260
11/23/2024,5:00:00,118.462410,272.581704
11/23/2024,6:00:00,107.476713,282.107619
11/23/2024,7:00:00,96.872351,291.541115
11/23/2024,8:00:00,86.737020,301.502313
11/23/2024,9:00:00,78.029051,312.506130
11/23/2024,10:00:00,70.740997,324.957799
11/23/2024,11:00:00,65.538623,339.012226
11/23/2024,12:00:00,62.987088,354.343715
11/23/2024,13:00:00,63.423417,10.068896
11/23/2024,14:00:00,66.786700,25.099294
11/23/2024,15:00:00,72.652103,38.696383
11/23/2024,16:00:00,80.425977,50.693804
11/23/2024,17:00:00,89.289057,61.339892
11/23/2024,18:00:00,99.872936,71.078516
11/23/2024,19:00:00,110.621479,80.447682
11/23/2024,20:00:00,121.670531,90.112237
11/23/2024,21:00:00,132.704893,101.044647
11/23/2024,22:00:00,143.257537,114.970703
11/23/2024,23:00:00,152.373475,135.253400
11/24/2024,0:00:00,157.886007,166.424533
11/24/2024,1:00:00,156.916151,203.398504
11/24/2024,2:00:00,150.103751,231.327067
11/24/2024,3:00:00,140.448253,249.395623
11/24/2024,4:00:00,129.704943,262.254882
11/24/2024,5:00:00,118.639549,272.714743
11/24/2024,6:00:00,107.656872,282.224837
11/24/2024,7:00:00,97.058534,291.642827
11/24/2024,8:00:00,86.922413,301.586665
11/24/2024,9:00:00,78.230309,312.568117
11/24/2024,10:00:00,70.949585,324.988850
11/24/2024,11:00:00,65.749018,339.001729
11/24/2024,12:00:00,63.190738,354.284101
11/24/2024,13:00:00,63.610633,9.961899
11/24/2024,14:00:00,66.950411,24.956146
11/24/2024,15:00:00,72.789963,38.530758
11/24/2024,16:00:00,80.539288,50.515361
11/24/2024,17:00:00,89.371081,61.152597
11/24/2024,18:00:00,99.951981,70.881584
11/24/2024,19:00:00,110.690543,80.236571
11/24/2024,20:00:00,121.735733,89.878775
11/24/2024,21:00:00,132.774374,100.776493
11/24/2024,22:00:00,143.343870,114.652892
11/24/2024,23:00:00,152.496906,134.890488
11/25/2024,0:00:00,158.065240,166.141992
11/25/2024,1:00:00,157.124074,203.384309
11/25/2024,2:00:00,150.301028,231.458366
11/25/2024,3:00:00,140.631752,249.548310
11/25/2024,4:00:00,129.881480,262.396475
11/25/2024,5:00:00,118.814916,272.840500
11/25/2024,6:00:00,107.835128,282.335222
11/25/2024,7:00:00,97.242470,291.737957
11/25/2024,8:00:00,87.104535,301.664589
11/25/2024,9:00:00,78.428034,312.623869
11/25/2024,10:00:00,71.153780,325.014095
11/25/2024,11:00:00,65.954098,338.986311
11/25/2024,12:00:00,63.388273,354.220980
11/25/2024,13:00:00,63.791216,9.853097
11/25/2024,14:00:00,67.107287,24.812766
11/25/2024,15:00:00,72.921012,38.366105
11/25/2024,16:00:00,80.645935,50.338732
11/25/2024,17:00:00,89.446996,60.967715
11/25/2024,18:00:00,100.024551,70.687532
11/25/2024,19:00:00,110.753147,80.028746
11/25/2024,20:00:00,121.794370,89.648959
11/25/2024,21:00:00,132.837018,100.512172
11/25/2024,22:00:00,143.422888,114.338339
11/25/2024,23:00:00,152.612501,134.527459
11/26/2024,0:00:00,158.237127,165.851005
11/26/2024,1:00:00,157.326759,203.357744
11/26/2024,2:00:00,150.494855,231.578697
11/26/2024,3:00:00,140.812808,249.691660
11/26/2024,4:00:00,130.056043,262.529927
11/26/2024,5:00:00,118.988422,272.958897
11/26/2024,6:00:00,108.011384,282.438724
11/26/2024,7:00:00,97.424051,291.826475
11/26/2024,8:00:00,87.283250,301.736077
11/26/2024,9:00:00,78.622111,312.673403
11/26/2024,10:00:00,71.353468,325.033577
11/26/2024,11:00:00,66.153759,338.966034
11/26/2024,12:00:00,63.579603,354.154425
11/26/2024,13:00:00,63.965090,9.742564
11/26/2024,14:00:00,67.257266,24.669233
11/26/2024,15:00:00,73.045203,38.202511
11/26/2024,16:00:00,80.745888,50.164016
11/26/2024,17:00:00,89.516871,60.785358
11/26/2024,18:00:00,100.090642,70.496488
11/26/2024,19:00:00,110.809299,79.824359
11/26/2024,20:00:00,121.846462,89.422978
11/26/2024,21:00:00,132.892851,100.251935
11/26/2024,22:00:00,143.494609,114.027408
11/26/2024,23:00:00,152.720235,134.164823
11/27/2024,0:00:00,158.401562,165.551888
11/27/2024,1:00:00,157.524094,203.318610
11/27/2024,2:00:00,150.685150,231.687826
11/27/2024,3:00:00,140.991345,249.825512
11/27/2024,4:00:00,130.228548,262.655131
11/27/2024,5:00:00,119.159977,273.069863
11/27/2024,6:00:00,108.185536,282.535293
11/27/2024,7:00:00,97.603169,291.908356
11/27/2024,8:00:00,87.458418,301.801126
11/27/2024,9:00:00,78.812423,312.716742
11/27/2024,10:00:00,71.548535,325.047344
11/27/2024,11:00:00,66.347897,338.940967
11/27/2024,12:00:00,63.764637,354.084513
11/27/2024,13:00:00,64.132182,9.630381
11/27/2024,14:00:00,67.400289,24.525630
11/27/2024,15:00:00,73.162492,38.040065
11/27/2024,16:00:00,80.839120,49.991313
11/27/2024,17:00:00,89.580777,60.605639
11/27/2024,18:00:00,100.150255,70.308582
11/27/2024,19:00:00,110.859015,79.623563
11/27/2024,20:00:00,121.892035,89.201020
11/27/2024,21:00:00,132.941907,99.996034
11/27/2024,22:00:00,143.559059,113.720464
11/27/2024,23:00:00,152.820095,133.803104
11/28/2024,0:00:00,158.558441,165.244997
11/28/2024,1:00:00,157.715962,203.266733
11/28/2024,2:00:00,150.871827,231.785529
11/28/2024,3:00:00,141.167284,249.949717
11/28/2024,4:00:00,130.398911,262.771988
11/28/2024,5:00:00,119.329486,273.173330
11/28/2024,6:00:00,108.357483,282.624888
11/28/2024,7:00:00,97.779712,291.983579
11/28/2024,8:00:00,87.629902,301.859740
11/28/2024,9:00:00,78.998855,312.753913
11/28/2024,10:00:00,71.738871,325.055448
11/28/2024,11:00:00,66.536410,338.911180
11/28/2024,12:00:00,63.943291,354.011326
11/28/2024,13:00:00,64.292420,9.516630
11/28/2024,14:00:00,67.536301,24.382042
11/28/2024,15:00:00,73.272841,37.878861
11/28/2024,16:00:00,80.925612,49.820726
11/28/2024,17:00:00,89.638783,60.428672
11/28/2024,18:00:00,100.203398,70.123943
11/28/2024,19:00:00,110.902316,79.426509
11/28/2024,20:00:00,121.931123,88.983272
11/28/2024,21:00:00,132.984224,99.744718
11/28/2024,22:00:00,143.616273,113.417872
11/28/2024,23:00:00,152.912073,133.442837
11/29/2024,0:00:00,158.707667,164.930729
11/29/2024,1:00:00,157.902247,203.201964
11/29/2024,2:00:00,151.054796,231.871595
11/29/2024,3:00:00,141.340540,250.064129
11/29/2024,4:00:00,130.567043,262.880402
11/29/2024,5:00:00,119.496851,273.269236
11/29/2024,6:00:00,108.527119,282.707472
11/29/2024,7:00:00,97.953568,292.052129
11/29/2024,8:00:00,87.797564,301.911926
11/29/2024,9:00:00,79.181290,312.784949
11/29/2024,10:00:00,71.924364,325.057945
11/29/2024,11:00:00,66.719200,338.876749
11/29/2024,12:00:00,64.115479,353.934947
11/29/2024,13:00:00,64.445738,9.401400
11/29/2024,14:00:00,67.665250,24.238560
11/29/2024,15:00:00,73.376216,37.718994
11/29/2024,16:00:00,81.005347,49.652360
11/29/2024,17:00:00,89.690956,60.254574
11/29/2024,18:00:00,100.250084,69.942702
11/29/2024,19:00:00,110.939228,79.233350
11/29/2024,20:00:00,121.963763,88.769921
11/29/2024,21:00:00,133.019849,99.498235
11/29/2024,22:00:00,143.666293,113.119997
11/29/2024,23:00:00,152.996173,133.084569
11/30/2024,0:00:00,158.849148,164.609524
11/30/2024,1:00:00,158.082830,203.124186
11/30/2024,2:00:00,151.233964,231.945824
11/30/2024,3:00:00,141.511025,250.168613
11/30/2024,4:00:00,130.732851,262.980287
11/30/2024,5:00:00,119.661973,273.357526
11/30/2024,6:00:00,108.694335,282.783012
11/30/2024,7:00:00,98.124621,292.113997
11/30/2024,8:00:00,87.961269,301.957696
11/30/2024,9:00:00,79.359614,312.809885
11/30/2024,10:00:00,72.104904,325.054894
11/30/2024,11:00:00,66.896167,338.837753
11/30/2024,12:00:00,64.281120,353.855466
11/30/2024,13:00:00,64.592070,9.284780
11/30/2024,14:00:00,67.787091,24.095276
11/30/2024,15:00:00,73.472585,37.560564
11/30/2024,16:00:00,81.078314,49.486323
11/30/2024,17:00:00,89.737360,60.083463
11/30/2024,18:00:00,100.290330,69.764991
11/30/2024,19:00:00,110.969785,79.044238
11/30/2024,20:00:00,121.990001,88.561153
11/30/2024,21:00:00,133.048834,99.256831
11/30/2024,22:00:00,143.709169,112.827200
11/30/2024,23:00:00,153.072406,132.728856
12/1/2024,0:00:00,158.982801,164.281867
12/1/2024,1:00:00,158.257592,203.033308
12/1/2024,2:00:00,151.409236,232.008030
12/1/2024,3:00:00,141.678650,250.263041
12/1/2024,4:00:00,130.896237,263.071559
12/1/2024,5:00:00,119.824746,273.438148
12/1/2024,6:00:00,108.859020,282.851482
12/1/2024,7:00:00,98.292756,292.169177
12/1/2024,8:00:00,88.120885,301.997068
12/1/2024,9:00:00,79.533709,312.828762
12/1/2024,10:00:00,72.280382,325.046362
12/1/2024,11:00:00,67.067216,338.794276
12/1/2024,12:00:00,64.440134,353.772974
12/1/2024,13:00:00,64.731357,9.166865
12/1/2024,14:00:00,67.901780,23.952288
12/1/2024,15:00:00,73.561925,37.403672
12/1/2024,16:00:00,81.144507,49.322724
12/1/2024,17:00:00,89.778057,59.915459
12/1/2024,18:00:00,100.324161,69.590943
12/1/2024,19:00:00,110.994023,78.859325
12/1/2024,20:00:00,122.009887,88.357152
12/1/2024,21:00:00,133.071240,99.020751
12/1/2024,22:00:00,143.744957,112.539843
12/1/2024,23:00:00,153.140792,132.376261
12/2/2024,0:00:00,159.108545,163.948281
12/2/2024,1:00:00,158.426410,202.929278
12/2/2024,2:00:00,151.580509,232.058042
12/2/2024,3:00:00,141.843317,250.347294
12/2/2024,4:00:00,131.057103,263.154146
12/2/2024,5:00:00,119.985064,273.511059
12/2/2024,6:00:00,109.021060,282.912862
12/2/2024,7:00:00,98.457854,292.217670
12/2/2024,8:00:00,88.276280,302.030064
12/2/2024,9:00:00,79.703461,312.841628
12/2/2024,10:00:00,72.450688,325.032416
12/2/2024,11:00:00,67.232252,338.746403
12/2/2024,12:00:00,64.592445,353.687568
12/2/2024,13:00:00,64.863539,9.047754
12/2/2024,14:00:00,68.009277,23.809697
12/2/2024,15:00:00,73.644213,37.248426
12/2/2024,16:00:00,81.203925,49.161677
12/2/2024,17:00:00,89.813102,59.750684
12/2/2024,18:00:00,100.351606,69.420691
12/2/2024,19:00:00,111.011989,78.678763
12/2/2024,20:00:00,122.023479,88.158102
12/2/2024,21:00:00,133.087132,98.790235
12/2/2024,22:00:00,143.773723,112.258284
12/2/2024,23:00:00,153.201363,132.027353
12/3/2024,0:00:00,159.226310,163.609332
12/3/2024,1:00:00,158.589162,202.812073
12/3/2024,2:00:00,151.747678,232.095704
12/3/2024,3:00:00,142.004927,250.421263
12/3/2024,4:00:00,131.215344,263.227979
12/3/2024,5:00:00,120.142817,273.576218
12/3/2024,6:00:00,109.180340,282.967134
12/3/2024,7:00:00,98.619794,292.259480
12/3/2024,8:00:00,88.427333,302.056711
12/3/2024,9:00:00,79.868755,312.848531
12/3/2024,10:00:00,72.615716,325.013130
12/3/2024,11:00:00,67.391181,338.694225
12/3/2024,12:00:00,64.737977,353.599346
12/3/2024,13:00:00,64.988562,8.927548
12/3/2024,14:00:00,68.109546,23.667605
12/3/2024,15:00:00,73.719433,37.094932
12/3/2024,16:00:00,81.256571,49.003295
12/3/2024,17:00:00,89.842547,59.589258
12/3/2024,18:00:00,100.372700,69.254369
12/3/2024,19:00:00,111.023731,78.502702
12/3/2024,20:00:00,122.030839,87.964183
12/3/2024,21:00:00,133.096581,98.565521
12/3/2024,22:00:00,143.795536,111.982873
12/3/2024,23:00:00,153.254154,131.682699
12/4/2024,0:00:00,159.336028,163.265621
12/4/2024,1:00:00,158.745722,202.681708
12/4/2024,2:00:00,151.910636,232.120873
12/4/2024,3:00:00,142.163377,250.484845
12/4/2024,4:00:00,131.370854,263.292994
12/4/2024,5:00:00,120.297892,273.633593
12/4/2024,6:00:00,109.336743,283.014287
12/4/2024,7:00:00,98.778457,292.294618
12/4/2024,8:00:00,88.573924,302.077040
12/4/2024,9:00:00,80.029475,312.849525
12/4/2024,10:00:00,72.775359,324.988579
12/4/2024,11:00:00,67.543912,338.637835
12/4/2024,12:00:00,64.876659,353.508410
12/4/2024,13:00:00,65.106372,8.806351
12/4/2024,14:00:00,68.202553,23.526119
12/4/2024,15:00:00,73.787571,36.943300
12/4/2024,16:00:00,81.302450,48.847694
12/4/2024,17:00:00,89.866441,59.431305
12/4/2024,18:00:00,100.387481,69.092109
12/4/2024,19:00:00,111.029302,78.331292
12/4/2024,20:00:00,122.032032,87.775574
12/4/2024,21:00:00,133.099663,98.346843
12/4/2024,22:00:00,143.810473,111.713958
12/4/2024,23:00:00,153.299211,131.342869
12/5/2024,0:00:00,159.437643,162.917783
12/5/2024,1:00:00,158.895967,202.538230
12/5/2024,2:00:00,152.069271,232.133422
12/5/2024,3:00:00,142.318560,250.537946
12/5/2024,4:00:00,131.523523,263.349137
12/5/2024,5:00:00,120.450176,273.683154
12/5/2024,6:00:00,109.490149,283.054313
12/5/2024,7:00:00,98.933722,292.323094
12/5/2024,8:00:00,88.715947,302.091083
12/5/2024,9:00:00,80.185509,312.844666
12/5/2024,10:00:00,72.929512,324.958839
12/5/2024,11:00:00,67.690356,338.577326
12/5/2024,12:00:00,65.008419,353.414861
12/5/2024,13:00:00,65.216920,8.684267
12/5/2024,14:00:00,68.288270,23.385345
12/5/2024,15:00:00,73.848616,36.793641
12/5/2024,16:00:00,81.341573,48.694989
12/5/2024,17:00:00,89.884826,59.276948
12/5/2024,18:00:00,100.395991,68.934043
12/5/2024,19:00:00,111.028759,78.164680
12/5/2024,20:00:00,122.027127,87.592448
12/5/2024,21:00:00,133.096456,98.134425
12/5/2024,22:00:00,143.818613,111.451873
12/5/2024,23:00:00,153.336586,131.008422
12/6/2024,0:00:00,159.531101,162.566479
12/6/2024,1:00:00,159.039772,202.381718
12/6/2024,2:00:00,152.223469,232.133236
12/6/2024,3:00:00,142.470369,250.580480
12/6/2024,4:00:00,131.673242,263.396355
12/6/2024,5:00:00,120.599554,273.724875
12/6/2024,6:00:00,109.640442,283.087209
12/6/2024,7:00:00,99.085468,292.344926
12/6/2024,8:00:00,88.853305,302.098878
12/6/2024,9:00:00,80.336747,312.834010
12/6/2024,10:00:00,73.078074,324.923989
12/6/2024,11:00:00,67.830426,338.512791
12/6/2024,12:00:00,65.133191,353.318800
12/6/2024,13:00:00,65.320158,8.561401
12/6/2024,14:00:00,68.366667,23.245390
12/6/2024,15:00:00,73.902560,36.646064
12/6/2024,16:00:00,81.373950,48.545295
12/6/2024,17:00:00,89.897744,59.126305
12/6/2024,18:00:00,100.398274,68.780299
12/6/2024,19:00:00,111.022160,78.003009
12/6/2024,20:00:00,122.016197,87.414974
12/6/2024,21:00:00,133.087043,97.928485
12/6/2024,22:00:00,143.820041,111.196944
12/6/2024,23:00:00,153.366335,130.679908
12/7/2024,0:00:00,159.616360,162.212390
12/7/2024,1:00:00,159.177012,202.212281
12/7/2024,2:00:00,152.373118,232.120211
12/7/2024,3:00:00,142.618697,250.612365
12/7/2024,4:00:00,131.819901,263.434601
12/7/2024,5:00:00,120.745914,273.758734
12/7/2024,6:00:00,109.787505,283.112973
12/7/2024,7:00:00,99.233580,292.360131
12/7/2024,8:00:00,88.985918,302.100462
12/7/2024,9:00:00,80.483081,312.817617
12/7/2024,10:00:00,73.220948,324.884106
12/7/2024,11:00:00,67.964041,338.444323
12/7/2024,12:00:00,65.250911,353.220328
12/7/2024,13:00:00,65.416043,8.437853
12/7/2024,14:00:00,68.437722,23.106355
12/7/2024,15:00:00,73.949399,36.500676
12/7/2024,16:00:00,81.399596,48.398723
12/7/2024,17:00:00,89.905228,58.979494
12/7/2024,18:00:00,100.394375,68.631001
12/7/2024,19:00:00,111.009565,77.846413
12/7/2024,20:00:00,121.999314,87.243311
12/7/2024,21:00:00,133.071506,97.729232
12/7/2024,22:00:00,143.814843,110.949478
12/7/2024,23:00:00,153.388521,130.357859
12/8/2024,0:00:00,159.693381,161.856210
12/8/2024,1:00:00,159.307569,202.030057
12/8/2024,2:00:00,152.518103,232.094258
12/8/2024,3:00:00,142.763437,250.633528
12/8/2024,4:00:00,131.963393,263.463832
12/8/2024,5:00:00,120.889146,273.784713
12/8/2024,6:00:00,109.931225,283.131605
12/8/2024,7:00:00,99.377943,292.368728
12/8/2024,8:00:00,89.113721,302.095872
12/8/2024,9:00:00,80.624411,312.795543
12/8/2024,10:00:00,73.358041,324.839265
12/8/2024,11:00:00,68.091122,338.372010
12/8/2024,12:00:00,65.361519,353.119539
12/8/2024,13:00:00,65.504534,8.313721
12/8/2024,14:00:00,68.501411,22.968342
12/8/2024,15:00:00,73.989128,36.357579
12/8/2024,16:00:00,81.418526,48.255378
12/8/2024,17:00:00,89.907312,58.836624
12/8/2024,18:00:00,100.384341,68.486266
12/8/2024,19:00:00,110.991035,77.695025
12/8/2024,20:00:00,121.976552,87.077611
12/8/2024,21:00:00,133.049928,97.536858
12/8/2024,22:00:00,143.803105,110.709768
12/8/2024,23:00:00,153.403211,130.042785
12/9/2024,0:00:00,159.762137,161.498641
12/9/2024,1:00:00,159.431324,201.835211
12/9/2024,2:00:00,152.658314,232.055298
12/9/2024,3:00:00,142.904484,250.643901
12/9/2024,4:00:00,132.103614,263.484011
12/9/2024,5:00:00,121.029143,273.802797
12/9/2024,6:00:00,110.071496,283.143111
12/9/2024,7:00:00,99.518450,292.370739
12/9/2024,8:00:00,89.236670,302.085149
12/9/2024,9:00:00,80.760641,312.767846
12/9/2024,10:00:00,73.489267,324.789542
12/9/2024,11:00:00,68.211598,338.295939
12/9/2024,12:00:00,65.464963,353.016526
12/9/2024,13:00:00,65.585596,8.189098
12/9/2024,14:00:00,68.557718,22.831444
12/9/2024,15:00:00,74.021747,36.216873
12/9/2024,16:00:00,81.430757,48.115364
12/9/2024,17:00:00,89.904025,58.697803
12/9/2024,18:00:00,100.368220,68.346207
12/9/2024,19:00:00,110.966632,77.548964
12/9/2024,20:00:00,121.947983,86.918016
12/9/2024,21:00:00,133.022394,97.351547
12/9/2024,22:00:00,143.784918,110.478084
12/9/2024,23:00:00,153.410477,129.735173
12/10/2024,0:00:00,159.822607,161.140386
12/10/2024,1:00:00,159.548166,201.627931
12/10/2024,2:00:00,152.793643,232.003264
12/10/2024,3:00:00,143.041738,250.643423
12/10/2024,4:00:00,132.240463,263.495102
12/10/2024,5:00:00,121.165803,273.812974
12/10/2024,6:00:00,110.208215,283.147496
12/10/2024,7:00:00,99.655000,292.366188
12/10/2024,8:00:00,89.354740,302.068333
12/10/2024,9:00:00,80.891683,312.734584
12/10/2024,10:00:00,73.614546,324.735007
12/10/2024,11:00:00,68.325405,338.216191
12/10/2024,12:00:00,65.561193,352.911374
12/10/2024,13:00:00,65.659196,8.064073
12/10/2024,14:00:00,68.606627,22.695752
12/10/2024,15:00:00,74.047260,36.078647
12/10/2024,16:00:00,81.436307,47.978774
12/10/2024,17:00:00,89.895393,58.563128
12/10/2024,18:00:00,100.346061,68.210927
12/10/2024,19:00:00,110.936417,77.408344
12/10/2024,20:00:00,121.913682,86.764654
12/10/2024,21:00:00,132.988988,97.173463
12/10/2024,22:00:00,143.760371,110.254678
12/10/2024,23:00:00,153.410393,129.435481
12/11/2024,0:00:00,159.874779,160.782142
12/11/2024,1:00:00,159.657987,201.408436
12/11/2024,2:00:00,152.923985,231.938102
12/11/2024,3:00:00,143.175102,250.632040
12/11/2024,4:00:00,132.373845,263.497079
12/11/2024,5:00:00,121.299030,273.815236
12/11/2024,6:00:00,110.341284,283.144771
12/11/2024,7:00:00,99.787496,292.355100
12/11/2024,8:00:00,89.467929,302.045465
12/11/2024,9:00:00,81.017455,312.695812
12/11/2024,10:00:00,73.733805,324.675731
12/11/2024,11:00:00,68.432483,338.132847
12/11/2024,12:00:00,65.650167,352.804167
12/11/2024,13:00:00,65.725309,7.938728
12/11/2024,14:00:00,68.648129,22.561349
12/11/2024,15:00:00,74.065671,35.942991
12/11/2024,16:00:00,81.435199,47.845698
12/11/2024,17:00:00,89.881439,58.432691
12/11/2024,18:00:00,100.317913,68.080522
12/11/2024,19:00:00,110.900453,77.273269
12/11/2024,20:00:00,121.873723,86.617647
12/11/2024,21:00:00,132.949793,97.002761
12/11/2024,22:00:00,143.729554,110.039781
12/11/2024,23:00:00,153.403039,129.144139
12/12/2024,0:00:00,159.918651,160.424605
12/12/2024,1:00:00,159.760686,201.176970
12/12/2024,2:00:00,153.049237,231.859776
12/12/2024,3:00:00,143.304481,250.609707
12/12/2024,4:00:00,132.503667,263.489918
12/12/2024,5:00:00,121.428732,273.809580
12/12/2024,6:00:00,110.470611,283.134947
12/12/2024,7:00:00,99.915849,292.337502
12/12/2024,8:00:00,89.576255,302.016586
12/12/2024,9:00:00,81.137883,312.651588
12/12/2024,10:00:00,73.846979,324.611783
12/12/2024,11:00:00,68.532780,338.045983
12/12/2024,12:00:00,65.731846,352.694983
12/12/2024,13:00:00,65.783913,7.813142
12/12/2024,14:00:00,68.682216,22.428315
12/12/2024,15:00:00,74.076988,35.809984
12/12/2024,16:00:00,81.427454,47.716222
12/12/2024,17:00:00,89.862183,58.306581
12/12/2024,18:00:00,100.283827,67.955083
12/12/2024,19:00:00,110.858802,77.143835
12/12/2024,20:00:00,121.828179,86.477103
12/12/2024,21:00:00,132.904894,96.839579
12/12/2024,22:00:00,143.692560,109.833604
12/12/2024,23:00:00,153.388498,128.861554
12/13/2024,0:00:00,159.954225,160.068463
12/13/2024,1:00:00,159.856165,200.933807
12/13/2024,2:00:00,153.169299,231.768263
12/13/2024,3:00:00,143.429783,250.576389
12/13/2024,4:00:00,132.629839,263.473602
12/13/2024,5:00:00,121.554820,273.796007
12/13/2024,6:00:00,110.596109,283.118041
12/13/2024,7:00:00,100.039972,292.313424
12/13/2024,8:00:00,89.679753,301.981742
12/13/2024,9:00:00,81.252897,312.601967
12/13/2024,10:00:00,73.954005,324.543231
12/13/2024,11:00:00,68.626247,337.955673
12/13/2024,12:00:00,65.806199,352.583899
12/13/2024,13:00:00,65.834988,7.687391
12/13/2024,14:00:00,68.708884,22.296728
12/13/2024,15:00:00,74.081224,35.679708
12/13/2024,16:00:00,81.413098,47.590425
12/13/2024,17:00:00,89.837642,58.184879
12/13/2024,18:00:00,100.243855,67.834695
12/13/2024,19:00:00,110.811528,77.020134
12/13/2024,20:00:00,121.777125,86.343127
12/13/2024,21:00:00,132.854377,96.684046
12/13/2024,22:00:00,143.649480,109.636345
12/13/2024,23:00:00,153.366853,128.588107
12/14/2024,0:00:00,159.981514,159.714403
12/14/2024,1:00:00,159.944330,200.679256
12/14/2024,2:00:00,153.284069,231.663559
12/14/2024,3:00:00,143.550915,250.532057
12/14/2024,4:00:00,132.752271,263.448120
12/14/2024,5:00:00,121.677204,273.774522
12/14/2024,6:00:00,110.717690,283.094072
12/14/2024,7:00:00,100.159781,292.282899
12/14/2024,8:00:00,89.778474,301.940975
12/14/2024,9:00:00,81.362429,312.547008
12/14/2024,10:00:00,74.054825,324.470143
12/14/2024,11:00:00,68.712838,337.861991
12/14/2024,12:00:00,65.873193,352.470991
12/14/2024,13:00:00,65.878520,7.561551
12/14/2024,14:00:00,68.728133,22.166664
12/14/2024,15:00:00,74.078390,35.552241
12/14/2024,16:00:00,81.392157,47.468390
12/14/2024,17:00:00,89.807828,58.067667
12/14/2024,18:00:00,100.198050,67.719441
12/14/2024,19:00:00,110.758696,76.902253
12/14/2024,20:00:00,121.720637,86.215815
12/14/2024,21:00:00,132.798325,96.536287
12/14/2024,22:00:00,143.600408,109.448188
12/14/2024,23:00:00,153.338192,128.324161
12/15/2024,0:00:00,160.000534,159.363108
12/15/2024,1:00:00,160.025086,200.413660
12/15/2024,2:00:00,153.393445,231.545678
12/15/2024,3:00:00,143.667781,250.476694
12/15/2024,4:00:00,132.870873,263.413466
12/15/2024,5:00:00,121.795795,273.745133
12/15/2024,6:00:00,110.835267,283.063061
12/15/2024,7:00:00,100.275193,292.245959
12/15/2024,8:00:00,89.872479,301.894333
12/15/2024,9:00:00,81.466412,312.486769
12/15/2024,10:00:00,74.149380,324.392585
12/15/2024,11:00:00,68.792509,337.765011
12/15/2024,12:00:00,65.932799,352.356333
12/15/2024,13:00:00,65.914491,7.435698
12/15/2024,14:00:00,68.739960,22.038201
12/15/2024,15:00:00,74.068501,35.427661
12/15/2024,16:00:00,81.364659,47.350195
12/15/2024,17:00:00,89.772749,57.955027
12/15/2024,18:00:00,100.146467,67.609405
12/15/2024,19:00:00,110.700371,76.790279
12/15/2024,20:00:00,121.658790,86.095263
12/15/2024,21:00:00,132.736825,96.396415
12/15/2024,22:00:00,143.545437,109.269308
12/15/2024,23:00:00,153.302604,128.070062
12/16/2024,0:00:00,160.011305,159.015257
12/16/2024,1:00:00,160.098342,200.137396
12/16/2024,2:00:00,153.497321,231.414654
12/16/2024,3:00:00,143.780284,250.410288
12/16/2024,4:00:00,132.985549,263.369639
12/16/2024,5:00:00,121.910503,273.707851
12/16/2024,6:00:00,110.948751,283.025031
12/16/2024,7:00:00,100.386123,292.202641
12/16/2024,8:00:00,89.961833,301.841863
12/16/2024,9:00:00,81.564780,312.421307
12/16/2024,10:00:00,74.237613,324.310627
12/16/2024,11:00:00,68.865215,337.664807
12/16/2024,12:00:00,65.984986,352.240002
12/16/2024,13:00:00,65.942887,7.309909
12/16/2024,14:00:00,68.744367,21.911417
12/16/2024,15:00:00,74.051571,35.306050
12/16/2024,16:00:00,81.330632,47.235924
12/16/2024,17:00:00,89.732405,57.847041
12/16/2024,18:00:00,100.089162,67.504668
12/16/2024,19:00:00,110.636621,76.684295
12/16/2024,20:00:00,121.591661,85.981562
12/16/2024,21:00:00,132.669962,96.264544
12/16/2024,22:00:00,143.484659,109.099869
12/16/2024,23:00:00,153.260178,127.826140
12/17/2024,0:00:00,160.013855,158.671531
12/17/2024,1:00:00,160.164004,199.850883
12/17/2024,2:00:00,153.595585,231.270542
12/17/2024,3:00:00,143.888322,250.332841
12/17/2024,4:00:00,133.096205,263.316643
12/17/2024,5:00:00,122.021234,273.662693
12/17/2024,6:00:00,111.058053,282.980010
12/17/2024,7:00:00,100.492484,292.152984
12/17/2024,8:00:00,90.046604,301.783615
12/17/2024,9:00:00,81.657466,312.350683
12/17/2024,10:00:00,74.319465,324.224337
12/17/2024,11:00:00,68.930912,337.561454
12/17/2024,12:00:00,66.029725,352.122076
12/17/2024,13:00:00,65.963695,7.184263
12/17/2024,14:00:00,68.741354,21.786394
12/17/2024,15:00:00,74.027617,35.187492
12/17/2024,16:00:00,81.290106,47.125660
12/17/2024,17:00:00,89.686795,57.743790
12/17/2024,18:00:00,100.026192,67.405312
12/17/2024,19:00:00,110.567514,76.584386
12/17/2024,20:00:00,121.519329,85.874803
12/17/2024,21:00:00,132.597823,96.140781
12/17/2024,22:00:00,143.418170,108.940029
12/17/2024,23:00:00,153.211007,127.592708
12/18/2024,0:00:00,160.008213,158.332605
12/18/2024,1:00:00,160.221982,199.554579
12/18/2024,2:00:00,153.688123,231.113420
12/18/2024,3:00:00,143.991787,250.244364
12/18/2024,4:00:00,133.202738,263.254490
12/18/2024,5:00:00,122.127890,273.609679
12/18/2024,6:00:00,111.163078,282.928029
12/18/2024,7:00:00,100.594190,292.097027
12/18/2024,8:00:00,90.126855,301.719640
12/18/2024,9:00:00,81.744404,312.274960
12/18/2024,10:00:00,74.394880,324.133787
12/18/2024,11:00:00,68.989556,337.455029
12/18/2024,12:00:00,66.066988,352.002635
12/18/2024,13:00:00,65.976901,7.058843
12/18/2024,14:00:00,68.730925,21.663218
12/18/2024,15:00:00,73.996659,35.072073
12/18/2024,16:00:00,81.243115,47.019488
12/18/2024,17:00:00,89.635911,57.645360
12/18/2024,18:00:00,99.957620,67.311420
12/18/2024,19:00:00,110.493122,76.490633
12/18/2024,20:00:00,121.441874,85.775074
12/18/2024,21:00:00,132.520499,96.025229
12/18/2024,22:00:00,143.346067,108.789935
12/18/2024,23:00:00,153.155187,127.370064
12/19/2024,0:00:00,159.994417,157.999147
12/19/2024,1:00:00,160.272186,199.248984
12/19/2024,2:00:00,153.774820,230.943394
12/19/2024,3:00:00,144.090571,250.144885
12/19/2024,4:00:00,133.305044,263.183202
12/19/2024,5:00:00,122.230373,273.548837
12/19/2024,6:00:00,111.263733,282.869124
12/19/2024,7:00:00,100.691151,292.034818
12/19/2024,8:00:00,90.202643,301.649994
12/19/2024,9:00:00,81.825525,312.194205
12/19/2024,10:00:00,74.463799,324.039053
12/19/2024,11:00:00,69.041104,337.345614
12/19/2024,12:00:00,66.096748,351.881763
12/19/2024,13:00:00,65.982495,6.933735
12/19/2024,14:00:00,68.713086,21.541975
12/19/2024,15:00:00,73.958719,34.959880
12/19/2024,16:00:00,81.189695,46.917495
12/19/2024,17:00:00,89.579744,57.551835
12/19/2024,18:00:00,99.883510,67.223073
12/19/2024,19:00:00,110.413521,76.403119
12/19/2024,20:00:00,121.359383,85.682458
12/19/2024,21:00:00,132.438082,95.917984
12/19/2024,22:00:00,143.268449,108.649726
12/19/2024,23:00:00,153.092816,127.158488
12/20/2024,0:00:00,159.972511,157.671816
12/20/2024,1:00:00,160.314531,198.934640
12/20/2024,2:00:00,153.855555,230.760603
12/20/2024,3:00:00,144.184560,250.034446
12/20/2024,4:00:00,133.403018,263.102809
12/20/2024,5:00:00,122.328581,273.480202
12/20/2024,6:00:00,111.359922,282.803339
12/20/2024,7:00:00,100.783278,291.966408
12/20/2024,8:00:00,90.884944,301.574740
12/20/2024,9:00:00,81.900764,312.108487
12/20/2024,10:00:00,74.526167,323.940213
12/20/2024,11:00:00,69.085515,337.233292
12/20/2024,12:00:00,66.118982,351.759548
12/20/2024,13:00:00,65.980471,6.809027
12/20/2024,14:00:00,68.687849,21.422756
12/20/2024,15:00:00,73.913826,34.851005
12/20/2024,16:00:00,81.129888,46.819770
12/20/2024,17:00:00,89.518283,57.463298
12/20/2024,18:00:00,99.803932,67.140352
12/20/2024,19:00:00,110.328791,76.321921
12/20/2024,20:00:00,121.271942,85.597034
12/20/2024,21:00:00,132.350669,95.819137
12/20/2024,22:00:00,143.185420,108.519527
12/20/2024,23:00:00,153.023996,126.958239
12/21/2024,0:00:00,159.942547,157.351262
12/21/2024,1:00:00,160.348935,198.612132
12/21/2024,2:00:00,153.930207,230.565213
12/21/2024,3:00:00,144.273637,249.913107
12/21/2024,4:00:00,133.496550,263.013356
12/21/2024,5:00:00,122.422411,273.403819
12/21/2024,6:00:00,111.451548,282.730722
12/21/2024,7:00:00,100.870482,291.891854
12/21/2024,8:00:00,90.965198,301.493944
12/21/2024,9:00:00,81.970055,312.017883
12/21/2024,10:00:00,74.581930,323.837349
12/21/2024,11:00:00,69.122752,337.118151
12/21/2024,12:00:00,66.133668,351.636079
12/21/2024,13:00:00,65.970826,6.684812
12/21/2024,14:00:00,68.655229,21.305655
12/21/2024,15:00:00,73.862013,34.745540
12/21/2024,16:00:00,81.063742,46.726402
12/21/2024,17:00:00,89.451516,57.379833
12/21/2024,18:00:00,99.718962,67.063336
12/21/2024,19:00:00,110.239015,76.247115
12/21/2024,20:00:00,121.179645,85.518880
12/21/2024,21:00:00,132.258358,95.728771
12/21/2024,22:00:00,143.097086,108.399456
12/21/2024,23:00:00,152.948836,126.769559
12/22/2024,0:00:00,159.904584,157.038114
12/22/2024,1:00:00,160.375322,198.282084
12/22/2024,2:00:00,153.998655,230.357426
12/22/2024,3:00:00,144.357685,249.780949
12/22/2024,4:00:00,133.585528,262.914898
12/22/2024,5:00:00,122.511759,273.319740
12/22/2024,6:00:00,111.538512,282.651332
12/22/2024,7:00:00,100.952671,291.811221
12/22/2024,8:00:00,91.039956,301.407676
12/22/2024,9:00:00,82.033335,311.922471
12/22/2024,10:00:00,74.631037,323.730550
12/22/2024,11:00:00,69.152780,337.000284
12/22/2024,12:00:00,66.140790,351.511450
12/22/2024,13:00:00,65.953563,6.561186
12/22/2024,14:00:00,68.615245,21.190767
12/22/2024,15:00:00,73.803316,34.643579
12/22/2024,16:00:00,80.991308,46.637479
12/22/2024,17:00:00,89.379434,57.301524
12/22/2024,18:00:00,99.628679,66.992102
12/22/2024,19:00:00,110.144284,76.178773
12/22/2024,20:00:00,121.082588,85.448066
12/22/2024,21:00:00,132.161254,95.646964
12/22/2024,22:00:00,143.003555,108.289615
12/22/2024,23:00:00,152.867446,126.592667
12/23/2024,0:00:00,159.858689,156.732985
12/23/2024,1:00:00,160.393623,197.945155
12/23/2024,2:00:00,154.060777,230.137475
12/23/2024,3:00:00,144.436583,249.638068
12/23/2024,4:00:00,133.669840,262.807501
12/23/2024,5:00:00,122.596518,273.228028
12/23/2024,6:00:00,111.620717,282.565231
12/23/2024,7:00:00,101.029758,291.724577
12/23/2024,8:00:00,91.109137,301.316012
12/23/2024,9:00:00,82.090541,311.822336
12/23/2024,10:00:00,74.673437,323.619903
12/23/2024,11:00:00,69.175566,336.879784
12/23/2024,12:00:00,66.140335,351.385760
12/23/2024,13:00:00,65.928685,6.438247
12/23/2024,14:00:00,68.567923,21.078192
12/23/2024,15:00:00,73.737779,34.545217
12/23/2024,16:00:00,80.912642,46.553093
12/23/2024,17:00:00,89.302027,57.228453
12/23/2024,18:00:00,99.533167,66.926724
12/23/2024,19:00:00,110.044690,76.116965
12/23/2024,20:00:00,120.980870,85.384657
12/23/2024,21:00:00,132.059462,95.573784
12/23/2024,22:00:00,142.904940,108.190098
12/23/2024,23:00:00,152.779939,126.427760
12/24/2024,0:00:00,159.804934,156.436463
12/24/2024,1:00:00,160.403774,197.602038
12/24/2024,2:00:00,154.116449,229.905625
12/24/2024,3:00:00,144.510210,249.484580
12/24/2024,4:00:00,133.749372,262.691244
12/24/2024,5:00:00,122.676583,273.128752
12/24/2024,6:00:00,111.698064,282.472491
12/24/2024,7:00:00,101.101653,291.631998
12/24/2024,8:00:00,91.172665,301.219035
12/24/2024,9:00:00,82.141613,311.717565
12/24/2024,10:00:00,74.709085,323.505504
12/24/2024,11:00:00,69.191082,336.756748
12/24/2024,12:00:00,66.132291,351.259106
12/24/2024,13:00:00,65.896203,6.316095
12/24/2024,14:00:00,68.513292,20.968028
12/24/2024,15:00:00,73.665449,34.450551
12/24/2024,16:00:00,80.827806,46.473330
12/24/2024,17:00:00,89.219290,57.160701
12/24/2024,18:00:00,99.432515,66.867276
12/24/2024,19:00:00,109.940329,76.061755
12/24/2024,20:00:00,120.874596,85.328715
12/24/2024,21:00:00,131.953091,95.509292
12/24/2024,22:00:00,142.801354,108.100982
12/24/2024,23:00:00,152.686430,126.275015
12/25/2024,0:00:00,159.743402,156.149108
12/25/2024,1:00:00,160.405719,197.253454
12/25/2024,2:00:00,154.165552,229.662173
12/25/2024,3:00:00,144.578444,249.320620
12/25/2024,4:00:00,133.824009,262.566218
12/25/2024,5:00:00,122.751846,273.021991
12/25/2024,6:00:00,111.770457,282.373189
12/25/2024,7:00:00,101.168269,291.533563
12/25/2024,8:00:00,91.230465,301.116829
12/25/2024,9:00:00,82.186494,311.608249
12/25/2024,10:00:00,74.737937,323.387449
12/25/2024,11:00:00,69.199302,336.631277
12/25/2024,12:00:00,66.116655,351.131591
12/25/2024,13:00:00,65.856131,6.194832
12/25/2024,14:00:00,68.451385,20.860377
12/25/2024,15:00:00,73.586377,34.359676
12/25/2024,16:00:00,80.736865,46.398281
12/25/2024,17:00:00,89.131225,57.098346
12/25/2024,18:00:00,99.326814,66.813826
12/25/2024,19:00:00,109.831301,76.013205
12/25/2024,20:00:00,120.763869,85.280294
12/25/2024,21:00:00,131.842250,95.453543
12/25/2024,22:00:00,142.692913,108.022335
12/25/2024,23:00:00,152.587040,126.134585
12/26/2024,0:00:00,159.674177,155.871453
12/26/2024,1:00:00,160.399408,196.900149
12/26/2024,2:00:00,154.207967,229.407447
12/26/2024,3:00:00,144.641163,249.146340
12/26/2024,4:00:00,133.893638,262.432526
12/26/2024,5:00:00,122.822204,272.907833
12/26/2024,6:00:00,111.837798,282.267408
12/26/2024,7:00:00,101.229520,291.429357
12/26/2024,8:00:00,91.282464,301.009485
12/26/2024,9:00:00,82.225128,311.494483
12/26/2024,10:00:00,74.759951,323.265836
12/26/2024,11:00:00,69.200204,336.503473
12/26/2024,12:00:00,66.093422,351.003317
12/26/2024,13:00:00,65.808487,6.074561
12/26/2024,14:00:00,68.382240,20.755340
12/26/2024,15:00:00,73.500620,34.272690
12/26/2024,16:00:00,80.639890,46.328033
12/26/2024,17:00:00,89.037836,57.041466
12/26/2024,18:00:00,99.216161,66.766440
12/26/2024,19:00:00,109.717709,75.971371
12/26/2024,20:00:00,120.648799,85.239444
12/26/2024,21:00:00,131.727052,95.406580
12/26/2024,22:00:00,142.579732,107.954211
12/26/2024,23:00:00,152.481888,126.006599
12/27/2024,0:00:00,159.597354,155.603997
12/27/2024,1:00:00,160.384801,196.542889
12/27/2024,2:00:00,154.243577,229.141807
12/27/2024,3:00:00,144.698246,248.961911
12/27/2024,4:00:00,133.958144,262.290283
12/27/2024,5:00:00,122.887550,272.786374
12/27/2024,6:00:00,111.899994,282.155240
12/27/2024,7:00:00,101.285324,291.319474
12/27/2024,8:00:00,91.328591,300.897095
12/27/2024,9:00:00,82.257463,311.376366
12/27/2024,10:00:00,74.775092,323.140769
12/27/2024,11:00:00,69.193771,336.373440
12/27/2024,12:00:00,66.062596,350.874390
12/27/2024,13:00:00,65.753294,5.955388
12/27/2024,14:00:00,68.305900,20.653021
12/27/2024,15:00:00,73.408239,34.189690
12/27/2024,16:00:00,80.536955,46.262672
12/27/2024,17:00:00,88.939139,56.990135
12/27/2024,18:00:00,99.100655,66.725183
12/27/2024,19:00:00,109.599660,75.936306
12/27/2024,20:00:00,120.529496,85.206208
12/27/2024,21:00:00,131.607612,95.368441
12/27/2024,22:00:00,142.461932,107.896652
12/27/2024,23:00:00,152.371096,125.891166
12/28/2024,0:00:00,159.513030,155.347207
12/28/2024,1:00:00,160.361865,196.182458
12/28/2024,2:00:00,154.272267,228.865643
12/28/2024,3:00:00,144.749571,248.767526
12/28/2024,4:00:00,134.017412,262.139616
12/28/2024,5:00:00,122.947779,272.657720
12/28/2024,6:00:00,111.956948,282.036782
12/28/2024,7:00:00,101.335596,291.204008
12/28/2024,8:00:00,91.368778,300.779760
12/28/2024,9:00:00,82.283447,311.253999
12/28/2024,10:00:00,74.783324,323.012352
12/28/2024,11:00:00,69.179987,336.241285
12/28/2024,12:00:00,66.024183,350.744917
12/28/2024,13:00:00,65.690578,5.837421
12/28/2024,14:00:00,68.222413,20.553524
12/28/2024,15:00:00,73.309301,34.110772
12/28/2024,16:00:00,80.428140,46.202285
12/28/2024,17:00:00,88.835156,56.944427
12/28/2024,18:00:00,98.980401,66.690115
12/28/2024,19:00:00,109.477262,75.908060
12/28/2024,20:00:00,120.406075,85.180625
12/28/2024,21:00:00,131.484047,95.339157
12/28/2024,22:00:00,142.339632,107.849689
12/28/2024,23:00:00,152.254790,125.788374
12/29/2024,0:00:00,159.421310,155.101519
12/29/2024,1:00:00,160.330575,195.819654
12/29/2024,2:00:00,154.293926,228.579375
12/29/2024,3:00:00,144.795016,248.563393
12/29/2024,4:00:00,134.071328,261.980664
12/29/2024,5:00:00,123.002787,272.521983
12/29/2024,6:00:00,112.008569,281.912139
12/29/2024,7:00:00,101.380257,291.083061
12/29/2024,8:00:00,91.402956,300.657582
12/29/2024,9:00:00,82.303033,311.127489
12/29/2024,10:00:00,74.784617,322.880694
12/29/2024,11:00:00,69.158840,336.107117
12/29/2024,12:00:00,65.978191,350.615009
12/29/2024,13:00:00,65.620372,5.720769
12/29/2024,14:00:00,68.131831,20.456956
12/29/2024,15:00:00,73.203878,34.036035
12/29/2024,16:00:00,80.313531,46.146958
12/29/2024,17:00:00,88.725922,56.904414
12/29/2024,18:00:00,98.855506,66.661293
12/29/2024,19:00:00,109.350630,75.886677
12/29/2024,20:00:00,120.278652,85.162727
12/29/2024,21:00:00,131.356476,95.318751
12/29/2024,22:00:00,142.212954,107.813342
12/29/2024,23:00:00,152.133095,125.698291
12/30/2024,0:00:00,159.322303,154.867332
12/30/2024,1:00:00,160.290917,195.455287
12/30/2024,2:00:00,154.308445,228.283455
12/30/2024,3:00:00,144.834461,248.349743
12/30/2024,4:00:00,134.119779,261.813580
12/30/2024,5:00:00,123.052470,272.379287
12/30/2024,6:00:00,112.054763,281.781422
12/30/2024,7:00:00,101.419226,290.956743
12/30/2024,8:00:00,91.431063,300.530670
12/30/2024,9:00:00,82.316175,310.996946
12/30/2024,10:00:00,74.778941,322.745905
12/30/2024,11:00:00,69.130324,335.971049
12/30/2024,12:00:00,65.924636,350.484779
12/30/2024,13:00:00,65.542709,5.605544
12/30/2024,14:00:00,68.034211,20.363425
12/30/2024,15:00:00,73.092043,33.965578
12/30/2024,16:00:00,80.193215,46.096776
12/30/2024,17:00:00,88.611480,56.870165
12/30/2024,18:00:00,98.726082,66.638774
12/30/2024,19:00:00,109.219881,75.872199
12/30/2024,20:00:00,120.147345,85.152544
12/30/2024,21:00:00,131.225020,95.307238
12/30/2024,22:00:00,142.082021,107.787620
12/30/2024,23:00:00,152.006139,125.620965
12/31/2024,0:00:00,159.216123,154.645014
12/31/2024,1:00:00,160.242881,195.090169
12/31/2024,2:00:00,154.315719,227.978361
12/31/2024,3:00:00,144.867787,248.126823
12/31/2024,4:00:00,134.162650,261.638527
12/31/2024,5:00:00,123.096725,272.229764
12/31/2024,6:00:00,112.095438,281.644748
12/31/2024,7:00:00,101.452425,290.825163
12/31/2024,8:00:00,91.453035,300.399133
12/31/2024,9:00:00,82.322828,310.862480
12/31/2024,10:00:00,74.766271,322.608100
12/31/2024,11:00:00,69.094433,335.833196
12/31/2024,12:00:00,65.863532,350.354340
12/31/2024,13:00:00,65.457629,5.491860
12/31/2024,14:00:00,67.929613,20.273040
12/31/2024,15:00:00,72.973877,33.899500
12/31/2024,16:00:00,80.067287,46.051824
12/31/2024,17:00:00,88.491885,56.841750
12/31/2024,18:00:00,98.592244,66.622609
12/31/2024,19:00:00,109.085132,75.864664
12/31/2024,20:00:00,120.012276,85.150100
12/31/2024,21:00:00,131.089799,95.304630
12/31/2024,22:00:00,141.946955,107.772524
12/31/2024,23:00:00,151.874048,125.556428
