Source,Location ID,City,State,Country,Latitude,Longitude,Time Zone,Elevation,Local Time Zone,Clearsky DHI Units,Clearsky DNI Units,Clearsky GHI Units,Dew Point Units,DHI Units,DNI Units,GHI Units,Solar Zenith Angle Units,Temperature Units,Pressure Units,Relative Humidity Units,Precipitable Water Units,Wind Direction Units,Wind Speed Units,Cloud Type -15,Cloud Type 0,Cloud Type 1,Cloud Type 2,Cloud Type 3,Cloud Type 4,Cloud Type 5,Cloud Type 6,Cloud Type 7,Cloud Type 8,Cloud Type 9,Cloud Type 10,Cloud Type 11,Cloud Type 12,Fill Flag 0,Fill Flag 1,Fill Flag 2,Fill Flag 3,Fill Flag 4,Fill Flag 5,Surface Albedo Units,Version
NSRDB,983795,-,-,-,42.29,-83.74,-5,263,-5,w/m2,w/m2,w/m2,c,w/m2,w/m2,w/m2,Degree,c,mbar,%,cm,Degrees,m/s,N/A,Clear,Probably Clear,Fog,Water,Super-Cooled Water,Mixed,Opaque Ice,Cirrus,Overlapping,Overshooting,Unknown,Dust,Smoke,N/A,Missing Image,Low Irradiance,Exceeds Clearsky,Missing CLoud Properties,Rayleigh Violation,N/A,4.1.2.dev4+g3b38bc8.d20250228
Year,Month,Day,Hour,Minute,DHI,DNI,Solar Zenith Angle,Precipitable Water,Temperature,Relative Humidity,Wind Direction,Wind Speed,,,,,,,,,,,,,,,,,,,,,,,,,,,,,,,,,
2016,1,1,0,30,0,0,160.68,0.5,-4.5,86.76,253,5.2,,,,,,,,,,,,,,,,,,,,,,,,,,,,,,,,,
2016,1,1,1,30,0,0,157.93,0.5,-4.9,85.51,252,5,,,,,,,,,,,,,,,,,,,,,,,,,,,,,,,,,
2016,1,1,2,30,0,0,149.84,0.5,-5.2,84.8,248,4.800000000000001,,,,,,,,,,,,,,,,,,,,,,,,,,,,,,,,,
2016,1,1,3,30,0,0,139.6,0.5,-5.4,84.16,247,5,,,,,,,,,,,,,,,,,,,,,,,,,,,,,,,,,
2016,1,1,4,30,0,0,128.65,0.5,-5.2,82.88,248,5.4,,,,,,,,,,,,,,,,,,,,,,,,,,,,,,,,,
2016,1,1,5,30,0,0,117.58,0.5,-5,82.87,249,5.6000000000000005,,,,,,,,,,,,,,,,,,,,,,,,,,,,,,,,,
2016,1,1,6,30,0,0,106.72,0.5,-4.9,82.58,251,5.5,,,,,,,,,,,,,,,,,,,,,,,,,,,,,,,,,
2016,1,1,7,30,0,0,96.36,0.5,-4.8,82.14,252,5.4,,,,,,,,,,,,,,,,,,,,,,,,,,,,,,,,,
2016,1,1,8,30,18,0,86.58,0.5,-4.3,79.72,253,5.7,,,,,,,,,,,,,,,,,,,,,,,,,,,,,,,,,
2016,1,1,9,30,34,0,78.35000000000001,0.5,-3.5,76.85000000000001,256,6.4,,,,,,,,,,,,,,,,,,,,,,,,,,,,,,,,,
2016,1,1,10,30,119,0,71.66,0.5,-3.1,73.34,259,6.7,,,,,,,,,,,,,,,,,,,,,,,,,,,,,,,,,
2016,1,1,11,30,96,0,67.14,0.5,-3,72.07000000000001,260,6.7,,,,,,,,,,,,,,,,,,,,,,,,,,,,,,,,,
2016,1,1,12,30,70,0,65.28,0.5,-3,71.84,262,6.800000000000001,,,,,,,,,,,,,,,,,,,,,,,,,,,,,,,,,
2016,1,1,13,30,51,0,66.33,0.5,-3.1,71.83,264,6.6000000000000005,,,,,,,,,,,,,,,,,,,,,,,,,,,,,,,,,
2016,1,1,14,30,38,0,70.14,0.5,-3.2,71.89,267,6.300000000000001,,,,,,,,,,,,,,,,,,,,,,,,,,,,,,,,,
2016,1,1,15,30,57,0,76.28,0.6000000000000001,-3.5,73.42,266,5.6000000000000005,,,,,,,,,,,,,,,,,,,,,,,,,,,,,,,,,
2016,1,1,16,30,25,0,84.16,0.7000000000000001,-4,77.22,259,4.7,,,,,,,,,,,,,,,,,,,,,,,,,,,,,,,,,
2016,1,1,17,30,0,0,93.57000000000001,0.8,-4.4,80.07000000000001,253,4.3,,,,,,,,,,,,,,,,,,,,,,,,,,,,,,,,,
2016,1,1,18,30,0,0,103.74000000000001,0.8,-4.4,81.12,247,4.4,,,,,,,,,,,,,,,,,,,,,,,,,,,,,,,,,
2016,1,1,19,30,0,0,114.48,0.8,-4.3,82.64,239,4.4,,,,,,,,,,,,,,,,,,,,,,,,,,,,,,,,,
2016,1,1,20,30,0,0,125.52,0.7000000000000001,-4.3,83.18,231,4.7,,,,,,,,,,,,,,,,,,,,,,,,,,,,,,,,,
2016,1,1,21,30,0,0,136.54,0.7000000000000001,-4.3,83.25,228,5,,,,,,,,,,,,,,,,,,,,,,,,,,,,,,,,,
2016,1,1,22,30,0,0,147.06,0.6000000000000001,-4.5,85.22,228,5,,,,,,,,,,,,,,,,,,,,,,,,,,,,,,,,,
2016,1,1,23,30,0,0,155.98,0.5,-5,88.02,229,4.6000000000000005,,,,,,,,,,,,,,,,,,,,,,,,,,,,,,,,,
2016,1,2,0,30,0,0,160.59,0.5,-5.6,88.82000000000001,229,4.2,,,,,,,,,,,,,,,,,,,,,,,,,,,,,,,,,
2016,1,2,1,30,0,0,157.91,0.5,-5.8,88.14,232,4.1000000000000005,,,,,,,,,,,,,,,,,,,,,,,,,,,,,,,,,
2016,1,2,2,30,0,0,149.86,0.6000000000000001,-5.4,87,237,4,,,,,,,,,,,,,,,,,,,,,,,,,,,,,,,,,
2016,1,2,3,30,0,0,139.64000000000001,0.6000000000000001,-4.8,86.35000000000001,242,3.9000000000000004,,,,,,,,,,,,,,,,,,,,,,,,,,,,,,,,,
2016,1,2,4,30,0,0,128.69,0.6000000000000001,-4.3,86.9,248,3.8000000000000003,,,,,,,,,,,,,,,,,,,,,,,,,,,,,,,,,
2016,1,2,5,30,0,0,117.61,0.6000000000000001,-4,88.17,254,3.7,,,,,,,,,,,,,,,,,,,,,,,,,,,,,,,,,
2016,1,2,6,30,0,0,106.75,0.6000000000000001,-3.7,87.99,261,3.7,,,,,,,,,,,,,,,,,,,,,,,,,,,,,,,,,
2016,1,2,7,30,0,0,96.38,0.6000000000000001,-3.4,87.13,266,3.7,,,,,,,,,,,,,,,,,,,,,,,,,,,,,,,,,
2016,1,2,8,30,14,0,86.59,0.6000000000000001,-2.7,82.94,268,4.1000000000000005,,,,,,,,,,,,,,,,,,,,,,,,,,,,,,,,,
2016,1,2,9,30,81,1,78.34,0.6000000000000001,-1.5,77.95,271,4.7,,,,,,,,,,,,,,,,,,,,,,,,,,,,,,,,,
2016,1,2,10,30,165,4,71.62,0.6000000000000001,-0.5,72.05,272,5.1000000000000005,,,,,,,,,,,,,,,,,,,,,,,,,,,,,,,,,
2016,1,2,11,30,211,4,67.08,0.7000000000000001,0.30000000000000004,69.83,266,5.2,,,,,,,,,,,,,,,,,,,,,,,,,,,,,,,,,
2016,1,2,12,30,300,80,65.2,0.7000000000000001,0.9,70.14,258,5.4,,,,,,,,,,,,,,,,,,,,,,,,,,,,,,,,,
2016,1,2,13,30,72,878,66.23,0.7000000000000001,1.2000000000000002,71.51,251,5.5,,,,,,,,,,,,,,,,,,,,,,,,,,,,,,,,,
2016,1,2,14,30,64,839,70.02,0.7000000000000001,1.1,73.97,243,5.7,,,,,,,,,,,,,,,,,,,,,,,,,,,,,,,,,
2016,1,2,15,30,51,742,76.15,0.7000000000000001,0.2,79.27,237,5.5,,,,,,,,,,,,,,,,,,,,,,,,,,,,,,,,,
2016,1,2,16,30,30,515,84.03,0.7000000000000001,-1.4,86.36,232,5.2,,,,,,,,,,,,,,,,,,,,,,,,,,,,,,,,,
2016,1,2,17,30,0,0,93.43,0.6000000000000001,-2.6,88.35000000000001,227,5.1000000000000005,,,,,,,,,,,,,,,,,,,,,,,,,,,,,,,,,
2016,1,2,18,30,0,0,103.60000000000001,0.6000000000000001,-3.2,88.45,226,5.4,,,,,,,,,,,,,,,,,,,,,,,,,,,,,,,,,
2016,1,2,19,30,0,0,114.34,0.5,-3.3,88.21000000000001,228,6,,,,,,,,,,,,,,,,,,,,,,,,,,,,,,,,,
2016,1,2,20,30,0,0,125.38000000000001,0.6000000000000001,-3.3,89.27,233,6.300000000000001,,,,,,,,,,,,,,,,,,,,,,,,,,,,,,,,,
2016,1,2,21,30,0,0,136.41,0.6000000000000001,-3.3,90.28,240,6.5,,,,,,,,,,,,,,,,,,,,,,,,,,,,,,,,,
2016,1,2,22,30,0,0,146.92000000000002,0.6000000000000001,-3.2,90.19,249,6.5,,,,,,,,,,,,,,,,,,,,,,,,,,,,,,,,,
2016,1,2,23,30,0,0,155.84,0.5,-3,89.27,259,6.5,,,,,,,,,,,,,,,,,,,,,,,,,,,,,,,,,
2016,1,3,0,30,0,0,160.49,0.5,-2.5,87.53,271,6.5,,,,,,,,,,,,,,,,,,,,,,,,,,,,,,,,,
2016,1,3,1,30,0,0,157.87,0.5,-2.1,87.27,282,6.300000000000001,,,,,,,,,,,,,,,,,,,,,,,,,,,,,,,,,
2016,1,3,2,30,0,0,149.86,0.5,-1.9,87.2,290,5.800000000000001,,,,,,,,,,,,,,,,,,,,,,,,,,,,,,,,,
2016,1,3,3,30,0,0,139.66,0.5,-1.8,86.58,294,5.300000000000001,,,,,,,,,,,,,,,,,,,,,,,,,,,,,,,,,
2016,1,3,4,30,0,0,128.72,0.6000000000000001,-1.9,86.64,296,5,,,,,,,,,,,,,,,,,,,,,,,,,,,,,,,,,
2016,1,3,5,30,0,0,117.64,0.5,-1.9,86.10000000000001,301,4.800000000000001,,,,,,,,,,,,,,,,,,,,,,,,,,,,,,,,,
2016,1,3,6,30,0,0,106.78,0.5,-2.3,87.04,307,4.6000000000000005,,,,,,,,,,,,,,,,,,,,,,,,,,,,,,,,,
2016,1,3,7,30,0,0,96.4,0.5,-2.6,85.8,313,4.4,,,,,,,,,,,,,,,,,,,,,,,,,,,,,,,,,
2016,1,3,8,30,14,0,86.59,0.5,-2.1,80.18,317,4.5,,,,,,,,,,,,,,,,,,,,,,,,,,,,,,,,,
2016,1,3,9,30,31,0,78.32000000000001,0.5,-1.2,75.26,325,5.1000000000000005,,,,,,,,,,,,,,,,,,,,,,,,,,,,,,,,,
2016,1,3,10,30,46,0,71.59,0.5,-0.5,67.54,331,5.6000000000000005,,,,,,,,,,,,,,,,,,,,,,,,,,,,,,,,,
2016,1,3,11,30,142,0,67.02,0.5,-0.1,63.4,333,5.7,,,,,,,,,,,,,,,,,,,,,,,,,,,,,,,,,
2016,1,3,12,30,226,3,65.11,0.4,0,62.15,332,5.7,,,,,,,,,,,,,,,,,,,,,,,,,,,,,,,,,
2016,1,3,13,30,164,0,66.12,0.5,-0.1,61.84,331,5.6000000000000005,,,,,,,,,,,,,,,,,,,,,,,,,,,,,,,,,
2016,1,3,14,30,206,10,69.89,0.5,-0.6,63.76,330,5.300000000000001,,,,,,,,,,,,,,,,,,,,,,,,,,,,,,,,,
2016,1,3,15,30,60,0,76.01,0.5,-1.4,67.59,330,4.6000000000000005,,,,,,,,,,,,,,,,,,,,,,,,,,,,,,,,,
2016,1,3,16,30,18,0,83.89,0.5,-2.4,73.9,331,3.8000000000000003,,,,,,,,,,,,,,,,,,,,,,,,,,,,,,,,,
2016,1,3,17,30,0,0,93.29,0.5,-3.2,78.02,333,3.4000000000000004,,,,,,,,,,,,,,,,,,,,,,,,,,,,,,,,,
2016,1,3,18,30,0,0,103.46000000000001,0.5,-3.8,80.71000000000001,336,3.2,,,,,,,,,,,,,,,,,,,,,,,,,,,,,,,,,
2016,1,3,19,30,0,0,114.2,0.5,-4.2,82.09,341,3.1,,,,,,,,,,,,,,,,,,,,,,,,,,,,,,,,,
2016,1,3,20,30,0,0,125.24000000000001,0.5,-4.6,83.43,346,3,,,,,,,,,,,,,,,,,,,,,,,,,,,,,,,,,
2016,1,3,21,30,0,0,136.26,0.5,-4.9,84.55,350,2.9000000000000004,,,,,,,,,,,,,,,,,,,,,,,,,,,,,,,,,
2016,1,3,22,30,0,0,146.78,0.5,-5.2,85.43,353,2.7,,,,,,,,,,,,,,,,,,,,,,,,,,,,,,,,,
2016,1,3,23,30,0,0,155.70000000000002,0.5,-5.4,84.68,353,2.5,,,,,,,,,,,,,,,,,,,,,,,,,,,,,,,,,
2016,1,4,0,30,0,0,160.38,0.5,-5.7,84.55,351,2.4000000000000004,,,,,,,,,,,,,,,,,,,,,,,,,,,,,,,,,
2016,1,4,1,30,0,0,157.83,0.5,-5.9,83.74,349,2.4000000000000004,,,,,,,,,,,,,,,,,,,,,,,,,,,,,,,,,
2016,1,4,2,30,0,0,149.87,0.5,-6,83.19,349,2.4000000000000004,,,,,,,,,,,,,,,,,,,,,,,,,,,,,,,,,
2016,1,4,3,30,0,0,139.68,0.5,-6.2,83.4,350,2.5,,,,,,,,,,,,,,,,,,,,,,,,,,,,,,,,,
2016,1,4,4,30,0,0,128.75,0.5,-6.3,82.97,349,2.5,,,,,,,,,,,,,,,,,,,,,,,,,,,,,,,,,
2016,1,4,5,30,0,0,117.67,0.5,-6.3,82.39,351,2.8000000000000003,,,,,,,,,,,,,,,,,,,,,,,,,,,,,,,,,
2016,1,4,6,30,0,0,106.8,0.4,-6.3,82.21000000000001,355,3.3000000000000003,,,,,,,,,,,,,,,,,,,,,,,,,,,,,,,,,
2016,1,4,7,30,0,0,96.41,0.4,-6.4,81.8,179,3.8000000000000003,,,,,,,,,,,,,,,,,,,,,,,,,,,,,,,,,
2016,1,4,8,30,23,0,86.58,0.4,-6.1,77.56,4,4.6000000000000005,,,,,,,,,,,,,,,,,,,,,,,,,,,,,,,,,
2016,1,4,9,30,124,8,78.29,0.4,-5.3,73.21000000000001,10,5.4,,,,,,,,,,,,,,,,,,,,,,,,,,,,,,,,,
2016,1,4,10,30,210,13,71.54,0.30000000000000004,-4.9,69.27,14,5.6000000000000005,,,,,,,,,,,,,,,,,,,,,,,,,,,,,,,,,
2016,1,4,11,30,160,0,66.94,0.30000000000000004,-4.7,65.14,16,5.5,,,,,,,,,,,,,,,,,,,,,,,,,,,,,,,,,
2016,1,4,12,30,277,74,65.02,0.30000000000000004,-4.7,62.65,18,5.2,,,,,,,,,,,,,,,,,,,,,,,,,,,,,,,,,
2016,1,4,13,30,218,1,66,0.30000000000000004,-4.9,61.61,20,4.800000000000001,,,,,,,,,,,,,,,,,,,,,,,,,,,,,,,,,
2016,1,4,14,30,253,80,69.76,0.30000000000000004,-5.2,61.42,23,4.3,,,,,,,,,,,,,,,,,,,,,,,,,,,,,,,,,
2016,1,4,15,30,113,1,75.87,0.30000000000000004,-5.9,63.4,27,3.7,,,,,,,,,,,,,,,,,,,,,,,,,,,,,,,,,
2016,1,4,16,30,46,0,83.74,0.30000000000000004,-7.2,66.48,29,3.1,,,,,,,,,,,,,,,,,,,,,,,,,,,,,,,,,
2016,1,4,17,30,0,0,93.15,0.30000000000000004,-8.3,68.35000000000001,31,2.7,,,,,,,,,,,,,,,,,,,,,,,,,,,,,,,,,
2016,1,4,18,30,0,0,103.31,0.30000000000000004,-9,71.63,34,2.3000000000000003,,,,,,,,,,,,,,,,,,,,,,,,,,,,,,,,,
2016,1,4,19,30,0,0,114.05,0.30000000000000004,-9.7,75.19,39,1.9000000000000001,,,,,,,,,,,,,,,,,,,,,,,,,,,,,,,,,
2016,1,4,20,30,0,0,125.09,0.30000000000000004,-10.3,79.19,47,1.5,,,,,,,,,,,,,,,,,,,,,,,,,,,,,,,,,
2016,1,4,21,30,0,0,136.12,0.30000000000000004,-10.6,81.56,59,1.3,,,,,,,,,,,,,,,,,,,,,,,,,,,,,,,,,
2016,1,4,22,30,0,0,146.63,0.30000000000000004,-11,83.55,75,1.2000000000000002,,,,,,,,,,,,,,,,,,,,,,,,,,,,,,,,,
2016,1,4,23,30,0,0,155.56,0.30000000000000004,-11.4,84.89,91,1.1,,,,,,,,,,,,,,,,,,,,,,,,,,,,,,,,,
2016,1,5,0,30,0,0,160.27,0.30000000000000004,-11.7,85.47,107,1.1,,,,,,,,,,,,,,,,,,,,,,,,,,,,,,,,,
2016,1,5,1,30,0,0,157.78,0.30000000000000004,-12,86.48,121,1.1,,,,,,,,,,,,,,,,,,,,,,,,,,,,,,,,,
2016,1,5,2,30,0,0,149.86,0.30000000000000004,-12.4,88.10000000000001,132,1.3,,,,,,,,,,,,,,,,,,,,,,,,,,,,,,,,,
2016,1,5,3,30,0,0,139.70000000000002,0.30000000000000004,-12.7,88.83,140,1.5,,,,,,,,,,,,,,,,,,,,,,,,,,,,,,,,,
2016,1,5,4,30,0,0,128.77,0.30000000000000004,-12.9,89.82000000000001,148,1.6,,,,,,,,,,,,,,,,,,,,,,,,,,,,,,,,,
2016,1,5,5,30,0,0,117.69,0.30000000000000004,-13,91,158,1.7000000000000002,,,,,,,,,,,,,,,,,,,,,,,,,,,,,,,,,
2016,1,5,6,30,0,0,106.81,0.30000000000000004,-13.1,92.65,170,1.9000000000000001,,,,,,,,,,,,,,,,,,,,,,,,,,,,,,,,,
2016,1,5,7,30,0,0,96.41,0.30000000000000004,-12.9,92.4,182,2.2,,,,,,,,,,,,,,,,,,,,,,,,,,,,,,,,,
2016,1,5,8,30,20,443,86.56,0.30000000000000004,-11.2,82.55,194,2.9000000000000004,,,,,,,,,,,,,,,,,,,,,,,,,,,,,,,,,
2016,1,5,9,30,39,755,78.26,0.30000000000000004,-8.5,74.3,203,3.9000000000000004,,,,,,,,,,,,,,,,,,,,,,,,,,,,,,,,,
2016,1,5,10,30,52,863,71.48,0.30000000000000004,-6.5,69.60000000000001,209,4.4,,,,,,,,,,,,,,,,,,,,,,,,,,,,,,,,,
2016,1,5,11,30,59,915,66.86,0.30000000000000004,-5.2,64.8,210,4.4,,,,,,,,,,,,,,,,,,,,,,,,,,,,,,,,,
2016,1,5,12,30,62,932,64.91,0.30000000000000004,-4.2,61.64,210,4.2,,,,,,,,,,,,,,,,,,,,,,,,,,,,,,,,,
2016,1,5,13,30,59,929,65.87,0.30000000000000004,-3.4,58.44,207,4,,,,,,,,,,,,,,,,,,,,,,,,,,,,,,,,,
2016,1,5,14,30,55,873,69.62,0.4,-3.2,58.480000000000004,204,3.8000000000000003,,,,,,,,,,,,,,,,,,,,,,,,,,,,,,,,,
2016,1,5,15,30,47,776,75.72,0.4,-4,63.07,202,3.2,,,,,,,,,,,,,,,,,,,,,,,,,,,,,,,,,
2016,1,5,16,30,30,549,83.59,0.4,-5.9,70.28,200,2.4000000000000004,,,,,,,,,,,,,,,,,,,,,,,,,,,,,,,,,
2016,1,5,17,30,0,0,92.99,0.4,-7.6,77.48,198,2.1,,,,,,,,,,,,,,,,,,,,,,,,,,,,,,,,,
2016,1,5,18,30,0,0,103.16,0.30000000000000004,-8.2,78.4,196,2.3000000000000003,,,,,,,,,,,,,,,,,,,,,,,,,,,,,,,,,
2016,1,5,19,30,0,0,113.9,0.30000000000000004,-8.5,78.67,195,2.5,,,,,,,,,,,,,,,,,,,,,,,,,,,,,,,,,
2016,1,5,20,30,0,0,124.94,0.30000000000000004,-8.7,79.4,194,2.7,,,,,,,,,,,,,,,,,,,,,,,,,,,,,,,,,
2016,1,5,21,30,0,0,135.96,0.30000000000000004,-8.8,80.46000000000001,195,2.9000000000000004,,,,,,,,,,,,,,,,,,,,,,,,,,,,,,,,,
2016,1,5,22,30,0,0,146.48,0.30000000000000004,-8.9,82.49,197,3.1,,,,,,,,,,,,,,,,,,,,,,,,,,,,,,,,,
2016,1,5,23,30,0,0,155.41,0.4,-9.1,84.97,199,3.1,,,,,,,,,,,,,,,,,,,,,,,,,,,,,,,,,
2016,1,6,0,30,0,0,160.15,0.4,-9.2,86.27,201,3.1,,,,,,,,,,,,,,,,,,,,,,,,,,,,,,,,,
2016,1,6,1,30,0,0,157.72,0.4,-9.4,88.06,204,3.2,,,,,,,,,,,,,,,,,,,,,,,,,,,,,,,,,
2016,1,6,2,30,0,0,149.85,0.4,-9.5,88.32000000000001,206,3.2,,,,,,,,,,,,,,,,,,,,,,,,,,,,,,,,,
2016,1,6,3,30,0,0,139.70000000000002,0.4,-9.7,88.54,208,3.1,,,,,,,,,,,,,,,,,,,,,,,,,,,,,,,,,
2016,1,6,4,30,0,0,128.78,0.5,-10,89.10000000000001,211,3,,,,,,,,,,,,,,,,,,,,,,,,,,,,,,,,,
2016,1,6,5,30,0,0,117.7,0.5,-10.5,90.15,213,2.9000000000000004,,,,,,,,,,,,,,,,,,,,,,,,,,,,,,,,,
2016,1,6,6,30,0,0,106.82000000000001,0.5,-10.7,89.79,214,2.8000000000000003,,,,,,,,,,,,,,,,,,,,,,,,,,,,,,,,,
2016,1,6,7,30,0,0,96.4,0.5,-10.6,88.51,214,2.9000000000000004,,,,,,,,,,,,,,,,,,,,,,,,,,,,,,,,,
2016,1,6,8,30,24,0,86.54,0.5,-9.2,80.28,212,3.1,,,,,,,,,,,,,,,,,,,,,,,,,,,,,,,,,
2016,1,6,9,30,42,727,78.23,0.4,-6.7,74.42,207,3.3000000000000003,,,,,,,,,,,,,,,,,,,,,,,,,,,,,,,,,
2016,1,6,10,30,54,848,71.42,0.4,-4,69.5,202,3.3000000000000003,,,,,,,,,,,,,,,,,,,,,,,,,,,,,,,,,
2016,1,6,11,30,59,905,66.78,0.4,-1.3,64.67,207,3.5,,,,,,,,,,,,,,,,,,,,,,,,,,,,,,,,,
2016,1,6,12,30,231,289,64.8,0.4,0.7000000000000001,61.07,216,3.8000000000000003,,,,,,,,,,,,,,,,,,,,,,,,,,,,,,,,,
2016,1,6,13,30,171,416,65.74,0.4,1.5,61.51,216,3.7,,,,,,,,,,,,,,,,,,,,,,,,,,,,,,,,,
2016,1,6,14,30,130,501,69.48,0.4,1.6,63.52,213,3.3000000000000003,,,,,,,,,,,,,,,,,,,,,,,,,,,,,,,,,
2016,1,6,15,30,134,157,75.57000000000001,0.4,0.6000000000000001,71.33,208,2.4000000000000004,,,,,,,,,,,,,,,,,,,,,,,,,,,,,,,,,
2016,1,6,16,30,63,68,83.44,0.4,-1.4,83.63,204,1.8,,,,,,,,,,,,,,,,,,,,,,,,,,,,,,,,,
2016,1,6,17,30,0,0,92.84,0.4,-2.8,83.65,201,1.7000000000000002,,,,,,,,,,,,,,,,,,,,,,,,,,,,,,,,,
2016,1,6,18,30,0,0,103.01,0.4,-3.4,83.29,199,1.8,,,,,,,,,,,,,,,,,,,,,,,,,,,,,,,,,
2016,1,6,19,30,0,0,113.75,0.5,-3.5,82.46000000000001,198,1.9000000000000001,,,,,,,,,,,,,,,,,,,,,,,,,,,,,,,,,
2016,1,6,20,30,0,0,124.79,0.5,-3.2,81.92,197,2,,,,,,,,,,,,,,,,,,,,,,,,,,,,,,,,,
2016,1,6,21,30,0,0,135.81,0.5,-2.7,81.97,198,2.1,,,,,,,,,,,,,,,,,,,,,,,,,,,,,,,,,
2016,1,6,22,30,0,0,146.32,0.5,-2.5,83.67,201,2.2,,,,,,,,,,,,,,,,,,,,,,,,,,,,,,,,,
2016,1,6,23,30,0,0,155.25,0.5,-2.6,86.43,203,2.1,,,,,,,,,,,,,,,,,,,,,,,,,,,,,,,,,
2016,1,7,0,30,0,0,160.02,0.5,-3,88.5,204,2,,,,,,,,,,,,,,,,,,,,,,,,,,,,,,,,,
2016,1,7,1,30,0,0,157.65,0.6000000000000001,-3.3,88.99,205,1.8,,,,,,,,,,,,,,,,,,,,,,,,,,,,,,,,,
2016,1,7,2,30,0,0,149.83,0.6000000000000001,-3.4,89.44,204,1.6,,,,,,,,,,,,,,,,,,,,,,,,,,,,,,,,,
2016,1,7,3,30,0,0,139.70000000000002,0.6000000000000001,-3.6,90.73,204,1.4000000000000001,,,,,,,,,,,,,,,,,,,,,,,,,,,,,,,,,
2016,1,7,4,30,0,0,128.79,0.6000000000000001,-3.8,91.07000000000001,200,1.3,,,,,,,,,,,,,,,,,,,,,,,,,,,,,,,,,
2016,1,7,5,30,0,0,117.71000000000001,0.7000000000000001,-4.1,91.95,194,1.3,,,,,,,,,,,,,,,,,,,,,,,,,,,,,,,,,
2016,1,7,6,30,0,0,106.82000000000001,0.7000000000000001,-4.5,93.71000000000001,188,1.3,,,,,,,,,,,,,,,,,,,,,,,,,,,,,,,,,
2016,1,7,7,30,0,0,96.39,0.7000000000000001,-4.6,93.58,184,1.5,,,,,,,,,,,,,,,,,,,,,,,,,,,,,,,,,
2016,1,7,8,30,17,0,86.53,0.8,-3.1,84.89,181,2.1,,,,,,,,,,,,,,,,,,,,,,,,,,,,,,,,,
2016,1,7,9,30,78,2,78.18,0.8,-0.9,80.22,178,2.7,,,,,,,,,,,,,,,,,,,,,,,,,,,,,,,,,
2016,1,7,10,30,89,0,71.35000000000001,0.9,0.9,76.45,175,2.6,,,,,,,,,,,,,,,,,,,,,,,,,,,,,,,,,
2016,1,7,11,30,216,33,66.68,0.9,2.7,70.06,175,2.6,,,,,,,,,,,,,,,,,,,,,,,,,,,,,,,,,
2016,1,7,12,30,63,881,64.68,0.9,3.9000000000000004,58.68,176,2.7,,,,,,,,,,,,,,,,,,,,,,,,,,,,,,,,,
2016,1,7,13,30,220,252,65.6,1,4.2,55.94,174,2.6,,,,,,,,,,,,,,,,,,,,,,,,,,,,,,,,,
2016,1,7,14,30,147,390,69.33,1.1,3.9000000000000004,57.36,166,2,,,,,,,,,,,,,,,,,,,,,,,,,,,,,,,,,
2016,1,7,15,30,107,322,75.42,1.1,2.4000000000000004,71.48,151,1.5,,,,,,,,,,,,,,,,,,,,,,,,,,,,,,,,,
2016,1,7,16,30,56,4,83.29,1.1,0.2,83.4,142,1.5,,,,,,,,,,,,,,,,,,,,,,,,,,,,,,,,,
2016,1,7,17,30,0,0,92.68,1.1,-1.2,80.62,139,1.7000000000000002,,,,,,,,,,,,,,,,,,,,,,,,,,,,,,,,,
2016,1,7,18,30,0,0,102.85000000000001,1.1,-1.7,80.7,136,1.9000000000000001,,,,,,,,,,,,,,,,,,,,,,,,,,,,,,,,,
2016,1,7,19,30,0,0,113.59,1.1,-1.8,81.11,132,2.1,,,,,,,,,,,,,,,,,,,,,,,,,,,,,,,,,
2016,1,7,20,30,0,0,124.63000000000001,1.1,-1.8,82.17,130,2.2,,,,,,,,,,,,,,,,,,,,,,,,,,,,,,,,,
2016,1,7,21,30,0,0,135.65,1.2000000000000002,-1.7,82.66,128,2.3000000000000003,,,,,,,,,,,,,,,,,,,,,,,,,,,,,,,,,
2016,1,7,22,30,0,0,146.16,1.2000000000000002,-1.5,82.79,128,2.3000000000000003,,,,,,,,,,,,,,,,,,,,,,,,,,,,,,,,,
2016,1,7,23,30,0,0,155.09,1.2000000000000002,-1.1,83.34,132,2.3000000000000003,,,,,,,,,,,,,,,,,,,,,,,,,,,,,,,,,
2016,1,8,0,30,0,0,159.88,1.2000000000000002,-0.8,85.29,139,2.1,,,,,,,,,,,,,,,,,,,,,,,,,,,,,,,,,
2016,1,8,1,30,0,0,157.58,1.1,-0.8,88.08,144,1.8,,,,,,,,,,,,,,,,,,,,,,,,,,,,,,,,,
2016,1,8,2,30,0,0,149.8,0.9,-0.9,89.46000000000001,143,1.5,,,,,,,,,,,,,,,,,,,,,,,,,,,,,,,,,
2016,1,8,3,30,0,0,139.70000000000002,0.7000000000000001,-1.1,90.02,138,1.4000000000000001,,,,,,,,,,,,,,,,,,,,,,,,,,,,,,,,,
2016,1,8,4,30,0,0,128.79,0.6000000000000001,-1.3,90.59,131,1.4000000000000001,,,,,,,,,,,,,,,,,,,,,,,,,,,,,,,,,
2016,1,8,5,30,0,0,117.71000000000001,0.6000000000000001,-1.3,90.35000000000001,126,1.7000000000000002,,,,,,,,,,,,,,,,,,,,,,,,,,,,,,,,,
2016,1,8,6,30,0,0,106.81,0.7000000000000001,-1.3,90.71000000000001,124,2,,,,,,,,,,,,,,,,,,,,,,,,,,,,,,,,,
2016,1,8,7,30,0,0,96.38,0.9,-1,90.25,125,2.3000000000000003,,,,,,,,,,,,,,,,,,,,,,,,,,,,,,,,,
2016,1,8,8,30,11,0,86.5,1.2000000000000002,-0.3,88.67,131,2.7,,,,,,,,,,,,,,,,,,,,,,,,,,,,,,,,,
2016,1,8,9,30,34,0,78.13,1.5,0.5,87.97,138,3,,,,,,,,,,,,,,,,,,,,,,,,,,,,,,,,,
2016,1,8,10,30,71,2,71.28,1.6,1.1,87.5,140,2.9000000000000004,,,,,,,,,,,,,,,,,,,,,,,,,,,,,,,,,
2016,1,8,11,30,79,0,66.58,1.7000000000000002,1.3,89.53,141,2.8000000000000003,,,,,,,,,,,,,,,,,,,,,,,,,,,,,,,,,
2016,1,8,12,30,146,14,64.55,1.7000000000000002,1.2000000000000002,92.60000000000001,143,2.8000000000000003,,,,,,,,,,,,,,,,,,,,,,,,,,,,,,,,,
2016,1,8,13,30,193,43,65.46000000000001,1.8,1,94.82000000000001,138,2.8000000000000003,,,,,,,,,,,,,,,,,,,,,,,,,,,,,,,,,
2016,1,8,14,30,69,1,69.17,1.8,0.9,95.82000000000001,131,2.7,,,,,,,,,,,,,,,,,,,,,,,,,,,,,,,,,
2016,1,8,15,30,44,1,75.25,1.7000000000000002,0.8,97.07000000000001,133,2.8000000000000003,,,,,,,,,,,,,,,,,,,,,,,,,,,,,,,,,
2016,1,8,16,30,17,0,83.13,1.7000000000000002,0.7000000000000001,97.77,144,2.7,,,,,,,,,,,,,,,,,,,,,,,,,,,,,,,,,
2016,1,8,17,30,0,0,92.52,1.6,0.7000000000000001,98.78,160,2.6,,,,,,,,,,,,,,,,,,,,,,,,,,,,,,,,,
2016,1,8,18,30,0,0,102.69,1.6,0.9,99.75,178,2.4000000000000004,,,,,,,,,,,,,,,,,,,,,,,,,,,,,,,,,
2016,1,8,19,30,0,0,113.44,1.5,1.2000000000000002,100,194,2.5,,,,,,,,,,,,,,,,,,,,,,,,,,,,,,,,,
2016,1,8,20,30,0,0,124.48,1.6,1.6,100,204,2.8000000000000003,,,,,,,,,,,,,,,,,,,,,,,,,,,,,,,,,
2016,1,8,21,30,0,0,135.49,1.7000000000000002,1.9000000000000001,100,205,3,,,,,,,,,,,,,,,,,,,,,,,,,,,,,,,,,
2016,1,8,22,30,0,0,146,1.7000000000000002,2,100,201,2.9000000000000004,,,,,,,,,,,,,,,,,,,,,,,,,,,,,,,,,
2016,1,8,23,30,0,0,154.93,1.8,1.9000000000000001,100,195,2.9000000000000004,,,,,,,,,,,,,,,,,,,,,,,,,,,,,,,,,
2016,1,9,0,30,0,0,159.74,1.7000000000000002,2,100,198,3.4000000000000004,,,,,,,,,,,,,,,,,,,,,,,,,,,,,,,,,
2016,1,9,1,30,0,0,157.5,1.5,2.1,100,212,4.1000000000000005,,,,,,,,,,,,,,,,,,,,,,,,,,,,,,,,,
2016,1,9,2,30,0,0,149.77,1.4000000000000001,2.3000000000000003,100,222,4.3,,,,,,,,,,,,,,,,,,,,,,,,,,,,,,,,,
2016,1,9,3,30,0,0,139.69,1.3,2.3000000000000003,100,226,4.3,,,,,,,,,,,,,,,,,,,,,,,,,,,,,,,,,
2016,1,9,4,30,0,0,128.79,1.3,2.3000000000000003,100,228,4.4,,,,,,,,,,,,,,,,,,,,,,,,,,,,,,,,,
2016,1,9,5,30,0,0,117.71000000000001,1.3,2.2,100,231,4.1000000000000005,,,,,,,,,,,,,,,,,,,,,,,,,,,,,,,,,
2016,1,9,6,30,0,0,106.8,1.3,2,100,232,4.1000000000000005,,,,,,,,,,,,,,,,,,,,,,,,,,,,,,,,,
2016,1,9,7,30,0,0,96.36,1.3,1.9000000000000001,100,234,4,,,,,,,,,,,,,,,,,,,,,,,,,,,,,,,,,
2016,1,9,8,30,8,0,86.47,1.2000000000000002,2.1,98.95,235,3.7,,,,,,,,,,,,,,,,,,,,,,,,,,,,,,,,,
2016,1,9,9,30,34,0,78.07000000000001,1.2000000000000002,2.7,95.49,233,3.6,,,,,,,,,,,,,,,,,,,,,,,,,,,,,,,,,
2016,1,9,10,30,166,17,71.2,1.2000000000000002,3.8000000000000003,91.86,230,3.4000000000000004,,,,,,,,,,,,,,,,,,,,,,,,,,,,,,,,,
2016,1,9,11,30,232,77,66.47,1.3,5.300000000000001,87.92,230,3.3000000000000003,,,,,,,,,,,,,,,,,,,,,,,,,,,,,,,,,
2016,1,9,12,30,219,25,64.42,1.4000000000000001,6.4,84.25,232,3.2,,,,,,,,,,,,,,,,,,,,,,,,,,,,,,,,,
2016,1,9,13,30,208,96,65.3,1.4000000000000001,6.300000000000001,85.01,230,2.5,,,,,,,,,,,,,,,,,,,,,,,,,,,,,,,,,
2016,1,9,14,30,129,11,69,1.5,5,93.77,220,1.5,,,,,,,,,,,,,,,,,,,,,,,,,,,,,,,,,
2016,1,9,15,30,58,2,75.08,1.5,3.5,99.86,202,1.2000000000000002,,,,,,,,,,,,,,,,,,,,,,,,,,,,,,,,,
2016,1,9,16,30,17,0,82.96000000000001,1.6,2.4000000000000004,100,179,1.3,,,,,,,,,,,,,,,,,,,,,,,,,,,,,,,,,
2016,1,9,17,30,0,0,92.35000000000001,1.6,1.9000000000000001,100,156,1.5,,,,,,,,,,,,,,,,,,,,,,,,,,,,,,,,,
2016,1,9,18,30,0,0,102.52,1.7000000000000002,1.8,100,141,1.9000000000000001,,,,,,,,,,,,,,,,,,,,,,,,,,,,,,,,,
2016,1,9,19,30,0,0,113.27,1.7000000000000002,2.2,100,132,2.5,,,,,,,,,,,,,,,,,,,,,,,,,,,,,,,,,
2016,1,9,20,30,0,0,124.31,1.7000000000000002,2.5,100,127,3.1,,,,,,,,,,,,,,,,,,,,,,,,,,,,,,,,,
2016,1,9,21,30,0,0,135.33,1.7000000000000002,2.6,100,123,3.3000000000000003,,,,,,,,,,,,,,,,,,,,,,,,,,,,,,,,,
2016,1,9,22,30,0,0,145.83,1.6,2.5,100,123,3.1,,,,,,,,,,,,,,,,,,,,,,,,,,,,,,,,,
2016,1,9,23,30,0,0,154.76,1.6,2.4000000000000004,100,127,3,,,,,,,,,,,,,,,,,,,,,,,,,,,,,,,,,
2016,1,10,0,30,0,0,159.58,1.5,2,100,138,2.8000000000000003,,,,,,,,,,,,,,,,,,,,,,,,,,,,,,,,,
2016,1,10,1,30,0,0,157.4,1.5,1.4000000000000001,100,154,2.5,,,,,,,,,,,,,,,,,,,,,,,,,,,,,,,,,
2016,1,10,2,30,0,0,149.72,1.6,0.6000000000000001,100,188,1.7000000000000002,,,,,,,,,,,,,,,,,,,,,,,,,,,,,,,,,
2016,1,10,3,30,0,0,139.67000000000002,1.6,0.30000000000000004,100,260,1.7000000000000002,,,,,,,,,,,,,,,,,,,,,,,,,,,,,,,,,
2016,1,10,4,30,0,0,128.78,1.6,0.1,99.63,320,3.6,,,,,,,,,,,,,,,,,,,,,,,,,,,,,,,,,
2016,1,10,5,30,0,0,117.7,1.6,-0.6,100,336,6.300000000000001,,,,,,,,,,,,,,,,,,,,,,,,,,,,,,,,,
2016,1,10,6,30,0,0,106.78,1.5,-1.8,98.05,339,8.5,,,,,,,,,,,,,,,,,,,,,,,,,,,,,,,,,
2016,1,10,7,30,0,0,96.33,1.4000000000000001,-2.8,91.55,335,9.8,,,,,,,,,,,,,,,,,,,,,,,,,,,,,,,,,
2016,1,10,8,30,14,0,86.42,1.3,-3.4,87.69,329,10.4,,,,,,,,,,,,,,,,,,,,,,,,,,,,,,,,,
2016,1,10,9,30,48,0,78.01,1.2000000000000002,-3.7,84.01,324,10.600000000000001,,,,,,,,,,,,,,,,,,,,,,,,,,,,,,,,,
2016,1,10,10,30,56,0,71.11,1,-3.7,80.06,318,10.600000000000001,,,,,,,,,,,,,,,,,,,,,,,,,,,,,,,,,
2016,1,10,11,30,166,7,66.36,0.8,-3.5,75.60000000000001,311,10.5,,,,,,,,,,,,,,,,,,,,,,,,,,,,,,,,,
2016,1,10,12,30,172,0,64.28,0.6000000000000001,-3.3,71.29,305,10.5,,,,,,,,,,,,,,,,,,,,,,,,,,,,,,,,,
2016,1,10,13,30,120,0,65.14,0.4,-3.5,68.28,300,10.4,,,,,,,,,,,,,,,,,,,,,,,,,,,,,,,,,
2016,1,10,14,30,139,0,68.83,0.30000000000000004,-4.2,66.57000000000001,296,10.100000000000001,,,,,,,,,,,,,,,,,,,,,,,,,,,,,,,,,
2016,1,10,15,30,128,2,74.91,0.30000000000000004,-5.1,66.68,293,9.5,,,,,,,,,,,,,,,,,,,,,,,,,,,,,,,,,
2016,1,10,16,30,37,0,82.79,0.30000000000000004,-5.9,67.01,291,8.9,,,,,,,,,,,,,,,,,,,,,,,,,,,,,,,,,
2016,1,10,17,30,0,0,92.18,0.30000000000000004,-6.5,67.91,288,8.4,,,,,,,,,,,,,,,,,,,,,,,,,,,,,,,,,
2016,1,10,18,30,0,0,102.35000000000001,0.30000000000000004,-6.9,67.31,286,8.1,,,,,,,,,,,,,,,,,,,,,,,,,,,,,,,,,
2016,1,10,19,30,0,0,113.11,0.30000000000000004,-7.2,66.28,283,7.800000000000001,,,,,,,,,,,,,,,,,,,,,,,,,,,,,,,,,
2016,1,10,20,30,0,0,124.15,0.30000000000000004,-7.5,65.86,281,7.6000000000000005,,,,,,,,,,,,,,,,,,,,,,,,,,,,,,,,,
2016,1,10,21,30,0,0,135.16,0.2,-7.7,65.52,278,7.6000000000000005,,,,,,,,,,,,,,,,,,,,,,,,,,,,,,,,,
2016,1,10,22,30,0,0,145.66,0.2,-8,65.54,275,7.6000000000000005,,,,,,,,,,,,,,,,,,,,,,,,,,,,,,,,,
2016,1,10,23,30,0,0,154.58,0.2,-8.4,65.48,273,7.6000000000000005,,,,,,,,,,,,,,,,,,,,,,,,,,,,,,,,,
2016,1,11,0,30,0,0,159.43,0.2,-8.9,65.26,272,7.4,,,,,,,,,,,,,,,,,,,,,,,,,,,,,,,,,
2016,1,11,1,30,0,0,157.31,0.2,-9.4,65.14,272,7.2,,,,,,,,,,,,,,,,,,,,,,,,,,,,,,,,,
2016,1,11,2,30,0,0,149.67000000000002,0.2,-9.8,65.41,273,6.800000000000001,,,,,,,,,,,,,,,,,,,,,,,,,,,,,,,,,
2016,1,11,3,30,0,0,139.64000000000001,0.2,-10.1,65.64,274,6.5,,,,,,,,,,,,,,,,,,,,,,,,,,,,,,,,,
2016,1,11,4,30,0,0,128.76,0.2,-10.5,66.69,274,6.1000000000000005,,,,,,,,,,,,,,,,,,,,,,,,,,,,,,,,,
2016,1,11,5,30,0,0,117.68,0.2,-10.7,66.54,274,5.800000000000001,,,,,,,,,,,,,,,,,,,,,,,,,,,,,,,,,
2016,1,11,6,30,0,0,106.76,0.2,-11,67.35,273,5.4,,,,,,,,,,,,,,,,,,,,,,,,,,,,,,,,,
2016,1,11,7,30,0,0,96.29,0.2,-11,66.34,270,5.1000000000000005,,,,,,,,,,,,,,,,,,,,,,,,,,,,,,,,,
2016,1,11,8,30,23,0,86.36,0.2,-10.8,64.84,266,5,,,,,,,,,,,,,,,,,,,,,,,,,,,,,,,,,
2016,1,11,9,30,93,5,77.93,0.2,-10.4,63.25,262,5,,,,,,,,,,,,,,,,,,,,,,,,,,,,,,,,,
2016,1,11,10,30,206,8,71.01,0.2,-10,61.99,259,5,,,,,,,,,,,,,,,,,,,,,,,,,,,,,,,,,
2016,1,11,11,30,306,41,66.23,0.2,-9.7,61.21,256,5,,,,,,,,,,,,,,,,,,,,,,,,,,,,,,,,,
2016,1,11,12,30,75,940,64.13,0.30000000000000004,-9.5,60.99,252,4.800000000000001,,,,,,,,,,,,,,,,,,,,,,,,,,,,,,,,,
2016,1,11,13,30,73,933,64.98,0.30000000000000004,-9.3,60.53,246,4.5,,,,,,,,,,,,,,,,,,,,,,,,,,,,,,,,,
2016,1,11,14,30,244,53,68.66,0.30000000000000004,-9.4,61.160000000000004,240,4.2,,,,,,,,,,,,,,,,,,,,,,,,,,,,,,,,,
2016,1,11,15,30,132,12,74.73,0.30000000000000004,-9.7,62.39,232,3.8000000000000003,,,,,,,,,,,,,,,,,,,,,,,,,,,,,,,,,
2016,1,11,16,30,59,1,82.61,0.4,-10.3,64.99,223,3.5,,,,,,,,,,,,,,,,,,,,,,,,,,,,,,,,,
2016,1,11,17,30,0,0,92,0.4,-10.7,65.57000000000001,213,3.3000000000000003,,,,,,,,,,,,,,,,,,,,,,,,,,,,,,,,,
2016,1,11,18,30,0,0,102.18,0.5,-10.9,66.47,202,3.4000000000000004,,,,,,,,,,,,,,,,,,,,,,,,,,,,,,,,,
2016,1,11,19,30,0,0,112.94,0.5,-10.8,69.05,192,3.8000000000000003,,,,,,,,,,,,,,,,,,,,,,,,,,,,,,,,,
2016,1,11,20,30,0,0,123.98,0.6000000000000001,-10.4,73.32000000000001,182,4.2,,,,,,,,,,,,,,,,,,,,,,,,,,,,,,,,,
2016,1,11,21,30,0,0,135,0.6000000000000001,-9.8,77.12,172,4.5,,,,,,,,,,,,,,,,,,,,,,,,,,,,,,,,,
2016,1,11,22,30,0,0,145.49,0.6000000000000001,-9.1,79.86,162,4.6000000000000005,,,,,,,,,,,,,,,,,,,,,,,,,,,,,,,,,
2016,1,11,23,30,0,0,154.4,0.7000000000000001,-8.3,82.45,157,4.6000000000000005,,,,,,,,,,,,,,,,,,,,,,,,,,,,,,,,,
2016,1,12,0,30,0,0,159.26,0.7000000000000001,-7.4,84.56,161,4.4,,,,,,,,,,,,,,,,,,,,,,,,,,,,,,,,,
2016,1,12,1,30,0,0,157.20000000000002,0.7000000000000001,-6.6,86.51,179,4.4,,,,,,,,,,,,,,,,,,,,,,,,,,,,,,,,,
2016,1,12,2,30,0,0,149.62,0.7000000000000001,-5.7,87.51,203,4.6000000000000005,,,,,,,,,,,,,,,,,,,,,,,,,,,,,,,,,
2016,1,12,3,30,0,0,139.61,0.6000000000000001,-5,89.37,223,5,,,,,,,,,,,,,,,,,,,,,,,,,,,,,,,,,
2016,1,12,4,30,0,0,128.74,0.6000000000000001,-4.6,90.7,241,6.2,,,,,,,,,,,,,,,,,,,,,,,,,,,,,,,,,
2016,1,12,5,30,0,0,117.66,0.5,-5.2,87.17,254,7.5,,,,,,,,,,,,,,,,,,,,,,,,,,,,,,,,,
2016,1,12,6,30,0,0,106.73,0.4,-6.2,83.16,260,7.7,,,,,,,,,,,,,,,,,,,,,,,,,,,,,,,,,
2016,1,12,7,30,0,0,96.25,0.4,-6.9,80.35000000000001,266,7.4,,,,,,,,,,,,,,,,,,,,,,,,,,,,,,,,,
2016,1,12,8,30,19,0,86.31,0.30000000000000004,-7.4,76.65,275,7.300000000000001,,,,,,,,,,,,,,,,,,,,,,,,,,,,,,,,,
2016,1,12,9,30,122,21,77.86,0.30000000000000004,-7.7,72.77,281,7.6000000000000005,,,,,,,,,,,,,,,,,,,,,,,,,,,,,,,,,
2016,1,12,10,30,138,6,70.9,0.30000000000000004,-8.2,69.63,282,8,,,,,,,,,,,,,,,,,,,,,,,,,,,,,,,,,
2016,1,12,11,30,216,1,66.1,0.30000000000000004,-8.4,65.12,280,8.3,,,,,,,,,,,,,,,,,,,,,,,,,,,,,,,,,
2016,1,12,12,30,279,6,63.980000000000004,0.30000000000000004,-8.1,61.96,278,8.5,,,,,,,,,,,,,,,,,,,,,,,,,,,,,,,,,
2016,1,12,13,30,169,0,64.81,0.30000000000000004,-7.5,63.83,279,8.6,,,,,,,,,,,,,,,,,,,,,,,,,,,,,,,,,
2016,1,12,14,30,186,1,68.48,0.30000000000000004,-6.8,68.63,284,8.5,,,,,,,,,,,,,,,,,,,,,,,,,,,,,,,,,
2016,1,12,15,30,129,1,74.55,0.4,-6.5,73.03,287,8.5,,,,,,,,,,,,,,,,,,,,,,,,,,,,,,,,,
2016,1,12,16,30,38,0,82.43,0.4,-6.9,77.61,288,8.700000000000001,,,,,,,,,,,,,,,,,,,,,,,,,,,,,,,,,
2016,1,12,17,30,0,0,91.82000000000001,0.30000000000000004,-7.8,79.76,290,8.8,,,,,,,,,,,,,,,,,,,,,,,,,,,,,,,,,
2016,1,12,18,30,0,0,102.01,0.30000000000000004,-8.6,78.25,289,8.1,,,,,,,,,,,,,,,,,,,,,,,,,,,,,,,,,
2016,1,12,19,30,0,0,112.77,0.30000000000000004,-9.2,77.15,287,7.1000000000000005,,,,,,,,,,,,,,,,,,,,,,,,,,,,,,,,,
2016,1,12,20,30,0,0,123.81,0.30000000000000004,-9.5,76.87,285,6.5,,,,,,,,,,,,,,,,,,,,,,,,,,,,,,,,,
2016,1,12,21,30,0,0,134.82,0.2,-9.7,75.97,287,6,,,,,,,,,,,,,,,,,,,,,,,,,,,,,,,,,
2016,1,12,22,30,0,0,145.31,0.2,-10,75.10000000000001,291,5.4,,,,,,,,,,,,,,,,,,,,,,,,,,,,,,,,,
2016,1,12,23,30,0,0,154.21,0.2,-10.3,74.23,293,4.9,,,,,,,,,,,,,,,,,,,,,,,,,,,,,,,,,
2016,1,13,0,30,0,0,159.09,0.2,-10.6,73.74,291,4.4,,,,,,,,,,,,,,,,,,,,,,,,,,,,,,,,,
2016,1,13,1,30,0,0,157.08,0.2,-10.8,73.73,286,4,,,,,,,,,,,,,,,,,,,,,,,,,,,,,,,,,
2016,1,13,2,30,0,0,149.55,0.2,-10.8,73.75,281,3.8000000000000003,,,,,,,,,,,,,,,,,,,,,,,,,,,,,,,,,
2016,1,13,3,30,0,0,139.57,0.30000000000000004,-10.7,74.58,274,3.8000000000000003,,,,,,,,,,,,,,,,,,,,,,,,,,,,,,,,,
2016,1,13,4,30,0,0,128.71,0.30000000000000004,-10.6,75.60000000000001,271,4.1000000000000005,,,,,,,,,,,,,,,,,,,,,,,,,,,,,,,,,
2016,1,13,5,30,0,0,117.63,0.30000000000000004,-10.5,76.39,271,4.6000000000000005,,,,,,,,,,,,,,,,,,,,,,,,,,,,,,,,,
2016,1,13,6,30,0,0,106.69,0.30000000000000004,-10.6,75.82000000000001,274,4.800000000000001,,,,,,,,,,,,,,,,,,,,,,,,,,,,,,,,,
2016,1,13,7,30,0,0,96.2,0.30000000000000004,-10.6,73.35000000000001,273,4.7,,,,,,,,,,,,,,,,,,,,,,,,,,,,,,,,,
2016,1,13,8,30,27,1,86.24,0.30000000000000004,-10.2,69.59,269,4.7,,,,,,,,,,,,,,,,,,,,,,,,,,,,,,,,,
2016,1,13,9,30,124,5,77.77,0.4,-9.5,66.83,262,4.9,,,,,,,,,,,,,,,,,,,,,,,,,,,,,,,,,
2016,1,13,10,30,128,6,70.79,0.4,-8.9,65.23,254,5.1000000000000005,,,,,,,,,,,,,,,,,,,,,,,,,,,,,,,,,
2016,1,13,11,30,245,43,65.96000000000001,0.4,-8.5,65.01,248,5.4,,,,,,,,,,,,,,,,,,,,,,,,,,,,,,,,,
2016,1,13,12,30,275,9,63.81,0.4,-8.4,65.84,242,5.6000000000000005,,,,,,,,,,,,,,,,,,,,,,,,,,,,,,,,,
2016,1,13,13,30,219,18,64.63,0.5,-8.5,66.67,237,5.7,,,,,,,,,,,,,,,,,,,,,,,,,,,,,,,,,
2016,1,13,14,30,131,4,68.29,0.6000000000000001,-8.9,68.04,231,5.800000000000001,,,,,,,,,,,,,,,,,,,,,,,,,,,,,,,,,
2016,1,13,15,30,155,30,74.36,0.6000000000000001,-9.4,69.92,225,5.7,,,,,,,,,,,,,,,,,,,,,,,,,,,,,,,,,
2016,1,13,16,30,53,2,82.24,0.6000000000000001,-9.9,72.24,220,5.6000000000000005,,,,,,,,,,,,,,,,,,,,,,,,,,,,,,,,,
2016,1,13,17,30,0,0,91.64,0.6000000000000001,-10.2,74.95,217,5.7,,,,,,,,,,,,,,,,,,,,,,,,,,,,,,,,,
2016,1,13,18,30,0,0,101.83,0.7000000000000001,-10.1,77.17,217,5.9,,,,,,,,,,,,,,,,,,,,,,,,,,,,,,,,,
2016,1,13,19,30,0,0,112.59,0.7000000000000001,-9.8,79.26,220,6.1000000000000005,,,,,,,,,,,,,,,,,,,,,,,,,,,,,,,,,
2016,1,13,20,30,0,0,123.64,0.7000000000000001,-9.4,80.79,223,5.9,,,,,,,,,,,,,,,,,,,,,,,,,,,,,,,,,
2016,1,13,21,30,0,0,134.65,0.8,-9.1,82.47,224,5.6000000000000005,,,,,,,,,,,,,,,,,,,,,,,,,,,,,,,,,
2016,1,13,22,30,0,0,145.13,0.8,-8.8,84.02,226,5.2,,,,,,,,,,,,,,,,,,,,,,,,,,,,,,,,,
2016,1,13,23,30,0,0,154.02,0.8,-8.5,85.4,231,4.7,,,,,,,,,,,,,,,,,,,,,,,,,,,,,,,,,
2016,1,14,0,30,0,0,158.91,0.8,-8.1,85.7,241,4.4,,,,,,,,,,,,,,,,,,,,,,,,,,,,,,,,,
2016,1,14,1,30,0,0,156.96,0.8,-7.7,86.91,253,4.4,,,,,,,,,,,,,,,,,,,,,,,,,,,,,,,,,
2016,1,14,2,30,0,0,149.48,0.8,-7.3,89.18,260,3.7,,,,,,,,,,,,,,,,,,,,,,,,,,,,,,,,,
2016,1,14,3,30,0,0,139.53,0.9,-7.1,90.76,260,2.8000000000000003,,,,,,,,,,,,,,,,,,,,,,,,,,,,,,,,,
2016,1,14,4,30,0,0,128.67000000000002,0.9,-7.1,92.06,249,2.2,,,,,,,,,,,,,,,,,,,,,,,,,,,,,,,,,
2016,1,14,5,30,0,0,117.59,0.9,-6.9,91.11,226,2,,,,,,,,,,,,,,,,,,,,,,,,,,,,,,,,,
2016,1,14,6,30,0,0,106.65,1,-6.5,90.64,205,2.2,,,,,,,,,,,,,,,,,,,,,,,,,,,,,,,,,
2016,1,14,7,30,0,0,96.15,1,-5.9,89.45,193,2.2,,,,,,,,,,,,,,,,,,,,,,,,,,,,,,,,,
2016,1,14,8,30,20,0,86.18,1.1,-5.2,88.25,181,2.4000000000000004,,,,,,,,,,,,,,,,,,,,,,,,,,,,,,,,,
2016,1,14,9,30,76,2,77.68,1.1,-4.2,87.41,167,2.6,,,,,,,,,,,,,,,,,,,,,,,,,,,,,,,,,
2016,1,14,10,30,99,2,70.68,1.2000000000000002,-3,85.8,161,2.7,,,,,,,,,,,,,,,,,,,,,,,,,,,,,,,,,
2016,1,14,11,30,180,12,65.82000000000001,1.2000000000000002,-1.7,86.58,161,2.9000000000000004,,,,,,,,,,,,,,,,,,,,,,,,,,,,,,,,,
2016,1,14,12,30,143,2,63.65,1.2000000000000002,-0.5,85.8,163,3.1,,,,,,,,,,,,,,,,,,,,,,,,,,,,,,,,,
2016,1,14,13,30,232,29,64.44,1.2000000000000002,0.4,85.97,166,3.2,,,,,,,,,,,,,,,,,,,,,,,,,,,,,,,,,
2016,1,14,14,30,228,206,68.1,1.1,1,86.48,167,3,,,,,,,,,,,,,,,,,,,,,,,,,,,,,,,,,
2016,1,14,15,30,164,54,74.17,1.1,0.9,91.16,161,2.4000000000000004,,,,,,,,,,,,,,,,,,,,,,,,,,,,,,,,,
2016,1,14,16,30,83,76,82.06,1,0,98.79,152,2,,,,,,,,,,,,,,,,,,,,,,,,,,,,,,,,,
2016,1,14,17,30,0,0,91.46000000000001,1,-0.1,95.95,155,2.4000000000000004,,,,,,,,,,,,,,,,,,,,,,,,,,,,,,,,,
2016,1,14,18,30,0,0,101.65,1.1,0.8,96.36,168,3,,,,,,,,,,,,,,,,,,,,,,,,,,,,,,,,,
2016,1,14,19,30,0,0,112.42,1.1,1.2000000000000002,99.13,184,3.1,,,,,,,,,,,,,,,,,,,,,,,,,,,,,,,,,
2016,1,14,20,30,0,0,123.47,1,1.2000000000000002,100,199,3.1,,,,,,,,,,,,,,,,,,,,,,,,,,,,,,,,,
2016,1,14,21,30,0,0,134.47,1,1.1,100,208,3.2,,,,,,,,,,,,,,,,,,,,,,,,,,,,,,,,,
2016,1,14,22,30,0,0,144.94,1,1,100,207,3.3000000000000003,,,,,,,,,,,,,,,,,,,,,,,,,,,,,,,,,
2016,1,14,23,30,0,0,153.83,1,0.8,100,200,3.3000000000000003,,,,,,,,,,,,,,,,,,,,,,,,,,,,,,,,,
2016,1,15,0,30,0,0,158.72,1.1,0.6000000000000001,100,192,3.4000000000000004,,,,,,,,,,,,,,,,,,,,,,,,,,,,,,,,,
2016,1,15,1,30,0,0,156.83,1.1,0.30000000000000004,100,187,3.6,,,,,,,,,,,,,,,,,,,,,,,,,,,,,,,,,
2016,1,15,2,30,0,0,149.4,1.1,0.1,99.53,185,3.8000000000000003,,,,,,,,,,,,,,,,,,,,,,,,,,,,,,,,,
2016,1,15,3,30,0,0,139.48,1,0,98.55,184,4,,,,,,,,,,,,,,,,,,,,,,,,,,,,,,,,,
2016,1,15,4,30,0,0,128.63,1,0,97.99000000000001,183,4.1000000000000005,,,,,,,,,,,,,,,,,,,,,,,,,,,,,,,,,
2016,1,15,5,30,0,0,117.55,1,0,98.29,180,4.3,,,,,,,,,,,,,,,,,,,,,,,,,,,,,,,,,
2016,1,15,6,30,0,0,106.60000000000001,1.1,0.2,97.74000000000001,180,4.6000000000000005,,,,,,,,,,,,,,,,,,,,,,,,,,,,,,,,,
2016,1,15,7,30,0,0,96.09,1.1,0.5,97.45,180,4.800000000000001,,,,,,,,,,,,,,,,,,,,,,,,,,,,,,,,,
2016,1,15,8,30,24,0,86.11,1.2000000000000002,1,96.57000000000001,180,4.9,,,,,,,,,,,,,,,,,,,,,,,,,,,,,,,,,
2016,1,15,9,30,88,6,77.58,1.3,1.6,95.89,182,4.9,,,,,,,,,,,,,,,,,,,,,,,,,,,,,,,,,
2016,1,15,10,30,134,8,70.55,1.5,2.2,95.76,185,4.5,,,,,,,,,,,,,,,,,,,,,,,,,,,,,,,,,
2016,1,15,11,30,185,11,65.67,1.7000000000000002,2.7,95.43,187,4.2,,,,,,,,,,,,,,,,,,,,,,,,,,,,,,,,,
2016,1,15,12,30,242,32,63.47,1.8,3,95.5,191,4.4,,,,,,,,,,,,,,,,,,,,,,,,,,,,,,,,,
2016,1,15,13,30,106,1,64.25,1.8,3.2,96.02,195,4.4,,,,,,,,,,,,,,,,,,,,,,,,,,,,,,,,,
2016,1,15,14,30,52,0,67.9,1.7000000000000002,3.4000000000000004,95.32000000000001,199,4.3,,,,,,,,,,,,,,,,,,,,,,,,,,,,,,,,,
2016,1,15,15,30,58,0,73.97,1.7000000000000002,3.3000000000000003,96.08,206,4.2,,,,,,,,,,,,,,,,,,,,,,,,,,,,,,,,,
2016,1,15,16,30,35,0,81.87,1.7000000000000002,2.7,99.83,210,3.8000000000000003,,,,,,,,,,,,,,,,,,,,,,,,,,,,,,,,,
2016,1,15,17,30,0,0,91.27,1.7000000000000002,2.1,100,210,3.6,,,,,,,,,,,,,,,,,,,,,,,,,,,,,,,,,
2016,1,15,18,30,0,0,101.47,1.6,1.5,100,214,3.3000000000000003,,,,,,,,,,,,,,,,,,,,,,,,,,,,,,,,,
2016,1,15,19,30,0,0,112.24000000000001,1.5,1.2000000000000002,100,228,3.1,,,,,,,,,,,,,,,,,,,,,,,,,,,,,,,,,
2016,1,15,20,30,0,0,123.29,1.4000000000000001,1.2000000000000002,100,249,3.4000000000000004,,,,,,,,,,,,,,,,,,,,,,,,,,,,,,,,,
2016,1,15,21,30,0,0,134.29,1.3,0.9,100,266,4,,,,,,,,,,,,,,,,,,,,,,,,,,,,,,,,,
2016,1,15,22,30,0,0,144.76,1.1,0.6000000000000001,100,271,4.6000000000000005,,,,,,,,,,,,,,,,,,,,,,,,,,,,,,,,,
2016,1,15,23,30,0,0,153.63,1,0.30000000000000004,99.66,273,5.1000000000000005,,,,,,,,,,,,,,,,,,,,,,,,,,,,,,,,,
2016,1,16,0,30,0,0,158.53,0.9,-0.2,100,281,5.7,,,,,,,,,,,,,,,,,,,,,,,,,,,,,,,,,
2016,1,16,1,30,0,0,156.69,0.8,-0.9,100,293,6.300000000000001,,,,,,,,,,,,,,,,,,,,,,,,,,,,,,,,,
2016,1,16,2,30,0,0,149.31,0.8,-2,98.44,303,6.6000000000000005,,,,,,,,,,,,,,,,,,,,,,,,,,,,,,,,,
2016,1,16,3,30,0,0,139.42000000000002,0.8,-3.1,93.61,307,6.6000000000000005,,,,,,,,,,,,,,,,,,,,,,,,,,,,,,,,,
2016,1,16,4,30,0,0,128.58,0.7000000000000001,-3.8,87.77,306,6.300000000000001,,,,,,,,,,,,,,,,,,,,,,,,,,,,,,,,,
2016,1,16,5,30,0,0,117.5,0.7000000000000001,-3.9,82.97,305,6,,,,,,,,,,,,,,,,,,,,,,,,,,,,,,,,,
2016,1,16,6,30,0,0,106.55,0.7000000000000001,-3.8,80.68,307,5.800000000000001,,,,,,,,,,,,,,,,,,,,,,,,,,,,,,,,,
2016,1,16,7,30,0,0,96.02,0.6000000000000001,-3.6,78.66,308,5.6000000000000005,,,,,,,,,,,,,,,,,,,,,,,,,,,,,,,,,
2016,1,16,8,30,17,0,86.03,0.6000000000000001,-3,74.27,308,5.800000000000001,,,,,,,,,,,,,,,,,,,,,,,,,,,,,,,,,
2016,1,16,9,30,55,0,77.47,0.5,-2,69.44,306,6.300000000000001,,,,,,,,,,,,,,,,,,,,,,,,,,,,,,,,,
2016,1,16,10,30,65,0,70.42,0.5,-1.4,66.19,305,6.6000000000000005,,,,,,,,,,,,,,,,,,,,,,,,,,,,,,,,,
2016,1,16,11,30,130,0,65.51,0.5,-1,64.33,303,6.7,,,,,,,,,,,,,,,,,,,,,,,,,,,,,,,,,
2016,1,16,12,30,325,75,63.29,0.5,-0.9,63.56,300,6.6000000000000005,,,,,,,,,,,,,,,,,,,,,,,,,,,,,,,,,
2016,1,16,13,30,313,118,64.05,0.5,-1,63.660000000000004,298,6.300000000000001,,,,,,,,,,,,,,,,,,,,,,,,,,,,,,,,,
2016,1,16,14,30,242,18,67.69,0.5,-1.3,65.23,295,5.7,,,,,,,,,,,,,,,,,,,,,,,,,,,,,,,,,
2016,1,16,15,30,161,6,73.77,0.5,-1.8,68.33,291,4.7,,,,,,,,,,,,,,,,,,,,,,,,,,,,,,,,,
2016,1,16,16,30,49,0,81.67,0.5,-2.6,73.8,284,3.3000000000000003,,,,,,,,,,,,,,,,,,,,,,,,,,,,,,,,,
2016,1,16,17,30,0,0,91.08,0.5,-3.2,77.53,273,2.6,,,,,,,,,,,,,,,,,,,,,,,,,,,,,,,,,
2016,1,16,18,30,0,0,101.29,0.5,-3.3,78.99,261,2.8000000000000003,,,,,,,,,,,,,,,,,,,,,,,,,,,,,,,,,
2016,1,16,19,30,0,0,112.06,0.5,-3.5,80.79,253,3.2,,,,,,,,,,,,,,,,,,,,,,,,,,,,,,,,,
2016,1,16,20,30,0,0,123.11,0.5,-3.6,81.13,249,3.5,,,,,,,,,,,,,,,,,,,,,,,,,,,,,,,,,
2016,1,16,21,30,0,0,134.11,0.5,-3.8,81.67,249,3.7,,,,,,,,,,,,,,,,,,,,,,,,,,,,,,,,,
2016,1,16,22,30,0,0,144.57,0.5,-3.9,81.33,253,3.9000000000000004,,,,,,,,,,,,,,,,,,,,,,,,,,,,,,,,,
2016,1,16,23,30,0,0,153.43,0.5,-4,81.81,262,4,,,,,,,,,,,,,,,,,,,,,,,,,,,,,,,,,
2016,1,17,0,30,0,0,158.33,0.5,-4.4,82.4,274,4.1000000000000005,,,,,,,,,,,,,,,,,,,,,,,,,,,,,,,,,
2016,1,17,1,30,0,0,156.54,0.5,-5.5,81.61,284,4.1000000000000005,,,,,,,,,,,,,,,,,,,,,,,,,,,,,,,,,
2016,1,17,2,30,0,0,149.22,0.5,-7,80.97,289,3.8000000000000003,,,,,,,,,,,,,,,,,,,,,,,,,,,,,,,,,
2016,1,17,3,30,0,0,139.35,0.5,-8,79.28,291,3.6,,,,,,,,,,,,,,,,,,,,,,,,,,,,,,,,,
2016,1,17,4,30,0,0,128.53,0.5,-8.4,77.61,290,3.7,,,,,,,,,,,,,,,,,,,,,,,,,,,,,,,,,
2016,1,17,5,30,0,0,117.45,0.5,-8.4,75.3,288,3.9000000000000004,,,,,,,,,,,,,,,,,,,,,,,,,,,,,,,,,
2016,1,17,6,30,0,0,106.49000000000001,0.4,-8.3,73.05,286,4.4,,,,,,,,,,,,,,,,,,,,,,,,,,,,,,,,,
2016,1,17,7,30,0,0,95.95,0.4,-8.5,71.27,286,4.9,,,,,,,,,,,,,,,,,,,,,,,,,,,,,,,,,
2016,1,17,8,30,20,0,85.93,0.4,-8.7,67.34,283,5.5,,,,,,,,,,,,,,,,,,,,,,,,,,,,,,,,,
2016,1,17,9,30,69,1,77.36,0.4,-9,64.56,280,5.9,,,,,,,,,,,,,,,,,,,,,,,,,,,,,,,,,
2016,1,17,10,30,148,5,70.28,0.30000000000000004,-9.2,62.63,276,6.1000000000000005,,,,,,,,,,,,,,,,,,,,,,,,,,,,,,,,,
2016,1,17,11,30,245,30,65.34,0.30000000000000004,-9.3,60.64,275,6.5,,,,,,,,,,,,,,,,,,,,,,,,,,,,,,,,,
2016,1,17,12,30,211,0,63.1,0.2,-9.5,59.09,275,6.9,,,,,,,,,,,,,,,,,,,,,,,,,,,,,,,,,
2016,1,17,13,30,265,3,63.85,0.2,-10,58.550000000000004,277,7.1000000000000005,,,,,,,,,,,,,,,,,,,,,,,,,,,,,,,,,
2016,1,17,14,30,185,0,67.48,0.2,-10.6,58.02,280,7.1000000000000005,,,,,,,,,,,,,,,,,,,,,,,,,,,,,,,,,
2016,1,17,15,30,113,0,73.56,0.2,-11.2,58.03,282,6.9,,,,,,,,,,,,,,,,,,,,,,,,,,,,,,,,,
2016,1,17,16,30,49,1,81.47,0.2,-11.6,58.4,283,6.800000000000001,,,,,,,,,,,,,,,,,,,,,,,,,,,,,,,,,
2016,1,17,17,30,0,0,90.89,0.2,-11.8,59.68,283,6.800000000000001,,,,,,,,,,,,,,,,,,,,,,,,,,,,,,,,,
2016,1,17,18,30,0,0,101.10000000000001,0.2,-11.8,61.59,282,6.9,,,,,,,,,,,,,,,,,,,,,,,,,,,,,,,,,
2016,1,17,19,30,0,0,111.88,0.2,-11.7,63.800000000000004,282,7.1000000000000005,,,,,,,,,,,,,,,,,,,,,,,,,,,,,,,,,
2016,1,17,20,30,0,0,122.93,0.2,-11.6,65.88,283,7.1000000000000005,,,,,,,,,,,,,,,,,,,,,,,,,,,,,,,,,
2016,1,17,21,30,0,0,133.93,0.2,-11.5,67.55,283,7,,,,,,,,,,,,,,,,,,,,,,,,,,,,,,,,,
2016,1,17,22,30,0,0,144.37,0.2,-11.5,69,283,6.9,,,,,,,,,,,,,,,,,,,,,,,,,,,,,,,,,
2016,1,17,23,30,0,0,153.22,0.2,-11.6,70.08,283,6.9,,,,,,,,,,,,,,,,,,,,,,,,,,,,,,,,,
2016,1,18,0,30,0,0,158.13,0.2,-11.7,70.31,284,6.9,,,,,,,,,,,,,,,,,,,,,,,,,,,,,,,,,
2016,1,18,1,30,0,0,156.38,0.2,-11.9,70.36,285,6.800000000000001,,,,,,,,,,,,,,,,,,,,,,,,,,,,,,,,,
2016,1,18,2,30,0,0,149.12,0.2,-12.1,70.02,285,6.5,,,,,,,,,,,,,,,,,,,,,,,,,,,,,,,,,
2016,1,18,3,30,0,0,139.28,0.2,-12.4,70.01,283,6,,,,,,,,,,,,,,,,,,,,,,,,,,,,,,,,,
2016,1,18,4,30,0,0,128.47,0.2,-12.8,69.96000000000001,279,5.5,,,,,,,,,,,,,,,,,,,,,,,,,,,,,,,,,
2016,1,18,5,30,0,0,117.39,0.2,-13.2,69.44,276,5.1000000000000005,,,,,,,,,,,,,,,,,,,,,,,,,,,,,,,,,
2016,1,18,6,30,0,0,106.42,0.2,-13.4,68.75,274,5,,,,,,,,,,,,,,,,,,,,,,,,,,,,,,,,,
2016,1,18,7,30,0,0,95.87,0.2,-13.2,67.12,274,5.1000000000000005,,,,,,,,,,,,,,,,,,,,,,,,,,,,,,,,,
2016,1,18,8,30,26,441,85.84,0.2,-12.3,63.97,276,5.800000000000001,,,,,,,,,,,,,,,,,,,,,,,,,,,,,,,,,
2016,1,18,9,30,54,746,77.24,0.2,-11.2,60.980000000000004,280,6.4,,,,,,,,,,,,,,,,,,,,,,,,,,,,,,,,,
2016,1,18,10,30,71,866,70.13,0.2,-10.5,57.97,281,6.6000000000000005,,,,,,,,,,,,,,,,,,,,,,,,,,,,,,,,,
2016,1,18,11,30,321,74,65.17,0.30000000000000004,-9.9,56.36,279,6.800000000000001,,,,,,,,,,,,,,,,,,,,,,,,,,,,,,,,,
2016,1,18,12,30,352,120,62.9,0.30000000000000004,-9.5,56.19,278,7,,,,,,,,,,,,,,,,,,,,,,,,,,,,,,,,,
2016,1,18,13,30,343,73,63.64,0.30000000000000004,-9.4,57.69,278,7,,,,,,,,,,,,,,,,,,,,,,,,,,,,,,,,,
2016,1,18,14,30,197,1,67.27,0.30000000000000004,-9.5,59.480000000000004,278,7,,,,,,,,,,,,,,,,,,,,,,,,,,,,,,,,,
2016,1,18,15,30,160,3,73.35000000000001,0.30000000000000004,-10.1,62.300000000000004,279,6.800000000000001,,,,,,,,,,,,,,,,,,,,,,,,,,,,,,,,,
2016,1,18,16,30,53,2,81.27,0.30000000000000004,-10.7,63.9,278,6.4,,,,,,,,,,,,,,,,,,,,,,,,,,,,,,,,,
2016,1,18,17,30,0,0,90.06,0.30000000000000004,-11.3,65.74,276,5.800000000000001,,,,,,,,,,,,,,,,,,,,,,,,,,,,,,,,,
2016,1,18,18,30,0,0,100.91,0.30000000000000004,-11.5,66.75,273,5.300000000000001,,,,,,,,,,,,,,,,,,,,,,,,,,,,,,,,,
2016,1,18,19,30,0,0,111.69,0.30000000000000004,-11.6,68.31,270,5.2,,,,,,,,,,,,,,,,,,,,,,,,,,,,,,,,,
2016,1,18,20,30,0,0,122.75,0.30000000000000004,-11.6,69.60000000000001,268,5.1000000000000005,,,,,,,,,,,,,,,,,,,,,,,,,,,,,,,,,
2016,1,18,21,30,0,0,133.74,0.30000000000000004,-11.6,70.54,267,5,,,,,,,,,,,,,,,,,,,,,,,,,,,,,,,,,
2016,1,18,22,30,0,0,144.18,0.30000000000000004,-11.8,72.21000000000001,264,4.800000000000001,,,,,,,,,,,,,,,,,,,,,,,,,,,,,,,,,
2016,1,18,23,30,0,0,153.01,0.30000000000000004,-11.9,73.08,264,4.800000000000001,,,,,,,,,,,,,,,,,,,,,,,,,,,,,,,,,
2016,1,19,0,30,0,0,157.92000000000002,0.30000000000000004,-11.9,73.44,266,4.9,,,,,,,,,,,,,,,,,,,,,,,,,,,,,,,,,
2016,1,19,1,30,0,0,156.22,0.30000000000000004,-11.8,74.60000000000001,271,4.800000000000001,,,,,,,,,,,,,,,,,,,,,,,,,,,,,,,,,
2016,1,19,2,30,0,0,149.01,0.30000000000000004,-11.8,76.37,276,4.4,,,,,,,,,,,,,,,,,,,,,,,,,,,,,,,,,
2016,1,19,3,30,0,0,139.20000000000002,0.30000000000000004,-12.2,79.08,280,3.9000000000000004,,,,,,,,,,,,,,,,,,,,,,,,,,,,,,,,,
2016,1,19,4,30,0,0,128.4,0.30000000000000004,-13,82.01,281,3.5,,,,,,,,,,,,,,,,,,,,,,,,,,,,,,,,,
2016,1,19,5,30,0,0,117.32000000000001,0.2,-13.8,83.97,281,3.2,,,,,,,,,,,,,,,,,,,,,,,,,,,,,,,,,
2016,1,19,6,30,0,0,106.35000000000001,0.2,-14.3,85.62,279,3,,,,,,,,,,,,,,,,,,,,,,,,,,,,,,,,,
2016,1,19,7,30,0,0,95.78,0.2,-14.3,84.73,276,3.1,,,,,,,,,,,,,,,,,,,,,,,,,,,,,,,,,
2016,1,19,8,30,26,462,85.73,0.2,-12.8,76.75,278,3.6,,,,,,,,,,,,,,,,,,,,,,,,,,,,,,,,,
2016,1,19,9,30,52,764,77.11,0.2,-10.4,70.94,287,4.2,,,,,,,,,,,,,,,,,,,,,,,,,,,,,,,,,
2016,1,19,10,30,66,889,69.98,0.2,-8.5,64.63,295,4.5,,,,,,,,,,,,,,,,,,,,,,,,,,,,,,,,,
2016,1,19,11,30,74,945,64.99,0.2,-7.4,59.050000000000004,296,4.5,,,,,,,,,,,,,,,,,,,,,,,,,,,,,,,,,
2016,1,19,12,30,78,966,62.7,0.2,-6.7,56.56,295,4.4,,,,,,,,,,,,,,,,,,,,,,,,,,,,,,,,,
2016,1,19,13,30,78,958,63.42,0.2,-6.3,56.08,294,4.2,,,,,,,,,,,,,,,,,,,,,,,,,,,,,,,,,
2016,1,19,14,30,71,926,67.05,0.2,-6.2,56.660000000000004,295,3.8000000000000003,,,,,,,,,,,,,,,,,,,,,,,,,,,,,,,,,
2016,1,19,15,30,59,848,73.13,0.2,-6.8,60.47,294,2.9000000000000004,,,,,,,,,,,,,,,,,,,,,,,,,,,,,,,,,
2016,1,19,16,30,40,673,81.06,0.2,-8.4,67.38,289,1.9000000000000001,,,,,,,,,,,,,,,,,,,,,,,,,,,,,,,,,
2016,1,19,17,30,0,0,89.89,0.2,-10,76.79,280,1.3,,,,,,,,,,,,,,,,,,,,,,,,,,,,,,,,,
2016,1,19,18,30,0,0,100.72,0.30000000000000004,-10.7,77.39,270,1.3,,,,,,,,,,,,,,,,,,,,,,,,,,,,,,,,,
2016,1,19,19,30,0,0,111.51,0.30000000000000004,-11.3,78.36,258,1.3,,,,,,,,,,,,,,,,,,,,,,,,,,,,,,,,,
2016,1,19,20,30,0,0,122.56,0.30000000000000004,-11.9,79.95,246,1.4000000000000001,,,,,,,,,,,,,,,,,,,,,,,,,,,,,,,,,
2016,1,19,21,30,0,0,133.55,0.30000000000000004,-12.4,81.25,242,1.6,,,,,,,,,,,,,,,,,,,,,,,,,,,,,,,,,
2016,1,19,22,30,0,0,143.98,0.30000000000000004,-12.3,80.62,245,1.7000000000000002,,,,,,,,,,,,,,,,,,,,,,,,,,,,,,,,,
2016,1,19,23,30,0,0,152.79,0.30000000000000004,-11.8,79.62,251,1.9000000000000001,,,,,,,,,,,,,,,,,,,,,,,,,,,,,,,,,
2016,1,20,0,30,0,0,157.70000000000002,0.4,-11.4,79.76,256,2.1,,,,,,,,,,,,,,,,,,,,,,,,,,,,,,,,,
2016,1,20,1,30,0,0,156.05,0.4,-11.2,80.35000000000001,258,2,,,,,,,,,,,,,,,,,,,,,,,,,,,,,,,,,
2016,1,20,2,30,0,0,148.89000000000001,0.4,-11.1,80.55,258,1.9000000000000001,,,,,,,,,,,,,,,,,,,,,,,,,,,,,,,,,
2016,1,20,3,30,0,0,139.11,0.5,-11,80.33,255,1.6,,,,,,,,,,,,,,,,,,,,,,,,,,,,,,,,,
2016,1,20,4,30,0,0,128.32,0.5,-10.8,79.41,247,1.3,,,,,,,,,,,,,,,,,,,,,,,,,,,,,,,,,
2016,1,20,5,30,0,0,117.24000000000001,0.6000000000000001,-10.8,79.25,237,1.1,,,,,,,,,,,,,,,,,,,,,,,,,,,,,,,,,
2016,1,20,6,30,0,0,106.27,0.6000000000000001,-10.8,79.4,225,0.9,,,,,,,,,,,,,,,,,,,,,,,,,,,,,,,,,
2016,1,20,7,30,0,0,95.69,0.6000000000000001,-10.7,79.60000000000001,215,1,,,,,,,,,,,,,,,,,,,,,,,,,,,,,,,,,
2016,1,20,8,30,25,0,85.63,0.6000000000000001,-10.2,76.71000000000001,210,1.2000000000000002,,,,,,,,,,,,,,,,,,,,,,,,,,,,,,,,,
2016,1,20,9,30,93,1,76.98,0.6000000000000001,-9.3,72.65,209,1.5,,,,,,,,,,,,,,,,,,,,,,,,,,,,,,,,,
2016,1,20,10,30,240,25,69.82000000000001,0.6000000000000001,-8.6,69.87,209,1.6,,,,,,,,,,,,,,,,,,,,,,,,,,,,,,,,,
2016,1,20,11,30,313,40,64.8,0.6000000000000001,-8,68.5,219,1.7000000000000002,,,,,,,,,,,,,,,,,,,,,,,,,,,,,,,,,
2016,1,20,12,30,279,40,62.49,0.5,-7.6,68.23,239,1.9000000000000001,,,,,,,,,,,,,,,,,,,,,,,,,,,,,,,,,
2016,1,20,13,30,253,29,63.2,0.5,-7.2,67.9,262,2.1,,,,,,,,,,,,,,,,,,,,,,,,,,,,,,,,,
2016,1,20,14,30,153,4,66.83,0.5,-6.8,67.34,286,2.4000000000000004,,,,,,,,,,,,,,,,,,,,,,,,,,,,,,,,,
2016,1,20,15,30,145,19,72.91,0.5,-6.9,69.36,304,2.4000000000000004,,,,,,,,,,,,,,,,,,,,,,,,,,,,,,,,,
2016,1,20,16,30,74,7,80.85000000000001,0.5,-7.9,75.21000000000001,317,1.8,,,,,,,,,,,,,,,,,,,,,,,,,,,,,,,,,
2016,1,20,17,30,0,0,89.73,0.5,-9.3,82.36,325,1.2000000000000002,,,,,,,,,,,,,,,,,,,,,,,,,,,,,,,,,
2016,1,20,18,30,0,0,100.52,0.5,-9.9,83.13,325,1.1,,,,,,,,,,,,,,,,,,,,,,,,,,,,,,,,,
2016,1,20,19,30,0,0,111.32000000000001,0.5,-10.2,82.98,315,1.1,,,,,,,,,,,,,,,,,,,,,,,,,,,,,,,,,
2016,1,20,20,30,0,0,122.37,0.5,-10.5,84.02,299,1.1,,,,,,,,,,,,,,,,,,,,,,,,,,,,,,,,,
2016,1,20,21,30,0,0,133.36,0.5,-10.9,86.59,284,1.2000000000000002,,,,,,,,,,,,,,,,,,,,,,,,,,,,,,,,,
2016,1,20,22,30,0,0,143.77,0.5,-11.1,87.88,278,1.4000000000000001,,,,,,,,,,,,,,,,,,,,,,,,,,,,,,,,,
2016,1,20,23,30,0,0,152.57,0.5,-11,88.28,281,1.7000000000000002,,,,,,,,,,,,,,,,,,,,,,,,,,,,,,,,,
2016,1,21,0,30,0,0,157.47,0.4,-10.8,89.60000000000001,287,1.7000000000000002,,,,,,,,,,,,,,,,,,,,,,,,,,,,,,,,,
2016,1,21,1,30,0,0,155.87,0.4,-10.7,91.5,291,1.6,,,,,,,,,,,,,,,,,,,,,,,,,,,,,,,,,
2016,1,21,2,30,0,0,148.76,0.4,-10.7,93.12,292,1.6,,,,,,,,,,,,,,,,,,,,,,,,,,,,,,,,,
2016,1,21,3,30,0,0,139.01,0.5,-10.7,93.92,290,1.6,,,,,,,,,,,,,,,,,,,,,,,,,,,,,,,,,
2016,1,21,4,30,0,0,128.24,0.5,-10.7,94.5,287,1.4000000000000001,,,,,,,,,,,,,,,,,,,,,,,,,,,,,,,,,
2016,1,21,5,30,0,0,117.16,0.5,-10.7,94.98,282,1.2000000000000002,,,,,,,,,,,,,,,,,,,,,,,,,,,,,,,,,
2016,1,21,6,30,0,0,106.18,0.6000000000000001,-10.6,94.58,276,1.2000000000000002,,,,,,,,,,,,,,,,,,,,,,,,,,,,,,,,,
2016,1,21,7,30,0,0,95.59,0.6000000000000001,-10.1,90.94,268,1.5,,,,,,,,,,,,,,,,,,,,,,,,,,,,,,,,,
2016,1,21,8,30,27,0,85.52,0.6000000000000001,-8.9,84.06,258,2.2,,,,,,,,,,,,,,,,,,,,,,,,,,,,,,,,,
2016,1,21,9,30,131,4,76.84,0.6000000000000001,-7,78.52,252,2.7,,,,,,,,,,,,,,,,,,,,,,,,,,,,,,,,,
2016,1,21,10,30,168,15,69.65,0.6000000000000001,-5.2,74.52,253,2.9000000000000004,,,,,,,,,,,,,,,,,,,,,,,,,,,,,,,,,
2016,1,21,11,30,255,39,64.61,0.6000000000000001,-4.2,73.88,256,3,,,,,,,,,,,,,,,,,,,,,,,,,,,,,,,,,
2016,1,21,12,30,101,0,62.28,0.6000000000000001,-3.7,73.93,261,2.9000000000000004,,,,,,,,,,,,,,,,,,,,,,,,,,,,,,,,,
2016,1,21,13,30,180,6,62.980000000000004,0.6000000000000001,-3.4,73.63,263,2.9000000000000004,,,,,,,,,,,,,,,,,,,,,,,,,,,,,,,,,
2016,1,21,14,30,126,2,66.6,0.6000000000000001,-3.4,74.76,262,2.7,,,,,,,,,,,,,,,,,,,,,,,,,,,,,,,,,
2016,1,21,15,30,192,61,72.69,0.5,-3.7,77.93,261,2.1,,,,,,,,,,,,,,,,,,,,,,,,,,,,,,,,,
2016,1,21,16,30,94,13,80.64,0.5,-4.7,85.82000000000001,265,1.3,,,,,,,,,,,,,,,,,,,,,,,,,,,,,,,,,
2016,1,21,17,30,0,0,89.57000000000001,0.5,-5.5,86.92,273,0.9,,,,,,,,,,,,,,,,,,,,,,,,,,,,,,,,,
2016,1,21,18,30,0,0,100.33,0.5,-5.7,85.97,267,0.8,,,,,,,,,,,,,,,,,,,,,,,,,,,,,,,,,
2016,1,21,19,30,0,0,111.13,0.5,-6,88.09,244,0.8,,,,,,,,,,,,,,,,,,,,,,,,,,,,,,,,,
2016,1,21,20,30,0,0,122.18,0.5,-6.3,90.01,231,0.8,,,,,,,,,,,,,,,,,,,,,,,,,,,,,,,,,
2016,1,21,21,30,0,0,133.17000000000002,0.5,-6.6,91.66,232,0.9,,,,,,,,,,,,,,,,,,,,,,,,,,,,,,,,,
2016,1,21,22,30,0,0,143.57,0.5,-7,93.16,244,1,,,,,,,,,,,,,,,,,,,,,,,,,,,,,,,,,
2016,1,21,23,30,0,0,152.35,0.5,-7.3,93.87,265,0.9,,,,,,,,,,,,,,,,,,,,,,,,,,,,,,,,,
2016,1,22,0,30,0,0,157.25,0.5,-7.5,94.77,286,0.9,,,,,,,,,,,,,,,,,,,,,,,,,,,,,,,,,
2016,1,22,1,30,0,0,155.68,0.5,-7.7,95.88,318,0.9,,,,,,,,,,,,,,,,,,,,,,,,,,,,,,,,,
2016,1,22,2,30,0,0,148.63,0.6000000000000001,-7.9,97.21000000000001,176,1.1,,,,,,,,,,,,,,,,,,,,,,,,,,,,,,,,,
2016,1,22,3,30,0,0,138.91,0.6000000000000001,-7.8,95.62,23,1.5,,,,,,,,,,,,,,,,,,,,,,,,,,,,,,,,,
2016,1,22,4,30,0,0,128.15,0.6000000000000001,-7.7,95.11,41,2,,,,,,,,,,,,,,,,,,,,,,,,,,,,,,,,,
2016,1,22,5,30,0,0,117.08,0.6000000000000001,-7.5,94.17,55,2.1,,,,,,,,,,,,,,,,,,,,,,,,,,,,,,,,,
2016,1,22,6,30,0,0,106.09,0.6000000000000001,-7.4,93.68,66,2.1,,,,,,,,,,,,,,,,,,,,,,,,,,,,,,,,,
2016,1,22,7,30,0,0,95.48,0.6000000000000001,-7,91.13,76,2.4000000000000004,,,,,,,,,,,,,,,,,,,,,,,,,,,,,,,,,
2016,1,22,8,30,27,0,85.4,0.6000000000000001,-5.9,85.52,79,3,,,,,,,,,,,,,,,,,,,,,,,,,,,,,,,,,
2016,1,22,9,30,111,7,76.7,0.6000000000000001,-4.6,80.66,79,3.6,,,,,,,,,,,,,,,,,,,,,,,,,,,,,,,,,
2016,1,22,10,30,203,23,69.48,0.6000000000000001,-3.7,74.8,78,4,,,,,,,,,,,,,,,,,,,,,,,,,,,,,,,,,
2016,1,22,11,30,284,56,64.41,0.6000000000000001,-3.1,70.01,74,4.3,,,,,,,,,,,,,,,,,,,,,,,,,,,,,,,,,
2016,1,22,12,30,304,68,62.06,0.6000000000000001,-2.7,65.09,69,4.6000000000000005,,,,,,,,,,,,,,,,,,,,,,,,,,,,,,,,,
2016,1,22,13,30,297,63,62.74,0.6000000000000001,-2.6,61.58,64,5,,,,,,,,,,,,,,,,,,,,,,,,,,,,,,,,,
2016,1,22,14,30,268,119,66.37,0.6000000000000001,-2.8,60.13,62,5.2,,,,,,,,,,,,,,,,,,,,,,,,,,,,,,,,,
2016,1,22,15,30,188,57,72.47,0.6000000000000001,-3.4,60.410000000000004,60,5,,,,,,,,,,,,,,,,,,,,,,,,,,,,,,,,,
2016,1,22,16,30,99,9,80.43,0.5,-4.8,65.93,59,4.1000000000000005,,,,,,,,,,,,,,,,,,,,,,,,,,,,,,,,,
2016,1,22,17,30,0,0,89.39,0.5,-6.3,72.60000000000001,54,3.3000000000000003,,,,,,,,,,,,,,,,,,,,,,,,,,,,,,,,,
2016,1,22,18,30,0,0,100.13,0.5,-7.3,77.3,47,3,,,,,,,,,,,,,,,,,,,,,,,,,,,,,,,,,
2016,1,22,19,30,0,0,110.93,0.5,-7.8,79.60000000000001,38,3.1,,,,,,,,,,,,,,,,,,,,,,,,,,,,,,,,,
2016,1,22,20,30,0,0,121.99000000000001,0.5,-8.1,80.89,30,3.3000000000000003,,,,,,,,,,,,,,,,,,,,,,,,,,,,,,,,,
2016,1,22,21,30,0,0,132.97,0.5,-8.4,82.32000000000001,27,3.6,,,,,,,,,,,,,,,,,,,,,,,,,,,,,,,,,
2016,1,22,22,30,0,0,143.36,0.5,-8.7,83.72,26,3.5,,,,,,,,,,,,,,,,,,,,,,,,,,,,,,,,,
2016,1,22,23,30,0,0,152.12,0.5,-9.1,85.99,25,3.2,,,,,,,,,,,,,,,,,,,,,,,,,,,,,,,,,
2016,1,23,0,30,0,0,157.01,0.5,-9.4,88.15,22,3.1,,,,,,,,,,,,,,,,,,,,,,,,,,,,,,,,,
2016,1,23,1,30,0,0,155.49,0.5,-9.4,89.33,17,3.4000000000000004,,,,,,,,,,,,,,,,,,,,,,,,,,,,,,,,,
2016,1,23,2,30,0,0,148.49,0.5,-9.2,90.89,12,3.8000000000000003,,,,,,,,,,,,,,,,,,,,,,,,,,,,,,,,,
2016,1,23,3,30,0,0,138.8,0.4,-8.8,91.72,10,3.9000000000000004,,,,,,,,,,,,,,,,,,,,,,,,,,,,,,,,,
2016,1,23,4,30,0,0,128.06,0.4,-8.5,93.06,10,3.8000000000000003,,,,,,,,,,,,,,,,,,,,,,,,,,,,,,,,,
2016,1,23,5,30,0,0,116.98,0.4,-8.4,94.68,10,3.7,,,,,,,,,,,,,,,,,,,,,,,,,,,,,,,,,
2016,1,23,6,30,0,0,105.99000000000001,0.4,-8.2,94.32000000000001,13,3.6,,,,,,,,,,,,,,,,,,,,,,,,,,,,,,,,,
2016,1,23,7,30,0,0,95.37,0.30000000000000004,-7.5,89.9,21,3.6,,,,,,,,,,,,,,,,,,,,,,,,,,,,,,,,,
2016,1,23,8,30,41,1,85.27,0.30000000000000004,-6,82.03,28,4.2,,,,,,,,,,,,,,,,,,,,,,,,,,,,,,,,,
2016,1,23,9,30,53,762,76.54,0.30000000000000004,-4.4,74.84,31,5,,,,,,,,,,,,,,,,,,,,,,,,,,,,,,,,,
2016,1,23,10,30,258,55,69.3,0.30000000000000004,-3.4,67.55,30,5.2,,,,,,,,,,,,,,,,,,,,,,,,,,,,,,,,,
2016,1,23,11,30,297,231,64.21000000000001,0.30000000000000004,-2.5,64.03,28,4.9,,,,,,,,,,,,,,,,,,,,,,,,,,,,,,,,,
2016,1,23,12,30,359,95,61.83,0.4,-1.7,62.15,23,4.6000000000000005,,,,,,,,,,,,,,,,,,,,,,,,,,,,,,,,,
2016,1,23,13,30,72,952,62.51,0.4,-1.3,62.31,17,4.2,,,,,,,,,,,,,,,,,,,,,,,,,,,,,,,,,
2016,1,23,14,30,67,920,66.13,0.4,-1.3,63.71,10,3.8000000000000003,,,,,,,,,,,,,,,,,,,,,,,,,,,,,,,,,
2016,1,23,15,30,57,846,72.24,0.4,-2.1,68.64,5,3.1,,,,,,,,,,,,,,,,,,,,,,,,,,,,,,,,,
2016,1,23,16,30,40,671,80.21000000000001,0.5,-4.2,79.08,4,2,,,,,,,,,,,,,,,,,,,,,,,,,,,,,,,,,
2016,1,23,17,30,0,0,89.21000000000001,0.5,-6.2,85.88,6,1.5,,,,,,,,,,,,,,,,,,,,,,,,,,,,,,,,,
2016,1,23,18,30,0,0,99.93,0.5,-7.1,86.58,9,1.4000000000000001,,,,,,,,,,,,,,,,,,,,,,,,,,,,,,,,,
2016,1,23,19,30,0,0,110.74000000000001,0.6000000000000001,-7.4,86.47,13,1.2000000000000002,,,,,,,,,,,,,,,,,,,,,,,,,,,,,,,,,
2016,1,23,20,30,0,0,121.8,0.6000000000000001,-7.1,84.82000000000001,16,1,,,,,,,,,,,,,,,,,,,,,,,,,,,,,,,,,
2016,1,23,21,30,0,0,132.78,0.6000000000000001,-6.7,83.10000000000001,25,0.6000000000000001,,,,,,,,,,,,,,,,,,,,,,,,,,,,,,,,,
2016,1,23,22,30,0,0,143.15,0.6000000000000001,-6.7,83.8,109,0.30000000000000004,,,,,,,,,,,,,,,,,,,,,,,,,,,,,,,,,
2016,1,23,23,30,0,0,151.89000000000001,0.6000000000000001,-7.2,86.91,197,0.6000000000000001,,,,,,,,,,,,,,,,,,,,,,,,,,,,,,,,,
2016,1,24,0,30,0,0,156.77,0.6000000000000001,-8.3,93.02,214,1,,,,,,,,,,,,,,,,,,,,,,,,,,,,,,,,,
2016,1,24,1,30,0,0,155.29,0.6000000000000001,-9.2,97.46000000000001,218,1.3,,,,,,,,,,,,,,,,,,,,,,,,,,,,,,,,,
2016,1,24,2,30,0,0,148.34,0.7000000000000001,-9.1,95.35000000000001,220,1.7000000000000002,,,,,,,,,,,,,,,,,,,,,,,,,,,,,,,,,
2016,1,24,3,30,0,0,138.69,0.8,-8.5,92.29,223,2,,,,,,,,,,,,,,,,,,,,,,,,,,,,,,,,,
2016,1,24,4,30,0,0,127.95,0.8,-8.4,92.44,228,2,,,,,,,,,,,,,,,,,,,,,,,,,,,,,,,,,
2016,1,24,5,30,0,0,116.88,0.7000000000000001,-8.7,93.67,230,2.1,,,,,,,,,,,,,,,,,,,,,,,,,,,,,,,,,
2016,1,24,6,30,0,0,105.88,0.7000000000000001,-9,94.86,228,2.3000000000000003,,,,,,,,,,,,,,,,,,,,,,,,,,,,,,,,,
2016,1,24,7,30,0,0,95.25,0.6000000000000001,-8.8,92.64,223,2.9000000000000004,,,,,,,,,,,,,,,,,,,,,,,,,,,,,,,,,
2016,1,24,8,30,27,443,85.14,0.6000000000000001,-7.3,84.8,219,3.8000000000000003,,,,,,,,,,,,,,,,,,,,,,,,,,,,,,,,,
2016,1,24,9,30,139,80,76.38,0.7000000000000001,-5,79.44,222,4.7,,,,,,,,,,,,,,,,,,,,,,,,,,,,,,,,,
2016,1,24,10,30,190,392,69.12,0.8,-2.9,73.38,227,5.4,,,,,,,,,,,,,,,,,,,,,,,,,,,,,,,,,
2016,1,24,11,30,87,864,64,0.8,-1.3,68.61,230,5.9,,,,,,,,,,,,,,,,,,,,,,,,,,,,,,,,,
2016,1,24,12,30,97,872,61.6,0.8,-0.3,66.69,233,6.1000000000000005,,,,,,,,,,,,,,,,,,,,,,,,,,,,,,,,,
2016,1,24,13,30,98,859,62.26,0.8,0.2,66.95,236,5.9,,,,,,,,,,,,,,,,,,,,,,,,,,,,,,,,,
2016,1,24,14,30,217,362,65.89,0.8,0.4,68.38,239,5.4,,,,,,,,,,,,,,,,,,,,,,,,,,,,,,,,,
2016,1,24,15,30,191,189,72,0.7000000000000001,0,72.99,240,4.3,,,,,,,,,,,,,,,,,,,,,,,,,,,,,,,,,
2016,1,24,16,30,83,1,79.99,0.7000000000000001,-1,81.25,240,3,,,,,,,,,,,,,,,,,,,,,,,,,,,,,,,,,
2016,1,24,17,30,0,0,89.04,0.7000000000000001,-2.1,87.59,239,2.1,,,,,,,,,,,,,,,,,,,,,,,,,,,,,,,,,
2016,1,24,18,30,0,0,99.73,0.7000000000000001,-2.8,90.71000000000001,234,1.7000000000000002,,,,,,,,,,,,,,,,,,,,,,,,,,,,,,,,,
2016,1,24,19,30,0,0,110.55,0.7000000000000001,-3.2,91.74,226,1.6,,,,,,,,,,,,,,,,,,,,,,,,,,,,,,,,,
2016,1,24,20,30,0,0,121.61,0.7000000000000001,-3.4,92.68,219,1.7000000000000002,,,,,,,,,,,,,,,,,,,,,,,,,,,,,,,,,
2016,1,24,21,30,0,0,132.58,0.7000000000000001,-3.5,93.59,214,1.9000000000000001,,,,,,,,,,,,,,,,,,,,,,,,,,,,,,,,,
2016,1,24,22,30,0,0,142.94,0.8,-3.5,93.85000000000001,212,2,,,,,,,,,,,,,,,,,,,,,,,,,,,,,,,,,
2016,1,24,23,30,0,0,151.65,0.8,-3.5,94.36,212,2.1,,,,,,,,,,,,,,,,,,,,,,,,,,,,,,,,,
2016,1,25,0,30,0,0,156.52,0.9,-3.6,94.98,210,2,,,,,,,,,,,,,,,,,,,,,,,,,,,,,,,,,
2016,1,25,1,30,0,0,155.08,1,-3.9,95.85000000000001,207,1.9000000000000001,,,,,,,,,,,,,,,,,,,,,,,,,,,,,,,,,
2016,1,25,2,30,0,0,148.18,1,-4.1,95.54,203,2,,,,,,,,,,,,,,,,,,,,,,,,,,,,,,,,,
2016,1,25,3,30,0,0,138.56,1.1,-4.1,94.8,198,2.2,,,,,,,,,,,,,,,,,,,,,,,,,,,,,,,,,
2016,1,25,4,30,0,0,127.84,1.1,-4.1,94.79,191,2.5,,,,,,,,,,,,,,,,,,,,,,,,,,,,,,,,,
2016,1,25,5,30,0,0,116.78,1.1,-4.1,94.64,183,2.8000000000000003,,,,,,,,,,,,,,,,,,,,,,,,,,,,,,,,,
2016,1,25,6,30,0,0,105.77,1,-4.2,95.03,175,3.2,,,,,,,,,,,,,,,,,,,,,,,,,,,,,,,,,
2016,1,25,7,30,0,0,95.13,0.9,-4.1,93.92,169,3.7,,,,,,,,,,,,,,,,,,,,,,,,,,,,,,,,,
2016,1,25,8,30,36,2,85,0.9,-3.4,89.79,167,4.2,,,,,,,,,,,,,,,,,,,,,,,,,,,,,,,,,
2016,1,25,9,30,148,18,76.22,0.9,-1.9,83.64,170,4.6000000000000005,,,,,,,,,,,,,,,,,,,,,,,,,,,,,,,,,
2016,1,25,10,30,74,803,68.93,0.9,0,77,175,5.1000000000000005,,,,,,,,,,,,,,,,,,,,,,,,,,,,,,,,,
2016,1,25,11,30,185,490,63.78,0.9,2,71.05,182,5.5,,,,,,,,,,,,,,,,,,,,,,,,,,,,,,,,,
2016,1,25,12,30,86,889,61.36,0.9,3.5,66.76,187,5.6000000000000005,,,,,,,,,,,,,,,,,,,,,,,,,,,,,,,,,
2016,1,25,13,30,183,555,62.01,1,4.5,65.42,191,5.6000000000000005,,,,,,,,,,,,,,,,,,,,,,,,,,,,,,,,,
2016,1,25,14,30,84,825,65.64,1.1,4.7,67.96000000000001,192,5.1000000000000005,,,,,,,,,,,,,,,,,,,,,,,,,,,,,,,,,
2016,1,25,15,30,191,101,71.77,1.3,3.9000000000000004,75.22,189,4.3,,,,,,,,,,,,,,,,,,,,,,,,,,,,,,,,,
2016,1,25,16,30,70,3,79.77,1.4000000000000001,3.1,80.66,187,4.6000000000000005,,,,,,,,,,,,,,,,,,,,,,,,,,,,,,,,,
2016,1,25,17,30,4,0,88.86,1.5,2.8000000000000003,82.49,189,5.300000000000001,,,,,,,,,,,,,,,,,,,,,,,,,,,,,,,,,
2016,1,25,18,30,0,0,99.52,1.6,2.5,84.77,188,5.4,,,,,,,,,,,,,,,,,,,,,,,,,,,,,,,,,
2016,1,25,19,30,0,0,110.35000000000001,1.7000000000000002,2.3000000000000003,86.58,186,5.4,,,,,,,,,,,,,,,,,,,,,,,,,,,,,,,,,
2016,1,25,20,30,0,0,121.41,1.7000000000000002,2.1,89.99,182,5.2,,,,,,,,,,,,,,,,,,,,,,,,,,,,,,,,,
2016,1,25,21,30,0,0,132.38,1.6,2.3000000000000003,91.78,185,5.7,,,,,,,,,,,,,,,,,,,,,,,,,,,,,,,,,
2016,1,25,22,30,0,0,142.72,1.3,2.9000000000000004,92.86,198,6.6000000000000005,,,,,,,,,,,,,,,,,,,,,,,,,,,,,,,,,
2016,1,25,23,30,0,0,151.41,1.2000000000000002,3.4000000000000004,95.3,208,6.9,,,,,,,,,,,,,,,,,,,,,,,,,,,,,,,,,
2016,1,26,0,30,0,0,156.27,1.2000000000000002,3.6,97.76,213,6.9,,,,,,,,,,,,,,,,,,,,,,,,,,,,,,,,,
2016,1,26,1,30,0,0,154.86,1.2000000000000002,3.8000000000000003,98.85000000000001,217,6.800000000000001,,,,,,,,,,,,,,,,,,,,,,,,,,,,,,,,,
2016,1,26,2,30,0,0,148.02,1.1,3.9000000000000004,100,221,6.9,,,,,,,,,,,,,,,,,,,,,,,,,,,,,,,,,
2016,1,26,3,30,0,0,138.43,1,3.5,100,226,7.2,,,,,,,,,,,,,,,,,,,,,,,,,,,,,,,,,
2016,1,26,4,30,0,0,127.73,1,2.6,100,231,7.6000000000000005,,,,,,,,,,,,,,,,,,,,,,,,,,,,,,,,,
2016,1,26,5,30,0,0,116.66,1.1,1.4000000000000001,95.14,234,7.6000000000000005,,,,,,,,,,,,,,,,,,,,,,,,,,,,,,,,,
2016,1,26,6,30,0,0,105.65,1.1,0.7000000000000001,93.41,236,7.5,,,,,,,,,,,,,,,,,,,,,,,,,,,,,,,,,
2016,1,26,7,30,0,0,95,1,0.6000000000000001,91.59,241,7.7,,,,,,,,,,,,,,,,,,,,,,,,,,,,,,,,,
2016,1,26,8,30,17,0,84.86,1,0.8,88.67,249,8.3,,,,,,,,,,,,,,,,,,,,,,,,,,,,,,,,,
2016,1,26,9,30,45,0,76.05,1,1,84.34,257,9.1,,,,,,,,,,,,,,,,,,,,,,,,,,,,,,,,,
2016,1,26,10,30,21,0,68.73,0.9,1.2000000000000002,77.55,263,9.3,,,,,,,,,,,,,,,,,,,,,,,,,,,,,,,,,
2016,1,26,11,30,46,0,63.550000000000004,0.9,1.4000000000000001,72.83,267,8.9,,,,,,,,,,,,,,,,,,,,,,,,,,,,,,,,,
2016,1,26,12,30,79,0,61.120000000000005,0.8,1.7000000000000002,69.74,269,8.5,,,,,,,,,,,,,,,,,,,,,,,,,,,,,,,,,
2016,1,26,13,30,55,0,61.76,0.8,1.9000000000000001,68.32000000000001,269,8,,,,,,,,,,,,,,,,,,,,,,,,,,,,,,,,,
2016,1,26,14,30,67,0,65.39,0.7000000000000001,1.8,68.79,267,7.4,,,,,,,,,,,,,,,,,,,,,,,,,,,,,,,,,
2016,1,26,15,30,33,0,71.52,0.7000000000000001,1.2000000000000002,72.45,264,6.5,,,,,,,,,,,,,,,,,,,,,,,,,,,,,,,,,
2016,1,26,16,30,34,0,79.54,0.7000000000000001,0.2,79.28,262,5.7,,,,,,,,,,,,,,,,,,,,,,,,,,,,,,,,,
2016,1,26,17,30,4,0,88.66,0.7000000000000001,-0.7,84.82000000000001,262,5.4,,,,,,,,,,,,,,,,,,,,,,,,,,,,,,,,,
2016,1,26,18,30,0,0,99.32000000000001,0.6000000000000001,-1.3,88.15,261,5.4,,,,,,,,,,,,,,,,,,,,,,,,,,,,,,,,,
2016,1,26,19,30,0,0,110.15,0.6000000000000001,-1.6,88.67,260,5.300000000000001,,,,,,,,,,,,,,,,,,,,,,,,,,,,,,,,,
2016,1,26,20,30,0,0,121.21000000000001,0.6000000000000001,-1.9,89.17,258,5.300000000000001,,,,,,,,,,,,,,,,,,,,,,,,,,,,,,,,,
2016,1,26,21,30,0,0,132.17000000000002,0.6000000000000001,-2,88.62,257,5.300000000000001,,,,,,,,,,,,,,,,,,,,,,,,,,,,,,,,,
2016,1,26,22,30,0,0,142.51,0.6000000000000001,-2.1,88.08,258,5.4,,,,,,,,,,,,,,,,,,,,,,,,,,,,,,,,,
2016,1,26,23,30,0,0,151.17000000000002,0.6000000000000001,-2.2,87.49,260,5.5,,,,,,,,,,,,,,,,,,,,,,,,,,,,,,,,,
2016,1,27,0,30,0,0,156.02,0.6000000000000001,-2.3,87.14,264,5.6000000000000005,,,,,,,,,,,,,,,,,,,,,,,,,,,,,,,,,
2016,1,27,1,30,0,0,154.64000000000001,0.6000000000000001,-2.4,86.9,267,5.5,,,,,,,,,,,,,,,,,,,,,,,,,,,,,,,,,
2016,1,27,2,30,0,0,147.85,0.6000000000000001,-2.5,87.32000000000001,267,5.1000000000000005,,,,,,,,,,,,,,,,,,,,,,,,,,,,,,,,,
2016,1,27,3,30,0,0,138.3,0.6000000000000001,-2.7,88.71000000000001,268,4.7,,,,,,,,,,,,,,,,,,,,,,,,,,,,,,,,,
2016,1,27,4,30,0,0,127.61,0.6000000000000001,-2.8,89.55,272,4.3,,,,,,,,,,,,,,,,,,,,,,,,,,,,,,,,,
2016,1,27,5,30,0,0,116.54,0.6000000000000001,-2.9,90.52,274,4,,,,,,,,,,,,,,,,,,,,,,,,,,,,,,,,,
2016,1,27,6,30,0,0,105.52,0.5,-2.9,90.5,275,3.7,,,,,,,,,,,,,,,,,,,,,,,,,,,,,,,,,
2016,1,27,7,30,0,0,94.86,0.5,-2.5,88.05,275,3.7,,,,,,,,,,,,,,,,,,,,,,,,,,,,,,,,,
2016,1,27,8,30,45,1,84.71000000000001,0.5,-1.7,83.81,275,4.1000000000000005,,,,,,,,,,,,,,,,,,,,,,,,,,,,,,,,,
2016,1,27,9,30,110,1,75.87,0.5,-0.8,76.92,275,4.3,,,,,,,,,,,,,,,,,,,,,,,,,,,,,,,,,
2016,1,27,10,30,158,1,68.52,0.5,-0.2,70.04,268,4.4,,,,,,,,,,,,,,,,,,,,,,,,,,,,,,,,,
2016,1,27,11,30,178,0,63.32,0.5,0,66.41,258,4.4,,,,,,,,,,,,,,,,,,,,,,,,,,,,,,,,,
2016,1,27,12,30,190,0,60.870000000000005,0.5,0,65.2,249,4.6000000000000005,,,,,,,,,,,,,,,,,,,,,,,,,,,,,,,,,
2016,1,27,13,30,134,0,61.5,0.4,-0.2,65.13,242,4.800000000000001,,,,,,,,,,,,,,,,,,,,,,,,,,,,,,,,,
2016,1,27,14,30,104,0,65.13,0.4,-0.6,65.93,236,4.800000000000001,,,,,,,,,,,,,,,,,,,,,,,,,,,,,,,,,
2016,1,27,15,30,53,0,71.28,0.4,-1.2,67.37,229,4.800000000000001,,,,,,,,,,,,,,,,,,,,,,,,,,,,,,,,,
2016,1,27,16,30,55,0,79.31,0.4,-2.1,69.94,221,4.6000000000000005,,,,,,,,,,,,,,,,,,,,,,,,,,,,,,,,,
2016,1,27,17,30,5,0,88.46000000000001,0.4,-2.9,72.28,215,4.6000000000000005,,,,,,,,,,,,,,,,,,,,,,,,,,,,,,,,,
2016,1,27,18,30,0,0,99.11,0.4,-3.4,73.15,212,4.9,,,,,,,,,,,,,,,,,,,,,,,,,,,,,,,,,
2016,1,27,19,30,0,0,109.95,0.5,-3.6,73.38,213,5.300000000000001,,,,,,,,,,,,,,,,,,,,,,,,,,,,,,,,,
2016,1,27,20,30,0,0,121.02,0.6000000000000001,-3.7,74.13,211,5.800000000000001,,,,,,,,,,,,,,,,,,,,,,,,,,,,,,,,,
2016,1,27,21,30,0,0,131.97,0.7000000000000001,-3.9,75.82000000000001,208,6.1000000000000005,,,,,,,,,,,,,,,,,,,,,,,,,,,,,,,,,
2016,1,27,22,30,0,0,142.29,0.9,-3.8,76.58,207,6.6000000000000005,,,,,,,,,,,,,,,,,,,,,,,,,,,,,,,,,
2016,1,27,23,30,0,0,150.92000000000002,1,-3.6,77.43,209,6.9,,,,,,,,,,,,,,,,,,,,,,,,,,,,,,,,,
2016,1,28,0,30,0,0,155.75,1,-3.5,79.12,213,7.1000000000000005,,,,,,,,,,,,,,,,,,,,,,,,,,,,,,,,,
2016,1,28,1,30,0,0,154.41,0.9,-3.4,80.53,214,7.1000000000000005,,,,,,,,,,,,,,,,,,,,,,,,,,,,,,,,,
2016,1,28,2,30,0,0,147.67000000000002,0.8,-3.4,82.11,214,6.9,,,,,,,,,,,,,,,,,,,,,,,,,,,,,,,,,
2016,1,28,3,30,0,0,138.15,0.8,-3.3,82.96000000000001,214,6.800000000000001,,,,,,,,,,,,,,,,,,,,,,,,,,,,,,,,,
2016,1,28,4,30,0,0,127.48,0.7000000000000001,-3.3,84.11,214,6.7,,,,,,,,,,,,,,,,,,,,,,,,,,,,,,,,,
2016,1,28,5,30,0,0,116.42,0.7000000000000001,-3.3,85.11,215,6.5,,,,,,,,,,,,,,,,,,,,,,,,,,,,,,,,,
2016,1,28,6,30,0,0,105.39,0.7000000000000001,-3.5,87.35000000000001,214,6.2,,,,,,,,,,,,,,,,,,,,,,,,,,,,,,,,,
2016,1,28,7,30,0,0,94.72,0.8,-3.2,86.75,214,6.1000000000000005,,,,,,,,,,,,,,,,,,,,,,,,,,,,,,,,,
2016,1,28,8,30,27,459,84.55,0.9,-2.1,83.19,216,6.6000000000000005,,,,,,,,,,,,,,,,,,,,,,,,,,,,,,,,,
2016,1,28,9,30,140,63,75.69,0.9,-0.5,79.58,222,7.1000000000000005,,,,,,,,,,,,,,,,,,,,,,,,,,,,,,,,,
2016,1,28,10,30,124,1,68.31,1,1,78.21000000000001,231,7.300000000000001,,,,,,,,,,,,,,,,,,,,,,,,,,,,,,,,,
2016,1,28,11,30,237,29,63.09,1,1.9000000000000001,78.82000000000001,239,7.1000000000000005,,,,,,,,,,,,,,,,,,,,,,,,,,,,,,,,,
2016,1,28,12,30,104,0,60.61,1,2.4000000000000004,79.03,246,6.800000000000001,,,,,,,,,,,,,,,,,,,,,,,,,,,,,,,,,
2016,1,28,13,30,73,0,61.24,0.9,2.4000000000000004,80.41,254,6.300000000000001,,,,,,,,,,,,,,,,,,,,,,,,,,,,,,,,,
2016,1,28,14,30,45,0,64.87,0.9,2.3000000000000003,81.98,260,5.7,,,,,,,,,,,,,,,,,,,,,,,,,,,,,,,,,
2016,1,28,15,30,61,1,71.03,0.9,1.8,86.15,265,4.9,,,,,,,,,,,,,,,,,,,,,,,,,,,,,,,,,
2016,1,28,16,30,28,0,79.08,0.9,0.9,92.49,274,4.2,,,,,,,,,,,,,,,,,,,,,,,,,,,,,,,,,
2016,1,28,17,30,4,0,88.27,0.8,0.1,94.8,287,4.1000000000000005,,,,,,,,,,,,,,,,,,,,,,,,,,,,,,,,,
2016,1,28,18,30,0,0,98.9,0.8,-0.5,93.7,300,4.3,,,,,,,,,,,,,,,,,,,,,,,,,,,,,,,,,
2016,1,28,19,30,0,0,109.75,0.7000000000000001,-1,91.03,308,4.6000000000000005,,,,,,,,,,,,,,,,,,,,,,,,,,,,,,,,,
2016,1,28,20,30,0,0,120.82000000000001,0.7000000000000001,-1.6,88.82000000000001,314,5.300000000000001,,,,,,,,,,,,,,,,,,,,,,,,,,,,,,,,,
2016,1,28,21,30,0,0,131.76,0.6000000000000001,-2.3,85.43,319,5.800000000000001,,,,,,,,,,,,,,,,,,,,,,,,,,,,,,,,,
2016,1,28,22,30,0,0,142.06,0.5,-3.2,82.08,319,5.800000000000001,,,,,,,,,,,,,,,,,,,,,,,,,,,,,,,,,
2016,1,28,23,30,0,0,150.67000000000002,0.5,-4,79.14,318,5.7,,,,,,,,,,,,,,,,,,,,,,,,,,,,,,,,,
2016,1,29,0,30,0,0,155.49,0.4,-4.7,77.74,317,5.5,,,,,,,,,,,,,,,,,,,,,,,,,,,,,,,,,
2016,1,29,1,30,0,0,154.17000000000002,0.4,-5.1,77.38,320,5.6000000000000005,,,,,,,,,,,,,,,,,,,,,,,,,,,,,,,,,
2016,1,29,2,30,0,0,147.49,0.4,-5.4,77.3,324,5.800000000000001,,,,,,,,,,,,,,,,,,,,,,,,,,,,,,,,,
2016,1,29,3,30,0,0,138,0.4,-5.7,77.13,327,5.9,,,,,,,,,,,,,,,,,,,,,,,,,,,,,,,,,
2016,1,29,4,30,0,0,127.34,0.4,-6,75.47,328,6.1000000000000005,,,,,,,,,,,,,,,,,,,,,,,,,,,,,,,,,
2016,1,29,5,30,0,0,116.29,0.30000000000000004,-6.4,73.9,329,6.1000000000000005,,,,,,,,,,,,,,,,,,,,,,,,,,,,,,,,,
2016,1,29,6,30,0,0,105.26,0.30000000000000004,-6.9,73.7,329,5.7,,,,,,,,,,,,,,,,,,,,,,,,,,,,,,,,,
2016,1,29,7,30,0,0,94.57000000000001,0.30000000000000004,-7.1,71.81,327,5.4,,,,,,,,,,,,,,,,,,,,,,,,,,,,,,,,,
2016,1,29,8,30,18,0,84.39,0.30000000000000004,-6.6,67.48,326,5.800000000000001,,,,,,,,,,,,,,,,,,,,,,,,,,,,,,,,,
2016,1,29,9,30,146,45,75.5,0.30000000000000004,-5.6,60.25,326,6,,,,,,,,,,,,,,,,,,,,,,,,,,,,,,,,,
2016,1,29,10,30,197,293,68.1,0.30000000000000004,-4.6,55.730000000000004,324,5.6000000000000005,,,,,,,,,,,,,,,,,,,,,,,,,,,,,,,,,
2016,1,29,11,30,269,204,62.84,0.30000000000000004,-3.7,53.28,319,5.1000000000000005,,,,,,,,,,,,,,,,,,,,,,,,,,,,,,,,,
2016,1,29,12,30,56,985,60.35,0.30000000000000004,-2.9,51.660000000000004,311,4.6000000000000005,,,,,,,,,,,,,,,,,,,,,,,,,,,,,,,,,
2016,1,29,13,30,61,960,60.97,0.4,-2.3,50.7,303,4.2,,,,,,,,,,,,,,,,,,,,,,,,,,,,,,,,,
2016,1,29,14,30,57,931,64.61,0.4,-2,50.78,293,3.8000000000000003,,,,,,,,,,,,,,,,,,,,,,,,,,,,,,,,,
2016,1,29,15,30,52,862,70.78,0.4,-2.3,53.120000000000005,285,3.2,,,,,,,,,,,,,,,,,,,,,,,,,,,,,,,,,
2016,1,29,16,30,39,704,78.85000000000001,0.5,-3.5,59.74,280,2,,,,,,,,,,,,,,,,,,,,,,,,,,,,,,,,,
2016,1,29,17,30,14,297,88.05,0.6000000000000001,-4.5,73.8,268,1,,,,,,,,,,,,,,,,,,,,,,,,,,,,,,,,,
2016,1,29,18,30,0,0,98.69,0.7000000000000001,-4.7,68.52,217,0.8,,,,,,,,,,,,,,,,,,,,,,,,,,,,,,,,,
2016,1,29,19,30,0,0,109.55,0.8,-5.4,69.67,164,1.1,,,,,,,,,,,,,,,,,,,,,,,,,,,,,,,,,
2016,1,29,20,30,0,0,120.61,0.9,-5.9,75.07000000000001,155,1.9000000000000001,,,,,,,,,,,,,,,,,,,,,,,,,,,,,,,,,
2016,1,29,21,30,0,0,131.55,1,-5.5,74.41,162,2.7,,,,,,,,,,,,,,,,,,,,,,,,,,,,,,,,,
2016,1,29,22,30,0,0,141.84,1.1,-5.2,74.5,170,3.4000000000000004,,,,,,,,,,,,,,,,,,,,,,,,,,,,,,,,,
2016,1,29,23,30,0,0,150.42000000000002,1.1,-5,75.62,173,3.8000000000000003,,,,,,,,,,,,,,,,,,,,,,,,,,,,,,,,,
2016,1,30,0,30,0,0,155.22,1.1,-4.9,77.5,175,4.1000000000000005,,,,,,,,,,,,,,,,,,,,,,,,,,,,,,,,,
2016,1,30,1,30,0,0,153.93,1,-5.1,81.22,174,4.3,,,,,,,,,,,,,,,,,,,,,,,,,,,,,,,,,
2016,1,30,2,30,0,0,147.29,1.1,-5.2,83.05,173,4.800000000000001,,,,,,,,,,,,,,,,,,,,,,,,,,,,,,,,,
2016,1,30,3,30,0,0,137.84,1.2000000000000002,-4.9,83.42,172,5.4,,,,,,,,,,,,,,,,,,,,,,,,,,,,,,,,,
2016,1,30,4,30,0,0,127.2,1.3,-4.6,84.39,173,5.6000000000000005,,,,,,,,,,,,,,,,,,,,,,,,,,,,,,,,,
2016,1,30,5,30,0,0,116.15,1.4000000000000001,-4.2,85.24,178,5.5,,,,,,,,,,,,,,,,,,,,,,,,,,,,,,,,,
2016,1,30,6,30,0,0,105.11,1.5,-3.8,86.34,185,5.4,,,,,,,,,,,,,,,,,,,,,,,,,,,,,,,,,
2016,1,30,7,30,0,0,94.41,1.5,-3.1,86.01,191,5.6000000000000005,,,,,,,,,,,,,,,,,,,,,,,,,,,,,,,,,
2016,1,30,8,30,46,8,84.22,1.5,-1.8,83.57000000000001,199,5.5,,,,,,,,,,,,,,,,,,,,,,,,,,,,,,,,,
2016,1,30,9,30,130,83,75.3,1.6,-0.2,81.04,208,5.1000000000000005,,,,,,,,,,,,,,,,,,,,,,,,,,,,,,,,,
2016,1,30,10,30,187,157,67.87,1.6,1.5,78.81,214,4.9,,,,,,,,,,,,,,,,,,,,,,,,,,,,,,,,,
2016,1,30,11,30,215,166,62.59,1.6,3.4000000000000004,76.02,221,4.9,,,,,,,,,,,,,,,,,,,,,,,,,,,,,,,,,
2016,1,30,12,30,209,340,60.08,1.7000000000000002,4.6000000000000005,77.44,233,4.6000000000000005,,,,,,,,,,,,,,,,,,,,,,,,,,,,,,,,,
2016,1,30,13,30,159,597,60.69,1.6,5.1000000000000005,80.39,244,4.1000000000000005,,,,,,,,,,,,,,,,,,,,,,,,,,,,,,,,,
2016,1,30,14,30,78,805,64.34,1.5,5.300000000000001,82.69,250,3.5,,,,,,,,,,,,,,,,,,,,,,,,,,,,,,,,,
2016,1,30,15,30,160,244,70.53,1.4000000000000001,4.6000000000000005,88.94,251,2.6,,,,,,,,,,,,,,,,,,,,,,,,,,,,,,,,,
2016,1,30,16,30,47,603,78.61,1.3,2.9000000000000004,98.05,248,2,,,,,,,,,,,,,,,,,,,,,,,,,,,,,,,,,
2016,1,30,17,30,12,0,87.86,1.3,1.8,100,243,1.8,,,,,,,,,,,,,,,,,,,,,,,,,,,,,,,,,
2016,1,30,18,30,0,0,98.48,1.3,1.7000000000000002,100,241,1.8,,,,,,,,,,,,,,,,,,,,,,,,,,,,,,,,,
2016,1,30,19,30,0,0,109.34,1.2000000000000002,1.6,100,241,1.8,,,,,,,,,,,,,,,,,,,,,,,,,,,,,,,,,
2016,1,30,20,30,0,0,120.41,1.2000000000000002,1.4000000000000001,100,238,1.8,,,,,,,,,,,,,,,,,,,,,,,,,,,,,,,,,
2016,1,30,21,30,0,0,131.34,1.3,1.5,100,232,1.9000000000000001,,,,,,,,,,,,,,,,,,,,,,,,,,,,,,,,,
2016,1,30,22,30,0,0,141.61,1.4000000000000001,1.7000000000000002,100,230,2,,,,,,,,,,,,,,,,,,,,,,,,,,,,,,,,,
2016,1,30,23,30,0,0,150.17000000000002,1.6,2,100,230,2.2,,,,,,,,,,,,,,,,,,,,,,,,,,,,,,,,,
2016,1,31,0,30,0,0,154.94,1.7000000000000002,2.2,100,230,2.4000000000000004,,,,,,,,,,,,,,,,,,,,,,,,,,,,,,,,,
2016,1,31,1,30,0,0,153.68,1.8,2.4000000000000004,100,230,2.5,,,,,,,,,,,,,,,,,,,,,,,,,,,,,,,,,
2016,1,31,2,30,0,0,147.09,1.8,2.7,100,232,2.8000000000000003,,,,,,,,,,,,,,,,,,,,,,,,,,,,,,,,,
2016,1,31,3,30,0,0,137.68,1.9000000000000001,2.8000000000000003,100,240,3.2,,,,,,,,,,,,,,,,,,,,,,,,,,,,,,,,,
2016,1,31,4,30,0,0,127.05,1.9000000000000001,2.5,100,246,2.7,,,,,,,,,,,,,,,,,,,,,,,,,,,,,,,,,
2016,1,31,5,30,0,0,116.01,1.9000000000000001,1.9000000000000001,100,236,1.9000000000000001,,,,,,,,,,,,,,,,,,,,,,,,,,,,,,,,,
2016,1,31,6,30,0,0,104.97,2,1.6,100,218,1.6,,,,,,,,,,,,,,,,,,,,,,,,,,,,,,,,,
2016,1,31,7,30,0,0,94.25,2,1.7000000000000002,100,199,1.9000000000000001,,,,,,,,,,,,,,,,,,,,,,,,,,,,,,,,,
2016,1,31,8,30,10,0,84.05,2.1,2.2,99.84,182,2.7,,,,,,,,,,,,,,,,,,,,,,,,,,,,,,,,,
2016,1,31,9,30,29,0,75.10000000000001,2.2,3,96.11,170,3.4000000000000004,,,,,,,,,,,,,,,,,,,,,,,,,,,,,,,,,
2016,1,31,10,30,7,0,67.65,2.4000000000000004,3.9000000000000004,94.64,170,3.9000000000000004,,,,,,,,,,,,,,,,,,,,,,,,,,,,,,,,,
2016,1,31,11,30,70,0,62.34,2.5,5.1000000000000005,93.64,183,4.7,,,,,,,,,,,,,,,,,,,,,,,,,,,,,,,,,
2016,1,31,12,30,10,0,59.81,2.5,6.6000000000000005,93.99,198,5.4,,,,,,,,,,,,,,,,,,,,,,,,,,,,,,,,,
2016,1,31,13,30,80,0,60.410000000000004,2.4000000000000004,7.9,97.65,206,5.7,,,,,,,,,,,,,,,,,,,,,,,,,,,,,,,,,
2016,1,31,14,30,143,10,64.07000000000001,2.3000000000000003,8.5,100,210,6,,,,,,,,,,,,,,,,,,,,,,,,,,,,,,,,,
2016,1,31,15,30,15,0,70.27,2.3000000000000003,8.700000000000001,100,212,6.4,,,,,,,,,,,,,,,,,,,,,,,,,,,,,,,,,
2016,1,31,16,30,23,0,78.38,2.3000000000000003,8.8,100,213,6.7,,,,,,,,,,,,,,,,,,,,,,,,,,,,,,,,,
2016,1,31,17,30,6,0,87.66,2.4000000000000004,8.8,100,216,6.7,,,,,,,,,,,,,,,,,,,,,,,,,,,,,,,,,
2016,1,31,18,30,0,0,98.27,2.4000000000000004,8.4,100,228,6,,,,,,,,,,,,,,,,,,,,,,,,,,,,,,,,,
2016,1,31,19,30,0,0,109.14,0.7000000000000001,-2.3,82.16,197,1,,,,,,,,,,,,,,,,,,,,,,,,,,,,,,,,,
2016,1,31,20,30,0,0,120.21000000000001,0.7000000000000001,-2.9,85.39,200,1.1,,,,,,,,,,,,,,,,,,,,,,,,,,,,,,,,,
2016,1,31,21,30,0,0,131.13,0.7000000000000001,-3.4,87.09,205,1.2000000000000002,,,,,,,,,,,,,,,,,,,,,,,,,,,,,,,,,
2016,1,31,22,30,0,0,141.37,0.7000000000000001,-3.8,88.28,213,1.2000000000000002,,,,,,,,,,,,,,,,,,,,,,,,,,,,,,,,,
2016,1,31,23,30,0,0,149.89000000000001,0.7000000000000001,-4.2,88.84,222,1.2000000000000002,,,,,,,,,,,,,,,,,,,,,,,,,,,,,,,,,
2020,2,1,0,30,0,0,154.64000000000001,0.7000000000000001,-4.7,90.49,229,1.3,,,,,,,,,,,,,,,,,,,,,,,,,,,,,,,,,
2020,2,1,1,30,0,0,153.41,0.7000000000000001,-5.1,92.07000000000001,230,1.4000000000000001,,,,,,,,,,,,,,,,,,,,,,,,,,,,,,,,,
2020,2,1,2,30,0,0,146.87,0.7000000000000001,-5.6,94.34,227,1.4000000000000001,,,,,,,,,,,,,,,,,,,,,,,,,,,,,,,,,
2020,2,1,3,30,0,0,137.49,0.7000000000000001,-6,96.18,221,1.4000000000000001,,,,,,,,,,,,,,,,,,,,,,,,,,,,,,,,,
2020,2,1,4,30,0,0,126.89,0.8,-6.2,96.81,215,1.5,,,,,,,,,,,,,,,,,,,,,,,,,,,,,,,,,
2020,2,1,5,30,0,0,115.85000000000001,0.8,-6.3,97.11,210,1.5,,,,,,,,,,,,,,,,,,,,,,,,,,,,,,,,,
2020,2,1,6,30,0,0,104.8,0.8,-6.4,97.60000000000001,204,1.7000000000000002,,,,,,,,,,,,,,,,,,,,,,,,,,,,,,,,,
2020,2,1,7,30,0,0,94.08,0.9,-5.5,91.2,198,2.3000000000000003,,,,,,,,,,,,,,,,,,,,,,,,,,,,,,,,,
2020,2,1,8,30,46,128,83.86,0.9,-3.5,84.09,193,3.4000000000000004,,,,,,,,,,,,,,,,,,,,,,,,,,,,,,,,,
2020,2,1,9,30,103,1,74.89,0.9,-1.7,82.47,192,4.3,,,,,,,,,,,,,,,,,,,,,,,,,,,,,,,,,
2020,2,1,10,30,135,1,67.41,0.9,-0.5,80.58,195,4.800000000000001,,,,,,,,,,,,,,,,,,,,,,,,,,,,,,,,,
2020,2,1,11,30,94,6,62.08,0.9,0.5,79.45,199,5.2,,,,,,,,,,,,,,,,,,,,,,,,,,,,,,,,,
2020,2,1,12,30,351,57,59.53,0.9,1.2000000000000002,80.10000000000001,205,5.4,,,,,,,,,,,,,,,,,,,,,,,,,,,,,,,,,
2020,2,1,13,30,319,163,60.13,0.9,1.7000000000000002,81.07000000000001,213,5.4,,,,,,,,,,,,,,,,,,,,,,,,,,,,,,,,,
2020,2,1,14,30,175,0,63.800000000000004,0.9,1.7000000000000002,84.35000000000001,218,5.2,,,,,,,,,,,,,,,,,,,,,,,,,,,,,,,,,
2020,2,1,15,30,95,0,70.02,0.9,1.5,89.04,225,4.9,,,,,,,,,,,,,,,,,,,,,,,,,,,,,,,,,
2020,2,1,16,30,71,0,78.14,0.8,1,94.38,239,4.800000000000001,,,,,,,,,,,,,,,,,,,,,,,,,,,,,,,,,
2020,2,1,17,30,11,0,87.44,0.8,0.7000000000000001,96.7,254,5,,,,,,,,,,,,,,,,,,,,,,,,,,,,,,,,,
2020,2,1,18,30,0,0,98.06,0.7000000000000001,0.4,98.60000000000001,263,4.7,,,,,,,,,,,,,,,,,,,,,,,,,,,,,,,,,
2020,2,1,19,30,0,0,108.93,0.6000000000000001,0,98.99000000000001,267,4.3,,,,,,,,,,,,,,,,,,,,,,,,,,,,,,,,,
2020,2,1,20,30,0,0,120,0.6000000000000001,-0.5,99.57000000000001,268,4.2,,,,,,,,,,,,,,,,,,,,,,,,,,,,,,,,,
2020,2,1,21,30,0,0,130.92000000000002,0.6000000000000001,-1,99.2,269,4,,,,,,,,,,,,,,,,,,,,,,,,,,,,,,,,,
2020,2,1,22,30,0,0,141.14000000000001,0.7000000000000001,-1.4,97.17,265,3.9000000000000004,,,,,,,,,,,,,,,,,,,,,,,,,,,,,,,,,
2020,2,1,23,30,0,0,149.63,0.8,-1.4,94.03,258,4.2,,,,,,,,,,,,,,,,,,,,,,,,,,,,,,,,,
2020,2,2,0,30,0,0,154.36,0.9,-1.1,92.91,252,4.5,,,,,,,,,,,,,,,,,,,,,,,,,,,,,,,,,
2020,2,2,1,30,0,0,153.15,1,-0.9,93.22,244,4.4,,,,,,,,,,,,,,,,,,,,,,,,,,,,,,,,,
2020,2,2,2,30,0,0,146.66,1.1,-0.9,94.18,230,4.1000000000000005,,,,,,,,,,,,,,,,,,,,,,,,,,,,,,,,,
2020,2,2,3,30,0,0,137.31,1.2000000000000002,-1,94.43,211,4.3,,,,,,,,,,,,,,,,,,,,,,,,,,,,,,,,,
2020,2,2,4,30,0,0,126.73,1.3,-1,94.3,193,5,,,,,,,,,,,,,,,,,,,,,,,,,,,,,,,,,
2020,2,2,5,30,0,0,115.69,1.4000000000000001,-1,94.92,178,5.6000000000000005,,,,,,,,,,,,,,,,,,,,,,,,,,,,,,,,,
2020,2,2,6,30,0,0,104.64,1.4000000000000001,-1,95.86,174,5.9,,,,,,,,,,,,,,,,,,,,,,,,,,,,,,,,,
2020,2,2,7,30,0,0,93.91,1.3,-0.7,94.59,182,6,,,,,,,,,,,,,,,,,,,,,,,,,,,,,,,,,
2020,2,2,8,30,35,435,83.67,1.2000000000000002,0.4,89.57000000000001,206,6.300000000000001,,,,,,,,,,,,,,,,,,,,,,,,,,,,,,,,,
2020,2,2,9,30,58,713,74.68,1.2000000000000002,2.3000000000000003,83.78,240,7.1000000000000005,,,,,,,,,,,,,,,,,,,,,,,,,,,,,,,,,
2020,2,2,10,30,68,839,67.17,1.1,4.2,79.89,261,7.6000000000000005,,,,,,,,,,,,,,,,,,,,,,,,,,,,,,,,,
2020,2,2,11,30,75,896,61.81,1.1,5.9,76.71000000000001,271,7.800000000000001,,,,,,,,,,,,,,,,,,,,,,,,,,,,,,,,,
2020,2,2,12,30,83,906,59.25,1.1,7,75.4,278,8.1,,,,,,,,,,,,,,,,,,,,,,,,,,,,,,,,,
2020,2,2,13,30,86,891,59.85,1.1,7.4,76.13,284,8.3,,,,,,,,,,,,,,,,,,,,,,,,,,,,,,,,,
2020,2,2,14,30,95,816,63.52,1.1,7,79.38,289,7.9,,,,,,,,,,,,,,,,,,,,,,,,,,,,,,,,,
2020,2,2,15,30,67,800,69.75,1.1,6,84.3,291,7.2,,,,,,,,,,,,,,,,,,,,,,,,,,,,,,,,,
2020,2,2,16,30,94,299,77.9,1,4.9,88.98,289,6.4,,,,,,,,,,,,,,,,,,,,,,,,,,,,,,,,,
2020,2,2,17,30,21,205,87.23,1,3.8000000000000003,92.66,286,5.800000000000001,,,,,,,,,,,,,,,,,,,,,,,,,,,,,,,,,
2020,2,2,18,30,0,0,97.84,1,3,95.61,282,5.4,,,,,,,,,,,,,,,,,,,,,,,,,,,,,,,,,
2020,2,2,19,30,0,0,108.72,1.1,2.5,97.77,281,5.4,,,,,,,,,,,,,,,,,,,,,,,,,,,,,,,,,
2020,2,2,20,30,0,0,119.79,1.1,2.2,99.59,282,5.4,,,,,,,,,,,,,,,,,,,,,,,,,,,,,,,,,
2020,2,2,21,30,0,0,130.7,1.1,1.9000000000000001,100,287,5.300000000000001,,,,,,,,,,,,,,,,,,,,,,,,,,,,,,,,,
2020,2,2,22,30,0,0,140.91,1.1,1.5,100,292,4.9,,,,,,,,,,,,,,,,,,,,,,,,,,,,,,,,,
2020,2,2,23,30,0,0,149.36,1.1,1.1,100,293,4.4,,,,,,,,,,,,,,,,,,,,,,,,,,,,,,,,,
2020,2,3,0,30,0,0,154.06,1.1,0.7000000000000001,100,292,3.9000000000000004,,,,,,,,,,,,,,,,,,,,,,,,,,,,,,,,,
2020,2,3,1,30,0,0,152.88,1.1,0.4,100,288,3.4000000000000004,,,,,,,,,,,,,,,,,,,,,,,,,,,,,,,,,
2020,2,3,2,30,0,0,146.44,1.1,0.1,100,283,2.9000000000000004,,,,,,,,,,,,,,,,,,,,,,,,,,,,,,,,,
2020,2,3,3,30,0,0,137.13,1,-0.2,100,279,2.5,,,,,,,,,,,,,,,,,,,,,,,,,,,,,,,,,
2020,2,3,4,30,0,0,126.56,1,-0.5,99.71000000000001,281,2.2,,,,,,,,,,,,,,,,,,,,,,,,,,,,,,,,,
2020,2,3,5,30,0,0,115.53,1,-0.7,99.02,293,1.8,,,,,,,,,,,,,,,,,,,,,,,,,,,,,,,,,
2020,2,3,6,30,0,0,104.48,0.9,-1,99.49000000000001,316,1.2000000000000002,,,,,,,,,,,,,,,,,,,,,,,,,,,,,,,,,
2020,2,3,7,30,0,0,93.73,0.9,-0.8,96.61,178,1,,,,,,,,,,,,,,,,,,,,,,,,,,,,,,,,,
2020,2,3,8,30,57,11,83.48,1,0.1,92.91,48,1.3,,,,,,,,,,,,,,,,,,,,,,,,,,,,,,,,,
2020,2,3,9,30,125,172,74.46000000000001,1,1.5,89.36,81,1.5,,,,,,,,,,,,,,,,,,,,,,,,,,,,,,,,,
2020,2,3,10,30,162,354,66.92,1,3,86.21000000000001,96,1.9000000000000001,,,,,,,,,,,,,,,,,,,,,,,,,,,,,,,,,
2020,2,3,11,30,208,304,61.54,1.1,4.4,81.22,101,2.3000000000000003,,,,,,,,,,,,,,,,,,,,,,,,,,,,,,,,,
2020,2,3,12,30,207,448,58.96,1.1,5.6000000000000005,77.59,99,2.6,,,,,,,,,,,,,,,,,,,,,,,,,,,,,,,,,
2020,2,3,13,30,112,747,59.550000000000004,1.2000000000000002,6.4,76.23,95,2.7,,,,,,,,,,,,,,,,,,,,,,,,,,,,,,,,,
2020,2,3,14,30,78,829,63.230000000000004,1.3,6.5,77.63,93,2.7,,,,,,,,,,,,,,,,,,,,,,,,,,,,,,,,,
2020,2,3,15,30,76,710,69.49,1.5,5.5,84.94,92,2.4000000000000004,,,,,,,,,,,,,,,,,,,,,,,,,,,,,,,,,
2020,2,3,16,30,68,487,77.65,1.5,3.4000000000000004,95.58,89,2.4000000000000004,,,,,,,,,,,,,,,,,,,,,,,,,,,,,,,,,
2020,2,3,17,30,20,1,87.01,1.6,2.3000000000000003,94.06,85,3.1,,,,,,,,,,,,,,,,,,,,,,,,,,,,,,,,,
2020,2,3,18,30,0,0,97.63,1.6,2.1,93.4,84,3.6,,,,,,,,,,,,,,,,,,,,,,,,,,,,,,,,,
2020,2,3,19,30,0,0,108.52,1.6,1.8,94.11,86,3.2,,,,,,,,,,,,,,,,,,,,,,,,,,,,,,,,,
2020,2,3,20,30,0,0,119.59,1.7000000000000002,1.6,95.08,90,2.3000000000000003,,,,,,,,,,,,,,,,,,,,,,,,,,,,,,,,,
2020,2,3,21,30,0,0,130.48,1.7000000000000002,1.6,97.03,96,1.5,,,,,,,,,,,,,,,,,,,,,,,,,,,,,,,,,
2020,2,3,22,30,0,0,140.67000000000002,1.8,1.7000000000000002,99.85000000000001,102,1.1,,,,,,,,,,,,,,,,,,,,,,,,,,,,,,,,,
2020,2,3,23,30,0,0,149.09,1.8,2.1,100,84,0.8,,,,,,,,,,,,,,,,,,,,,,,,,,,,,,,,,
2020,2,4,0,30,0,0,153.77,1.8,2.2,100,46,1,,,,,,,,,,,,,,,,,,,,,,,,,,,,,,,,,
2020,2,4,1,30,0,0,152.6,1.8,1.9000000000000001,100,24,1.5,,,,,,,,,,,,,,,,,,,,,,,,,,,,,,,,,
2020,2,4,2,30,0,0,146.21,1.8,1.5,100,14,2.6,,,,,,,,,,,,,,,,,,,,,,,,,,,,,,,,,
2020,2,4,3,30,0,0,136.94,1.8,1,100,12,4.1000000000000005,,,,,,,,,,,,,,,,,,,,,,,,,,,,,,,,,
2020,2,4,4,30,0,0,126.39,1.8,0.4,98.14,14,5,,,,,,,,,,,,,,,,,,,,,,,,,,,,,,,,,
2020,2,4,5,30,0,0,115.36,1.8,-0.1,93.98,17,5.2,,,,,,,,,,,,,,,,,,,,,,,,,,,,,,,,,
2020,2,4,6,30,0,0,104.3,1.7000000000000002,-0.4,91.34,19,5.1000000000000005,,,,,,,,,,,,,,,,,,,,,,,,,,,,,,,,,
2020,2,4,7,30,0,0,93.55,1.7000000000000002,-0.4,89.89,21,5,,,,,,,,,,,,,,,,,,,,,,,,,,,,,,,,,
2020,2,4,8,30,20,0,83.28,1.6,-0.1,88.27,23,5.6000000000000005,,,,,,,,,,,,,,,,,,,,,,,,,,,,,,,,,
2020,2,4,9,30,22,0,74.23,1.5,0.2,83.19,24,6.300000000000001,,,,,,,,,,,,,,,,,,,,,,,,,,,,,,,,,
2020,2,4,10,30,20,0,66.67,1.4000000000000001,0.5,78.10000000000001,23,6.300000000000001,,,,,,,,,,,,,,,,,,,,,,,,,,,,,,,,,
2020,2,4,11,30,35,0,61.27,1.3,0.7000000000000001,73.46000000000001,22,6.2,,,,,,,,,,,,,,,,,,,,,,,,,,,,,,,,,
2020,2,4,12,30,25,0,58.660000000000004,1.3,1,68.26,20,6.1000000000000005,,,,,,,,,,,,,,,,,,,,,,,,,,,,,,,,,
2020,2,4,13,30,46,0,59.26,1.2000000000000002,0.9,66.44,20,5.7,,,,,,,,,,,,,,,,,,,,,,,,,,,,,,,,,
2020,2,4,14,30,39,0,62.95,1.2000000000000002,0.5,67.13,21,5.2,,,,,,,,,,,,,,,,,,,,,,,,,,,,,,,,,
2020,2,4,15,30,37,0,69.22,1.1,0.1,69.92,24,4.800000000000001,,,,,,,,,,,,,,,,,,,,,,,,,,,,,,,,,
2020,2,4,16,30,29,0,77.4,1,-0.7,74.57000000000001,24,4,,,,,,,,,,,,,,,,,,,,,,,,,,,,,,,,,
2020,2,4,17,30,10,0,86.78,0.9,-1.4,77.73,20,3.7,,,,,,,,,,,,,,,,,,,,,,,,,,,,,,,,,
2020,2,4,18,30,0,0,97.41,0.9,-1.6,78.21000000000001,16,4,,,,,,,,,,,,,,,,,,,,,,,,,,,,,,,,,
2020,2,4,19,30,0,0,108.31,1,-1.9,80.21000000000001,10,4,,,,,,,,,,,,,,,,,,,,,,,,,,,,,,,,,
2020,2,4,20,30,0,0,119.38,1,-2.4,82.92,4,3.8000000000000003,,,,,,,,,,,,,,,,,,,,,,,,,,,,,,,,,
2020,2,4,21,30,0,0,130.27,0.9,-3,85.66,4,3.7,,,,,,,,,,,,,,,,,,,,,,,,,,,,,,,,,
2020,2,4,22,30,0,0,140.43,0.9,-3.6,86.96000000000001,6,4,,,,,,,,,,,,,,,,,,,,,,,,,,,,,,,,,
2020,2,4,23,30,0,0,148.82,0.9,-4,85,8,4.5,,,,,,,,,,,,,,,,,,,,,,,,,,,,,,,,,
2020,2,5,0,30,0,0,153.47,0.9,-4.4,80.32000000000001,10,4.9,,,,,,,,,,,,,,,,,,,,,,,,,,,,,,,,,
2020,2,5,1,30,0,0,152.32,0.8,-4.7,74.4,12,4.9,,,,,,,,,,,,,,,,,,,,,,,,,,,,,,,,,
2020,2,5,2,30,0,0,145.98,0.9,-4.8,68.22,13,4.7,,,,,,,,,,,,,,,,,,,,,,,,,,,,,,,,,
2020,2,5,3,30,0,0,136.74,0.9,-5,65.75,16,4.5,,,,,,,,,,,,,,,,,,,,,,,,,,,,,,,,,
2020,2,5,4,30,0,0,126.21000000000001,0.8,-5.2,64.62,22,4.2,,,,,,,,,,,,,,,,,,,,,,,,,,,,,,,,,
2020,2,5,5,30,0,0,115.19,0.8,-5.5,65.5,28,3.9000000000000004,,,,,,,,,,,,,,,,,,,,,,,,,,,,,,,,,
2020,2,5,6,30,0,0,104.13,0.7000000000000001,-5.9,67.7,36,3.6,,,,,,,,,,,,,,,,,,,,,,,,,,,,,,,,,
2020,2,5,7,30,0,0,93.36,0.7000000000000001,-5.8,68.23,47,3.4000000000000004,,,,,,,,,,,,,,,,,,,,,,,,,,,,,,,,,
2020,2,5,8,30,58,65,83.07000000000001,0.7000000000000001,-4.9,65.06,57,3.5,,,,,,,,,,,,,,,,,,,,,,,,,,,,,,,,,
2020,2,5,9,30,111,390,74,0.7000000000000001,-3.7,62.38,68,3.7,,,,,,,,,,,,,,,,,,,,,,,,,,,,,,,,,
2020,2,5,10,30,170,93,66.41,0.8,-2.5,59.76,76,3.8000000000000003,,,,,,,,,,,,,,,,,,,,,,,,,,,,,,,,,
2020,2,5,11,30,235,73,60.980000000000004,0.8,-1.5,58.01,80,3.7,,,,,,,,,,,,,,,,,,,,,,,,,,,,,,,,,
2020,2,5,12,30,233,346,58.36,0.9,-0.9,57.71,78,3.6,,,,,,,,,,,,,,,,,,,,,,,,,,,,,,,,,
2020,2,5,13,30,232,26,58.96,1,-0.9,58.6,72,3.9000000000000004,,,,,,,,,,,,,,,,,,,,,,,,,,,,,,,,,
2020,2,5,14,30,141,2,62.660000000000004,1.1,-1.2,59.77,77,3.8000000000000003,,,,,,,,,,,,,,,,,,,,,,,,,,,,,,,,,
2020,2,5,15,30,64,4,68.95,1.1,-1.7,62.83,87,3.5,,,,,,,,,,,,,,,,,,,,,,,,,,,,,,,,,
2020,2,5,16,30,31,0,77.15,1.2000000000000002,-2.3,67.4,83,3.5,,,,,,,,,,,,,,,,,,,,,,,,,,,,,,,,,
2020,2,5,17,30,9,0,86.56,1.3,-2.8,72.63,73,3.7,,,,,,,,,,,,,,,,,,,,,,,,,,,,,,,,,
2020,2,5,18,30,0,0,97.19,1.4000000000000001,-3.2,77.38,68,4.4,,,,,,,,,,,,,,,,,,,,,,,,,,,,,,,,,
2020,2,5,19,30,0,0,108.10000000000001,1.4000000000000001,-3.5,78.94,72,4.7,,,,,,,,,,,,,,,,,,,,,,,,,,,,,,,,,
2020,2,5,20,30,0,0,119.17,1.5,-3.8,81.12,79,4.800000000000001,,,,,,,,,,,,,,,,,,,,,,,,,,,,,,,,,
2020,2,5,21,30,0,0,130.05,1.5,-4,82.09,80,4.7,,,,,,,,,,,,,,,,,,,,,,,,,,,,,,,,,
2020,2,5,22,30,0,0,140.19,1.5,-4.1,83.2,74,4.1000000000000005,,,,,,,,,,,,,,,,,,,,,,,,,,,,,,,,,
2020,2,5,23,30,0,0,148.55,1.4000000000000001,-4.3,85.66,56,3.8000000000000003,,,,,,,,,,,,,,,,,,,,,,,,,,,,,,,,,
2020,2,6,0,30,0,0,153.17000000000002,1.4000000000000001,-4.5,86.97,38,4.3,,,,,,,,,,,,,,,,,,,,,,,,,,,,,,,,,
2020,2,6,1,30,0,0,152.04,1.3,-4.6,87.67,30,5,,,,,,,,,,,,,,,,,,,,,,,,,,,,,,,,,
2020,2,6,2,30,0,0,145.74,1.3,-4.7,88.14,25,5.4,,,,,,,,,,,,,,,,,,,,,,,,,,,,,,,,,
2020,2,6,3,30,0,0,136.53,1.3,-4.9,88.99,24,5.300000000000001,,,,,,,,,,,,,,,,,,,,,,,,,,,,,,,,,
2020,2,6,4,30,0,0,126.02,1.2000000000000002,-5,88.95,26,4.7,,,,,,,,,,,,,,,,,,,,,,,,,,,,,,,,,
2020,2,6,5,30,0,0,115.01,1.2000000000000002,-5.2,89.44,28,4.4,,,,,,,,,,,,,,,,,,,,,,,,,,,,,,,,,
2020,2,6,6,30,0,0,103.94,1.1,-5.3,89.32000000000001,33,4.7,,,,,,,,,,,,,,,,,,,,,,,,,,,,,,,,,
2020,2,6,7,30,0,0,93.16,1.1,-5.1,87.76,35,5.300000000000001,,,,,,,,,,,,,,,,,,,,,,,,,,,,,,,,,
2020,2,6,8,30,49,2,82.86,1.1,-4.5,84.77,38,6,,,,,,,,,,,,,,,,,,,,,,,,,,,,,,,,,
2020,2,6,9,30,100,14,73.77,1.2000000000000002,-3.6,79.74,45,6,,,,,,,,,,,,,,,,,,,,,,,,,,,,,,,,,
2020,2,6,10,30,106,1,66.15,1.2000000000000002,-2.9,76.72,48,5.300000000000001,,,,,,,,,,,,,,,,,,,,,,,,,,,,,,,,,
2020,2,6,11,30,110,0,60.7,1.2000000000000002,-2.7,76.62,48,4.9,,,,,,,,,,,,,,,,,,,,,,,,,,,,,,,,,
2020,2,6,12,30,62,0,58.06,1.2000000000000002,-2.4,75.39,43,5.300000000000001,,,,,,,,,,,,,,,,,,,,,,,,,,,,,,,,,
2020,2,6,13,30,68,0,58.65,1.1,-2.1,75.21000000000001,36,5.7,,,,,,,,,,,,,,,,,,,,,,,,,,,,,,,,,
2020,2,6,14,30,60,0,62.370000000000005,1.1,-2.2,75.75,33,5.6000000000000005,,,,,,,,,,,,,,,,,,,,,,,,,,,,,,,,,
2020,2,6,15,30,28,0,68.68,1,-2.4,76.74,29,5.5,,,,,,,,,,,,,,,,,,,,,,,,,,,,,,,,,
2020,2,6,16,30,66,1,76.91,0.9,-3,79.96000000000001,28,4.800000000000001,,,,,,,,,,,,,,,,,,,,,,,,,,,,,,,,,
2020,2,6,17,30,19,0,86.34,0.9,-3.8,85.45,26,3.7,,,,,,,,,,,,,,,,,,,,,,,,,,,,,,,,,
2020,2,6,18,30,0,0,96.98,0.9,-4.5,89.47,20,3.3000000000000003,,,,,,,,,,,,,,,,,,,,,,,,,,,,,,,,,
2020,2,6,19,30,0,0,107.89,0.9,-4.8,91.15,11,3.5,,,,,,,,,,,,,,,,,,,,,,,,,,,,,,,,,
2020,2,6,20,30,0,0,118.96000000000001,0.8,-5,92.74,183,4,,,,,,,,,,,,,,,,,,,,,,,,,,,,,,,,,
2020,2,6,21,30,0,0,129.83,0.8,-5.2,94.08,180,3.9000000000000004,,,,,,,,,,,,,,,,,,,,,,,,,,,,,,,,,
2020,2,6,22,30,0,0,139.95000000000002,0.8,-5.3,93.28,1,3.9000000000000004,,,,,,,,,,,,,,,,,,,,,,,,,,,,,,,,,
2020,2,6,23,30,0,0,148.27,0.8,-5.4,93.92,180,4,,,,,,,,,,,,,,,,,,,,,,,,,,,,,,,,,
2020,2,7,0,30,0,0,152.86,0.7000000000000001,-5.5,93.79,354,3.8000000000000003,,,,,,,,,,,,,,,,,,,,,,,,,,,,,,,,,
2020,2,7,1,30,0,0,151.75,0.7000000000000001,-5.6,93.78,350,3.8000000000000003,,,,,,,,,,,,,,,,,,,,,,,,,,,,,,,,,
2020,2,7,2,30,0,0,145.49,0.7000000000000001,-5.4,92.18,349,4,,,,,,,,,,,,,,,,,,,,,,,,,,,,,,,,,
2020,2,7,3,30,0,0,136.32,0.7000000000000001,-5.1,91.96000000000001,346,4.4,,,,,,,,,,,,,,,,,,,,,,,,,,,,,,,,,
2020,2,7,4,30,0,0,125.83,0.7000000000000001,-4.9,92.19,342,4.7,,,,,,,,,,,,,,,,,,,,,,,,,,,,,,,,,
2020,2,7,5,30,0,0,114.82000000000001,0.6000000000000001,-4.8,91.96000000000001,338,5.2,,,,,,,,,,,,,,,,,,,,,,,,,,,,,,,,,
2020,2,7,6,30,0,0,103.75,0.6000000000000001,-5,93.15,336,5.4,,,,,,,,,,,,,,,,,,,,,,,,,,,,,,,,,
2020,2,7,7,30,0,0,92.96000000000001,0.6000000000000001,-4.8,89.66,336,5.300000000000001,,,,,,,,,,,,,,,,,,,,,,,,,,,,,,,,,
2020,2,7,8,30,63,3,82.65,0.6000000000000001,-4,85.32000000000001,339,5.5,,,,,,,,,,,,,,,,,,,,,,,,,,,,,,,,,
2020,2,7,9,30,164,132,73.53,0.6000000000000001,-3,80.77,344,5.9,,,,,,,,,,,,,,,,,,,,,,,,,,,,,,,,,
2020,2,7,10,30,267,47,65.88,0.6000000000000001,-2.2,75.38,343,6.2,,,,,,,,,,,,,,,,,,,,,,,,,,,,,,,,,
2020,2,7,11,30,336,30,60.4,0.5,-1.5,71.66,339,6.2,,,,,,,,,,,,,,,,,,,,,,,,,,,,,,,,,
2020,2,7,12,30,336,316,57.75,0.5,-1.1,69.95,333,6.1000000000000005,,,,,,,,,,,,,,,,,,,,,,,,,,,,,,,,,
2020,2,7,13,30,348,221,58.34,0.5,-0.9,67.98,327,5.7,,,,,,,,,,,,,,,,,,,,,,,,,,,,,,,,,
2020,2,7,14,30,275,252,62.07,0.5,-0.9,68.1,319,5.2,,,,,,,,,,,,,,,,,,,,,,,,,,,,,,,,,
2020,2,7,15,30,199,49,68.41,0.6000000000000001,-1.1,69.99,310,4.4,,,,,,,,,,,,,,,,,,,,,,,,,,,,,,,,,
2020,2,7,16,30,98,173,76.66,0.6000000000000001,-1.9,76.62,300,3.2,,,,,,,,,,,,,,,,,,,,,,,,,,,,,,,,,
2020,2,7,17,30,28,0,86.12,0.6000000000000001,-2.7,84.18,290,2.5,,,,,,,,,,,,,,,,,,,,,,,,,,,,,,,,,
2020,2,7,18,30,0,0,96.76,0.6000000000000001,-2.8,86.83,286,2.6,,,,,,,,,,,,,,,,,,,,,,,,,,,,,,,,,
2020,2,7,19,30,0,0,107.67,0.6000000000000001,-2.8,89.34,293,3,,,,,,,,,,,,,,,,,,,,,,,,,,,,,,,,,
2020,2,7,20,30,0,0,118.75,0.6000000000000001,-2.9,90.93,304,3.2,,,,,,,,,,,,,,,,,,,,,,,,,,,,,,,,,
2020,2,7,21,30,0,0,129.61,0.6000000000000001,-3.3,92.42,314,3,,,,,,,,,,,,,,,,,,,,,,,,,,,,,,,,,
2020,2,7,22,30,0,0,139.70000000000002,0.6000000000000001,-4,93.01,320,2.4000000000000004,,,,,,,,,,,,,,,,,,,,,,,,,,,,,,,,,
2020,2,7,23,30,0,0,147.99,0.6000000000000001,-4.7,92.55,321,1.8,,,,,,,,,,,,,,,,,,,,,,,,,,,,,,,,,
2020,2,8,0,30,0,0,152.55,0.6000000000000001,-5,91.04,318,1.5,,,,,,,,,,,,,,,,,,,,,,,,,,,,,,,,,
2020,2,8,1,30,0,0,151.45000000000002,0.6000000000000001,-4.9,89.73,314,1.4000000000000001,,,,,,,,,,,,,,,,,,,,,,,,,,,,,,,,,
2020,2,8,2,30,0,0,145.24,0.6000000000000001,-4.7,88.86,313,1.4000000000000001,,,,,,,,,,,,,,,,,,,,,,,,,,,,,,,,,
2020,2,8,3,30,0,0,136.1,0.6000000000000001,-4.7,89.3,318,1.4000000000000001,,,,,,,,,,,,,,,,,,,,,,,,,,,,,,,,,
2020,2,8,4,30,0,0,125.63000000000001,0.6000000000000001,-4.9,90.08,333,1.3,,,,,,,,,,,,,,,,,,,,,,,,,,,,,,,,,
2020,2,8,5,30,0,0,114.63,0.6000000000000001,-5.2,91.01,351,1.5,,,,,,,,,,,,,,,,,,,,,,,,,,,,,,,,,
2020,2,8,6,30,0,0,103.56,0.5,-5.5,90.77,185,1.7000000000000002,,,,,,,,,,,,,,,,,,,,,,,,,,,,,,,,,
2020,2,8,7,30,0,0,92.75,0.5,-5.6,88.60000000000001,20,1.8,,,,,,,,,,,,,,,,,,,,,,,,,,,,,,,,,
2020,2,8,8,30,71,1,82.43,0.5,-4.9,83.63,37,1.8,,,,,,,,,,,,,,,,,,,,,,,,,,,,,,,,,
2020,2,8,9,30,190,12,73.28,0.5,-4,81.41,56,1.8,,,,,,,,,,,,,,,,,,,,,,,,,,,,,,,,,
2020,2,8,10,30,212,14,65.61,0.5,-3.2,79.39,77,1.6,,,,,,,,,,,,,,,,,,,,,,,,,,,,,,,,,
2020,2,8,11,30,276,22,60.11,0.5,-2.4,77.46000000000001,98,1.4000000000000001,,,,,,,,,,,,,,,,,,,,,,,,,,,,,,,,,
2020,2,8,12,30,272,9,57.44,0.5,-1.7,75.8,116,1.1,,,,,,,,,,,,,,,,,,,,,,,,,,,,,,,,,
2020,2,8,13,30,295,10,58.03,0.6000000000000001,-1.3,74.66,126,0.9,,,,,,,,,,,,,,,,,,,,,,,,,,,,,,,,,
2020,2,8,14,30,324,39,61.77,0.6000000000000001,-1.2,74.94,129,0.9,,,,,,,,,,,,,,,,,,,,,,,,,,,,,,,,,
2020,2,8,15,30,257,106,68.13,0.6000000000000001,-1.4,77.22,129,1,,,,,,,,,,,,,,,,,,,,,,,,,,,,,,,,,
2020,2,8,16,30,117,3,76.4,0.6000000000000001,-2.2,83.52,125,1,,,,,,,,,,,,,,,,,,,,,,,,,,,,,,,,,
2020,2,8,17,30,30,0,85.89,0.6000000000000001,-3.1,88.62,123,1.2000000000000002,,,,,,,,,,,,,,,,,,,,,,,,,,,,,,,,,
2020,2,8,18,30,0,0,96.54,0.6000000000000001,-3.8,91.46000000000001,132,1.6,,,,,,,,,,,,,,,,,,,,,,,,,,,,,,,,,
2020,2,8,19,30,0,0,107.46000000000001,0.6000000000000001,-4.2,93.31,143,1.8,,,,,,,,,,,,,,,,,,,,,,,,,,,,,,,,,
2020,2,8,20,30,0,0,118.53,0.6000000000000001,-4.4,94.45,154,1.9000000000000001,,,,,,,,,,,,,,,,,,,,,,,,,,,,,,,,,
2020,2,8,21,30,0,0,129.38,0.6000000000000001,-4.5,95.17,168,1.9000000000000001,,,,,,,,,,,,,,,,,,,,,,,,,,,,,,,,,
2020,2,8,22,30,0,0,139.46,0.6000000000000001,-4.7,96.8,184,1.9000000000000001,,,,,,,,,,,,,,,,,,,,,,,,,,,,,,,,,
2020,2,8,23,30,0,0,147.70000000000002,0.6000000000000001,-4.9,98.27,202,2,,,,,,,,,,,,,,,,,,,,,,,,,,,,,,,,,
2020,2,9,0,30,0,0,152.23,0.6000000000000001,-5.1,98.96000000000001,220,2.2,,,,,,,,,,,,,,,,,,,,,,,,,,,,,,,,,
2020,2,9,1,30,0,0,151.15,0.6000000000000001,-5.2,98.56,232,2.4000000000000004,,,,,,,,,,,,,,,,,,,,,,,,,,,,,,,,,
2020,2,9,2,30,0,0,144.98,0.5,-5.4,98.79,238,2.5,,,,,,,,,,,,,,,,,,,,,,,,,,,,,,,,,
2020,2,9,3,30,0,0,135.88,0.5,-5.7,98.82000000000001,239,2.5,,,,,,,,,,,,,,,,,,,,,,,,,,,,,,,,,
2020,2,9,4,30,0,0,125.43,0.5,-5.9,98.29,237,2.4000000000000004,,,,,,,,,,,,,,,,,,,,,,,,,,,,,,,,,
2020,2,9,5,30,0,0,114.43,0.5,-6.1,97.75,232,2.3000000000000003,,,,,,,,,,,,,,,,,,,,,,,,,,,,,,,,,
2020,2,9,6,30,0,0,103.36,0.5,-6.2,96.89,225,2.4000000000000004,,,,,,,,,,,,,,,,,,,,,,,,,,,,,,,,,
2020,2,9,7,30,0,0,92.54,0.6000000000000001,-5.8,92.22,217,2.7,,,,,,,,,,,,,,,,,,,,,,,,,,,,,,,,,
2020,2,9,8,30,65,66,82.2,0.6000000000000001,-4.2,86.92,208,3.3000000000000003,,,,,,,,,,,,,,,,,,,,,,,,,,,,,,,,,
2020,2,9,9,30,143,363,73.03,0.7000000000000001,-2.3,83.16,200,4.2,,,,,,,,,,,,,,,,,,,,,,,,,,,,,,,,,
2020,2,9,10,30,257,17,65.33,0.8,-1.1,78.75,198,4.9,,,,,,,,,,,,,,,,,,,,,,,,,,,,,,,,,
2020,2,9,11,30,272,221,59.800000000000004,0.9,-0.6,76.32000000000001,193,5.2,,,,,,,,,,,,,,,,,,,,,,,,,,,,,,,,,
2020,2,9,12,30,345,230,57.120000000000005,1,-0.2,75.85000000000001,181,5.5,,,,,,,,,,,,,,,,,,,,,,,,,,,,,,,,,
2020,2,9,13,30,287,40,57.71,1.1,0.1,76.78,174,6,,,,,,,,,,,,,,,,,,,,,,,,,,,,,,,,,
2020,2,9,14,30,184,4,61.47,1.2000000000000002,-0.2,80.51,172,6.1000000000000005,,,,,,,,,,,,,,,,,,,,,,,,,,,,,,,,,
2020,2,9,15,30,151,11,67.85,1.3,-0.7,86.59,164,6.1000000000000005,,,,,,,,,,,,,,,,,,,,,,,,,,,,,,,,,
2020,2,9,16,30,66,1,76.15,1.4000000000000001,-1,91.06,157,6.300000000000001,,,,,,,,,,,,,,,,,,,,,,,,,,,,,,,,,
2020,2,9,17,30,20,0,85.66,1.5,-1,92.07000000000001,161,6.800000000000001,,,,,,,,,,,,,,,,,,,,,,,,,,,,,,,,,
2020,2,9,18,30,0,0,96.32000000000001,1.4000000000000001,-0.9,93,168,7.4,,,,,,,,,,,,,,,,,,,,,,,,,,,,,,,,,
2020,2,9,19,30,0,0,107.25,1.4000000000000001,-0.6,93.36,176,7.6000000000000005,,,,,,,,,,,,,,,,,,,,,,,,,,,,,,,,,
2020,2,9,20,30,0,0,118.32000000000001,1.4000000000000001,-0.4,94.37,187,6.9,,,,,,,,,,,,,,,,,,,,,,,,,,,,,,,,,
2020,2,9,21,30,0,0,129.16,1.4000000000000001,-0.3,95.56,200,5.800000000000001,,,,,,,,,,,,,,,,,,,,,,,,,,,,,,,,,
2020,2,9,22,30,0,0,139.21,1.5,-0.1,96.02,220,5.1000000000000005,,,,,,,,,,,,,,,,,,,,,,,,,,,,,,,,,
2020,2,9,23,30,0,0,147.42000000000002,1.4000000000000001,0,97.06,240,4.7,,,,,,,,,,,,,,,,,,,,,,,,,,,,,,,,,
2020,2,10,0,30,0,0,151.91,1.4000000000000001,-0.1,98.16,258,4.2,,,,,,,,,,,,,,,,,,,,,,,,,,,,,,,,,
2020,2,10,1,30,0,0,150.84,1.3,-0.2,98.51,273,3.6,,,,,,,,,,,,,,,,,,,,,,,,,,,,,,,,,
2020,2,10,2,30,0,0,144.71,1.2000000000000002,-0.3,98.3,288,3.2,,,,,,,,,,,,,,,,,,,,,,,,,,,,,,,,,
2020,2,10,3,30,0,0,135.65,1.1,-0.4,98.10000000000001,301,3.3000000000000003,,,,,,,,,,,,,,,,,,,,,,,,,,,,,,,,,
2020,2,10,4,30,0,0,125.22,1,-0.6,98.37,311,3.2,,,,,,,,,,,,,,,,,,,,,,,,,,,,,,,,,
2020,2,10,5,30,0,0,114.23,0.9,-1.1,99.11,321,3.1,,,,,,,,,,,,,,,,,,,,,,,,,,,,,,,,,
2020,2,10,6,30,0,0,103.15,0.9,-1.9,99.54,330,3,,,,,,,,,,,,,,,,,,,,,,,,,,,,,,,,,
2020,2,10,7,30,0,0,92.33,0.8,-2.5,95.74000000000001,337,3.1,,,,,,,,,,,,,,,,,,,,,,,,,,,,,,,,,
2020,2,10,8,30,58,3,81.97,0.7000000000000001,-2.1,88.62,346,3.6,,,,,,,,,,,,,,,,,,,,,,,,,,,,,,,,,
2020,2,10,9,30,118,10,72.77,0.7000000000000001,-0.9,82.61,180,3.8000000000000003,,,,,,,,,,,,,,,,,,,,,,,,,,,,,,,,,
2020,2,10,10,30,145,11,65.05,0.6000000000000001,0.1,79.82000000000001,14,3.6,,,,,,,,,,,,,,,,,,,,,,,,,,,,,,,,,
2020,2,10,11,30,127,2,59.5,0.6000000000000001,0.6000000000000001,78.69,18,2.8000000000000003,,,,,,,,,,,,,,,,,,,,,,,,,,,,,,,,,
2020,2,10,12,30,68,0,56.800000000000004,0.6000000000000001,0.9,77.98,18,2.1,,,,,,,,,,,,,,,,,,,,,,,,,,,,,,,,,
2020,2,10,13,30,238,4,57.39,0.6000000000000001,1.1,77.79,19,1.6,,,,,,,,,,,,,,,,,,,,,,,,,,,,,,,,,
2020,2,10,14,30,231,2,61.17,0.5,1.2000000000000002,77.67,22,1.3,,,,,,,,,,,,,,,,,,,,,,,,,,,,,,,,,
2020,2,10,15,30,206,12,67.58,0.5,0.9,78.94,23,1.1,,,,,,,,,,,,,,,,,,,,,,,,,,,,,,,,,
2020,2,10,16,30,106,4,75.9,0.5,-0.1,84.84,13,0.8,,,,,,,,,,,,,,,,,,,,,,,,,,,,,,,,,
2020,2,10,17,30,24,0,85.44,0.5,-1.4,83.12,180,0.8,,,,,,,,,,,,,,,,,,,,,,,,,,,,,,,,,
2020,2,10,18,30,0,0,96.10000000000001,0.5,-1.9,83.45,357,0.9,,,,,,,,,,,,,,,,,,,,,,,,,,,,,,,,,
2020,2,10,19,30,0,0,107.04,0.6000000000000001,-2,85.59,359,0.9,,,,,,,,,,,,,,,,,,,,,,,,,,,,,,,,,
2020,2,10,20,30,0,0,118.11,0.6000000000000001,-2.2,87.75,182,1,,,,,,,,,,,,,,,,,,,,,,,,,,,,,,,,,
2020,2,10,21,30,0,0,128.93,0.6000000000000001,-2.4,88.03,8,0.8,,,,,,,,,,,,,,,,,,,,,,,,,,,,,,,,,
2020,2,10,22,30,0,0,138.96,0.6000000000000001,-2.5,88.59,11,0.6000000000000001,,,,,,,,,,,,,,,,,,,,,,,,,,,,,,,,,
2020,2,10,23,30,0,0,147.13,0.6000000000000001,-2.7,89.07000000000001,161,0.4,,,,,,,,,,,,,,,,,,,,,,,,,,,,,,,,,
2020,2,11,0,30,0,0,151.59,0.6000000000000001,-3.1,90.93,297,0.7000000000000001,,,,,,,,,,,,,,,,,,,,,,,,,,,,,,,,,
2020,2,11,1,30,0,0,150.53,0.7000000000000001,-3.6,93.36,287,1.3,,,,,,,,,,,,,,,,,,,,,,,,,,,,,,,,,
2020,2,11,2,30,0,0,144.44,0.7000000000000001,-3.9,92.39,293,2,,,,,,,,,,,,,,,,,,,,,,,,,,,,,,,,,
2020,2,11,3,30,0,0,135.42000000000002,0.7000000000000001,-4,92.64,297,2.3000000000000003,,,,,,,,,,,,,,,,,,,,,,,,,,,,,,,,,
2020,2,11,4,30,0,0,125,0.7000000000000001,-4.2,93.52,294,2.1,,,,,,,,,,,,,,,,,,,,,,,,,,,,,,,,,
2020,2,11,5,30,0,0,114.02,0.7000000000000001,-4.4,93.32000000000001,280,1.7000000000000002,,,,,,,,,,,,,,,,,,,,,,,,,,,,,,,,,
2020,2,11,6,30,0,0,102.94,0.7000000000000001,-4.5,93.28,261,1.6,,,,,,,,,,,,,,,,,,,,,,,,,,,,,,,,,
2020,2,11,7,30,0,0,92.10000000000001,0.8,-4.1,90.43,243,2,,,,,,,,,,,,,,,,,,,,,,,,,,,,,,,,,
2020,2,11,8,30,44,1,81.74,0.8,-2.6,84.85000000000001,237,3,,,,,,,,,,,,,,,,,,,,,,,,,,,,,,,,,
2020,2,11,9,30,99,584,72.51,0.8,-0.6,81.59,247,4.1000000000000005,,,,,,,,,,,,,,,,,,,,,,,,,,,,,,,,,
2020,2,11,10,30,95,811,64.76,0.8,0.8,78.22,257,4.800000000000001,,,,,,,,,,,,,,,,,,,,,,,,,,,,,,,,,
2020,2,11,11,30,249,476,59.19,0.8,1.4000000000000001,76.72,261,5.4,,,,,,,,,,,,,,,,,,,,,,,,,,,,,,,,,
2020,2,11,12,30,317,16,56.480000000000004,0.8,1.7000000000000002,75.71000000000001,263,5.9,,,,,,,,,,,,,,,,,,,,,,,,,,,,,,,,,
2020,2,11,13,30,323,13,57.07,0.8,1.6,75.63,265,6.300000000000001,,,,,,,,,,,,,,,,,,,,,,,,,,,,,,,,,
2020,2,11,14,30,277,10,60.870000000000005,0.8,1.3,75.99,269,6.300000000000001,,,,,,,,,,,,,,,,,,,,,,,,,,,,,,,,,
2020,2,11,15,30,204,5,67.3,0.7000000000000001,0.6000000000000001,78.21000000000001,274,6.300000000000001,,,,,,,,,,,,,,,,,,,,,,,,,,,,,,,,,
2020,2,11,16,30,129,4,75.64,0.6000000000000001,-0.4,82.06,280,6.300000000000001,,,,,,,,,,,,,,,,,,,,,,,,,,,,,,,,,
2020,2,11,17,30,31,0,85.21000000000001,0.5,-1.6,85.2,285,6.2,,,,,,,,,,,,,,,,,,,,,,,,,,,,,,,,,
2020,2,11,18,30,0,0,95.88,0.4,-2.8,86.72,288,5.5,,,,,,,,,,,,,,,,,,,,,,,,,,,,,,,,,
2020,2,11,19,30,0,0,106.82000000000001,0.4,-4.1,89.39,288,4.3,,,,,,,,,,,,,,,,,,,,,,,,,,,,,,,,,
2020,2,11,20,30,0,0,117.89,0.4,-5.4,91.62,283,3.3000000000000003,,,,,,,,,,,,,,,,,,,,,,,,,,,,,,,,,
2020,2,11,21,30,0,0,128.71,0.4,-6.3,94.11,273,2.6,,,,,,,,,,,,,,,,,,,,,,,,,,,,,,,,,
2020,2,11,22,30,0,0,138.70000000000002,0.4,-6.8,96.41,261,2.3000000000000003,,,,,,,,,,,,,,,,,,,,,,,,,,,,,,,,,
2020,2,11,23,30,0,0,146.84,0.4,-7.3,99.21000000000001,248,2.3000000000000003,,,,,,,,,,,,,,,,,,,,,,,,,,,,,,,,,
2020,2,12,0,30,0,0,151.27,0.4,-7.5,99.78,239,2.6,,,,,,,,,,,,,,,,,,,,,,,,,,,,,,,,,
2020,2,12,1,30,0,0,150.21,0.4,-7.5,99.64,235,2.9000000000000004,,,,,,,,,,,,,,,,,,,,,,,,,,,,,,,,,
2020,2,12,2,30,0,0,144.16,0.4,-7.2,97.68,235,3,,,,,,,,,,,,,,,,,,,,,,,,,,,,,,,,,
2020,2,12,3,30,0,0,135.17000000000002,0.4,-6.9,96.06,237,3,,,,,,,,,,,,,,,,,,,,,,,,,,,,,,,,,
2020,2,12,4,30,0,0,124.78,0.4,-6.7,95.28,238,2.8000000000000003,,,,,,,,,,,,,,,,,,,,,,,,,,,,,,,,,
2020,2,12,5,30,0,0,113.8,0.4,-6.5,94.55,237,2.6,,,,,,,,,,,,,,,,,,,,,,,,,,,,,,,,,
2020,2,12,6,30,0,0,102.72,0.4,-6.3,93.95,229,2.6,,,,,,,,,,,,,,,,,,,,,,,,,,,,,,,,,
2020,2,12,7,30,1,0,91.88,0.4,-5.7,90.87,221,2.9000000000000004,,,,,,,,,,,,,,,,,,,,,,,,,,,,,,,,,
2020,2,12,8,30,85,13,81.49,0.4,-4.4,87.58,216,3.5,,,,,,,,,,,,,,,,,,,,,,,,,,,,,,,,,
2020,2,12,9,30,64,812,72.25,0.4,-2.9,83.89,216,3.8000000000000003,,,,,,,,,,,,,,,,,,,,,,,,,,,,,,,,,
2020,2,12,10,30,260,248,64.47,0.4,-1.5,78.45,217,4,,,,,,,,,,,,,,,,,,,,,,,,,,,,,,,,,
2020,2,12,11,30,352,110,58.870000000000005,0.5,-0.7,75.05,214,4,,,,,,,,,,,,,,,,,,,,,,,,,,,,,,,,,
2020,2,12,12,30,328,56,56.15,0.6000000000000001,-0.4,73.47,211,4,,,,,,,,,,,,,,,,,,,,,,,,,,,,,,,,,
2020,2,12,13,30,350,81,56.75,0.8,-0.2,72.85000000000001,212,3.8000000000000003,,,,,,,,,,,,,,,,,,,,,,,,,,,,,,,,,
2020,2,12,14,30,269,25,60.56,0.9,-0.2,73.13,213,3.2,,,,,,,,,,,,,,,,,,,,,,,,,,,,,,,,,
2020,2,12,15,30,214,38,67.01,1.1,-0.5,76.21000000000001,206,2.5,,,,,,,,,,,,,,,,,,,,,,,,,,,,,,,,,
2020,2,12,16,30,97,6,75.39,1.2000000000000002,-1,82.33,195,1.9000000000000001,,,,,,,,,,,,,,,,,,,,,,,,,,,,,,,,,
2020,2,12,17,30,26,0,84.98,1.3,-1.5,86.58,192,1.7000000000000002,,,,,,,,,,,,,,,,,,,,,,,,,,,,,,,,,
2020,2,12,18,30,0,0,95.66,1.3,-1.7,87.97,196,2,,,,,,,,,,,,,,,,,,,,,,,,,,,,,,,,,
2020,2,12,19,30,0,0,106.61,1.4000000000000001,-1.8,90.12,198,2,,,,,,,,,,,,,,,,,,,,,,,,,,,,,,,,,
2020,2,12,20,30,0,0,117.68,1.4000000000000001,-2,92.78,205,1.5,,,,,,,,,,,,,,,,,,,,,,,,,,,,,,,,,
2020,2,12,21,30,0,0,128.48,1.4000000000000001,-2.2,94.59,229,1.1,,,,,,,,,,,,,,,,,,,,,,,,,,,,,,,,,
2020,2,12,22,30,0,0,138.45000000000002,1.4000000000000001,-2.5,95.84,261,1,,,,,,,,,,,,,,,,,,,,,,,,,,,,,,,,,
2020,2,12,23,30,0,0,146.54,1.3,-2.8,96.43,286,1.1,,,,,,,,,,,,,,,,,,,,,,,,,,,,,,,,,
2020,2,13,0,30,0,0,150.94,1.3,-3,96.19,297,1.2000000000000002,,,,,,,,,,,,,,,,,,,,,,,,,,,,,,,,,
2020,2,13,1,30,0,0,149.89000000000001,1.2000000000000002,-3.5,97.88,301,1.4000000000000001,,,,,,,,,,,,,,,,,,,,,,,,,,,,,,,,,
2020,2,13,2,30,0,0,143.88,1.2000000000000002,-4.1,98.9,304,1.7000000000000002,,,,,,,,,,,,,,,,,,,,,,,,,,,,,,,,,
2020,2,13,3,30,0,0,134.93,1.1,-4.2,96.81,301,2,,,,,,,,,,,,,,,,,,,,,,,,,,,,,,,,,
2020,2,13,4,30,0,0,124.55,1.1,-4,95.4,301,2.2,,,,,,,,,,,,,,,,,,,,,,,,,,,,,,,,,
2020,2,13,5,30,0,0,113.59,1.1,-3.9,95.67,307,2.2,,,,,,,,,,,,,,,,,,,,,,,,,,,,,,,,,
2020,2,13,6,30,0,0,102.5,1,-3.9,94.61,316,2.3000000000000003,,,,,,,,,,,,,,,,,,,,,,,,,,,,,,,,,
2020,2,13,7,30,1,0,91.65,1,-3.6,91.03,329,3,,,,,,,,,,,,,,,,,,,,,,,,,,,,,,,,,
2020,2,13,8,30,59,0,81.25,0.9,-3.3,88.82000000000001,342,4,,,,,,,,,,,,,,,,,,,,,,,,,,,,,,,,,
2020,2,13,9,30,113,0,71.98,0.8,-3.2,85.53,347,4.7,,,,,,,,,,,,,,,,,,,,,,,,,,,,,,,,,
2020,2,13,10,30,143,0,64.17,0.8,-3.3,82.98,346,5.2,,,,,,,,,,,,,,,,,,,,,,,,,,,,,,,,,
2020,2,13,11,30,167,0,58.550000000000004,0.7000000000000001,-3.6,80.83,344,5.6000000000000005,,,,,,,,,,,,,,,,,,,,,,,,,,,,,,,,,
2020,2,13,12,30,187,0,55.81,0.7000000000000001,-4.1,78.54,342,5.7,,,,,,,,,,,,,,,,,,,,,,,,,,,,,,,,,
2020,2,13,13,30,187,0,56.42,0.6000000000000001,-4.6,76.35000000000001,338,5.800000000000001,,,,,,,,,,,,,,,,,,,,,,,,,,,,,,,,,
2020,2,13,14,30,162,0,60.25,0.6000000000000001,-5.3,75.57000000000001,332,5.800000000000001,,,,,,,,,,,,,,,,,,,,,,,,,,,,,,,,,
2020,2,13,15,30,121,0,66.73,0.5,-6,74.21000000000001,329,5.800000000000001,,,,,,,,,,,,,,,,,,,,,,,,,,,,,,,,,
2020,2,13,16,30,116,1,75.13,0.5,-7.1,74.31,327,5.5,,,,,,,,,,,,,,,,,,,,,,,,,,,,,,,,,
2020,2,13,17,30,40,0,84.74,0.4,-8.4,74.79,326,5.1000000000000005,,,,,,,,,,,,,,,,,,,,,,,,,,,,,,,,,
2020,2,13,18,30,0,0,95.43,0.4,-9.6,75.4,327,5,,,,,,,,,,,,,,,,,,,,,,,,,,,,,,,,,
2020,2,13,19,30,0,0,106.4,0.30000000000000004,-10.7,76.25,330,5,,,,,,,,,,,,,,,,,,,,,,,,,,,,,,,,,
2020,2,13,20,30,0,0,117.46000000000001,0.30000000000000004,-12,77.36,334,4.800000000000001,,,,,,,,,,,,,,,,,,,,,,,,,,,,,,,,,
2020,2,13,21,30,0,0,128.25,0.2,-13.6,78.44,336,4.4,,,,,,,,,,,,,,,,,,,,,,,,,,,,,,,,,
2020,2,13,22,30,0,0,138.19,0.2,-15,77.45,338,4,,,,,,,,,,,,,,,,,,,,,,,,,,,,,,,,,
2020,2,13,23,30,0,0,146.24,0.2,-16.1,76.51,339,3.7,,,,,,,,,,,,,,,,,,,,,,,,,,,,,,,,,
2020,2,14,0,30,0,0,150.6,0.2,-16.8,75.84,339,3.4000000000000004,,,,,,,,,,,,,,,,,,,,,,,,,,,,,,,,,
2020,2,14,1,30,0,0,149.56,0.2,-17.2,75.85000000000001,337,3.1,,,,,,,,,,,,,,,,,,,,,,,,,,,,,,,,,
2020,2,14,2,30,0,0,143.59,0.2,-17.4,76.75,334,2.8000000000000003,,,,,,,,,,,,,,,,,,,,,,,,,,,,,,,,,
2020,2,14,3,30,0,0,134.67000000000002,0.2,-17.4,77.07000000000001,329,2.5,,,,,,,,,,,,,,,,,,,,,,,,,,,,,,,,,
2020,2,14,4,30,0,0,124.32000000000001,0.2,-17.5,78.53,326,2.3000000000000003,,,,,,,,,,,,,,,,,,,,,,,,,,,,,,,,,
2020,2,14,5,30,0,0,113.36,0.2,-17.6,79.71000000000001,325,2.1,,,,,,,,,,,,,,,,,,,,,,,,,,,,,,,,,
2020,2,14,6,30,0,0,102.28,0.2,-17.6,79.99,323,1.9000000000000001,,,,,,,,,,,,,,,,,,,,,,,,,,,,,,,,,
2020,2,14,7,30,1,0,91.41,0.2,-16.6,74.43,323,1.6,,,,,,,,,,,,,,,,,,,,,,,,,,,,,,,,,
2020,2,14,8,30,79,1,80.99,0.2,-14,60.99,325,1.8,,,,,,,,,,,,,,,,,,,,,,,,,,,,,,,,,
2020,2,14,9,30,151,1,71.7,0.2,-11.1,56.69,320,2.4000000000000004,,,,,,,,,,,,,,,,,,,,,,,,,,,,,,,,,
2020,2,14,10,30,164,0,63.870000000000005,0.2,-9.5,56.47,307,2.6,,,,,,,,,,,,,,,,,,,,,,,,,,,,,,,,,
2020,2,14,11,30,211,0,58.22,0.2,-8.6,57.14,289,2.5,,,,,,,,,,,,,,,,,,,,,,,,,,,,,,,,,
2020,2,14,12,30,241,0,55.480000000000004,0.2,-7.9,57.69,270,2.5,,,,,,,,,,,,,,,,,,,,,,,,,,,,,,,,,
2020,2,14,13,30,229,0,56.08,0.2,-7.5,58.47,253,2.7,,,,,,,,,,,,,,,,,,,,,,,,,,,,,,,,,
2020,2,14,14,30,178,0,59.93,0.2,-7.2,59.480000000000004,243,2.9000000000000004,,,,,,,,,,,,,,,,,,,,,,,,,,,,,,,,,
2020,2,14,15,30,120,0,66.44,0.2,-7.3,61.800000000000004,239,2.9000000000000004,,,,,,,,,,,,,,,,,,,,,,,,,,,,,,,,,
2020,2,14,16,30,118,1,74.87,0.2,-7.8,67.31,235,2.4000000000000004,,,,,,,,,,,,,,,,,,,,,,,,,,,,,,,,,
2020,2,14,17,30,46,0,84.51,0.2,-8.6,70.59,226,2,,,,,,,,,,,,,,,,,,,,,,,,,,,,,,,,,
2020,2,14,18,30,0,0,95.21000000000001,0.30000000000000004,-9.3,72.26,216,2,,,,,,,,,,,,,,,,,,,,,,,,,,,,,,,,,
2020,2,14,19,30,0,0,106.18,0.30000000000000004,-10,75.29,210,2.3000000000000003,,,,,,,,,,,,,,,,,,,,,,,,,,,,,,,,,
2020,2,14,20,30,0,0,117.24000000000001,0.2,-10.5,76.55,210,2.7,,,,,,,,,,,,,,,,,,,,,,,,,,,,,,,,,
2020,2,14,21,30,0,0,128.02,0.2,-11,79.01,212,3.1,,,,,,,,,,,,,,,,,,,,,,,,,,,,,,,,,
2020,2,14,22,30,0,0,137.94,0.2,-11.9,83.77,211,3.1,,,,,,,,,,,,,,,,,,,,,,,,,,,,,,,,,
2020,2,14,23,30,0,0,145.94,0.2,-13.2,87.86,206,3.1,,,,,,,,,,,,,,,,,,,,,,,,,,,,,,,,,
2020,2,15,0,30,0,0,150.27,0.2,-14.1,89.73,201,3.2,,,,,,,,,,,,,,,,,,,,,,,,,,,,,,,,,
2020,2,15,1,30,0,0,149.23,0.2,-14.7,91.4,199,3.3000000000000003,,,,,,,,,,,,,,,,,,,,,,,,,,,,,,,,,
2020,2,15,2,30,0,0,143.3,0.2,-14.9,90.87,197,3.3000000000000003,,,,,,,,,,,,,,,,,,,,,,,,,,,,,,,,,
2020,2,15,3,30,0,0,134.41,0.2,-14.9,89.52,193,3.5,,,,,,,,,,,,,,,,,,,,,,,,,,,,,,,,,
2020,2,15,4,30,0,0,124.08,0.2,-14.6,87.79,189,3.8000000000000003,,,,,,,,,,,,,,,,,,,,,,,,,,,,,,,,,
2020,2,15,5,30,0,0,113.13,0.2,-14.2,86.98,186,4,,,,,,,,,,,,,,,,,,,,,,,,,,,,,,,,,
2020,2,15,6,30,0,0,102.05,0.2,-13.7,85.67,185,4.5,,,,,,,,,,,,,,,,,,,,,,,,,,,,,,,,,
2020,2,15,7,30,7,73,91.17,0.2,-12.5,81.5,185,5.300000000000001,,,,,,,,,,,,,,,,,,,,,,,,,,,,,,,,,
2020,2,15,8,30,91,24,80.74,0.30000000000000004,-10.4,77.2,187,6.4,,,,,,,,,,,,,,,,,,,,,,,,,,,,,,,,,
2020,2,15,9,30,193,217,71.42,0.5,-8.1,72.38,191,7.2,,,,,,,,,,,,,,,,,,,,,,,,,,,,,,,,,
2020,2,15,10,30,228,17,63.57,0.7000000000000001,-5.9,68.76,195,7.6000000000000005,,,,,,,,,,,,,,,,,,,,,,,,,,,,,,,,,
2020,2,15,11,30,220,6,57.89,0.8,-4.4,67.33,197,7.7,,,,,,,,,,,,,,,,,,,,,,,,,,,,,,,,,
2020,2,15,12,30,256,28,55.14,0.9,-3.1,65.6,199,7.7,,,,,,,,,,,,,,,,,,,,,,,,,,,,,,,,,
2020,2,15,13,30,369,23,55.75,1,-1.8,64.71000000000001,202,7.7,,,,,,,,,,,,,,,,,,,,,,,,,,,,,,,,,
2020,2,15,14,30,338,36,59.620000000000005,1.1,-1,66.88,204,7.6000000000000005,,,,,,,,,,,,,,,,,,,,,,,,,,,,,,,,,
2020,2,15,15,30,223,15,66.16,1.2000000000000002,-0.7,70.88,206,7.2,,,,,,,,,,,,,,,,,,,,,,,,,,,,,,,,,
2020,2,15,16,30,83,2,74.61,1.3,-0.8,76.36,209,7,,,,,,,,,,,,,,,,,,,,,,,,,,,,,,,,,
2020,2,15,17,30,26,0,84.28,1.2000000000000002,-0.9,80.86,215,7,,,,,,,,,,,,,,,,,,,,,,,,,,,,,,,,,
2020,2,15,18,30,0,0,94.99,1.2000000000000002,-1,84.32000000000001,222,7,,,,,,,,,,,,,,,,,,,,,,,,,,,,,,,,,
2020,2,15,19,30,0,0,105.96000000000001,1.1,-1.1,87.23,228,6.7,,,,,,,,,,,,,,,,,,,,,,,,,,,,,,,,,
2020,2,15,20,30,0,0,117.03,1.1,-1.2,90.12,232,6,,,,,,,,,,,,,,,,,,,,,,,,,,,,,,,,,
2020,2,15,21,30,0,0,127.79,0.9,-1.4,92.8,237,5.2,,,,,,,,,,,,,,,,,,,,,,,,,,,,,,,,,
2020,2,15,22,30,0,0,137.68,0.8,-1.7,95.42,242,4.800000000000001,,,,,,,,,,,,,,,,,,,,,,,,,,,,,,,,,
2020,2,15,23,30,0,0,145.64000000000001,0.7000000000000001,-2,97.4,247,4.4,,,,,,,,,,,,,,,,,,,,,,,,,,,,,,,,,
2020,2,16,0,30,0,0,149.93,0.6000000000000001,-2.4,99.55,249,4,,,,,,,,,,,,,,,,,,,,,,,,,,,,,,,,,
2020,2,16,1,30,0,0,148.9,0.6000000000000001,-2.9,100,251,3.7,,,,,,,,,,,,,,,,,,,,,,,,,,,,,,,,,
2020,2,16,2,30,0,0,143,0.6000000000000001,-3.2,99.97,257,3.6,,,,,,,,,,,,,,,,,,,,,,,,,,,,,,,,,
2020,2,16,3,30,0,0,134.15,0.5,-3.4,99.61,260,3.2,,,,,,,,,,,,,,,,,,,,,,,,,,,,,,,,,
2020,2,16,4,30,0,0,123.84,0.5,-3.7,99.59,259,2.6,,,,,,,,,,,,,,,,,,,,,,,,,,,,,,,,,
2020,2,16,5,30,0,0,112.9,0.5,-3.9,98.61,258,2.2,,,,,,,,,,,,,,,,,,,,,,,,,,,,,,,,,
2020,2,16,6,30,0,0,101.81,0.5,-4,98.32000000000001,258,2.1,,,,,,,,,,,,,,,,,,,,,,,,,,,,,,,,,
2020,2,16,7,30,2,0,90.93,0.5,-3.2,92.86,258,2.4000000000000004,,,,,,,,,,,,,,,,,,,,,,,,,,,,,,,,,
2020,2,16,8,30,69,2,80.49,0.5,-1.6,89,259,3,,,,,,,,,,,,,,,,,,,,,,,,,,,,,,,,,
2020,2,16,9,30,154,404,71.14,0.5,-0.1,86.83,263,3.4000000000000004,,,,,,,,,,,,,,,,,,,,,,,,,,,,,,,,,
2020,2,16,10,30,245,344,63.26,0.5,0.9,81.34,268,3.5,,,,,,,,,,,,,,,,,,,,,,,,,,,,,,,,,
2020,2,16,11,30,295,347,57.56,0.6000000000000001,1.4000000000000001,79.37,268,3.4000000000000004,,,,,,,,,,,,,,,,,,,,,,,,,,,,,,,,,
2020,2,16,12,30,317,416,54.79,0.6000000000000001,1.9000000000000001,77.17,268,3.6,,,,,,,,,,,,,,,,,,,,,,,,,,,,,,,,,
2020,2,16,13,30,98,932,55.410000000000004,0.6000000000000001,2.5,74.18,270,3.8000000000000003,,,,,,,,,,,,,,,,,,,,,,,,,,,,,,,,,
2020,2,16,14,30,89,913,59.31,0.6000000000000001,2.8000000000000003,71.17,274,3.9000000000000004,,,,,,,,,,,,,,,,,,,,,,,,,,,,,,,,,
2020,2,16,15,30,107,766,65.87,0.6000000000000001,2.5,70.51,280,3.5,,,,,,,,,,,,,,,,,,,,,,,,,,,,,,,,,
2020,2,16,16,30,70,676,74.36,0.6000000000000001,0.7000000000000001,81.32000000000001,286,2.6,,,,,,,,,,,,,,,,,,,,,,,,,,,,,,,,,
2020,2,16,17,30,32,491,84.05,0.5,-1.8,87.88,293,2.1,,,,,,,,,,,,,,,,,,,,,,,,,,,,,,,,,
2020,2,16,18,30,0,0,94.77,0.5,-3.1,84.47,302,2.1,,,,,,,,,,,,,,,,,,,,,,,,,,,,,,,,,
2020,2,16,19,30,0,0,105.75,0.5,-3.9,86.06,312,2.1,,,,,,,,,,,,,,,,,,,,,,,,,,,,,,,,,
2020,2,16,20,30,0,0,116.81,0.5,-4.7,87.72,323,2,,,,,,,,,,,,,,,,,,,,,,,,,,,,,,,,,
2020,2,16,21,30,0,0,127.56,0.5,-5.5,88.46000000000001,334,2,,,,,,,,,,,,,,,,,,,,,,,,,,,,,,,,,
2020,2,16,22,30,0,0,137.41,0.6000000000000001,-6.3,88.82000000000001,343,2,,,,,,,,,,,,,,,,,,,,,,,,,,,,,,,,,
2020,2,16,23,30,0,0,145.34,0.6000000000000001,-6.9,87.88,350,2.2,,,,,,,,,,,,,,,,,,,,,,,,,,,,,,,,,
2020,2,17,0,30,0,0,149.59,0.6000000000000001,-7.3,86.61,179,2.3000000000000003,,,,,,,,,,,,,,,,,,,,,,,,,,,,,,,,,
2020,2,17,1,30,0,0,148.56,0.6000000000000001,-7.6,85.63,9,2.5,,,,,,,,,,,,,,,,,,,,,,,,,,,,,,,,,
2020,2,17,2,30,0,0,142.70000000000002,0.6000000000000001,-7.7,84.64,17,2.5,,,,,,,,,,,,,,,,,,,,,,,,,,,,,,,,,
2020,2,17,3,30,0,0,133.88,0.7000000000000001,-8.1,86.42,25,2.3000000000000003,,,,,,,,,,,,,,,,,,,,,,,,,,,,,,,,,
2020,2,17,4,30,0,0,123.59,0.7000000000000001,-8.6,87.95,34,2.1,,,,,,,,,,,,,,,,,,,,,,,,,,,,,,,,,
2020,2,17,5,30,0,0,112.66,0.8,-8.7,86.79,46,2.1,,,,,,,,,,,,,,,,,,,,,,,,,,,,,,,,,
2020,2,17,6,30,0,0,101.57000000000001,0.8,-8.3,84.60000000000001,61,2.3000000000000003,,,,,,,,,,,,,,,,,,,,,,,,,,,,,,,,,
2020,2,17,7,30,3,0,90.06,0.8,-7.1,79.26,76,2.8000000000000003,,,,,,,,,,,,,,,,,,,,,,,,,,,,,,,,,
2020,2,17,8,30,81,5,80.22,0.8,-5.3,76.83,93,3.4000000000000004,,,,,,,,,,,,,,,,,,,,,,,,,,,,,,,,,
2020,2,17,9,30,201,204,70.85000000000001,0.9,-3.6,72.9,107,4.1000000000000005,,,,,,,,,,,,,,,,,,,,,,,,,,,,,,,,,
2020,2,17,10,30,248,371,62.940000000000005,0.9,-2.1,67.72,113,4.5,,,,,,,,,,,,,,,,,,,,,,,,,,,,,,,,,
2020,2,17,11,30,355,145,57.22,0.9,-0.8,65.32000000000001,116,4.7,,,,,,,,,,,,,,,,,,,,,,,,,,,,,,,,,
2020,2,17,12,30,374,228,54.44,0.9,0.2,64.54,116,4.800000000000001,,,,,,,,,,,,,,,,,,,,,,,,,,,,,,,,,
2020,2,17,13,30,367,98,55.07,1,0.6000000000000001,66.23,116,4.800000000000001,,,,,,,,,,,,,,,,,,,,,,,,,,,,,,,,,
2020,2,17,14,30,330,63,58.99,1,0.4,70.03,117,4.3,,,,,,,,,,,,,,,,,,,,,,,,,,,,,,,,,
2020,2,17,15,30,188,11,65.59,1,-0.1,75.45,113,3.7,,,,,,,,,,,,,,,,,,,,,,,,,,,,,,,,,
2020,2,17,16,30,85,2,74.10000000000001,1.1,-0.8,81.93,103,3.4000000000000004,,,,,,,,,,,,,,,,,,,,,,,,,,,,,,,,,
2020,2,17,17,30,30,0,83.82000000000001,1.2000000000000002,-1.4,85.37,95,3.8000000000000003,,,,,,,,,,,,,,,,,,,,,,,,,,,,,,,,,
2020,2,17,18,30,0,0,94.54,1.2000000000000002,-1.8,87.75,93,4.5,,,,,,,,,,,,,,,,,,,,,,,,,,,,,,,,,
2020,2,17,19,30,0,0,105.53,1.3,-1.9,89.83,95,5,,,,,,,,,,,,,,,,,,,,,,,,,,,,,,,,,
2020,2,17,20,30,0,0,116.59,1.4000000000000001,-1.9,91.61,98,5.300000000000001,,,,,,,,,,,,,,,,,,,,,,,,,,,,,,,,,
2020,2,17,21,30,0,0,127.32000000000001,1.5,-1.7,92.57000000000001,100,5.7,,,,,,,,,,,,,,,,,,,,,,,,,,,,,,,,,
2020,2,17,22,30,0,0,137.15,1.6,-1.4,93.74,101,6,,,,,,,,,,,,,,,,,,,,,,,,,,,,,,,,,
2020,2,17,23,30,0,0,145.03,1.7000000000000002,-1.1,94.99,102,5.800000000000001,,,,,,,,,,,,,,,,,,,,,,,,,,,,,,,,,
2020,2,18,0,30,0,0,149.24,1.8,-0.7,94.92,106,5.300000000000001,,,,,,,,,,,,,,,,,,,,,,,,,,,,,,,,,
2020,2,18,1,30,0,0,148.21,1.8,-0.2,94.31,120,4.5,,,,,,,,,,,,,,,,,,,,,,,,,,,,,,,,,
2020,2,18,2,30,0,0,142.39000000000001,1.7000000000000002,0.4,94.89,156,3.9000000000000004,,,,,,,,,,,,,,,,,,,,,,,,,,,,,,,,,
2020,2,18,3,30,0,0,133.61,1.6,0.8,96.49000000000001,195,4,,,,,,,,,,,,,,,,,,,,,,,,,,,,,,,,,
2020,2,18,4,30,0,0,123.34,1.5,1.2000000000000002,96.94,223,4.9,,,,,,,,,,,,,,,,,,,,,,,,,,,,,,,,,
2020,2,18,5,30,0,0,112.41,1.3,1.5,98.8,241,5.5,,,,,,,,,,,,,,,,,,,,,,,,,,,,,,,,,
2020,2,18,6,30,0,0,101.33,1.1,1.5,100,249,5.5,,,,,,,,,,,,,,,,,,,,,,,,,,,,,,,,,
2020,2,18,7,30,3,0,89.87,0.9,1.4000000000000001,99.37,254,5.7,,,,,,,,,,,,,,,,,,,,,,,,,,,,,,,,,
2020,2,18,8,30,41,0,79.96000000000001,0.8,1.5,96.76,260,6.4,,,,,,,,,,,,,,,,,,,,,,,,,,,,,,,,,
2020,2,18,9,30,122,5,70.56,0.8,1.9000000000000001,91.9,268,7.4,,,,,,,,,,,,,,,,,,,,,,,,,,,,,,,,,
2020,2,18,10,30,279,111,62.63,0.8,2.2,85.46000000000001,273,7.800000000000001,,,,,,,,,,,,,,,,,,,,,,,,,,,,,,,,,
2020,2,18,11,30,306,63,56.88,0.8,2.5,80.41,277,7.7,,,,,,,,,,,,,,,,,,,,,,,,,,,,,,,,,
2020,2,18,12,30,340,24,54.09,0.7000000000000001,3.1,75.93,282,7.800000000000001,,,,,,,,,,,,,,,,,,,,,,,,,,,,,,,,,
2020,2,18,13,30,307,20,54.72,0.7000000000000001,3.3000000000000003,73.96000000000001,286,7.9,,,,,,,,,,,,,,,,,,,,,,,,,,,,,,,,,
2020,2,18,14,30,291,10,58.67,0.6000000000000001,2.9000000000000004,74.09,290,7.7,,,,,,,,,,,,,,,,,,,,,,,,,,,,,,,,,
2020,2,18,15,30,253,34,65.3,0.5,2.2,74.99,292,7.2,,,,,,,,,,,,,,,,,,,,,,,,,,,,,,,,,
2020,2,18,16,30,166,48,73.84,0.5,0.8,79.31,293,6.1000000000000005,,,,,,,,,,,,,,,,,,,,,,,,,,,,,,,,,
2020,2,18,17,30,40,419,83.58,0.4,-1.2,86.83,292,4.9,,,,,,,,,,,,,,,,,,,,,,,,,,,,,,,,,
2020,2,18,18,30,0,0,94.32000000000001,0.4,-2.8,89.46000000000001,289,4.1000000000000005,,,,,,,,,,,,,,,,,,,,,,,,,,,,,,,,,
2020,2,18,19,30,0,0,105.32000000000001,0.30000000000000004,-3.7,90.38,286,3.9000000000000004,,,,,,,,,,,,,,,,,,,,,,,,,,,,,,,,,
2020,2,18,20,30,0,0,116.37,0.4,-4.2,91.07000000000001,282,3.8000000000000003,,,,,,,,,,,,,,,,,,,,,,,,,,,,,,,,,
2020,2,18,21,30,0,0,127.09,0.4,-4.4,91.26,279,3.9000000000000004,,,,,,,,,,,,,,,,,,,,,,,,,,,,,,,,,
2020,2,18,22,30,0,0,136.88,0.4,-4.6,92.25,277,3.9000000000000004,,,,,,,,,,,,,,,,,,,,,,,,,,,,,,,,,
2020,2,18,23,30,0,0,144.72,0.4,-4.7,92.22,280,4,,,,,,,,,,,,,,,,,,,,,,,,,,,,,,,,,
2020,2,19,0,30,0,0,148.89000000000001,0.4,-5,92.68,286,4.2,,,,,,,,,,,,,,,,,,,,,,,,,,,,,,,,,
2020,2,19,1,30,0,0,147.87,0.30000000000000004,-5.6,93.66,293,4.2,,,,,,,,,,,,,,,,,,,,,,,,,,,,,,,,,
2020,2,19,2,30,0,0,142.08,0.30000000000000004,-6.5,94.17,300,4.1000000000000005,,,,,,,,,,,,,,,,,,,,,,,,,,,,,,,,,
2020,2,19,3,30,0,0,133.33,0.2,-7.5,92.76,304,4.2,,,,,,,,,,,,,,,,,,,,,,,,,,,,,,,,,
2020,2,19,4,30,0,0,123.08,0.2,-8.4,88.83,309,4.2,,,,,,,,,,,,,,,,,,,,,,,,,,,,,,,,,
2020,2,19,5,30,0,0,112.17,0.2,-9,84.04,314,4.2,,,,,,,,,,,,,,,,,,,,,,,,,,,,,,,,,
2020,2,19,6,30,0,0,101.08,0.2,-9.5,81.06,316,4,,,,,,,,,,,,,,,,,,,,,,,,,,,,,,,,,
2020,2,19,7,30,8,62,89.63,0.30000000000000004,-8.8,74.27,315,4.2,,,,,,,,,,,,,,,,,,,,,,,,,,,,,,,,,
2020,2,19,8,30,42,673,79.68,0.30000000000000004,-7.1,67.45,315,4.800000000000001,,,,,,,,,,,,,,,,,,,,,,,,,,,,,,,,,
2020,2,19,9,30,63,839,70.26,0.30000000000000004,-5.6,60.61,313,5.300000000000001,,,,,,,,,,,,,,,,,,,,,,,,,,,,,,,,,
2020,2,19,10,30,79,911,62.300000000000004,0.30000000000000004,-4.6,58.93,308,5.300000000000001,,,,,,,,,,,,,,,,,,,,,,,,,,,,,,,,,
2020,2,19,11,30,83,953,56.54,0.4,-3.6,58.2,304,5.300000000000001,,,,,,,,,,,,,,,,,,,,,,,,,,,,,,,,,
2020,2,19,12,30,85,969,53.74,0.4,-2.7,57.49,301,5.4,,,,,,,,,,,,,,,,,,,,,,,,,,,,,,,,,
2020,2,19,13,30,86,961,54.38,0.4,-2.1,57.26,299,5.4,,,,,,,,,,,,,,,,,,,,,,,,,,,,,,,,,
2020,2,19,14,30,81,930,58.35,0.5,-1.9,57.77,297,5.2,,,,,,,,,,,,,,,,,,,,,,,,,,,,,,,,,
2020,2,19,15,30,76,860,65.01,0.5,-2.1,59.230000000000004,296,4.9,,,,,,,,,,,,,,,,,,,,,,,,,,,,,,,,,
2020,2,19,16,30,57,763,73.57000000000001,0.5,-3.3,64.29,297,4,,,,,,,,,,,,,,,,,,,,,,,,,,,,,,,,,
2020,2,19,17,30,36,475,83.35000000000001,0.5,-5.2,73.15,302,3,,,,,,,,,,,,,,,,,,,,,,,,,,,,,,,,,
2020,2,19,18,30,0,0,94.10000000000001,0.5,-6.8,79.12,307,2.8000000000000003,,,,,,,,,,,,,,,,,,,,,,,,,,,,,,,,,
2020,2,19,19,30,0,0,105.10000000000001,0.5,-7.7,80.23,310,2.9000000000000004,,,,,,,,,,,,,,,,,,,,,,,,,,,,,,,,,
2020,2,19,20,30,0,0,116.15,0.5,-8.4,80.46000000000001,311,3.1,,,,,,,,,,,,,,,,,,,,,,,,,,,,,,,,,
2020,2,19,21,30,0,0,126.85000000000001,0.5,-8.8,79.98,313,3.1,,,,,,,,,,,,,,,,,,,,,,,,,,,,,,,,,
2020,2,19,22,30,0,0,136.62,0.5,-9.2,80.28,316,3.1,,,,,,,,,,,,,,,,,,,,,,,,,,,,,,,,,
2020,2,19,23,30,0,0,144.41,0.4,-9.7,80.36,319,3.1,,,,,,,,,,,,,,,,,,,,,,,,,,,,,,,,,
2020,2,20,0,30,0,0,148.54,0.4,-10.1,80.9,321,3,,,,,,,,,,,,,,,,,,,,,,,,,,,,,,,,,
2020,2,20,1,30,0,0,147.52,0.4,-10.3,81.14,323,2.9000000000000004,,,,,,,,,,,,,,,,,,,,,,,,,,,,,,,,,
2020,2,20,2,30,0,0,141.76,0.4,-10.5,81.69,324,2.8000000000000003,,,,,,,,,,,,,,,,,,,,,,,,,,,,,,,,,
2020,2,20,3,30,0,0,133.04,0.4,-10.6,82,323,2.6,,,,,,,,,,,,,,,,,,,,,,,,,,,,,,,,,
2020,2,20,4,30,0,0,122.82000000000001,0.4,-11,84.13,321,2.4000000000000004,,,,,,,,,,,,,,,,,,,,,,,,,,,,,,,,,
2020,2,20,5,30,0,0,111.91,0.30000000000000004,-11.6,85.78,321,2.3000000000000003,,,,,,,,,,,,,,,,,,,,,,,,,,,,,,,,,
2020,2,20,6,30,0,0,100.82000000000001,0.2,-12.2,87.10000000000001,321,2.3000000000000003,,,,,,,,,,,,,,,,,,,,,,,,,,,,,,,,,
2020,2,20,7,30,6,0,89.4,0.2,-11.6,81.31,324,2.7,,,,,,,,,,,,,,,,,,,,,,,,,,,,,,,,,
2020,2,20,8,30,76,429,79.4,0.2,-9.5,70.69,331,3.4000000000000004,,,,,,,,,,,,,,,,,,,,,,,,,,,,,,,,,
2020,2,20,9,30,79,824,69.96000000000001,0.2,-7.7,60.83,335,4.1000000000000005,,,,,,,,,,,,,,,,,,,,,,,,,,,,,,,,,
2020,2,20,10,30,228,557,61.980000000000004,0.2,-6.6,57.95,333,4.3,,,,,,,,,,,,,,,,,,,,,,,,,,,,,,,,,
2020,2,20,11,30,84,994,56.19,0.2,-5.7,56.88,330,4.3,,,,,,,,,,,,,,,,,,,,,,,,,,,,,,,,,
2020,2,20,12,30,87,1009,53.38,0.2,-5,56.2,328,4.3,,,,,,,,,,,,,,,,,,,,,,,,,,,,,,,,,
2020,2,20,13,30,88,1002,54.03,0.2,-4.6,56.15,326,4.4,,,,,,,,,,,,,,,,,,,,,,,,,,,,,,,,,
2020,2,20,14,30,84,976,58.02,0.2,-4.5,56.28,324,4.4,,,,,,,,,,,,,,,,,,,,,,,,,,,,,,,,,
2020,2,20,15,30,75,921,64.71000000000001,0.2,-4.9,57.74,323,4.3,,,,,,,,,,,,,,,,,,,,,,,,,,,,,,,,,
2020,2,20,16,30,65,785,73.31,0.2,-5.8,60.870000000000005,323,3.8000000000000003,,,,,,,,,,,,,,,,,,,,,,,,,,,,,,,,,
2020,2,20,17,30,63,152,83.11,0.2,-7,65.42,325,3,,,,,,,,,,,,,,,,,,,,,,,,,,,,,,,,,
2020,2,20,18,30,0,0,93.88,0.30000000000000004,-8.1,73.91,325,2.1,,,,,,,,,,,,,,,,,,,,,,,,,,,,,,,,,
2020,2,20,19,30,0,0,104.88,0.30000000000000004,-9.1,80.48,321,1.6,,,,,,,,,,,,,,,,,,,,,,,,,,,,,,,,,
2020,2,20,20,30,0,0,115.93,0.30000000000000004,-10.1,83.76,313,1.5,,,,,,,,,,,,,,,,,,,,,,,,,,,,,,,,,
2020,2,20,21,30,0,0,126.61,0.30000000000000004,-10.7,84.23,299,1.4000000000000001,,,,,,,,,,,,,,,,,,,,,,,,,,,,,,,,,
2020,2,20,22,30,0,0,136.35,0.30000000000000004,-11.3,85.12,286,1.6,,,,,,,,,,,,,,,,,,,,,,,,,,,,,,,,,
2020,2,20,23,30,0,0,144.09,0.30000000000000004,-11.8,86.08,277,1.9000000000000001,,,,,,,,,,,,,,,,,,,,,,,,,,,,,,,,,
2020,2,21,0,30,0,0,148.19,0.30000000000000004,-12.2,86.98,271,2.3000000000000003,,,,,,,,,,,,,,,,,,,,,,,,,,,,,,,,,
2020,2,21,1,30,0,0,147.16,0.30000000000000004,-12.5,87.71000000000001,266,2.7,,,,,,,,,,,,,,,,,,,,,,,,,,,,,,,,,
2020,2,21,2,30,0,0,141.44,0.30000000000000004,-12.7,88.24,262,3.1,,,,,,,,,,,,,,,,,,,,,,,,,,,,,,,,,
2020,2,21,3,30,0,0,132.75,0.30000000000000004,-12.9,89.36,259,3.2,,,,,,,,,,,,,,,,,,,,,,,,,,,,,,,,,
2020,2,21,4,30,0,0,122.55,0.30000000000000004,-13.1,90.8,257,3.2,,,,,,,,,,,,,,,,,,,,,,,,,,,,,,,,,
2020,2,21,5,30,0,0,111.66,0.30000000000000004,-13.2,91.86,255,3.1,,,,,,,,,,,,,,,,,,,,,,,,,,,,,,,,,
2020,2,21,6,30,0,0,100.57000000000001,0.30000000000000004,-12.9,90.27,252,3.3000000000000003,,,,,,,,,,,,,,,,,,,,,,,,,,,,,,,,,
2020,2,21,7,30,11,132,89.17,0.30000000000000004,-11.6,82.92,248,3.8000000000000003,,,,,,,,,,,,,,,,,,,,,,,,,,,,,,,,,
2020,2,21,8,30,59,579,79.12,0.30000000000000004,-9,75.58,246,4.3,,,,,,,,,,,,,,,,,,,,,,,,,,,,,,,,,
2020,2,21,9,30,69,840,69.66,0.30000000000000004,-6.1,67.43,251,5.1000000000000005,,,,,,,,,,,,,,,,,,,,,,,,,,,,,,,,,
2020,2,21,10,30,89,895,61.65,0.4,-3.6,57.94,253,5.7,,,,,,,,,,,,,,,,,,,,,,,,,,,,,,,,,
2020,2,21,11,30,97,941,55.84,0.4,-2,54.050000000000004,250,5.9,,,,,,,,,,,,,,,,,,,,,,,,,,,,,,,,,
2020,2,21,12,30,107,943,53.02,0.4,-0.9,52.730000000000004,247,6.2,,,,,,,,,,,,,,,,,,,,,,,,,,,,,,,,,
2020,2,21,13,30,113,921,53.68,0.4,-0.2,52.35,245,6.4,,,,,,,,,,,,,,,,,,,,,,,,,,,,,,,,,
2020,2,21,14,30,103,903,57.7,0.4,0,53.1,243,6.300000000000001,,,,,,,,,,,,,,,,,,,,,,,,,,,,,,,,,
2020,2,21,15,30,87,860,64.42,0.4,-0.2,54.730000000000004,242,6,,,,,,,,,,,,,,,,,,,,,,,,,,,,,,,,,
2020,2,21,16,30,67,766,73.05,0.30000000000000004,-1.3,60.02,238,5.2,,,,,,,,,,,,,,,,,,,,,,,,,,,,,,,,,
2020,2,21,17,30,39,518,82.88,0.30000000000000004,-3.1,68.83,231,4.4,,,,,,,,,,,,,,,,,,,,,,,,,,,,,,,,,
2020,2,21,18,30,0,0,93.65,0.30000000000000004,-4.3,72.42,225,4.4,,,,,,,,,,,,,,,,,,,,,,,,,,,,,,,,,
2020,2,21,19,30,0,0,104.67,0.2,-4.9,75.06,224,4.7,,,,,,,,,,,,,,,,,,,,,,,,,,,,,,,,,
2020,2,21,20,30,0,0,115.7,0.2,-5.4,77.75,227,4.800000000000001,,,,,,,,,,,,,,,,,,,,,,,,,,,,,,,,,
2020,2,21,21,30,0,0,126.37,0.2,-5.8,79.9,232,4.9,,,,,,,,,,,,,,,,,,,,,,,,,,,,,,,,,
2020,2,21,22,30,0,0,136.08,0.2,-6.2,81.8,237,5,,,,,,,,,,,,,,,,,,,,,,,,,,,,,,,,,
2020,2,21,23,30,0,0,143.78,0.2,-6.5,82.91,239,5.1000000000000005,,,,,,,,,,,,,,,,,,,,,,,,,,,,,,,,,
2020,2,22,0,30,0,0,147.83,0.2,-6.8,84.10000000000001,239,5.1000000000000005,,,,,,,,,,,,,,,,,,,,,,,,,,,,,,,,,
2020,2,22,1,30,0,0,146.8,0.30000000000000004,-7.1,85.43,238,5,,,,,,,,,,,,,,,,,,,,,,,,,,,,,,,,,
2020,2,22,2,30,0,0,141.11,0.30000000000000004,-7.3,86.35000000000001,237,5,,,,,,,,,,,,,,,,,,,,,,,,,,,,,,,,,
2020,2,22,3,30,0,0,132.46,0.30000000000000004,-7.5,87.58,236,4.9,,,,,,,,,,,,,,,,,,,,,,,,,,,,,,,,,
2020,2,22,4,30,0,0,122.28,0.30000000000000004,-7.7,88.61,235,4.800000000000001,,,,,,,,,,,,,,,,,,,,,,,,,,,,,,,,,
2020,2,22,5,30,0,0,111.39,0.4,-7.9,89.48,234,4.6000000000000005,,,,,,,,,,,,,,,,,,,,,,,,,,,,,,,,,
2020,2,22,6,30,0,0,100.3,0.4,-7.9,89.02,233,4.6000000000000005,,,,,,,,,,,,,,,,,,,,,,,,,,,,,,,,,
2020,2,22,7,30,13,143,88.95,0.4,-6.9,83.01,231,4.9,,,,,,,,,,,,,,,,,,,,,,,,,,,,,,,,,
2020,2,22,8,30,50,645,78.84,0.4,-4.7,76.88,229,5.2,,,,,,,,,,,,,,,,,,,,,,,,,,,,,,,,,
2020,2,22,9,30,72,826,69.36,0.4,-1.8,71.15,232,5.5,,,,,,,,,,,,,,,,,,,,,,,,,,,,,,,,,
2020,2,22,10,30,85,911,61.32,0.4,1,67.18,237,5.800000000000001,,,,,,,,,,,,,,,,,,,,,,,,,,,,,,,,,
2020,2,22,11,30,94,952,55.49,0.4,3.1,65.37,238,5.9,,,,,,,,,,,,,,,,,,,,,,,,,,,,,,,,,
2020,2,22,12,30,100,958,52.65,0.5,4.6000000000000005,63.54,239,6,,,,,,,,,,,,,,,,,,,,,,,,,,,,,,,,,
2020,2,22,13,30,103,941,53.33,0.5,5.4,62.230000000000004,242,6.2,,,,,,,,,,,,,,,,,,,,,,,,,,,,,,,,,
2020,2,22,14,30,97,917,57.370000000000005,0.5,5.7,61.84,244,6,,,,,,,,,,,,,,,,,,,,,,,,,,,,,,,,,
2020,2,22,15,30,84,864,64.13,0.5,5.300000000000001,64.41,243,5.2,,,,,,,,,,,,,,,,,,,,,,,,,,,,,,,,,
2020,2,22,16,30,66,756,72.79,0.5,3.5,75.28,240,3.9000000000000004,,,,,,,,,,,,,,,,,,,,,,,,,,,,,,,,,
2020,2,22,17,30,39,507,82.65,0.5,1.2000000000000002,85.82000000000001,234,3.1,,,,,,,,,,,,,,,,,,,,,,,,,,,,,,,,,
2020,2,22,18,30,0,0,93.43,0.5,0.30000000000000004,83.91,230,3.3000000000000003,,,,,,,,,,,,,,,,,,,,,,,,,,,,,,,,,
2020,2,22,19,30,0,0,104.45,0.5,0.1,83.95,227,3.6,,,,,,,,,,,,,,,,,,,,,,,,,,,,,,,,,
2020,2,22,20,30,0,0,115.48,0.5,-0.2,84.5,226,4,,,,,,,,,,,,,,,,,,,,,,,,,,,,,,,,,
2020,2,22,21,30,0,0,126.14,0.5,-0.4,84.55,227,4.2,,,,,,,,,,,,,,,,,,,,,,,,,,,,,,,,,
2020,2,22,22,30,0,0,135.81,0.5,-0.6,85.45,227,4.3,,,,,,,,,,,,,,,,,,,,,,,,,,,,,,,,,
2020,2,22,23,30,0,0,143.46,0.5,-0.5,85.42,226,4.3,,,,,,,,,,,,,,,,,,,,,,,,,,,,,,,,,
2020,2,23,0,30,0,0,147.47,0.5,-0.5,86.7,227,4.2,,,,,,,,,,,,,,,,,,,,,,,,,,,,,,,,,
2020,2,23,1,30,0,0,146.44,0.6000000000000001,-0.7,88.53,226,4,,,,,,,,,,,,,,,,,,,,,,,,,,,,,,,,,
2020,2,23,2,30,0,0,140.78,0.6000000000000001,-1.1,90.42,224,3.8000000000000003,,,,,,,,,,,,,,,,,,,,,,,,,,,,,,,,,
2020,2,23,3,30,0,0,132.16,0.6000000000000001,-1.5,92.12,220,3.8000000000000003,,,,,,,,,,,,,,,,,,,,,,,,,,,,,,,,,
2020,2,23,4,30,0,0,122,0.6000000000000001,-2,94.21000000000001,216,3.7,,,,,,,,,,,,,,,,,,,,,,,,,,,,,,,,,
2020,2,23,5,30,0,0,111.13,0.6000000000000001,-2.5,96.52,212,3.7,,,,,,,,,,,,,,,,,,,,,,,,,,,,,,,,,
2020,2,23,6,30,0,0,100.04,0.7000000000000001,-2.7,97.19,209,3.9000000000000004,,,,,,,,,,,,,,,,,,,,,,,,,,,,,,,,,
2020,2,23,7,30,14,93,88.71000000000001,0.7000000000000001,-1.8,90.98,208,4.4,,,,,,,,,,,,,,,,,,,,,,,,,,,,,,,,,
2020,2,23,8,30,61,538,78.56,0.7000000000000001,0.2,83.98,208,4.9,,,,,,,,,,,,,,,,,,,,,,,,,,,,,,,,,
2020,2,23,9,30,91,715,69.05,0.8,2.7,77.49,207,5.1000000000000005,,,,,,,,,,,,,,,,,,,,,,,,,,,,,,,,,
2020,2,23,10,30,111,804,60.980000000000004,0.8,5,72.04,208,5.4,,,,,,,,,,,,,,,,,,,,,,,,,,,,,,,,,
2020,2,23,11,30,115,865,55.13,0.9,6.800000000000001,67.8,208,5.800000000000001,,,,,,,,,,,,,,,,,,,,,,,,,,,,,,,,,
2020,2,23,12,30,112,900,52.29,0.9,8.1,64.28,211,6.300000000000001,,,,,,,,,,,,,,,,,,,,,,,,,,,,,,,,,
2020,2,23,13,30,106,909,52.97,0.9,8.8,63.08,216,6.4,,,,,,,,,,,,,,,,,,,,,,,,,,,,,,,,,
2020,2,23,14,30,96,890,57.050000000000004,0.9,9,64.54,221,6.1000000000000005,,,,,,,,,,,,,,,,,,,,,,,,,,,,,,,,,
2020,2,23,15,30,84,836,63.84,0.9,8.4,70.66,225,5.1000000000000005,,,,,,,,,,,,,,,,,,,,,,,,,,,,,,,,,
2020,2,23,16,30,67,726,72.53,0.9,6.300000000000001,84.54,229,4,,,,,,,,,,,,,,,,,,,,,,,,,,,,,,,,,
2020,2,23,17,30,40,481,82.41,0.8,3.9000000000000004,94.39,232,3.5,,,,,,,,,,,,,,,,,,,,,,,,,,,,,,,,,
2020,2,23,18,30,0,0,93.21000000000001,0.8,2.7,99.51,232,3.7,,,,,,,,,,,,,,,,,,,,,,,,,,,,,,,,,
2020,2,23,19,30,0,0,104.23,0.8,2.5,100,234,4,,,,,,,,,,,,,,,,,,,,,,,,,,,,,,,,,
2020,2,23,20,30,0,0,115.26,0.8,2.1,100,237,4,,,,,,,,,,,,,,,,,,,,,,,,,,,,,,,,,
2020,2,23,21,30,0,0,125.89,0.8,1.6,100,240,3.8000000000000003,,,,,,,,,,,,,,,,,,,,,,,,,,,,,,,,,
2020,2,23,22,30,0,0,135.53,0.7000000000000001,1.4000000000000001,100,244,3.9000000000000004,,,,,,,,,,,,,,,,,,,,,,,,,,,,,,,,,
2020,2,23,23,30,0,0,143.14000000000001,0.7000000000000001,1.4000000000000001,100,246,4.1000000000000005,,,,,,,,,,,,,,,,,,,,,,,,,,,,,,,,,
2020,2,24,0,30,0,0,147.11,0.7000000000000001,1.4000000000000001,100,247,4.1000000000000005,,,,,,,,,,,,,,,,,,,,,,,,,,,,,,,,,
2020,2,24,1,30,0,0,146.08,0.7000000000000001,1,100,247,3.9000000000000004,,,,,,,,,,,,,,,,,,,,,,,,,,,,,,,,,
2020,2,24,2,30,0,0,140.44,0.7000000000000001,0.5,100,248,3.7,,,,,,,,,,,,,,,,,,,,,,,,,,,,,,,,,
2020,2,24,3,30,0,0,131.86,0.7000000000000001,0.30000000000000004,99.54,252,3.3000000000000003,,,,,,,,,,,,,,,,,,,,,,,,,,,,,,,,,
2020,2,24,4,30,0,0,121.72,0.8,0.1,99.37,261,2.8000000000000003,,,,,,,,,,,,,,,,,,,,,,,,,,,,,,,,,
2020,2,24,5,30,0,0,110.86,0.8,-0.2,99.98,275,2.3000000000000003,,,,,,,,,,,,,,,,,,,,,,,,,,,,,,,,,
2020,2,24,6,30,0,0,99.77,0.8,-0.3,98.45,291,2,,,,,,,,,,,,,,,,,,,,,,,,,,,,,,,,,
2020,2,24,7,30,10,0,88.47,0.8,-0.1,96.06,310,1.6,,,,,,,,,,,,,,,,,,,,,,,,,,,,,,,,,
2020,2,24,8,30,84,7,78.27,0.8,0.9,91.71000000000001,165,1.3,,,,,,,,,,,,,,,,,,,,,,,,,,,,,,,,,
2020,2,24,9,30,217,95,68.73,0.9,2.6,86.28,27,1.2000000000000002,,,,,,,,,,,,,,,,,,,,,,,,,,,,,,,,,
2020,2,24,10,30,275,64,60.65,0.9,4.6000000000000005,80.85000000000001,56,1.2000000000000002,,,,,,,,,,,,,,,,,,,,,,,,,,,,,,,,,
2020,2,24,11,30,282,383,54.77,1,5.9,73.45,75,1.1,,,,,,,,,,,,,,,,,,,,,,,,,,,,,,,,,
2020,2,24,12,30,346,286,51.92,1.1,6.2,72.8,77,1,,,,,,,,,,,,,,,,,,,,,,,,,,,,,,,,,
2020,2,24,13,30,351,161,52.61,1.2000000000000002,5.9,78.11,70,1.2000000000000002,,,,,,,,,,,,,,,,,,,,,,,,,,,,,,,,,
2020,2,24,14,30,285,79,56.72,1.3,6,81.95,71,1.5,,,,,,,,,,,,,,,,,,,,,,,,,,,,,,,,,
2020,2,24,15,30,216,14,63.550000000000004,1.3,5.800000000000001,82.81,68,1.7000000000000002,,,,,,,,,,,,,,,,,,,,,,,,,,,,,,,,,
2020,2,24,16,30,182,49,72.27,1.4000000000000001,4.3,91.8,60,1.5,,,,,,,,,,,,,,,,,,,,,,,,,,,,,,,,,
2020,2,24,17,30,40,0,82.18,1.4000000000000001,2.7,94.95,61,1.6,,,,,,,,,,,,,,,,,,,,,,,,,,,,,,,,,
2020,2,24,18,30,0,0,92.98,1.5,2.1,96.01,63,2.1,,,,,,,,,,,,,,,,,,,,,,,,,,,,,,,,,
2020,2,24,19,30,0,0,104.01,1.5,1.8,97.88,62,2.9000000000000004,,,,,,,,,,,,,,,,,,,,,,,,,,,,,,,,,
2020,2,24,20,30,0,0,115.04,1.5,1.5,98.10000000000001,62,3.5,,,,,,,,,,,,,,,,,,,,,,,,,,,,,,,,,
2020,2,24,21,30,0,0,125.65,1.4000000000000001,1.1,97.9,61,3.8000000000000003,,,,,,,,,,,,,,,,,,,,,,,,,,,,,,,,,
2020,2,24,22,30,0,0,135.26,1.4000000000000001,0.8,96.84,59,3.8000000000000003,,,,,,,,,,,,,,,,,,,,,,,,,,,,,,,,,
2020,2,24,23,30,0,0,142.82,1.4000000000000001,0.5,96.13,57,3.6,,,,,,,,,,,,,,,,,,,,,,,,,,,,,,,,,
2020,2,25,0,30,0,0,146.75,1.4000000000000001,0.2,96.01,54,3.4000000000000004,,,,,,,,,,,,,,,,,,,,,,,,,,,,,,,,,
2020,2,25,1,30,0,0,145.71,1.3,0,95.96000000000001,51,3.3000000000000003,,,,,,,,,,,,,,,,,,,,,,,,,,,,,,,,,
2020,2,25,2,30,0,0,140.11,1.3,-0.2,96.82000000000001,47,3.2,,,,,,,,,,,,,,,,,,,,,,,,,,,,,,,,,
2020,2,25,3,30,0,0,131.55,1.3,-0.3,97.31,42,3.3000000000000003,,,,,,,,,,,,,,,,,,,,,,,,,,,,,,,,,
2020,2,25,4,30,0,0,121.44,1.3,-0.3,97.45,38,3.7,,,,,,,,,,,,,,,,,,,,,,,,,,,,,,,,,
2020,2,25,5,30,0,0,110.59,1.3,-0.4,98.29,36,4.1000000000000005,,,,,,,,,,,,,,,,,,,,,,,,,,,,,,,,,
2020,2,25,6,30,0,0,99.5,1.3,-0.5,98.43,36,4.4,,,,,,,,,,,,,,,,,,,,,,,,,,,,,,,,,
2020,2,25,7,30,3,0,88.21000000000001,1.3,0.1,94.05,39,4.9,,,,,,,,,,,,,,,,,,,,,,,,,,,,,,,,,
2020,2,25,8,30,31,0,77.97,1.3,1.4000000000000001,88.91,45,5.4,,,,,,,,,,,,,,,,,,,,,,,,,,,,,,,,,
2020,2,25,9,30,184,50,68.42,1.3,2.8000000000000003,83.29,48,5.9,,,,,,,,,,,,,,,,,,,,,,,,,,,,,,,,,
2020,2,25,10,30,153,3,60.300000000000004,1.3,4,77.12,50,6.1000000000000005,,,,,,,,,,,,,,,,,,,,,,,,,,,,,,,,,
2020,2,25,11,30,184,8,54.4,1.3,4.9,71.87,47,6.1000000000000005,,,,,,,,,,,,,,,,,,,,,,,,,,,,,,,,,
2020,2,25,12,30,121,0,51.54,1.3,5.2,70.27,42,6.2,,,,,,,,,,,,,,,,,,,,,,,,,,,,,,,,,
2020,2,25,13,30,195,2,52.25,1.3,4.9,70.89,37,6.4,,,,,,,,,,,,,,,,,,,,,,,,,,,,,,,,,
2020,2,25,14,30,160,8,56.39,1.4000000000000001,4.2,73.49,34,6.6000000000000005,,,,,,,,,,,,,,,,,,,,,,,,,,,,,,,,,
2020,2,25,15,30,139,3,63.26,1.4000000000000001,3.2,77.85000000000001,31,6.5,,,,,,,,,,,,,,,,,,,,,,,,,,,,,,,,,
2020,2,25,16,30,101,65,72.01,1.4000000000000001,2,84.08,28,6.300000000000001,,,,,,,,,,,,,,,,,,,,,,,,,,,,,,,,,
2020,2,25,17,30,29,0,81.94,1.3,0.8,89.43,25,6.1000000000000005,,,,,,,,,,,,,,,,,,,,,,,,,,,,,,,,,
2020,2,25,18,30,0,0,92.76,1.3,-0.2,92.25,23,6,,,,,,,,,,,,,,,,,,,,,,,,,,,,,,,,,
2020,2,25,19,30,0,0,103.79,1.3,-0.7,91.78,21,5.800000000000001,,,,,,,,,,,,,,,,,,,,,,,,,,,,,,,,,
2020,2,25,20,30,0,0,114.81,1.3,-0.9,91.03,20,5.7,,,,,,,,,,,,,,,,,,,,,,,,,,,,,,,,,
2020,2,25,21,30,0,0,125.41,1.3,-1,90.74,18,5.7,,,,,,,,,,,,,,,,,,,,,,,,,,,,,,,,,
2020,2,25,22,30,0,0,134.98,1.2000000000000002,-1.2,91.35000000000001,17,5.800000000000001,,,,,,,,,,,,,,,,,,,,,,,,,,,,,,,,,
2020,2,25,23,30,0,0,142.49,1.2000000000000002,-1.4,91.55,17,5.800000000000001,,,,,,,,,,,,,,,,,,,,,,,,,,,,,,,,,
2020,2,26,0,30,0,0,146.38,1.1,-1.6,91.72,16,5.800000000000001,,,,,,,,,,,,,,,,,,,,,,,,,,,,,,,,,
2020,2,26,1,30,0,0,145.34,1.1,-1.9,92.38,15,5.800000000000001,,,,,,,,,,,,,,,,,,,,,,,,,,,,,,,,,
2020,2,26,2,30,0,0,139.76,1.1,-2.1,92.28,14,5.7,,,,,,,,,,,,,,,,,,,,,,,,,,,,,,,,,
2020,2,26,3,30,0,0,131.24,1.1,-2.2,91.92,14,5.6000000000000005,,,,,,,,,,,,,,,,,,,,,,,,,,,,,,,,,
2020,2,26,4,30,0,0,121.15,1.1,-2.2,91.75,15,5.4,,,,,,,,,,,,,,,,,,,,,,,,,,,,,,,,,
2020,2,26,5,30,0,0,110.31,1.1,-2.2,92.44,15,5.1000000000000005,,,,,,,,,,,,,,,,,,,,,,,,,,,,,,,,,
2020,2,26,6,30,0,0,99.22,1.1,-2,91.96000000000001,15,5,,,,,,,,,,,,,,,,,,,,,,,,,,,,,,,,,
2020,2,26,7,30,9,0,87.95,1.1,-1.7,91.16,16,5.300000000000001,,,,,,,,,,,,,,,,,,,,,,,,,,,,,,,,,
2020,2,26,8,30,64,1,77.67,1.1,-1,88.31,21,6.1000000000000005,,,,,,,,,,,,,,,,,,,,,,,,,,,,,,,,,
2020,2,26,9,30,109,2,68.1,1.1,-0.3,86.43,25,6.2,,,,,,,,,,,,,,,,,,,,,,,,,,,,,,,,,
2020,2,26,10,30,52,0,59.96,1.1,0.2,85.01,26,5.7,,,,,,,,,,,,,,,,,,,,,,,,,,,,,,,,,
2020,2,26,11,30,49,0,54.04,1.1,0.30000000000000004,84.59,22,5.800000000000001,,,,,,,,,,,,,,,,,,,,,,,,,,,,,,,,,
2020,2,26,12,30,56,0,51.17,1.1,0.2,84.57000000000001,18,6.1000000000000005,,,,,,,,,,,,,,,,,,,,,,,,,,,,,,,,,
2020,2,26,13,30,110,0,51.89,1,-0.2,85.51,12,6.2,,,,,,,,,,,,,,,,,,,,,,,,,,,,,,,,,
2020,2,26,14,30,66,0,56.06,1,-0.9,87.37,5,6.4,,,,,,,,,,,,,,,,,,,,,,,,,,,,,,,,,
2020,2,26,15,30,107,1,62.96,0.9,-1.8,89.11,177,6.6000000000000005,,,,,,,,,,,,,,,,,,,,,,,,,,,,,,,,,
2020,2,26,16,30,143,13,71.75,0.9,-2.7,89.77,351,6.5,,,,,,,,,,,,,,,,,,,,,,,,,,,,,,,,,
2020,2,26,17,30,42,0,81.71000000000001,0.8,-3.4,89.75,345,6.300000000000001,,,,,,,,,,,,,,,,,,,,,,,,,,,,,,,,,
2020,2,26,18,30,0,0,92.54,0.8,-3.9,89.42,342,6.300000000000001,,,,,,,,,,,,,,,,,,,,,,,,,,,,,,,,,
2020,2,26,19,30,0,0,103.58,0.8,-4.3,88.44,339,6.5,,,,,,,,,,,,,,,,,,,,,,,,,,,,,,,,,
2020,2,26,20,30,0,0,114.59,0.7000000000000001,-4.6,86.8,334,6.6000000000000005,,,,,,,,,,,,,,,,,,,,,,,,,,,,,,,,,
2020,2,26,21,30,0,0,125.17,0.7000000000000001,-5,85.3,329,6.4,,,,,,,,,,,,,,,,,,,,,,,,,,,,,,,,,
2020,2,26,22,30,0,0,134.7,0.7000000000000001,-5.4,83.78,325,6.2,,,,,,,,,,,,,,,,,,,,,,,,,,,,,,,,,
2020,2,26,23,30,0,0,142.17000000000002,0.6000000000000001,-5.7,82.03,319,6.300000000000001,,,,,,,,,,,,,,,,,,,,,,,,,,,,,,,,,
2020,2,27,0,30,0,0,146.01,0.6000000000000001,-6.1,81.14,312,6.5,,,,,,,,,,,,,,,,,,,,,,,,,,,,,,,,,
2020,2,27,1,30,0,0,144.97,0.5,-6.6,81.5,306,6.7,,,,,,,,,,,,,,,,,,,,,,,,,,,,,,,,,
2020,2,27,2,30,0,0,139.42000000000002,0.4,-7.1,82.04,302,6.9,,,,,,,,,,,,,,,,,,,,,,,,,,,,,,,,,
2020,2,27,3,30,0,0,130.93,0.30000000000000004,-7.1,80.5,301,7.2,,,,,,,,,,,,,,,,,,,,,,,,,,,,,,,,,
2020,2,27,4,30,0,0,120.86,0.30000000000000004,-6.8,78.44,300,7.5,,,,,,,,,,,,,,,,,,,,,,,,,,,,,,,,,
2020,2,27,5,30,0,0,110.03,0.30000000000000004,-6.6,77.4,299,7.6000000000000005,,,,,,,,,,,,,,,,,,,,,,,,,,,,,,,,,
2020,2,27,6,30,0,0,98.94,0.30000000000000004,-6.5,76.12,297,7.6000000000000005,,,,,,,,,,,,,,,,,,,,,,,,,,,,,,,,,
2020,2,27,7,30,16,0,87.68,0.30000000000000004,-6.2,73,296,7.9,,,,,,,,,,,,,,,,,,,,,,,,,,,,,,,,,
2020,2,27,8,30,105,1,77.37,0.30000000000000004,-5.7,68.05,295,8.3,,,,,,,,,,,,,,,,,,,,,,,,,,,,,,,,,
2020,2,27,9,30,246,30,67.77,0.30000000000000004,-5.3,64.82000000000001,293,8.700000000000001,,,,,,,,,,,,,,,,,,,,,,,,,,,,,,,,,
2020,2,27,10,30,324,24,59.61,0.30000000000000004,-4.9,63.36,290,8.9,,,,,,,,,,,,,,,,,,,,,,,,,,,,,,,,,
2020,2,27,11,30,442,79,53.67,0.30000000000000004,-4.5,62.440000000000005,287,9.1,,,,,,,,,,,,,,,,,,,,,,,,,,,,,,,,,
2020,2,27,12,30,410,41,50.79,0.30000000000000004,-4.3,62.83,285,9.4,,,,,,,,,,,,,,,,,,,,,,,,,,,,,,,,,
2020,2,27,13,30,472,127,51.53,0.30000000000000004,-4.3,63.230000000000004,284,9.5,,,,,,,,,,,,,,,,,,,,,,,,,,,,,,,,,
2020,2,27,14,30,425,125,55.730000000000004,0.30000000000000004,-4.4,63.6,284,9.4,,,,,,,,,,,,,,,,,,,,,,,,,,,,,,,,,
2020,2,27,15,30,304,142,62.67,0.30000000000000004,-4.8,64.84,285,9,,,,,,,,,,,,,,,,,,,,,,,,,,,,,,,,,
2020,2,27,16,30,143,4,71.49,0.30000000000000004,-5.3,66.36,287,8.200000000000001,,,,,,,,,,,,,,,,,,,,,,,,,,,,,,,,,
2020,2,27,17,30,76,1,81.47,0.30000000000000004,-6,69.62,288,7.2,,,,,,,,,,,,,,,,,,,,,,,,,,,,,,,,,
2020,2,27,18,30,0,0,92.32000000000001,0.30000000000000004,-6.5,72.5,288,6.5,,,,,,,,,,,,,,,,,,,,,,,,,,,,,,,,,
2020,2,27,19,30,0,0,103.36,0.30000000000000004,-6.9,74.43,287,6,,,,,,,,,,,,,,,,,,,,,,,,,,,,,,,,,
2020,2,27,20,30,0,0,114.36,0.30000000000000004,-7.3,76.46000000000001,286,5.5,,,,,,,,,,,,,,,,,,,,,,,,,,,,,,,,,
2020,2,27,21,30,0,0,124.92,0.30000000000000004,-7.8,78.36,284,5.1000000000000005,,,,,,,,,,,,,,,,,,,,,,,,,,,,,,,,,
2020,2,27,22,30,0,0,134.42000000000002,0.30000000000000004,-8.2,78.91,281,4.800000000000001,,,,,,,,,,,,,,,,,,,,,,,,,,,,,,,,,
2020,2,27,23,30,0,0,141.84,0.30000000000000004,-8.5,80.15,279,4.7,,,,,,,,,,,,,,,,,,,,,,,,,,,,,,,,,
2020,2,28,0,30,0,0,145.64000000000001,0.30000000000000004,-8.6,81.23,278,4.7,,,,,,,,,,,,,,,,,,,,,,,,,,,,,,,,,
2020,2,28,1,30,0,0,144.59,0.30000000000000004,-8.8,83.14,278,4.7,,,,,,,,,,,,,,,,,,,,,,,,,,,,,,,,,
2020,2,28,2,30,0,0,139.07,0.30000000000000004,-9.1,84.76,278,4.6000000000000005,,,,,,,,,,,,,,,,,,,,,,,,,,,,,,,,,
2020,2,28,3,30,0,0,130.61,0.30000000000000004,-9.5,85.34,278,4.4,,,,,,,,,,,,,,,,,,,,,,,,,,,,,,,,,
2020,2,28,4,30,0,0,120.56,0.30000000000000004,-10,85.61,278,4.2,,,,,,,,,,,,,,,,,,,,,,,,,,,,,,,,,
2020,2,28,5,30,0,0,109.74000000000001,0.30000000000000004,-10.4,85.47,276,4.2,,,,,,,,,,,,,,,,,,,,,,,,,,,,,,,,,
2020,2,28,6,30,0,0,98.66,0.30000000000000004,-10.3,82.38,274,4.3,,,,,,,,,,,,,,,,,,,,,,,,,,,,,,,,,
2020,2,28,7,30,18,0,87.4,0.30000000000000004,-8.8,74.39,275,5.1000000000000005,,,,,,,,,,,,,,,,,,,,,,,,,,,,,,,,,
2020,2,28,8,30,118,2,77.07000000000001,0.30000000000000004,-6.8,71.35000000000001,280,6.4,,,,,,,,,,,,,,,,,,,,,,,,,,,,,,,,,
2020,2,28,9,30,226,7,67.45,0.30000000000000004,-5.6,65.99,284,7.2,,,,,,,,,,,,,,,,,,,,,,,,,,,,,,,,,
2020,2,28,10,30,365,74,59.26,0.30000000000000004,-4.9,64.2,284,7.5,,,,,,,,,,,,,,,,,,,,,,,,,,,,,,,,,
2020,2,28,11,30,438,131,53.29,0.30000000000000004,-4.2,63,283,7.7,,,,,,,,,,,,,,,,,,,,,,,,,,,,,,,,,
2020,2,28,12,30,441,146,50.410000000000004,0.4,-3.9,62.660000000000004,283,7.800000000000001,,,,,,,,,,,,,,,,,,,,,,,,,,,,,,,,,
2020,2,28,13,30,398,400,51.17,0.4,-3.7,62.29,283,7.9,,,,,,,,,,,,,,,,,,,,,,,,,,,,,,,,,
2020,2,28,14,30,295,531,55.4,0.4,-3.8,62.76,283,7.9,,,,,,,,,,,,,,,,,,,,,,,,,,,,,,,,,
2020,2,28,15,30,276,345,62.38,0.4,-4,62.86,285,7.6000000000000005,,,,,,,,,,,,,,,,,,,,,,,,,,,,,,,,,
2020,2,28,16,30,163,62,71.23,0.5,-4.5,64.25,285,7.1000000000000005,,,,,,,,,,,,,,,,,,,,,,,,,,,,,,,,,
2020,2,28,17,30,68,1,81.24,0.5,-5,67.68,285,6.4,,,,,,,,,,,,,,,,,,,,,,,,,,,,,,,,,
2020,2,28,18,30,1,0,92.09,0.5,-5.5,72.02,285,6,,,,,,,,,,,,,,,,,,,,,,,,,,,,,,,,,
2020,2,28,19,30,0,0,102.99000000000001,0.4,-5.6,78.28,33,2.1,,,,,,,,,,,,,,,,,,,,,,,,,,,,,,,,,
2020,2,28,20,30,0,0,113.98,0.4,-6,78.01,31,2.7,,,,,,,,,,,,,,,,,,,,,,,,,,,,,,,,,
2020,2,28,21,30,0,0,124.51,0.4,-6.6,78.95,29,3.1,,,,,,,,,,,,,,,,,,,,,,,,,,,,,,,,,
2020,2,28,22,30,0,0,133.95,0.4,-7.3,79.68,28,3.2,,,,,,,,,,,,,,,,,,,,,,,,,,,,,,,,,
2020,2,28,23,30,0,0,141.29,0.4,-8,80.81,27,2.9000000000000004,,,,,,,,,,,,,,,,,,,,,,,,,,,,,,,,,
2009,3,1,0,30,0,0,145.03,0.4,-8.7,83.65,25,2.5,,,,,,,,,,,,,,,,,,,,,,,,,,,,,,,,,
2009,3,1,1,30,0,0,143.97,0.4,-9.3,86.45,22,2.1,,,,,,,,,,,,,,,,,,,,,,,,,,,,,,,,,
2009,3,1,2,30,0,0,138.49,0.4,-9.8,88.85000000000001,14,1.9000000000000001,,,,,,,,,,,,,,,,,,,,,,,,,,,,,,,,,
2009,3,1,3,30,0,0,130.08,0.4,-10.3,91.01,185,1.9000000000000001,,,,,,,,,,,,,,,,,,,,,,,,,,,,,,,,,
2009,3,1,4,30,0,0,120.07000000000001,0.4,-10.6,91.66,356,2.2,,,,,,,,,,,,,,,,,,,,,,,,,,,,,,,,,
2009,3,1,5,30,0,0,109.27,0.4,-10.8,91.52,349,2.8000000000000003,,,,,,,,,,,,,,,,,,,,,,,,,,,,,,,,,
2009,3,1,6,30,0,0,98.18,0.4,-10.7,89.09,346,3.5,,,,,,,,,,,,,,,,,,,,,,,,,,,,,,,,,
2009,3,1,7,30,21,255,86.94,0.4,-9.7,81.53,348,4.4,,,,,,,,,,,,,,,,,,,,,,,,,,,,,,,,,
2009,3,1,8,30,58,652,76.56,0.4,-8,73.71000000000001,353,5.300000000000001,,,,,,,,,,,,,,,,,,,,,,,,,,,,,,,,,
2009,3,1,9,30,78,821,66.9,0.30000000000000004,-6.6,67.61,355,6.1000000000000005,,,,,,,,,,,,,,,,,,,,,,,,,,,,,,,,,
2009,3,1,10,30,319,190,58.660000000000004,0.30000000000000004,-5.9,65,355,6.6000000000000005,,,,,,,,,,,,,,,,,,,,,,,,,,,,,,,,,
2009,3,1,11,30,266,3,52.660000000000004,0.30000000000000004,-5.4,62.1,356,7,,,,,,,,,,,,,,,,,,,,,,,,,,,,,,,,,
2009,3,1,12,30,408,165,49.77,0.2,-5.2,59.56,357,7.2,,,,,,,,,,,,,,,,,,,,,,,,,,,,,,,,,
2009,3,1,13,30,238,1,50.550000000000004,0.2,-5.4,57.89,356,7.5,,,,,,,,,,,,,,,,,,,,,,,,,,,,,,,,,
2009,3,1,14,30,335,65,54.84,0.2,-5.8,56.050000000000004,180,7.4,,,,,,,,,,,,,,,,,,,,,,,,,,,,,,,,,
2009,3,1,15,30,77,917,61.88,0.2,-6.5,55.300000000000004,5,6.800000000000001,,,,,,,,,,,,,,,,,,,,,,,,,,,,,,,,,
2009,3,1,16,30,62,829,70.79,0.2,-7.5,56.31,8,6.4,,,,,,,,,,,,,,,,,,,,,,,,,,,,,,,,,
2009,3,1,17,30,41,620,80.84,0.2,-8.8,59.15,8,6.1000000000000005,,,,,,,,,,,,,,,,,,,,,,,,,,,,,,,,,
2009,3,1,18,30,0,0,91.71000000000001,0.2,-10,63.14,4,5.800000000000001,,,,,,,,,,,,,,,,,,,,,,,,,,,,,,,,,
2009,3,1,19,30,0,0,102.77,0.2,-10.8,65.84,181,5.7,,,,,,,,,,,,,,,,,,,,,,,,,,,,,,,,,
2009,3,1,20,30,0,0,113.76,0.2,-11.5,67.33,359,5.4,,,,,,,,,,,,,,,,,,,,,,,,,,,,,,,,,
2009,3,1,21,30,0,0,124.26,0.2,-12.1,69.47,357,5.1000000000000005,,,,,,,,,,,,,,,,,,,,,,,,,,,,,,,,,
2009,3,1,22,30,0,0,133.67000000000002,0.2,-12.7,73.14,355,5,,,,,,,,,,,,,,,,,,,,,,,,,,,,,,,,,
2009,3,1,23,30,0,0,140.96,0.2,-13.2,76.89,353,5.2,,,,,,,,,,,,,,,,,,,,,,,,,,,,,,,,,
2009,3,2,0,30,0,0,144.66,0.2,-13.6,79.88,353,5.4,,,,,,,,,,,,,,,,,,,,,,,,,,,,,,,,,
2009,3,2,1,30,0,0,143.59,0.2,-13.7,81.57000000000001,355,5.2,,,,,,,,,,,,,,,,,,,,,,,,,,,,,,,,,
2009,3,2,2,30,0,0,138.13,0.2,-13.4,81.2,358,5,,,,,,,,,,,,,,,,,,,,,,,,,,,,,,,,,
2009,3,2,3,30,0,0,129.76,0.2,-13,81.42,181,4.9,,,,,,,,,,,,,,,,,,,,,,,,,,,,,,,,,
2009,3,2,4,30,0,0,119.76,0.2,-12.7,82.33,2,4.800000000000001,,,,,,,,,,,,,,,,,,,,,,,,,,,,,,,,,
2009,3,2,5,30,0,0,108.97,0.2,-12.6,83.23,180,4.7,,,,,,,,,,,,,,,,,,,,,,,,,,,,,,,,,
2009,3,2,6,30,0,0,97.89,0.2,-12.6,83.55,358,4.9,,,,,,,,,,,,,,,,,,,,,,,,,,,,,,,,,
2009,3,2,7,30,24,282,86.65,0.2,-12.1,80.27,182,5.4,,,,,,,,,,,,,,,,,,,,,,,,,,,,,,,,,
2009,3,2,8,30,57,694,76.25,0.2,-11.3,74.15,8,5.800000000000001,,,,,,,,,,,,,,,,,,,,,,,,,,,,,,,,,
2009,3,2,9,30,241,61,66.56,0.2,-10.4,66.61,13,5.800000000000001,,,,,,,,,,,,,,,,,,,,,,,,,,,,,,,,,
2009,3,2,10,30,325,171,58.31,0.2,-9.4,61.410000000000004,14,5.6000000000000005,,,,,,,,,,,,,,,,,,,,,,,,,,,,,,,,,
2009,3,2,11,30,384,149,52.28,0.2,-8.4,58.11,11,5.4,,,,,,,,,,,,,,,,,,,,,,,,,,,,,,,,,
2009,3,2,12,30,408,179,49.38,0.2,-7.7,56.480000000000004,7,5.4,,,,,,,,,,,,,,,,,,,,,,,,,,,,,,,,,
2009,3,2,13,30,405,167,50.18,0.2,-7.4,55.9,3,5.5,,,,,,,,,,,,,,,,,,,,,,,,,,,,,,,,,
2009,3,2,14,30,357,220,54.5,0.2,-7.4,55.94,2,5.6000000000000005,,,,,,,,,,,,,,,,,,,,,,,,,,,,,,,,,
2009,3,2,15,30,295,156,61.58,0.2,-7.8,56.93,4,5.5,,,,,,,,,,,,,,,,,,,,,,,,,,,,,,,,,
2009,3,2,16,30,70,796,70.53,0.2,-8.4,58.230000000000004,5,5.300000000000001,,,,,,,,,,,,,,,,,,,,,,,,,,,,,,,,,
2009,3,2,17,30,45,587,80.60000000000001,0.2,-9.2,60.28,7,4.800000000000001,,,,,,,,,,,,,,,,,,,,,,,,,,,,,,,,,
2009,3,2,18,30,0,0,91.49,0.2,-10.1,64.49,7,4.2,,,,,,,,,,,,,,,,,,,,,,,,,,,,,,,,,
2009,3,2,19,30,0,0,102.55,0.2,-10.8,68.95,7,3.6,,,,,,,,,,,,,,,,,,,,,,,,,,,,,,,,,
2009,3,2,20,30,0,0,113.53,0.2,-11.5,73.24,5,2.9000000000000004,,,,,,,,,,,,,,,,,,,,,,,,,,,,,,,,,
2009,3,2,21,30,0,0,124.02,0.2,-12.3,77.84,181,2.5,,,,,,,,,,,,,,,,,,,,,,,,,,,,,,,,,
2009,3,2,22,30,0,0,133.39000000000001,0.2,-12.8,79.52,358,2.4000000000000004,,,,,,,,,,,,,,,,,,,,,,,,,,,,,,,,,
2009,3,2,23,30,0,0,140.63,0.2,-13.3,81.35000000000001,355,2.5,,,,,,,,,,,,,,,,,,,,,,,,,,,,,,,,,
2009,3,3,0,30,0,0,144.28,0.2,-13.7,82.95,351,2.4000000000000004,,,,,,,,,,,,,,,,,,,,,,,,,,,,,,,,,
2009,3,3,1,30,0,0,143.20000000000002,0.2,-14.3,85.63,347,2.3000000000000003,,,,,,,,,,,,,,,,,,,,,,,,,,,,,,,,,
2009,3,3,2,30,0,0,137.77,0.2,-14.7,86.46000000000001,341,2.3000000000000003,,,,,,,,,,,,,,,,,,,,,,,,,,,,,,,,,
2009,3,3,3,30,0,0,129.43,0.2,-15.1,87.15,337,2.4000000000000004,,,,,,,,,,,,,,,,,,,,,,,,,,,,,,,,,
2009,3,3,4,30,0,0,119.46000000000001,0.2,-15.4,86.81,335,2.4000000000000004,,,,,,,,,,,,,,,,,,,,,,,,,,,,,,,,,
2009,3,3,5,30,0,0,108.68,0.2,-15.7,86.2,337,2.2,,,,,,,,,,,,,,,,,,,,,,,,,,,,,,,,,
2009,3,3,6,30,0,0,97.60000000000001,0.2,-15.7,84,343,2.2,,,,,,,,,,,,,,,,,,,,,,,,,,,,,,,,,
2009,3,3,7,30,23,365,86.36,0.2,-14.4,75.93,348,2.3000000000000003,,,,,,,,,,,,,,,,,,,,,,,,,,,,,,,,,
2009,3,3,8,30,52,742,75.93,0.2,-11.8,66.94,354,2,,,,,,,,,,,,,,,,,,,,,,,,,,,,,,,,,
2009,3,3,9,30,69,883,66.23,0.2,-9.2,59.63,345,1.3,,,,,,,,,,,,,,,,,,,,,,,,,,,,,,,,,
2009,3,3,10,30,80,933,57.95,0.30000000000000004,-7.4,55.67,312,1,,,,,,,,,,,,,,,,,,,,,,,,,,,,,,,,,
2009,3,3,11,30,88,966,51.9,0.30000000000000004,-5.9,53.11,287,1.4000000000000001,,,,,,,,,,,,,,,,,,,,,,,,,,,,,,,,,
2009,3,3,12,30,88,985,48.99,0.30000000000000004,-4.5,50.81,280,1.8,,,,,,,,,,,,,,,,,,,,,,,,,,,,,,,,,
2009,3,3,13,30,99,955,49.81,0.30000000000000004,-3.5,49,280,1.9000000000000001,,,,,,,,,,,,,,,,,,,,,,,,,,,,,,,,,
2009,3,3,14,30,101,915,54.17,0.30000000000000004,-3,47.52,280,1.6,,,,,,,,,,,,,,,,,,,,,,,,,,,,,,,,,
2009,3,3,15,30,297,158,61.29,0.30000000000000004,-3,46.730000000000004,277,1.5,,,,,,,,,,,,,,,,,,,,,,,,,,,,,,,,,
2009,3,3,16,30,78,748,70.27,0.30000000000000004,-3.4,47.79,275,1.4000000000000001,,,,,,,,,,,,,,,,,,,,,,,,,,,,,,,,,
2009,3,3,17,30,51,526,80.38,0.30000000000000004,-4.2,58.21,273,0.9,,,,,,,,,,,,,,,,,,,,,,,,,,,,,,,,,
2009,3,3,18,30,0,0,91.27,0.30000000000000004,-4.8,68.66,272,0.6000000000000001,,,,,,,,,,,,,,,,,,,,,,,,,,,,,,,,,
2009,3,3,19,30,0,0,102.34,0.30000000000000004,-5.1,62.690000000000005,270,0.6000000000000001,,,,,,,,,,,,,,,,,,,,,,,,,,,,,,,,,
2009,3,3,20,30,0,0,113.31,0.4,-5.5,61.36,265,0.6000000000000001,,,,,,,,,,,,,,,,,,,,,,,,,,,,,,,,,
2009,3,3,21,30,0,0,123.77,0.4,-6,61.02,247,0.6000000000000001,,,,,,,,,,,,,,,,,,,,,,,,,,,,,,,,,
2009,3,3,22,30,0,0,133.1,0.30000000000000004,-6.7,61.21,219,0.7000000000000001,,,,,,,,,,,,,,,,,,,,,,,,,,,,,,,,,
2009,3,3,23,30,0,0,140.29,0.30000000000000004,-7.4,64.58,201,0.9,,,,,,,,,,,,,,,,,,,,,,,,,,,,,,,,,
2009,3,4,0,30,0,0,143.9,0.30000000000000004,-8.3,67.25,197,1.1,,,,,,,,,,,,,,,,,,,,,,,,,,,,,,,,,
2009,3,4,1,30,0,0,142.82,0.30000000000000004,-9.2,69.45,202,1.2000000000000002,,,,,,,,,,,,,,,,,,,,,,,,,,,,,,,,,
2009,3,4,2,30,0,0,137.41,0.30000000000000004,-9.9,71.95,210,1.3,,,,,,,,,,,,,,,,,,,,,,,,,,,,,,,,,
2009,3,4,3,30,0,0,129.09,0.30000000000000004,-10.4,74.07000000000001,216,1.3,,,,,,,,,,,,,,,,,,,,,,,,,,,,,,,,,
2009,3,4,4,30,0,0,119.14,0.30000000000000004,-10.9,76.29,218,1.4000000000000001,,,,,,,,,,,,,,,,,,,,,,,,,,,,,,,,,
2009,3,4,5,30,0,0,108.38,0.30000000000000004,-11.4,78.69,216,1.4000000000000001,,,,,,,,,,,,,,,,,,,,,,,,,,,,,,,,,
2009,3,4,6,30,0,0,97.3,0.30000000000000004,-11.2,76.87,209,1.4000000000000001,,,,,,,,,,,,,,,,,,,,,,,,,,,,,,,,,
2009,3,4,7,30,24,352,86.08,0.4,-9.1,68.85000000000001,201,2.2,,,,,,,,,,,,,,,,,,,,,,,,,,,,,,,,,
2009,3,4,8,30,54,714,75.62,0.4,-5.9,60.32,194,3.1,,,,,,,,,,,,,,,,,,,,,,,,,,,,,,,,,
2009,3,4,9,30,70,856,65.89,0.4,-3.2,52.18,192,3.2,,,,,,,,,,,,,,,,,,,,,,,,,,,,,,,,,
2009,3,4,10,30,79,919,57.59,0.5,-1.1,46.160000000000004,190,3.1,,,,,,,,,,,,,,,,,,,,,,,,,,,,,,,,,
2009,3,4,11,30,87,952,51.52,0.5,0.4,44.76,187,3,,,,,,,,,,,,,,,,,,,,,,,,,,,,,,,,,
2009,3,4,12,30,94,950,48.61,0.6000000000000001,1.4000000000000001,44.7,185,3,,,,,,,,,,,,,,,,,,,,,,,,,,,,,,,,,
2009,3,4,13,30,101,927,49.44,0.6000000000000001,2,44.99,184,2.9000000000000004,,,,,,,,,,,,,,,,,,,,,,,,,,,,,,,,,
2009,3,4,14,30,96,897,53.84,0.7000000000000001,2.3000000000000003,45.81,181,2.8000000000000003,,,,,,,,,,,,,,,,,,,,,,,,,,,,,,,,,
2009,3,4,15,30,202,394,61,0.7000000000000001,2.1,48.050000000000004,176,2.7,,,,,,,,,,,,,,,,,,,,,,,,,,,,,,,,,
2009,3,4,16,30,149,358,70.02,0.8,1.1,54.550000000000004,169,2.2,,,,,,,,,,,,,,,,,,,,,,,,,,,,,,,,,
2009,3,4,17,30,47,537,80.15,0.8,-0.8,75.24,161,1.8,,,,,,,,,,,,,,,,,,,,,,,,,,,,,,,,,
2009,3,4,18,30,0,0,91.05,0.9,-2.1,76.17,156,2,,,,,,,,,,,,,,,,,,,,,,,,,,,,,,,,,
2009,3,4,19,30,0,0,102.12,0.9,-2.5,76.19,155,2.2,,,,,,,,,,,,,,,,,,,,,,,,,,,,,,,,,
2009,3,4,20,30,0,0,113.08,0.9,-3,77.12,155,2.3000000000000003,,,,,,,,,,,,,,,,,,,,,,,,,,,,,,,,,
2009,3,4,21,30,0,0,123.52,0.9,-3.4,77.62,154,2.5,,,,,,,,,,,,,,,,,,,,,,,,,,,,,,,,,
2009,3,4,22,30,0,0,132.82,0.8,-3.9,78.78,153,2.7,,,,,,,,,,,,,,,,,,,,,,,,,,,,,,,,,
2009,3,4,23,30,0,0,139.96,0.8,-4.2,80.3,155,2.8000000000000003,,,,,,,,,,,,,,,,,,,,,,,,,,,,,,,,,
2009,3,5,0,30,0,0,143.52,0.9,-4.4,82.53,158,2.9000000000000004,,,,,,,,,,,,,,,,,,,,,,,,,,,,,,,,,
2009,3,5,1,30,0,0,142.43,0.9,-4.6,85.53,162,3,,,,,,,,,,,,,,,,,,,,,,,,,,,,,,,,,
2009,3,5,2,30,0,0,137.04,0.9,-4.9,89.44,163,2.9000000000000004,,,,,,,,,,,,,,,,,,,,,,,,,,,,,,,,,
2009,3,5,3,30,0,0,128.76,1,-5.1,92.58,163,2.9000000000000004,,,,,,,,,,,,,,,,,,,,,,,,,,,,,,,,,
2009,3,5,4,30,0,0,118.83,1,-5.1,93.89,162,3.1,,,,,,,,,,,,,,,,,,,,,,,,,,,,,,,,,
2009,3,5,5,30,0,0,108.08,1,-4.9,94.07000000000001,162,3.4000000000000004,,,,,,,,,,,,,,,,,,,,,,,,,,,,,,,,,
2009,3,5,6,30,0,0,97,1.1,-4.3,91.82000000000001,162,4,,,,,,,,,,,,,,,,,,,,,,,,,,,,,,,,,
2009,3,5,7,30,18,0,85.79,1.3,-2.7,84.8,163,4.800000000000001,,,,,,,,,,,,,,,,,,,,,,,,,,,,,,,,,
2009,3,5,8,30,7,0,75.31,1.4000000000000001,-0.3,78.13,165,5.300000000000001,,,,,,,,,,,,,,,,,,,,,,,,,,,,,,,,,
2009,3,5,9,30,63,0,65.56,1.5,2.5,72.84,172,5.6000000000000005,,,,,,,,,,,,,,,,,,,,,,,,,,,,,,,,,
2009,3,5,10,30,157,0,57.22,1.6,4.7,71.47,183,6.2,,,,,,,,,,,,,,,,,,,,,,,,,,,,,,,,,
2009,3,5,11,30,131,0,51.13,1.8,5.6000000000000005,73.17,190,6.6000000000000005,,,,,,,,,,,,,,,,,,,,,,,,,,,,,,,,,
2009,3,5,12,30,339,58,48.22,1.9000000000000001,6.1000000000000005,74.95,191,6.9,,,,,,,,,,,,,,,,,,,,,,,,,,,,,,,,,
2009,3,5,13,30,268,2,49.07,1.9000000000000001,6.7,74.76,191,7.2,,,,,,,,,,,,,,,,,,,,,,,,,,,,,,,,,
2009,3,5,14,30,351,143,53.51,2.1,7.7,73.15,190,7.300000000000001,,,,,,,,,,,,,,,,,,,,,,,,,,,,,,,,,
2009,3,5,15,30,189,3,60.71,2.4000000000000004,8.3,75.11,187,6.9,,,,,,,,,,,,,,,,,,,,,,,,,,,,,,,,,
2009,3,5,16,30,176,142,69.76,2.6,7.9,82.42,185,6.1000000000000005,,,,,,,,,,,,,,,,,,,,,,,,,,,,,,,,,
2009,3,5,17,30,3,0,79.92,2.5,7.5,88.71000000000001,187,5.6000000000000005,,,,,,,,,,,,,,,,,,,,,,,,,,,,,,,,,
2009,3,5,18,30,0,0,90.83,2.4000000000000004,8.1,91.14,198,6.2,,,,,,,,,,,,,,,,,,,,,,,,,,,,,,,,,
2009,3,5,19,30,0,0,101.9,2.2,8.700000000000001,95.47,208,6.800000000000001,,,,,,,,,,,,,,,,,,,,,,,,,,,,,,,,,
2009,3,5,20,30,0,0,112.85000000000001,2.1,8.8,98.13,214,6.7,,,,,,,,,,,,,,,,,,,,,,,,,,,,,,,,,
2009,3,5,21,30,0,0,123.27,1.9000000000000001,8.8,99.86,219,6.5,,,,,,,,,,,,,,,,,,,,,,,,,,,,,,,,,
2009,3,5,22,30,0,0,132.53,1.8,8.8,100,222,6.300000000000001,,,,,,,,,,,,,,,,,,,,,,,,,,,,,,,,,
2009,3,5,23,30,0,0,139.62,1.8,9.1,100,227,6.4,,,,,,,,,,,,,,,,,,,,,,,,,,,,,,,,,
2009,3,6,0,30,0,0,143.14000000000001,1.9000000000000001,9.4,100,231,6.5,,,,,,,,,,,,,,,,,,,,,,,,,,,,,,,,,
2009,3,6,1,30,0,0,142.04,2.2,9.600000000000001,100,232,6.4,,,,,,,,,,,,,,,,,,,,,,,,,,,,,,,,,
2009,3,6,2,30,0,0,136.67000000000002,2.4000000000000004,9.8,100,232,6.300000000000001,,,,,,,,,,,,,,,,,,,,,,,,,,,,,,,,,
2009,3,6,3,30,0,0,128.42000000000002,2.5,10,100,232,6.300000000000001,,,,,,,,,,,,,,,,,,,,,,,,,,,,,,,,,
2009,3,6,4,30,0,0,118.51,2.3000000000000003,10,100,233,6.300000000000001,,,,,,,,,,,,,,,,,,,,,,,,,,,,,,,,,
2009,3,6,5,30,0,0,107.77,2,9.8,100,234,6,,,,,,,,,,,,,,,,,,,,,,,,,,,,,,,,,
2009,3,6,6,30,0,0,96.7,1.8,10,100,232,5.9,,,,,,,,,,,,,,,,,,,,,,,,,,,,,,,,,
2009,3,6,7,30,32,175,85.5,1.8,10.9,97.63,229,6.1000000000000005,,,,,,,,,,,,,,,,,,,,,,,,,,,,,,,,,
2009,3,6,8,30,55,0,74.99,1.7000000000000002,12.4,91.96000000000001,228,6.5,,,,,,,,,,,,,,,,,,,,,,,,,,,,,,,,,
2009,3,6,9,30,62,0,65.22,1.8,14,88.52,234,7.1000000000000005,,,,,,,,,,,,,,,,,,,,,,,,,,,,,,,,,
2009,3,6,10,30,63,0,56.86,1.8,15.4,84.95,243,7.4,,,,,,,,,,,,,,,,,,,,,,,,,,,,,,,,,
2009,3,6,11,30,361,220,50.75,1.8,16.7,80.44,251,7.4,,,,,,,,,,,,,,,,,,,,,,,,,,,,,,,,,
2009,3,6,12,30,392,122,47.83,1.7000000000000002,17.6,75.22,260,7.2,,,,,,,,,,,,,,,,,,,,,,,,,,,,,,,,,
2009,3,6,13,30,109,872,48.7,1.6,17.900000000000002,68.92,270,6.800000000000001,,,,,,,,,,,,,,,,,,,,,,,,,,,,,,,,,
2009,3,6,14,30,100,864,53.18,1.4000000000000001,17.400000000000002,64.63,279,6.300000000000001,,,,,,,,,,,,,,,,,,,,,,,,,,,,,,,,,
2009,3,6,15,30,89,823,60.42,1.2000000000000002,16.2,63.550000000000004,288,5.5,,,,,,,,,,,,,,,,,,,,,,,,,,,,,,,,,
2009,3,6,16,30,79,707,69.51,1.1,13.600000000000001,71.21000000000001,298,4,,,,,,,,,,,,,,,,,,,,,,,,,,,,,,,,,
2009,3,6,17,30,52,504,79.69,1,9.8,88.25,306,2.8000000000000003,,,,,,,,,,,,,,,,,,,,,,,,,,,,,,,,,
2009,3,6,18,30,0,0,90.04,0.9,6.800000000000001,93.53,313,2.4000000000000004,,,,,,,,,,,,,,,,,,,,,,,,,,,,,,,,,
2009,3,6,19,30,0,0,101.68,0.9,5.4,95.97,321,2.2,,,,,,,,,,,,,,,,,,,,,,,,,,,,,,,,,
2009,3,6,20,30,0,0,112.63,1,4.5,99.31,330,2.1,,,,,,,,,,,,,,,,,,,,,,,,,,,,,,,,,
2009,3,6,21,30,0,0,123.02,1,3.4000000000000004,100,336,1.9000000000000001,,,,,,,,,,,,,,,,,,,,,,,,,,,,,,,,,
2009,3,6,22,30,0,0,132.24,1,2.2,100,345,1.7000000000000002,,,,,,,,,,,,,,,,,,,,,,,,,,,,,,,,,
2009,3,6,23,30,0,0,139.28,1,1.4000000000000001,100,183,1.6,,,,,,,,,,,,,,,,,,,,,,,,,,,,,,,,,
2009,3,7,0,30,0,0,142.76,1,0.9,100,29,1.5,,,,,,,,,,,,,,,,,,,,,,,,,,,,,,,,,
2009,3,7,1,30,0,0,141.65,1.1,0.7000000000000001,100,57,1.4000000000000001,,,,,,,,,,,,,,,,,,,,,,,,,,,,,,,,,
2009,3,7,2,30,0,0,136.3,1.2000000000000002,0.8,100,84,1.5,,,,,,,,,,,,,,,,,,,,,,,,,,,,,,,,,
2009,3,7,3,30,0,0,128.07,1.3,1,100,104,1.8,,,,,,,,,,,,,,,,,,,,,,,,,,,,,,,,,
2009,3,7,4,30,0,0,118.19,1.5,1.5,100,117,2.3000000000000003,,,,,,,,,,,,,,,,,,,,,,,,,,,,,,,,,
2009,3,7,5,30,0,0,107.46000000000001,1.6,1.9000000000000001,100,128,2.9000000000000004,,,,,,,,,,,,,,,,,,,,,,,,,,,,,,,,,
2009,3,7,6,30,0,0,96.4,1.8,2.1,100,135,3.2,,,,,,,,,,,,,,,,,,,,,,,,,,,,,,,,,
2009,3,7,7,30,9,0,85.19,2.1,2.7,96.86,139,3.2,,,,,,,,,,,,,,,,,,,,,,,,,,,,,,,,,
2009,3,7,8,30,4,0,74.67,2.4000000000000004,3.9000000000000004,92.96000000000001,136,3.1,,,,,,,,,,,,,,,,,,,,,,,,,,,,,,,,,
2009,3,7,9,30,8,0,64.87,2.6,5.6000000000000005,90.04,122,2.7,,,,,,,,,,,,,,,,,,,,,,,,,,,,,,,,,
2009,3,7,10,30,149,3,56.49,2.9000000000000004,7.300000000000001,89.68,113,2,,,,,,,,,,,,,,,,,,,,,,,,,,,,,,,,,
2009,3,7,11,30,259,24,50.36,3,8.5,90.92,76,1.5,,,,,,,,,,,,,,,,,,,,,,,,,,,,,,,,,
2009,3,7,12,30,36,0,47.44,3,9.4,91.98,191,2.1,,,,,,,,,,,,,,,,,,,,,,,,,,,,,,,,,
2009,3,7,13,30,39,0,48.33,2.9000000000000004,9.4,98.28,175,3.7,,,,,,,,,,,,,,,,,,,,,,,,,,,,,,,,,
2009,3,7,14,30,16,0,52.85,2.8000000000000003,8.4,99.83,28,4.2,,,,,,,,,,,,,,,,,,,,,,,,,,,,,,,,,
2009,3,7,15,30,85,0,60.14,2.8000000000000003,7.7,95.28,64,3.6,,,,,,,,,,,,,,,,,,,,,,,,,,,,,,,,,
2009,3,7,16,30,84,2,69.25,2.9000000000000004,7.1000000000000005,95.56,82,2.4000000000000004,,,,,,,,,,,,,,,,,,,,,,,,,,,,,,,,,
2009,3,7,17,30,12,0,79.46000000000001,2.9000000000000004,6.4,100,221,2,,,,,,,,,,,,,,,,,,,,,,,,,,,,,,,,,
2009,3,7,18,30,0,0,89.86,2.8000000000000003,5.5,100,357,3.5,,,,,,,,,,,,,,,,,,,,,,,,,,,,,,,,,
2009,3,7,19,30,0,0,101.47,2.7,4.5,100,182,4.5,,,,,,,,,,,,,,,,,,,,,,,,,,,,,,,,,
2009,3,7,20,30,0,0,112.4,2.6,3.3000000000000003,100,4,4.1000000000000005,,,,,,,,,,,,,,,,,,,,,,,,,,,,,,,,,
2009,3,7,21,30,0,0,122.77,2.5,2.5,98.07000000000001,4,3.5,,,,,,,,,,,,,,,,,,,,,,,,,,,,,,,,,
2009,3,7,22,30,0,0,131.95,2.3000000000000003,2,97.07000000000001,5,3,,,,,,,,,,,,,,,,,,,,,,,,,,,,,,,,,
2009,3,7,23,30,0,0,138.94,2.2,1.7000000000000002,97.13,3,2.9000000000000004,,,,,,,,,,,,,,,,,,,,,,,,,,,,,,,,,
2009,3,8,0,30,0,0,142.38,2,1.4000000000000001,98.12,5,2.7,,,,,,,,,,,,,,,,,,,,,,,,,,,,,,,,,
2009,3,8,1,30,0,0,141.25,1.9000000000000001,1.3,98.09,12,2.4000000000000004,,,,,,,,,,,,,,,,,,,,,,,,,,,,,,,,,
2009,3,8,2,30,0,0,135.93,1.8,1.1,98.93,23,2.3000000000000003,,,,,,,,,,,,,,,,,,,,,,,,,,,,,,,,,
2009,3,8,3,30,0,0,127.73,1.7000000000000002,1.1,98.46000000000001,37,2.3000000000000003,,,,,,,,,,,,,,,,,,,,,,,,,,,,,,,,,
2009,3,8,4,30,0,0,117.87,1.7000000000000002,1.1,98.24000000000001,50,2.5,,,,,,,,,,,,,,,,,,,,,,,,,,,,,,,,,
2009,3,8,5,30,0,0,107.15,1.7000000000000002,1.1,98.11,63,3,,,,,,,,,,,,,,,,,,,,,,,,,,,,,,,,,
2009,3,8,6,30,0,0,96.09,1.8,1.1,97.56,76,3.5,,,,,,,,,,,,,,,,,,,,,,,,,,,,,,,,,
2009,3,8,7,30,13,0,84.89,2,1.4000000000000001,95.85000000000001,82,4.4,,,,,,,,,,,,,,,,,,,,,,,,,,,,,,,,,
2009,3,8,8,30,9,0,74.34,2.2,1.7000000000000002,94.25,76,4.9,,,,,,,,,,,,,,,,,,,,,,,,,,,,,,,,,
2009,3,8,9,30,11,0,64.53,2.3000000000000003,2,93.15,71,5.1000000000000005,,,,,,,,,,,,,,,,,,,,,,,,,,,,,,,,,
2009,3,8,10,30,57,0,56.120000000000005,2.3000000000000003,2.3000000000000003,92.15,78,5.7,,,,,,,,,,,,,,,,,,,,,,,,,,,,,,,,,
2009,3,8,11,30,66,0,49.97,2.3000000000000003,2.9000000000000004,89.78,84,6.5,,,,,,,,,,,,,,,,,,,,,,,,,,,,,,,,,
2009,3,8,12,30,252,17,47.04,2.3000000000000003,3.9000000000000004,87.97,88,7,,,,,,,,,,,,,,,,,,,,,,,,,,,,,,,,,
2009,3,8,13,30,30,0,47.96,2.5,4.6000000000000005,87.94,95,7.1000000000000005,,,,,,,,,,,,,,,,,,,,,,,,,,,,,,,,,
2009,3,8,14,30,108,1,52.52,2.5,4.6000000000000005,90.49,98,7.4,,,,,,,,,,,,,,,,,,,,,,,,,,,,,,,,,
2009,3,8,15,30,93,1,59.85,2.6,4.2,93.93,98,8.1,,,,,,,,,,,,,,,,,,,,,,,,,,,,,,,,,
2009,3,8,16,30,7,0,69,2.8000000000000003,3.9000000000000004,94.84,103,8.3,,,,,,,,,,,,,,,,,,,,,,,,,,,,,,,,,
2009,3,8,17,30,3,0,79.23,2.6,5,88.44,128,7,,,,,,,,,,,,,,,,,,,,,,,,,,,,,,,,,
2009,3,8,18,30,0,0,89.69,2,7.800000000000001,91.79,186,5.9,,,,,,,,,,,,,,,,,,,,,,,,,,,,,,,,,
2009,3,8,19,30,0,0,101.25,1.4000000000000001,8.700000000000001,100,234,6.800000000000001,,,,,,,,,,,,,,,,,,,,,,,,,,,,,,,,,
2009,3,8,20,30,0,0,112.17,1.4000000000000001,7.300000000000001,97.82000000000001,239,8,,,,,,,,,,,,,,,,,,,,,,,,,,,,,,,,,
2009,3,8,21,30,0,0,122.52,1.5,5.9,94.96000000000001,234,8.4,,,,,,,,,,,,,,,,,,,,,,,,,,,,,,,,,
2009,3,8,22,30,0,0,131.66,1.5,4.800000000000001,97.09,241,8.8,,,,,,,,,,,,,,,,,,,,,,,,,,,,,,,,,
2009,3,8,23,30,0,0,138.6,1.6,3.3000000000000003,100,264,9,,,,,,,,,,,,,,,,,,,,,,,,,,,,,,,,,
2009,3,9,0,30,0,0,141.99,1.4000000000000001,1.5,100,294,9.4,,,,,,,,,,,,,,,,,,,,,,,,,,,,,,,,,
2009,3,9,1,30,0,0,140.86,1.2000000000000002,-0.1,96.99000000000001,310,9.600000000000001,,,,,,,,,,,,,,,,,,,,,,,,,,,,,,,,,
2009,3,9,2,30,0,0,135.56,1,-1.3,93.59,312,8.9,,,,,,,,,,,,,,,,,,,,,,,,,,,,,,,,,
2009,3,9,3,30,0,0,127.38000000000001,0.9,-2.2,91.72,313,8,,,,,,,,,,,,,,,,,,,,,,,,,,,,,,,,,
2009,3,9,4,30,0,0,117.54,0.8,-2.9,90.81,314,7.2,,,,,,,,,,,,,,,,,,,,,,,,,,,,,,,,,
2009,3,9,5,30,0,0,106.84,0.8,-3.2,90.13,315,6.2,,,,,,,,,,,,,,,,,,,,,,,,,,,,,,,,,
2009,3,9,6,30,0,0,95.78,0.8,-3.1,88.66,316,5.4,,,,,,,,,,,,,,,,,,,,,,,,,,,,,,,,,
2009,3,9,7,30,18,0,84.58,0.8,-2,83.24,321,5.2,,,,,,,,,,,,,,,,,,,,,,,,,,,,,,,,,
2009,3,9,8,30,58,707,74.02,0.7000000000000001,0.1,75.10000000000001,329,5,,,,,,,,,,,,,,,,,,,,,,,,,,,,,,,,,
2009,3,9,9,30,194,9,64.18,0.7000000000000001,2.2,69.71000000000001,331,4.4,,,,,,,,,,,,,,,,,,,,,,,,,,,,,,,,,
2009,3,9,10,30,186,0,55.75,0.7000000000000001,4.1000000000000005,66.01,334,3.7,,,,,,,,,,,,,,,,,,,,,,,,,,,,,,,,,
2009,3,9,11,30,335,43,49.58,0.7000000000000001,5.6000000000000005,63.86,339,2.8000000000000003,,,,,,,,,,,,,,,,,,,,,,,,,,,,,,,,,
2009,3,9,12,30,372,82,46.65,0.7000000000000001,6.800000000000001,62.71,340,1.9000000000000001,,,,,,,,,,,,,,,,,,,,,,,,,,,,,,,,,
2009,3,9,13,30,391,251,47.59,0.7000000000000001,7.5,62.32,330,1,,,,,,,,,,,,,,,,,,,,,,,,,,,,,,,,,
2009,3,9,14,30,96,909,52.19,0.7000000000000001,7.800000000000001,62.160000000000004,279,0.6000000000000001,,,,,,,,,,,,,,,,,,,,,,,,,,,,,,,,,
2009,3,9,15,30,87,852,59.56,0.8,7.6000000000000005,63.63,222,0.7000000000000001,,,,,,,,,,,,,,,,,,,,,,,,,,,,,,,,,
2009,3,9,16,30,182,225,68.75,0.8,6.6000000000000005,67.82000000000001,194,0.7000000000000001,,,,,,,,,,,,,,,,,,,,,,,,,,,,,,,,,
2009,3,9,17,30,99,32,79,0.8,4.9,85.07000000000001,171,0.8,,,,,,,,,,,,,,,,,,,,,,,,,,,,,,,,,
2009,3,9,18,30,0,0,89.48,0.8,3.5,84.71000000000001,155,1,,,,,,,,,,,,,,,,,,,,,,,,,,,,,,,,,
2009,3,9,19,30,0,0,101.03,0.9,2.6,88.78,145,1.3,,,,,,,,,,,,,,,,,,,,,,,,,,,,,,,,,
2009,3,9,20,30,0,0,111.95,0.9,2,90.57000000000001,140,1.7000000000000002,,,,,,,,,,,,,,,,,,,,,,,,,,,,,,,,,
2009,3,9,21,30,0,0,122.27,0.9,1.5,90.56,140,2.4000000000000004,,,,,,,,,,,,,,,,,,,,,,,,,,,,,,,,,
2009,3,9,22,30,0,0,131.37,1,0.9,90.8,142,3,,,,,,,,,,,,,,,,,,,,,,,,,,,,,,,,,
2009,3,9,23,30,0,0,138.26,1,0.30000000000000004,91.55,138,3.5,,,,,,,,,,,,,,,,,,,,,,,,,,,,,,,,,
2009,3,10,0,30,0,0,141.61,1,-0.3,93.03,134,3.4000000000000004,,,,,,,,,,,,,,,,,,,,,,,,,,,,,,,,,
2009,3,10,1,30,0,0,140.46,1.1,-0.7,94.3,133,3.3000000000000003,,,,,,,,,,,,,,,,,,,,,,,,,,,,,,,,,
2009,3,10,2,30,0,0,135.18,1.3,-0.7,93.83,129,3.9000000000000004,,,,,,,,,,,,,,,,,,,,,,,,,,,,,,,,,
2009,3,10,3,30,0,0,127.03,1.5,-0.6,93.69,123,4.4,,,,,,,,,,,,,,,,,,,,,,,,,,,,,,,,,
2009,3,10,4,30,0,0,117.22,1.7000000000000002,-0.4,93.56,122,4.2,,,,,,,,,,,,,,,,,,,,,,,,,,,,,,,,,
2009,3,10,5,30,0,0,106.53,1.9000000000000001,-0.2,93.95,124,3.9000000000000004,,,,,,,,,,,,,,,,,,,,,,,,,,,,,,,,,
2009,3,10,6,30,0,0,95.47,2.2,0.2,93.47,121,3.7,,,,,,,,,,,,,,,,,,,,,,,,,,,,,,,,,
2009,3,10,7,30,5,0,84.27,2.4000000000000004,0.8,92.73,114,4.3,,,,,,,,,,,,,,,,,,,,,,,,,,,,,,,,,
2009,3,10,8,30,12,0,73.69,2.6,1.3,92.92,111,5.2,,,,,,,,,,,,,,,,,,,,,,,,,,,,,,,,,
2009,3,10,9,30,30,0,63.84,2.7,1.8,93.09,112,5.5,,,,,,,,,,,,,,,,,,,,,,,,,,,,,,,,,
2009,3,10,10,30,23,0,55.38,2.8000000000000003,2.2,93.41,114,5.6000000000000005,,,,,,,,,,,,,,,,,,,,,,,,,,,,,,,,,
2009,3,10,11,30,56,0,49.19,2.7,3.3000000000000003,89.61,122,5.9,,,,,,,,,,,,,,,,,,,,,,,,,,,,,,,,,
2009,3,10,12,30,50,0,46.25,2.7,4.6000000000000005,89.85000000000001,135,5.6000000000000005,,,,,,,,,,,,,,,,,,,,,,,,,,,,,,,,,
2009,3,10,13,30,128,1,47.22,2.7,5.9,89.69,149,4.3,,,,,,,,,,,,,,,,,,,,,,,,,,,,,,,,,
2009,3,10,14,30,140,3,51.86,2.7,7.6000000000000005,89.78,174,3,,,,,,,,,,,,,,,,,,,,,,,,,,,,,,,,,
2009,3,10,15,30,61,0,59.27,2.9000000000000004,9.200000000000001,93.84,203,2.3000000000000003,,,,,,,,,,,,,,,,,,,,,,,,,,,,,,,,,
2009,3,10,16,30,45,0,68.5,3.2,9.600000000000001,100,217,1.8,,,,,,,,,,,,,,,,,,,,,,,,,,,,,,,,,
2009,3,10,17,30,7,0,78.78,3.3000000000000003,9.4,100,221,1.6,,,,,,,,,,,,,,,,,,,,,,,,,,,,,,,,,
2009,3,10,18,30,0,0,89.31,3.4000000000000004,9.600000000000001,100,237,1.6,,,,,,,,,,,,,,,,,,,,,,,,,,,,,,,,,
2009,3,10,19,30,0,0,100.82000000000001,3.5,10,100,258,1.2000000000000002,,,,,,,,,,,,,,,,,,,,,,,,,,,,,,,,,
2009,3,10,20,30,0,0,111.72,3.6,9.700000000000001,100,209,1.1,,,,,,,,,,,,,,,,,,,,,,,,,,,,,,,,,
2009,3,10,21,30,0,0,122.01,3.7,9.3,100,156,1.9000000000000001,,,,,,,,,,,,,,,,,,,,,,,,,,,,,,,,,
2009,3,10,22,30,0,0,131.08,3.7,10.9,100,177,4.2,,,,,,,,,,,,,,,,,,,,,,,,,,,,,,,,,
2009,3,10,23,30,0,0,137.91,3.4000000000000004,12.4,100,226,7.4,,,,,,,,,,,,,,,,,,,,,,,,,,,,,,,,,
2009,3,11,0,30,0,0,141.22,2.7,9.4,100,262,9.200000000000001,,,,,,,,,,,,,,,,,,,,,,,,,,,,,,,,,
2009,3,11,1,30,0,0,140.07,1.8,5.300000000000001,98.06,265,9,,,,,,,,,,,,,,,,,,,,,,,,,,,,,,,,,
2009,3,11,2,30,0,0,134.8,1.1,3.2,91.81,264,8.8,,,,,,,,,,,,,,,,,,,,,,,,,,,,,,,,,
2009,3,11,3,30,0,0,126.68,0.7000000000000001,1.3,89.26,263,9.200000000000001,,,,,,,,,,,,,,,,,,,,,,,,,,,,,,,,,
2009,3,11,4,30,0,0,116.89,0.5,-0.5,84.86,261,9.200000000000001,,,,,,,,,,,,,,,,,,,,,,,,,,,,,,,,,
2009,3,11,5,30,0,0,106.21000000000001,0.5,-2.1,80.77,262,9.200000000000001,,,,,,,,,,,,,,,,,,,,,,,,,,,,,,,,,
2009,3,11,6,30,0,0,95.16,0.4,-3.3,76.76,265,9.4,,,,,,,,,,,,,,,,,,,,,,,,,,,,,,,,,
2009,3,11,7,30,33,443,83.96000000000001,0.4,-3.6,69.85000000000001,268,9.700000000000001,,,,,,,,,,,,,,,,,,,,,,,,,,,,,,,,,
2009,3,11,8,30,121,4,73.36,0.4,-3,63.980000000000004,272,10,,,,,,,,,,,,,,,,,,,,,,,,,,,,,,,,,
2009,3,11,9,30,235,26,63.49,0.30000000000000004,-2.1,60.800000000000004,275,10,,,,,,,,,,,,,,,,,,,,,,,,,,,,,,,,,
2009,3,11,10,30,83,955,55.01,0.30000000000000004,-1.3,59.38,279,9.9,,,,,,,,,,,,,,,,,,,,,,,,,,,,,,,,,
2009,3,11,11,30,87,989,48.79,0.30000000000000004,-0.6,58.22,281,9.8,,,,,,,,,,,,,,,,,,,,,,,,,,,,,,,,,
2009,3,11,12,30,88,1004,45.86,0.30000000000000004,-0.1,57.47,282,9.700000000000001,,,,,,,,,,,,,,,,,,,,,,,,,,,,,,,,,
2009,3,11,13,30,102,970,46.85,0.30000000000000004,0,57.480000000000004,283,9.5,,,,,,,,,,,,,,,,,,,,,,,,,,,,,,,,,
2009,3,11,14,30,94,955,51.53,0.30000000000000004,-0.3,58.63,284,9.1,,,,,,,,,,,,,,,,,,,,,,,,,,,,,,,,,
2009,3,11,15,30,86,907,58.99,0.30000000000000004,-0.9,60.32,286,8.6,,,,,,,,,,,,,,,,,,,,,,,,,,,,,,,,,
2009,3,11,16,30,75,810,68.24,0.30000000000000004,-1.9,63.25,288,7.800000000000001,,,,,,,,,,,,,,,,,,,,,,,,,,,,,,,,,
2009,3,11,17,30,54,609,78.55,0.30000000000000004,-3,66.76,291,6.6000000000000005,,,,,,,,,,,,,,,,,,,,,,,,,,,,,,,,,
2009,3,11,18,30,0,0,89.09,0.30000000000000004,-3.6,69.35000000000001,293,5.6000000000000005,,,,,,,,,,,,,,,,,,,,,,,,,,,,,,,,,
2009,3,11,19,30,0,0,100.60000000000001,0.30000000000000004,-3.9,71.37,294,5.1000000000000005,,,,,,,,,,,,,,,,,,,,,,,,,,,,,,,,,
2009,3,11,20,30,0,0,111.49000000000001,0.30000000000000004,-4,71.51,296,4.9,,,,,,,,,,,,,,,,,,,,,,,,,,,,,,,,,
2009,3,11,21,30,0,0,121.76,0.30000000000000004,-4.2,71.98,299,4.7,,,,,,,,,,,,,,,,,,,,,,,,,,,,,,,,,
2009,3,11,22,30,0,0,130.78,0.30000000000000004,-4.6,72.32000000000001,303,4.7,,,,,,,,,,,,,,,,,,,,,,,,,,,,,,,,,
2009,3,11,23,30,0,0,137.57,0.30000000000000004,-4.9,71.61,308,4.7,,,,,,,,,,,,,,,,,,,,,,,,,,,,,,,,,
2009,3,12,0,30,0,0,140.83,0.30000000000000004,-5.3,70.69,313,4.7,,,,,,,,,,,,,,,,,,,,,,,,,,,,,,,,,
2009,3,12,1,30,0,0,139.67000000000002,0.30000000000000004,-5.5,69.06,317,4.6000000000000005,,,,,,,,,,,,,,,,,,,,,,,,,,,,,,,,,
2009,3,12,2,30,0,0,134.42000000000002,0.30000000000000004,-5.8,69.04,322,4.4,,,,,,,,,,,,,,,,,,,,,,,,,,,,,,,,,
2009,3,12,3,30,0,0,126.33,0.30000000000000004,-6,68.36,324,4.1000000000000005,,,,,,,,,,,,,,,,,,,,,,,,,,,,,,,,,
2009,3,12,4,30,0,0,116.56,0.30000000000000004,-6.2,67.53,324,4,,,,,,,,,,,,,,,,,,,,,,,,,,,,,,,,,
2009,3,12,5,30,0,0,105.89,0.30000000000000004,-6.3,65.92,323,3.9000000000000004,,,,,,,,,,,,,,,,,,,,,,,,,,,,,,,,,
2009,3,12,6,30,0,0,94.84,0.30000000000000004,-6.3,63.42,324,3.9000000000000004,,,,,,,,,,,,,,,,,,,,,,,,,,,,,,,,,
2009,3,12,7,30,46,6,83.65,0.30000000000000004,-5.9,60.04,324,3.7,,,,,,,,,,,,,,,,,,,,,,,,,,,,,,,,,
2009,3,12,8,30,135,268,73.03,0.30000000000000004,-5.3,57.84,324,3.5,,,,,,,,,,,,,,,,,,,,,,,,,,,,,,,,,
2009,3,12,9,30,219,271,63.14,0.30000000000000004,-4.5,56.5,326,3.3000000000000003,,,,,,,,,,,,,,,,,,,,,,,,,,,,,,,,,
2009,3,12,10,30,263,70,54.63,0.30000000000000004,-3.7,55.54,329,3.2,,,,,,,,,,,,,,,,,,,,,,,,,,,,,,,,,
2009,3,12,11,30,306,323,48.4,0.30000000000000004,-2.9,54.59,331,3,,,,,,,,,,,,,,,,,,,,,,,,,,,,,,,,,
2009,3,12,12,30,433,169,45.46,0.30000000000000004,-2.3,53.82,335,2.8000000000000003,,,,,,,,,,,,,,,,,,,,,,,,,,,,,,,,,
2009,3,12,13,30,418,229,46.47,0.4,-1.9,53.370000000000005,342,2.6,,,,,,,,,,,,,,,,,,,,,,,,,,,,,,,,,
2009,3,12,14,30,377,225,51.2,0.4,-1.8,53.26,347,2.2,,,,,,,,,,,,,,,,,,,,,,,,,,,,,,,,,
2009,3,12,15,30,205,453,58.7,0.4,-1.9,53.29,348,1.8,,,,,,,,,,,,,,,,,,,,,,,,,,,,,,,,,
2009,3,12,16,30,77,786,67.99,0.4,-2.3,54.17,344,1.5,,,,,,,,,,,,,,,,,,,,,,,,,,,,,,,,,
2009,3,12,17,30,112,74,78.32000000000001,0.4,-3.1,57.36,346,1,,,,,,,,,,,,,,,,,,,,,,,,,,,,,,,,,
2009,3,12,18,30,6,0,88.9,0.4,-3.7,73.98,178,0.8,,,,,,,,,,,,,,,,,,,,,,,,,,,,,,,,,
2009,3,12,19,30,0,0,100.39,0.4,-4.2,76.59,14,0.8,,,,,,,,,,,,,,,,,,,,,,,,,,,,,,,,,
2009,3,12,20,30,0,0,111.26,0.4,-4.5,76.74,28,0.9,,,,,,,,,,,,,,,,,,,,,,,,,,,,,,,,,
2009,3,12,21,30,0,0,121.51,0.4,-4.7,77.08,44,0.9,,,,,,,,,,,,,,,,,,,,,,,,,,,,,,,,,
2009,3,12,22,30,0,0,130.49,0.4,-4.8,77.64,66,0.9,,,,,,,,,,,,,,,,,,,,,,,,,,,,,,,,,
2009,3,12,23,30,0,0,137.22,0.4,-4.8,77.94,87,1,,,,,,,,,,,,,,,,,,,,,,,,,,,,,,,,,
2009,3,13,0,30,0,0,140.45000000000002,0.4,-4.9,78.63,102,1,,,,,,,,,,,,,,,,,,,,,,,,,,,,,,,,,
2009,3,13,1,30,0,0,139.27,0.4,-5.1,79.77,115,1,,,,,,,,,,,,,,,,,,,,,,,,,,,,,,,,,
2009,3,13,2,30,0,0,134.04,0.5,-5.4,80.05,127,1,,,,,,,,,,,,,,,,,,,,,,,,,,,,,,,,,
2009,3,13,3,30,0,0,125.97,0.5,-5.7,80.92,136,1,,,,,,,,,,,,,,,,,,,,,,,,,,,,,,,,,
2009,3,13,4,30,0,0,116.22,0.5,-5.8,81.10000000000001,139,1.1,,,,,,,,,,,,,,,,,,,,,,,,,,,,,,,,,
2009,3,13,5,30,0,0,105.57000000000001,0.5,-5.7,80.86,140,1.3,,,,,,,,,,,,,,,,,,,,,,,,,,,,,,,,,
2009,3,13,6,30,0,0,94.53,0.5,-5.3,78.81,142,1.7000000000000002,,,,,,,,,,,,,,,,,,,,,,,,,,,,,,,,,
2009,3,13,7,30,39,385,83.33,0.5,-4.3,72.76,149,2.3000000000000003,,,,,,,,,,,,,,,,,,,,,,,,,,,,,,,,,
2009,3,13,8,30,69,699,72.7,0.5,-3,64.26,155,2.6,,,,,,,,,,,,,,,,,,,,,,,,,,,,,,,,,
2009,3,13,9,30,84,832,62.79,0.6000000000000001,-1.6,59.76,159,2.5,,,,,,,,,,,,,,,,,,,,,,,,,,,,,,,,,
2009,3,13,10,30,96,893,54.26,0.6000000000000001,-0.4,57.34,163,2.4000000000000004,,,,,,,,,,,,,,,,,,,,,,,,,,,,,,,,,
2009,3,13,11,30,101,933,48,0.6000000000000001,0.7000000000000001,55.06,167,2.4000000000000004,,,,,,,,,,,,,,,,,,,,,,,,,,,,,,,,,
2009,3,13,12,30,103,946,45.06,0.6000000000000001,1.5,54.120000000000005,175,2.5,,,,,,,,,,,,,,,,,,,,,,,,,,,,,,,,,
2009,3,13,13,30,103,940,46.1,0.6000000000000001,2,53.81,186,2.6,,,,,,,,,,,,,,,,,,,,,,,,,,,,,,,,,
2009,3,13,14,30,100,913,50.870000000000005,0.6000000000000001,2.2,54.300000000000004,196,2.8000000000000003,,,,,,,,,,,,,,,,,,,,,,,,,,,,,,,,,
2009,3,13,15,30,93,858,58.42,0.6000000000000001,2.1,55.39,204,2.9000000000000004,,,,,,,,,,,,,,,,,,,,,,,,,,,,,,,,,
2009,3,13,16,30,81,755,67.75,0.6000000000000001,1.3,59.52,208,2.3000000000000003,,,,,,,,,,,,,,,,,,,,,,,,,,,,,,,,,
2009,3,13,17,30,57,557,78.10000000000001,0.6000000000000001,-0.6,79.10000000000001,208,1.5,,,,,,,,,,,,,,,,,,,,,,,,,,,,,,,,,
2009,3,13,18,30,12,77,88.72,0.6000000000000001,-2.1,80.07000000000001,210,1.2000000000000002,,,,,,,,,,,,,,,,,,,,,,,,,,,,,,,,,
2009,3,13,19,30,0,0,100.17,0.6000000000000001,-2.3,78.60000000000001,218,1.2000000000000002,,,,,,,,,,,,,,,,,,,,,,,,,,,,,,,,,
2009,3,13,20,30,0,0,111.03,0.6000000000000001,-2.5,80.08,229,1.2000000000000002,,,,,,,,,,,,,,,,,,,,,,,,,,,,,,,,,
2009,3,13,21,30,0,0,121.25,0.5,-2.6,81.37,237,1.2000000000000002,,,,,,,,,,,,,,,,,,,,,,,,,,,,,,,,,
2009,3,13,22,30,0,0,130.19,0.5,-2.7,82.48,235,1.2000000000000002,,,,,,,,,,,,,,,,,,,,,,,,,,,,,,,,,
2009,3,13,23,30,0,0,136.88,0.5,-2.8,83.79,231,1.4000000000000001,,,,,,,,,,,,,,,,,,,,,,,,,,,,,,,,,
2009,3,14,0,30,0,0,140.06,0.5,-2.8,84.29,233,1.4000000000000001,,,,,,,,,,,,,,,,,,,,,,,,,,,,,,,,,
2009,3,14,1,30,0,0,138.87,0.4,-2.8,84.86,237,1.4000000000000001,,,,,,,,,,,,,,,,,,,,,,,,,,,,,,,,,
2009,3,14,2,30,0,0,133.66,0.4,-2.8,85.2,238,1.3,,,,,,,,,,,,,,,,,,,,,,,,,,,,,,,,,
2009,3,14,3,30,0,0,125.62,0.4,-3,86.77,237,1.2000000000000002,,,,,,,,,,,,,,,,,,,,,,,,,,,,,,,,,
2009,3,14,4,30,0,0,115.89,0.4,-3.3,87.13,233,1.2000000000000002,,,,,,,,,,,,,,,,,,,,,,,,,,,,,,,,,
2009,3,14,5,30,0,0,105.25,0.4,-3.9,87.93,229,1.2000000000000002,,,,,,,,,,,,,,,,,,,,,,,,,,,,,,,,,
2009,3,14,6,30,0,0,94.21000000000001,0.4,-3.6,82.76,230,1.3,,,,,,,,,,,,,,,,,,,,,,,,,,,,,,,,,
2009,3,14,7,30,40,415,83.02,0.4,-2,77.62,231,1.8,,,,,,,,,,,,,,,,,,,,,,,,,,,,,,,,,
2009,3,14,8,30,70,711,72.37,0.4,0.5,65.83,233,1.9000000000000001,,,,,,,,,,,,,,,,,,,,,,,,,,,,,,,,,
2009,3,14,9,30,85,846,62.440000000000005,0.4,3.2,56.75,228,1.6,,,,,,,,,,,,,,,,,,,,,,,,,,,,,,,,,
2009,3,14,10,30,95,915,53.89,0.4,5.1000000000000005,50,218,1.8,,,,,,,,,,,,,,,,,,,,,,,,,,,,,,,,,
2009,3,14,11,30,100,941,47.61,0.5,6.2,49.42,212,2.1,,,,,,,,,,,,,,,,,,,,,,,,,,,,,,,,,
2009,3,14,12,30,102,956,44.67,0.5,7.1000000000000005,48.800000000000004,212,2.4000000000000004,,,,,,,,,,,,,,,,,,,,,,,,,,,,,,,,,
2009,3,14,13,30,100,953,45.730000000000004,0.5,7.7,48.09,215,2.5,,,,,,,,,,,,,,,,,,,,,,,,,,,,,,,,,
2009,3,14,14,30,95,932,50.550000000000004,0.5,7.9,47.94,218,2.3000000000000003,,,,,,,,,,,,,,,,,,,,,,,,,,,,,,,,,
2009,3,14,15,30,87,885,58.14,0.5,7.6000000000000005,49.71,217,1.9000000000000001,,,,,,,,,,,,,,,,,,,,,,,,,,,,,,,,,
2009,3,14,16,30,74,797,67.5,0.5,5.800000000000001,62.99,205,1.3,,,,,,,,,,,,,,,,,,,,,,,,,,,,,,,,,
2009,3,14,17,30,52,614,77.88,0.5,2.8000000000000003,81.52,191,1.2000000000000002,,,,,,,,,,,,,,,,,,,,,,,,,,,,,,,,,
2009,3,14,18,30,13,135,88.53,0.5,0.5,72.93,186,1.4000000000000001,,,,,,,,,,,,,,,,,,,,,,,,,,,,,,,,,
2009,3,14,19,30,0,0,99.96000000000001,0.4,-0.5,75.39,186,1.4000000000000001,,,,,,,,,,,,,,,,,,,,,,,,,,,,,,,,,
2009,3,14,20,30,0,0,110.8,0.4,-1.1,78.19,188,1.4000000000000001,,,,,,,,,,,,,,,,,,,,,,,,,,,,,,,,,
2009,3,14,21,30,0,0,121,0.4,-1.4,79,190,1.4000000000000001,,,,,,,,,,,,,,,,,,,,,,,,,,,,,,,,,
2009,3,14,22,30,0,0,129.89000000000001,0.4,-1.5,78.56,193,1.3,,,,,,,,,,,,,,,,,,,,,,,,,,,,,,,,,
2009,3,14,23,30,0,0,136.53,0.4,-1.5,77.55,197,1.2000000000000002,,,,,,,,,,,,,,,,,,,,,,,,,,,,,,,,,
2009,3,15,0,30,0,0,139.67000000000002,0.4,-1.3,75.31,200,1.1,,,,,,,,,,,,,,,,,,,,,,,,,,,,,,,,,
2009,3,15,1,30,0,0,138.47,0.4,-1,72.55,203,1,,,,,,,,,,,,,,,,,,,,,,,,,,,,,,,,,
2009,3,15,2,30,0,0,133.27,0.4,-0.8,70.02,203,0.8,,,,,,,,,,,,,,,,,,,,,,,,,,,,,,,,,
2009,3,15,3,30,0,0,125.26,0.4,-0.7,68.34,196,0.6000000000000001,,,,,,,,,,,,,,,,,,,,,,,,,,,,,,,,,
2009,3,15,4,30,0,0,115.55,0.4,-0.7,67.96000000000001,154,0.4,,,,,,,,,,,,,,,,,,,,,,,,,,,,,,,,,
2009,3,15,5,30,0,0,104.93,0.4,-0.9,69.19,91,0.5,,,,,,,,,,,,,,,,,,,,,,,,,,,,,,,,,
2009,3,15,6,30,0,0,93.9,0.4,-0.6,68.58,62,0.7000000000000001,,,,,,,,,,,,,,,,,,,,,,,,,,,,,,,,,
2009,3,15,7,30,37,491,82.71000000000001,0.4,0.8,71.5,65,1.1,,,,,,,,,,,,,,,,,,,,,,,,,,,,,,,,,
2009,3,15,8,30,62,762,72.04,0.4,2.8000000000000003,61.370000000000005,82,1.5,,,,,,,,,,,,,,,,,,,,,,,,,,,,,,,,,
2009,3,15,9,30,77,871,62.09,0.5,5.6000000000000005,58.160000000000004,99,1.5,,,,,,,,,,,,,,,,,,,,,,,,,,,,,,,,,
2009,3,15,10,30,86,931,53.51,0.5,8.4,46.4,108,1.6,,,,,,,,,,,,,,,,,,,,,,,,,,,,,,,,,
2009,3,15,11,30,92,963,47.21,0.5,10,41.1,118,1.5,,,,,,,,,,,,,,,,,,,,,,,,,,,,,,,,,
2009,3,15,12,30,428,215,44.27,0.6000000000000001,10.700000000000001,40.71,129,1.5,,,,,,,,,,,,,,,,,,,,,,,,,,,,,,,,,
2009,3,15,13,30,97,956,45.36,0.6000000000000001,10.9,41.58,136,1.4000000000000001,,,,,,,,,,,,,,,,,,,,,,,,,,,,,,,,,
2009,3,15,14,30,93,927,50.22,0.7000000000000001,10.9,42.410000000000004,140,1.2000000000000002,,,,,,,,,,,,,,,,,,,,,,,,,,,,,,,,,
2009,3,15,15,30,86,877,57.86,0.7000000000000001,10.3,45.35,139,1,,,,,,,,,,,,,,,,,,,,,,,,,,,,,,,,,
2009,3,15,16,30,88,729,67.26,0.7000000000000001,8.6,57.29,138,0.9,,,,,,,,,,,,,,,,,,,,,,,,,,,,,,,,,
2009,3,15,17,30,107,239,77.65,0.7000000000000001,5.9,65.78,139,1.2000000000000002,,,,,,,,,,,,,,,,,,,,,,,,,,,,,,,,,
2009,3,15,18,30,14,84,88.34,0.7000000000000001,3.6,58.99,140,1.4000000000000001,,,,,,,,,,,,,,,,,,,,,,,,,,,,,,,,,
2009,3,15,19,30,0,0,99.74000000000001,0.7000000000000001,2.2,61.53,139,1.5,,,,,,,,,,,,,,,,,,,,,,,,,,,,,,,,,
2009,3,15,20,30,0,0,110.57000000000001,0.7000000000000001,1.2000000000000002,65.05,140,1.5,,,,,,,,,,,,,,,,,,,,,,,,,,,,,,,,,
2009,3,15,21,30,0,0,120.74000000000001,0.7000000000000001,0.5,67.43,145,1.5,,,,,,,,,,,,,,,,,,,,,,,,,,,,,,,,,
2009,3,15,22,30,0,0,129.6,0.7000000000000001,0.1,68.72,152,1.5,,,,,,,,,,,,,,,,,,,,,,,,,,,,,,,,,
2009,3,15,23,30,0,0,136.18,0.7000000000000001,-0.1,69.59,155,1.4000000000000001,,,,,,,,,,,,,,,,,,,,,,,,,,,,,,,,,
2009,3,16,0,30,0,0,139.28,0.7000000000000001,0,69.52,152,1.3,,,,,,,,,,,,,,,,,,,,,,,,,,,,,,,,,
2009,3,16,1,30,0,0,138.07,0.7000000000000001,0.1,70.48,149,1.2000000000000002,,,,,,,,,,,,,,,,,,,,,,,,,,,,,,,,,
2009,3,16,2,30,0,0,132.89000000000001,0.8,0,71.83,142,1.1,,,,,,,,,,,,,,,,,,,,,,,,,,,,,,,,,
2009,3,16,3,30,0,0,124.9,0.8,-0.1,73.3,127,1.1,,,,,,,,,,,,,,,,,,,,,,,,,,,,,,,,,
2009,3,16,4,30,0,0,115.22,0.8,-0.3,76.14,111,1.1,,,,,,,,,,,,,,,,,,,,,,,,,,,,,,,,,
2009,3,16,5,30,0,0,104.61,0.8,-0.5,78.7,101,1.2000000000000002,,,,,,,,,,,,,,,,,,,,,,,,,,,,,,,,,
2009,3,16,6,30,0,0,93.58,0.8,0.2,76.87,97,1.3,,,,,,,,,,,,,,,,,,,,,,,,,,,,,,,,,
2009,3,16,7,30,35,0,82.39,0.8,1.8,76.18,94,2,,,,,,,,,,,,,,,,,,,,,,,,,,,,,,,,,
2009,3,16,8,30,67,0,71.71000000000001,0.8,3.6,64.62,88,2.3000000000000003,,,,,,,,,,,,,,,,,,,,,,,,,,,,,,,,,
2009,3,16,9,30,89,813,61.730000000000004,0.8,6,61.92,87,2.2,,,,,,,,,,,,,,,,,,,,,,,,,,,,,,,,,
2009,3,16,10,30,98,879,53.13,0.9,8.8,52.93,89,2.3000000000000003,,,,,,,,,,,,,,,,,,,,,,,,,,,,,,,,,
2009,3,16,11,30,405,160,46.82,0.9,10.700000000000001,46.25,84,2.3000000000000003,,,,,,,,,,,,,,,,,,,,,,,,,,,,,,,,,
2009,3,16,12,30,380,360,43.87,0.9,11.8,44.85,82,2.1,,,,,,,,,,,,,,,,,,,,,,,,,,,,,,,,,
2009,3,16,13,30,105,921,44.99,0.9,12.5,44.550000000000004,88,2,,,,,,,,,,,,,,,,,,,,,,,,,,,,,,,,,
2009,3,16,14,30,102,891,49.89,1,12.700000000000001,45.03,91,1.8,,,,,,,,,,,,,,,,,,,,,,,,,,,,,,,,,
2009,3,16,15,30,94,840,57.58,1,12.5,46.230000000000004,90,1.5,,,,,,,,,,,,,,,,,,,,,,,,,,,,,,,,,
2009,3,16,16,30,79,750,67.01,1,11.5,51.35,90,1,,,,,,,,,,,,,,,,,,,,,,,,,,,,,,,,,
2009,3,16,17,30,56,575,77.43,0.9,9.4,68.74,96,0.9,,,,,,,,,,,,,,,,,,,,,,,,,,,,,,,,,
2009,3,16,18,30,15,132,88.14,0.9,7.2,60.74,103,1.2000000000000002,,,,,,,,,,,,,,,,,,,,,,,,,,,,,,,,,
2009,3,16,19,30,0,0,99.52,0.9,5.6000000000000005,63.870000000000005,111,1.4000000000000001,,,,,,,,,,,,,,,,,,,,,,,,,,,,,,,,,
2009,3,16,20,30,0,0,110.35000000000001,0.9,4.4,66.9,118,1.4000000000000001,,,,,,,,,,,,,,,,,,,,,,,,,,,,,,,,,
2009,3,16,21,30,0,0,120.48,0.8,3.5,68.32000000000001,126,1.4000000000000001,,,,,,,,,,,,,,,,,,,,,,,,,,,,,,,,,
2009,3,16,22,30,0,0,129.3,0.8,2.7,69.65,137,1.4000000000000001,,,,,,,,,,,,,,,,,,,,,,,,,,,,,,,,,
2009,3,16,23,30,0,0,135.84,0.8,1.9000000000000001,71.92,151,1.4000000000000001,,,,,,,,,,,,,,,,,,,,,,,,,,,,,,,,,
2009,3,17,0,30,0,0,138.89000000000001,0.9,1.2000000000000002,74.57000000000001,168,1.4000000000000001,,,,,,,,,,,,,,,,,,,,,,,,,,,,,,,,,
2009,3,17,1,30,0,0,137.67000000000002,1,0.5,78.09,185,1.4000000000000001,,,,,,,,,,,,,,,,,,,,,,,,,,,,,,,,,
2009,3,17,2,30,0,0,132.51,1,0,81.10000000000001,198,1.5,,,,,,,,,,,,,,,,,,,,,,,,,,,,,,,,,
2009,3,17,3,30,0,0,124.54,1.1,-0.2,82.61,206,1.5,,,,,,,,,,,,,,,,,,,,,,,,,,,,,,,,,
2009,3,17,4,30,0,0,114.88,1.2000000000000002,-0.3,83.81,207,1.6,,,,,,,,,,,,,,,,,,,,,,,,,,,,,,,,,
2009,3,17,5,30,0,0,104.28,1.2000000000000002,-0.3,84.94,206,1.7000000000000002,,,,,,,,,,,,,,,,,,,,,,,,,,,,,,,,,
2009,3,17,6,30,0,0,93.26,1.2000000000000002,1,79.21000000000001,202,2.3000000000000003,,,,,,,,,,,,,,,,,,,,,,,,,,,,,,,,,
2009,3,17,7,30,44,396,82.07000000000001,1.3,3.6,75.35000000000001,198,3.3000000000000003,,,,,,,,,,,,,,,,,,,,,,,,,,,,,,,,,
2009,3,17,8,30,75,657,71.38,1.3,6.300000000000001,69.17,192,3.9000000000000004,,,,,,,,,,,,,,,,,,,,,,,,,,,,,,,,,
2009,3,17,9,30,94,778,61.38,1.4000000000000001,9.3,67.61,187,4,,,,,,,,,,,,,,,,,,,,,,,,,,,,,,,,,
2009,3,17,10,30,123,801,52.76,1.4000000000000001,12.9,64.41,195,4.6000000000000005,,,,,,,,,,,,,,,,,,,,,,,,,,,,,,,,,
2009,3,17,11,30,128,838,46.42,1.6,15.700000000000001,60.09,206,5.2,,,,,,,,,,,,,,,,,,,,,,,,,,,,,,,,,
2009,3,17,12,30,129,857,43.47,1.6,17,58.83,209,5.4,,,,,,,,,,,,,,,,,,,,,,,,,,,,,,,,,
2009,3,17,13,30,145,816,44.62,1.7000000000000002,17.6,58.5,212,5.6000000000000005,,,,,,,,,,,,,,,,,,,,,,,,,,,,,,,,,
2009,3,17,14,30,134,799,49.57,1.6,17.7,59.18,215,5.7,,,,,,,,,,,,,,,,,,,,,,,,,,,,,,,,,
2009,3,17,15,30,298,247,57.300000000000004,1.6,17.3,61.35,217,5.4,,,,,,,,,,,,,,,,,,,,,,,,,,,,,,,,,
2009,3,17,16,30,94,675,66.77,1.5,16,68.25,216,4.800000000000001,,,,,,,,,,,,,,,,,,,,,,,,,,,,,,,,,
2009,3,17,17,30,117,18,77.21000000000001,1.5,13.9,78.74,215,4.4,,,,,,,,,,,,,,,,,,,,,,,,,,,,,,,,,
2009,3,17,18,30,13,0,87.95,1.6,12.3,82.76,217,4.800000000000001,,,,,,,,,,,,,,,,,,,,,,,,,,,,,,,,,
2009,3,17,19,30,0,0,99.31,1.6,11.9,83.65,221,5.4,,,,,,,,,,,,,,,,,,,,,,,,,,,,,,,,,
2009,3,17,20,30,0,0,110.12,1.7000000000000002,11.600000000000001,85.31,224,5.7,,,,,,,,,,,,,,,,,,,,,,,,,,,,,,,,,
2009,3,17,21,30,0,0,120.23,1.8,11.4,86.51,227,6.2,,,,,,,,,,,,,,,,,,,,,,,,,,,,,,,,,
2009,3,17,22,30,0,0,129,1.9000000000000001,11.600000000000001,85.71000000000001,233,6.800000000000001,,,,,,,,,,,,,,,,,,,,,,,,,,,,,,,,,
2009,3,17,23,30,0,0,135.49,2,11.700000000000001,85.42,241,7,,,,,,,,,,,,,,,,,,,,,,,,,,,,,,,,,
2009,3,18,0,30,0,0,138.5,2.1,11.5,86.91,252,6.5,,,,,,,,,,,,,,,,,,,,,,,,,,,,,,,,,
2009,3,18,1,30,0,0,137.27,2.2,10.8,91.5,264,5.300000000000001,,,,,,,,,,,,,,,,,,,,,,,,,,,,,,,,,
2009,3,18,2,30,0,0,132.12,2.2,9.8,97.10000000000001,282,3.8000000000000003,,,,,,,,,,,,,,,,,,,,,,,,,,,,,,,,,
2009,3,18,3,30,0,0,124.18,2.2,8.700000000000001,100,311,2.9000000000000004,,,,,,,,,,,,,,,,,,,,,,,,,,,,,,,,,
2009,3,18,4,30,0,0,114.54,2,7.6000000000000005,100,342,2.4000000000000004,,,,,,,,,,,,,,,,,,,,,,,,,,,,,,,,,
2009,3,18,5,30,0,0,103.96000000000001,2,6.6000000000000005,100,186,2,,,,,,,,,,,,,,,,,,,,,,,,,,,,,,,,,
2009,3,18,6,30,0,0,92.94,1.9000000000000001,6.1000000000000005,96.95,27,1.6,,,,,,,,,,,,,,,,,,,,,,,,,,,,,,,,,
2009,3,18,7,30,55,271,81.76,1.9000000000000001,6.9,89.21000000000001,43,1.4000000000000001,,,,,,,,,,,,,,,,,,,,,,,,,,,,,,,,,
2009,3,18,8,30,150,35,71.04,1.9000000000000001,8,85.4,46,1.6,,,,,,,,,,,,,,,,,,,,,,,,,,,,,,,,,
2009,3,18,9,30,177,14,61.03,1.8,9,77.55,31,1.8,,,,,,,,,,,,,,,,,,,,,,,,,,,,,,,,,
2009,3,18,10,30,306,179,52.38,1.7000000000000002,10.100000000000001,69.44,189,1.9000000000000001,,,,,,,,,,,,,,,,,,,,,,,,,,,,,,,,,
2009,3,18,11,30,309,351,46.02,1.7000000000000002,11,63.29,351,2,,,,,,,,,,,,,,,,,,,,,,,,,,,,,,,,,
2009,3,18,12,30,347,282,43.07,1.7000000000000002,11.600000000000001,60.72,340,2.2,,,,,,,,,,,,,,,,,,,,,,,,,,,,,,,,,
2009,3,18,13,30,308,390,44.25,1.6,12,59.050000000000004,331,2.6,,,,,,,,,,,,,,,,,,,,,,,,,,,,,,,,,
2009,3,18,14,30,310,355,49.25,1.6,11.4,60.02,320,3.2,,,,,,,,,,,,,,,,,,,,,,,,,,,,,,,,,
2009,3,18,15,30,322,73,57.02,1.6,9.600000000000001,66.3,314,3.1,,,,,,,,,,,,,,,,,,,,,,,,,,,,,,,,,
2009,3,18,16,30,39,0,66.52,1.5,7.800000000000001,73.76,312,2.3000000000000003,,,,,,,,,,,,,,,,,,,,,,,,,,,,,,,,,
2009,3,18,17,30,49,1,76.99,1.4000000000000001,6.4,80.65,303,1.5,,,,,,,,,,,,,,,,,,,,,,,,,,,,,,,,,
2009,3,18,18,30,7,0,87.75,1.2000000000000002,5.7,78.75,289,1.3,,,,,,,,,,,,,,,,,,,,,,,,,,,,,,,,,
2009,3,18,19,30,0,0,99.09,1,5.2,75.87,284,1.4000000000000001,,,,,,,,,,,,,,,,,,,,,,,,,,,,,,,,,
2009,3,18,20,30,0,0,109.89,0.9,4.4,77.76,286,1.8,,,,,,,,,,,,,,,,,,,,,,,,,,,,,,,,,
2009,3,18,21,30,0,0,119.97,0.9,3.2,82.05,288,2.1,,,,,,,,,,,,,,,,,,,,,,,,,,,,,,,,,
2009,3,18,22,30,0,0,128.7,0.8,2.1,82.48,289,2.6,,,,,,,,,,,,,,,,,,,,,,,,,,,,,,,,,
2009,3,18,23,30,0,0,135.14000000000001,0.8,1.4000000000000001,83.57000000000001,296,3.4000000000000004,,,,,,,,,,,,,,,,,,,,,,,,,,,,,,,,,
2009,3,19,0,30,0,0,138.11,0.7000000000000001,0.7000000000000001,87.3,313,4.1000000000000005,,,,,,,,,,,,,,,,,,,,,,,,,,,,,,,,,
2009,3,19,1,30,0,0,136.86,0.6000000000000001,-0.2,93.03,337,4.1000000000000005,,,,,,,,,,,,,,,,,,,,,,,,,,,,,,,,,
2009,3,19,2,30,0,0,131.73,0.5,-1,97.4,179,3.7,,,,,,,,,,,,,,,,,,,,,,,,,,,,,,,,,
2009,3,19,3,30,0,0,123.82000000000001,0.4,-1.7,99.92,12,3.2,,,,,,,,,,,,,,,,,,,,,,,,,,,,,,,,,
2009,3,19,4,30,0,0,114.2,0.4,-2.3,100,16,2.8000000000000003,,,,,,,,,,,,,,,,,,,,,,,,,,,,,,,,,
2009,3,19,5,30,0,0,103.63,0.4,-2.7,99.15,16,2.6,,,,,,,,,,,,,,,,,,,,,,,,,,,,,,,,,
2009,3,19,6,30,0,0,92.62,0.4,-1.9,90.19,13,3.3000000000000003,,,,,,,,,,,,,,,,,,,,,,,,,,,,,,,,,
2009,3,19,7,30,40,552,81.43,0.4,0,80.88,9,4.1000000000000005,,,,,,,,,,,,,,,,,,,,,,,,,,,,,,,,,
2009,3,19,8,30,62,790,70.71000000000001,0.4,1.6,69.52,180,4.4,,,,,,,,,,,,,,,,,,,,,,,,,,,,,,,,,
2009,3,19,9,30,76,895,60.68,0.4,2.8000000000000003,61.06,348,4.4,,,,,,,,,,,,,,,,,,,,,,,,,,,,,,,,,
2009,3,19,10,30,91,938,52,0.4,3.8000000000000003,57.96,335,4.6000000000000005,,,,,,,,,,,,,,,,,,,,,,,,,,,,,,,,,
2009,3,19,11,30,95,962,45.62,0.5,4.6000000000000005,55.86,327,4.9,,,,,,,,,,,,,,,,,,,,,,,,,,,,,,,,,
2009,3,19,12,30,98,972,42.67,0.5,5,54.550000000000004,323,5.4,,,,,,,,,,,,,,,,,,,,,,,,,,,,,,,,,
2009,3,19,13,30,98,967,43.88,0.5,4.800000000000001,54.480000000000004,323,5.800000000000001,,,,,,,,,,,,,,,,,,,,,,,,,,,,,,,,,
2009,3,19,14,30,390,117,48.92,0.5,4.1000000000000005,55.21,325,5.9,,,,,,,,,,,,,,,,,,,,,,,,,,,,,,,,,
2009,3,19,15,30,329,135,56.74,0.5,3,56.96,329,5.800000000000001,,,,,,,,,,,,,,,,,,,,,,,,,,,,,,,,,
2009,3,19,16,30,230,46,66.28,0.5,1.7000000000000002,59.32,335,5.5,,,,,,,,,,,,,,,,,,,,,,,,,,,,,,,,,
2009,3,19,17,30,108,5,76.77,0.5,0,64.28,342,4.6000000000000005,,,,,,,,,,,,,,,,,,,,,,,,,,,,,,,,,
2009,3,19,18,30,13,0,87.54,0.5,-1.5,72.13,174,3.7,,,,,,,,,,,,,,,,,,,,,,,,,,,,,,,,,
2009,3,19,19,30,0,0,98.88,0.6000000000000001,-2.6,78.25,11,3.6,,,,,,,,,,,,,,,,,,,,,,,,,,,,,,,,,
2009,3,19,20,30,0,0,109.66,0.5,-3.4,81.18,27,3.8000000000000003,,,,,,,,,,,,,,,,,,,,,,,,,,,,,,,,,
2009,3,19,21,30,0,0,119.71000000000001,0.5,-4.1,82.58,36,3.7,,,,,,,,,,,,,,,,,,,,,,,,,,,,,,,,,
2009,3,19,22,30,0,0,128.4,0.5,-4.8,82.43,36,3.1,,,,,,,,,,,,,,,,,,,,,,,,,,,,,,,,,
2009,3,19,23,30,0,0,134.79,0.4,-5.3,82.75,29,2.3000000000000003,,,,,,,,,,,,,,,,,,,,,,,,,,,,,,,,,
2009,3,20,0,30,0,0,137.72,0.4,-5.6,84.02,19,1.9000000000000001,,,,,,,,,,,,,,,,,,,,,,,,,,,,,,,,,
2009,3,20,1,30,0,0,136.46,0.4,-5.7,84.5,11,1.7000000000000002,,,,,,,,,,,,,,,,,,,,,,,,,,,,,,,,,
2009,3,20,2,30,0,0,131.35,0.30000000000000004,-5.6,84.08,6,1.7000000000000002,,,,,,,,,,,,,,,,,,,,,,,,,,,,,,,,,
2009,3,20,3,30,0,0,123.46000000000001,0.30000000000000004,-5.5,84.04,181,1.7000000000000002,,,,,,,,,,,,,,,,,,,,,,,,,,,,,,,,,
2009,3,20,4,30,0,0,113.86,0.30000000000000004,-5.5,84.43,357,1.8,,,,,,,,,,,,,,,,,,,,,,,,,,,,,,,,,
2009,3,20,5,30,0,0,103.3,0.30000000000000004,-5.4,83.76,356,2,,,,,,,,,,,,,,,,,,,,,,,,,,,,,,,,,
2009,3,20,6,30,0,0,92.3,0.30000000000000004,-4.7,79.76,182,2.7,,,,,,,,,,,,,,,,,,,,,,,,,,,,,,,,,
2009,3,20,7,30,41,570,81.11,0.30000000000000004,-3.1,70.33,20,3.4000000000000004,,,,,,,,,,,,,,,,,,,,,,,,,,,,,,,,,
2009,3,20,8,30,64,801,70.37,0.30000000000000004,-1.3,61.68,40,3.5,,,,,,,,,,,,,,,,,,,,,,,,,,,,,,,,,
2009,3,20,9,30,78,904,60.32,0.30000000000000004,0.2,57.660000000000004,52,3.2,,,,,,,,,,,,,,,,,,,,,,,,,,,,,,,,,
2009,3,20,10,30,87,948,51.63,0.4,1.6,54.18,61,2.7,,,,,,,,,,,,,,,,,,,,,,,,,,,,,,,,,
2009,3,20,11,30,94,975,45.230000000000004,0.4,2.8000000000000003,51.69,71,2.2,,,,,,,,,,,,,,,,,,,,,,,,,,,,,,,,,
2009,3,20,12,30,97,984,42.27,0.4,3.6,50.38,82,1.8,,,,,,,,,,,,,,,,,,,,,,,,,,,,,,,,,
2009,3,20,13,30,100,972,43.51,0.4,4.2,49.35,99,1.4000000000000001,,,,,,,,,,,,,,,,,,,,,,,,,,,,,,,,,
2009,3,20,14,30,97,949,48.6,0.4,4.4,48.34,128,1,,,,,,,,,,,,,,,,,,,,,,,,,,,,,,,,,
2009,3,20,15,30,88,896,56.47,0.5,4.3,47.83,155,1,,,,,,,,,,,,,,,,,,,,,,,,,,,,,,,,,
2009,3,20,16,30,75,816,66.04,0.5,3.4000000000000004,50.370000000000005,164,1,,,,,,,,,,,,,,,,,,,,,,,,,,,,,,,,,
2009,3,20,17,30,55,652,76.55,0.5,1.1,71.92,163,1.1,,,,,,,,,,,,,,,,,,,,,,,,,,,,,,,,,
2009,3,20,18,30,19,230,87.34,0.5,-1.5,74.86,164,1.3,,,,,,,,,,,,,,,,,,,,,,,,,,,,,,,,,
2009,3,20,19,30,0,0,98.66,0.5,-2.8,76.55,166,1.4000000000000001,,,,,,,,,,,,,,,,,,,,,,,,,,,,,,,,,
2009,3,20,20,30,0,0,109.43,0.5,-3.4,80.18,172,1.5,,,,,,,,,,,,,,,,,,,,,,,,,,,,,,,,,
2009,3,20,21,30,0,0,119.45,0.5,-3.6,81.56,176,1.5,,,,,,,,,,,,,,,,,,,,,,,,,,,,,,,,,
2009,3,20,22,30,0,0,128.1,0.5,-3.6,81.92,176,1.6,,,,,,,,,,,,,,,,,,,,,,,,,,,,,,,,,
2009,3,20,23,30,0,0,134.44,0.6000000000000001,-3.3,81.41,177,1.6,,,,,,,,,,,,,,,,,,,,,,,,,,,,,,,,,
2009,3,21,0,30,0,0,137.33,0.6000000000000001,-2.8,81.19,181,1.6,,,,,,,,,,,,,,,,,,,,,,,,,,,,,,,,,
2009,3,21,1,30,0,0,136.06,0.7000000000000001,-2.3,81.73,183,1.6,,,,,,,,,,,,,,,,,,,,,,,,,,,,,,,,,
2009,3,21,2,30,0,0,130.96,0.7000000000000001,-2,82.83,182,1.6,,,,,,,,,,,,,,,,,,,,,,,,,,,,,,,,,
2009,3,21,3,30,0,0,123.10000000000001,0.8,-1.8,83.44,179,1.7000000000000002,,,,,,,,,,,,,,,,,,,,,,,,,,,,,,,,,
2009,3,21,4,30,0,0,113.52,0.8,-1.8,84.60000000000001,176,1.6,,,,,,,,,,,,,,,,,,,,,,,,,,,,,,,,,
2009,3,21,5,30,0,0,102.98,0.9,-1.8,85.49,174,1.7000000000000002,,,,,,,,,,,,,,,,,,,,,,,,,,,,,,,,,
2009,3,21,6,30,0,0,91.98,0.9,-1.4,83.47,173,2.1,,,,,,,,,,,,,,,,,,,,,,,,,,,,,,,,,
2009,3,21,7,30,30,0,80.79,1,-0.5,78.84,174,2.6,,,,,,,,,,,,,,,,,,,,,,,,,,,,,,,,,
2009,3,21,8,30,53,0,70.04,1,0.9,72.31,180,2.9000000000000004,,,,,,,,,,,,,,,,,,,,,,,,,,,,,,,,,
2009,3,21,9,30,232,105,59.97,1,2.6,62.63,191,3.2,,,,,,,,,,,,,,,,,,,,,,,,,,,,,,,,,
2009,3,21,10,30,234,1,51.25,1,4.1000000000000005,56.02,202,3.1,,,,,,,,,,,,,,,,,,,,,,,,,,,,,,,,,
2009,3,21,11,30,114,899,44.83,1,5.4,53.39,210,2.9000000000000004,,,,,,,,,,,,,,,,,,,,,,,,,,,,,,,,,
2009,3,21,12,30,131,0,41.87,1,6.7,52.25,217,2.6,,,,,,,,,,,,,,,,,,,,,,,,,,,,,,,,,
2009,3,21,13,30,191,0,43.14,1,7.7,52.27,225,2.2,,,,,,,,,,,,,,,,,,,,,,,,,,,,,,,,,
2009,3,21,14,30,274,2,48.28,1,8.3,53.13,231,1.9000000000000001,,,,,,,,,,,,,,,,,,,,,,,,,,,,,,,,,
2009,3,21,15,30,329,174,56.2,1,8.4,55.050000000000004,229,1.6,,,,,,,,,,,,,,,,,,,,,,,,,,,,,,,,,
2009,3,21,16,30,195,13,65.8,1,7.800000000000001,59.31,215,1.1,,,,,,,,,,,,,,,,,,,,,,,,,,,,,,,,,
2009,3,21,17,30,71,512,76.33,1,5.7,79.25,191,1,,,,,,,,,,,,,,,,,,,,,,,,,,,,,,,,,
2009,3,21,18,30,21,133,87.15,1,3.1,77.88,172,1.3,,,,,,,,,,,,,,,,,,,,,,,,,,,,,,,,,
2009,3,21,19,30,0,0,98.45,0.9,1.3,81.44,168,1.5,,,,,,,,,,,,,,,,,,,,,,,,,,,,,,,,,
2009,3,21,20,30,0,0,109.19,0.9,0.30000000000000004,83.68,172,1.6,,,,,,,,,,,,,,,,,,,,,,,,,,,,,,,,,
2009,3,21,21,30,0,0,119.19,0.9,-0.4,83.86,178,1.7000000000000002,,,,,,,,,,,,,,,,,,,,,,,,,,,,,,,,,
2009,3,21,22,30,0,0,127.8,0.9,-0.8,83.24,185,1.8,,,,,,,,,,,,,,,,,,,,,,,,,,,,,,,,,
2009,3,21,23,30,0,0,134.09,0.9,-1,83.02,194,1.8,,,,,,,,,,,,,,,,,,,,,,,,,,,,,,,,,
2009,3,22,0,30,0,0,136.94,0.9,-1.1,83.15,205,1.8,,,,,,,,,,,,,,,,,,,,,,,,,,,,,,,,,
2009,3,22,1,30,0,0,135.66,0.9,-1,82.99,218,1.7000000000000002,,,,,,,,,,,,,,,,,,,,,,,,,,,,,,,,,
2009,3,22,2,30,0,0,130.57,1,-0.9,83.9,231,1.7000000000000002,,,,,,,,,,,,,,,,,,,,,,,,,,,,,,,,,
2009,3,22,3,30,0,0,122.73,1,-1,85.07000000000001,246,1.6,,,,,,,,,,,,,,,,,,,,,,,,,,,,,,,,,
2009,3,22,4,30,0,0,113.18,1,-1,85.91,266,1.4000000000000001,,,,,,,,,,,,,,,,,,,,,,,,,,,,,,,,,
2009,3,22,5,30,0,0,102.65,1,-0.9,86.4,291,1.3,,,,,,,,,,,,,,,,,,,,,,,,,,,,,,,,,
2009,3,22,6,30,0,0,91.65,1,0.1,82.10000000000001,320,1.6,,,,,,,,,,,,,,,,,,,,,,,,,,,,,,,,,
2009,3,22,7,30,33,0,80.47,1,2.1,79.91,347,2.2,,,,,,,,,,,,,,,,,,,,,,,,,,,,,,,,,
2009,3,22,8,30,34,0,69.71000000000001,1,4.6000000000000005,71.31,190,2.6,,,,,,,,,,,,,,,,,,,,,,,,,,,,,,,,,
2009,3,22,9,30,186,1,59.620000000000005,1.1,7.300000000000001,66.57000000000001,26,2.8000000000000003,,,,,,,,,,,,,,,,,,,,,,,,,,,,,,,,,
2009,3,22,10,30,269,3,50.870000000000005,1.1,9.3,62.2,33,2.9000000000000004,,,,,,,,,,,,,,,,,,,,,,,,,,,,,,,,,
2009,3,22,11,30,357,25,44.43,1.1,10.5,60.28,35,2.8000000000000003,,,,,,,,,,,,,,,,,,,,,,,,,,,,,,,,,
2009,3,22,12,30,456,212,41.480000000000004,1.2000000000000002,11.200000000000001,59.99,33,2.9000000000000004,,,,,,,,,,,,,,,,,,,,,,,,,,,,,,,,,
2009,3,22,13,30,447,209,42.77,1.2000000000000002,11.200000000000001,61.54,30,3.3000000000000003,,,,,,,,,,,,,,,,,,,,,,,,,,,,,,,,,
2009,3,22,14,30,185,722,47.96,1.2000000000000002,10.5,64.73,30,3.8000000000000003,,,,,,,,,,,,,,,,,,,,,,,,,,,,,,,,,
2009,3,22,15,30,171,656,55.92,1.2000000000000002,9.200000000000001,69.03,33,4.3,,,,,,,,,,,,,,,,,,,,,,,,,,,,,,,,,
2009,3,22,16,30,136,568,65.56,1.2000000000000002,7.2,75.38,36,4.800000000000001,,,,,,,,,,,,,,,,,,,,,,,,,,,,,,,,,
2009,3,22,17,30,91,1,76.11,1.1,4.7,82.17,39,4.800000000000001,,,,,,,,,,,,,,,,,,,,,,,,,,,,,,,,,
2009,3,22,18,30,23,99,86.95,1,2.1,87.06,43,4.5,,,,,,,,,,,,,,,,,,,,,,,,,,,,,,,,,
2009,3,22,19,30,0,0,98.23,0.9,-0.1,88.48,46,4.3,,,,,,,,,,,,,,,,,,,,,,,,,,,,,,,,,
2009,3,22,20,30,0,0,108.96000000000001,0.8,-1.7,88.11,50,4,,,,,,,,,,,,,,,,,,,,,,,,,,,,,,,,,
2009,3,22,21,30,0,0,118.93,0.8,-2.8,86.95,54,3.7,,,,,,,,,,,,,,,,,,,,,,,,,,,,,,,,,
2009,3,22,22,30,0,0,127.5,0.7000000000000001,-3.5,86.36,58,3.5,,,,,,,,,,,,,,,,,,,,,,,,,,,,,,,,,
2009,3,22,23,30,0,0,133.74,0.6000000000000001,-3.8,85.79,65,3.4000000000000004,,,,,,,,,,,,,,,,,,,,,,,,,,,,,,,,,
2009,3,23,0,30,0,0,136.55,0.5,-4,85.24,71,3.4000000000000004,,,,,,,,,,,,,,,,,,,,,,,,,,,,,,,,,
2009,3,23,1,30,0,0,135.26,0.5,-4.2,85.02,76,3.2,,,,,,,,,,,,,,,,,,,,,,,,,,,,,,,,,
2009,3,23,2,30,0,0,130.19,0.5,-4.3,84.62,80,3,,,,,,,,,,,,,,,,,,,,,,,,,,,,,,,,,
2009,3,23,3,30,0,0,122.37,0.4,-4.3,84.34,83,3.1,,,,,,,,,,,,,,,,,,,,,,,,,,,,,,,,,
2009,3,23,4,30,0,0,112.84,0.4,-4.3,84.32000000000001,87,3.2,,,,,,,,,,,,,,,,,,,,,,,,,,,,,,,,,
2009,3,23,5,30,0,0,102.32000000000001,0.4,-4.3,84.60000000000001,90,3.2,,,,,,,,,,,,,,,,,,,,,,,,,,,,,,,,,
2009,3,23,6,30,0,0,91.33,0.4,-3.6,81.2,93,3.7,,,,,,,,,,,,,,,,,,,,,,,,,,,,,,,,,
2009,3,23,7,30,92,118,80.15,0.4,-1.7,74.10000000000001,99,4.6000000000000005,,,,,,,,,,,,,,,,,,,,,,,,,,,,,,,,,
2009,3,23,8,30,66,813,69.38,0.30000000000000004,0.30000000000000004,60.18,108,5.2,,,,,,,,,,,,,,,,,,,,,,,,,,,,,,,,,
2009,3,23,9,30,76,922,59.27,0.30000000000000004,2,51.57,112,5.1000000000000005,,,,,,,,,,,,,,,,,,,,,,,,,,,,,,,,,
2009,3,23,10,30,84,976,50.5,0.30000000000000004,3.4000000000000004,48.07,113,5,,,,,,,,,,,,,,,,,,,,,,,,,,,,,,,,,
2009,3,23,11,30,90,1000,44.03,0.30000000000000004,4.7,45.88,113,5,,,,,,,,,,,,,,,,,,,,,,,,,,,,,,,,,
2009,3,23,12,30,301,499,41.08,0.4,5.4,45.46,111,4.9,,,,,,,,,,,,,,,,,,,,,,,,,,,,,,,,,
2009,3,23,13,30,266,533,42.410000000000004,0.4,5.6000000000000005,45.5,110,4.7,,,,,,,,,,,,,,,,,,,,,,,,,,,,,,,,,
2009,3,23,14,30,250,522,47.65,0.4,5.4,46.11,107,4.7,,,,,,,,,,,,,,,,,,,,,,,,,,,,,,,,,
2009,3,23,15,30,229,475,55.65,0.4,4.7,48.11,105,4.800000000000001,,,,,,,,,,,,,,,,,,,,,,,,,,,,,,,,,
2009,3,23,16,30,179,406,65.33,0.5,3.4000000000000004,52.43,104,4.9,,,,,,,,,,,,,,,,,,,,,,,,,,,,,,,,,
2009,3,23,17,30,112,281,75.9,0.5,1.4000000000000001,60.81,107,4.5,,,,,,,,,,,,,,,,,,,,,,,,,,,,,,,,,
2009,3,23,18,30,25,3,86.74,0.5,-0.5,70.95,112,4,,,,,,,,,,,,,,,,,,,,,,,,,,,,,,,,,
2009,3,23,19,30,0,0,98.02,0.5,-1.4,75.13,114,4.1000000000000005,,,,,,,,,,,,,,,,,,,,,,,,,,,,,,,,,
2009,3,23,20,30,0,0,108.73,0.6000000000000001,-1.7,77.07000000000001,113,4.3,,,,,,,,,,,,,,,,,,,,,,,,,,,,,,,,,
2009,3,23,21,30,0,0,118.67,0.6000000000000001,-1.7,77.85000000000001,110,4.6000000000000005,,,,,,,,,,,,,,,,,,,,,,,,,,,,,,,,,
2009,3,23,22,30,0,0,127.19,0.7000000000000001,-1.4,77.74,107,4.9,,,,,,,,,,,,,,,,,,,,,,,,,,,,,,,,,
2009,3,23,23,30,0,0,133.39000000000001,0.8,-1.2,78.55,106,5.2,,,,,,,,,,,,,,,,,,,,,,,,,,,,,,,,,
2009,3,24,0,30,0,0,136.16,0.9,-1.1,79.13,108,5.300000000000001,,,,,,,,,,,,,,,,,,,,,,,,,,,,,,,,,
2009,3,24,1,30,0,0,134.86,1,-1.1,79.29,109,5.300000000000001,,,,,,,,,,,,,,,,,,,,,,,,,,,,,,,,,
2009,3,24,2,30,0,0,129.8,1.1,-1,78.78,111,5.2,,,,,,,,,,,,,,,,,,,,,,,,,,,,,,,,,
2009,3,24,3,30,0,0,122.01,1.2000000000000002,-1,79.55,112,5.1000000000000005,,,,,,,,,,,,,,,,,,,,,,,,,,,,,,,,,
2009,3,24,4,30,0,0,112.49000000000001,1.3,-1.1,81.15,112,5.2,,,,,,,,,,,,,,,,,,,,,,,,,,,,,,,,,
2009,3,24,5,30,0,0,102,1.5,-1.1,82.5,113,5.4,,,,,,,,,,,,,,,,,,,,,,,,,,,,,,,,,
2009,3,24,6,30,0,0,91.01,1.5,-0.7,80.99,113,5.7,,,,,,,,,,,,,,,,,,,,,,,,,,,,,,,,,
2009,3,24,7,30,23,0,79.83,1.6,0.4,77.33,117,6.300000000000001,,,,,,,,,,,,,,,,,,,,,,,,,,,,,,,,,
2009,3,24,8,30,179,63,69.05,1.6,2,67.9,122,6.7,,,,,,,,,,,,,,,,,,,,,,,,,,,,,,,,,
2009,3,24,9,30,259,222,58.92,1.6,3.6,59.660000000000004,124,6.800000000000001,,,,,,,,,,,,,,,,,,,,,,,,,,,,,,,,,
2009,3,24,10,30,292,307,50.120000000000005,1.7000000000000002,4.9,54.83,124,6.800000000000001,,,,,,,,,,,,,,,,,,,,,,,,,,,,,,,,,
2009,3,24,11,30,340,283,43.64,1.7000000000000002,5.9,52.410000000000004,124,6.7,,,,,,,,,,,,,,,,,,,,,,,,,,,,,,,,,
2009,3,24,12,30,296,424,40.68,1.8,6.6000000000000005,52.6,125,6.6000000000000005,,,,,,,,,,,,,,,,,,,,,,,,,,,,,,,,,
2009,3,24,13,30,345,262,42.04,1.9000000000000001,7.4,52.17,125,6.800000000000001,,,,,,,,,,,,,,,,,,,,,,,,,,,,,,,,,
2009,3,24,14,30,252,13,47.33,1.9000000000000001,8.1,51.58,124,7.1000000000000005,,,,,,,,,,,,,,,,,,,,,,,,,,,,,,,,,
2009,3,24,15,30,182,8,55.39,1.9000000000000001,8.3,52.95,122,7.2,,,,,,,,,,,,,,,,,,,,,,,,,,,,,,,,,
2009,3,24,16,30,195,263,65.09,1.8,7.800000000000001,57.77,118,6.9,,,,,,,,,,,,,,,,,,,,,,,,,,,,,,,,,
2009,3,24,17,30,113,23,75.68,1.7000000000000002,6.5,65.57000000000001,116,6.5,,,,,,,,,,,,,,,,,,,,,,,,,,,,,,,,,
2009,3,24,18,30,24,1,86.55,1.8,5.4,69.75,117,6.300000000000001,,,,,,,,,,,,,,,,,,,,,,,,,,,,,,,,,
2009,3,24,19,30,0,0,97.81,1.8,4.9,70.76,117,6.6000000000000005,,,,,,,,,,,,,,,,,,,,,,,,,,,,,,,,,
2009,3,24,20,30,0,0,108.5,1.8,4.6000000000000005,72.15,117,6.7,,,,,,,,,,,,,,,,,,,,,,,,,,,,,,,,,
2009,3,24,21,30,0,0,118.41,1.8,4.4,73.8,120,6.6000000000000005,,,,,,,,,,,,,,,,,,,,,,,,,,,,,,,,,
2009,3,24,22,30,0,0,126.89,2,4.3,75.31,125,6.4,,,,,,,,,,,,,,,,,,,,,,,,,,,,,,,,,
2009,3,24,23,30,0,0,133.03,2.2,4.800000000000001,74.58,138,6.9,,,,,,,,,,,,,,,,,,,,,,,,,,,,,,,,,
2009,3,25,0,30,0,0,135.77,2.4000000000000004,5.2,75.62,147,6.800000000000001,,,,,,,,,,,,,,,,,,,,,,,,,,,,,,,,,
2009,3,25,1,30,0,0,134.46,2.5,5,85.28,141,5.9,,,,,,,,,,,,,,,,,,,,,,,,,,,,,,,,,
2009,3,25,2,30,0,0,129.41,2.5,5.4,88.39,141,5.800000000000001,,,,,,,,,,,,,,,,,,,,,,,,,,,,,,,,,
2009,3,25,3,30,0,0,121.64,2.5,6.5,91.45,149,6.1000000000000005,,,,,,,,,,,,,,,,,,,,,,,,,,,,,,,,,
2009,3,25,4,30,0,0,112.15,2.6,7.2,96.49000000000001,150,6,,,,,,,,,,,,,,,,,,,,,,,,,,,,,,,,,
2009,3,25,5,30,0,0,101.67,2.7,7.2,100,144,6,,,,,,,,,,,,,,,,,,,,,,,,,,,,,,,,,
2009,3,25,6,30,0,0,90.11,2.6,7.4,97.42,144,6.300000000000001,,,,,,,,,,,,,,,,,,,,,,,,,,,,,,,,,
2009,3,25,7,30,62,361,79.52,2.6,8.6,92.51,153,6.9,,,,,,,,,,,,,,,,,,,,,,,,,,,,,,,,,
2009,3,25,8,30,68,0,68.72,2.7,10.3,91.21000000000001,159,7.300000000000001,,,,,,,,,,,,,,,,,,,,,,,,,,,,,,,,,
2009,3,25,9,30,25,0,58.57,2.7,11.9,89.87,166,7.7,,,,,,,,,,,,,,,,,,,,,,,,,,,,,,,,,
2009,3,25,10,30,44,0,49.75,2.7,13.4,88.54,179,7.800000000000001,,,,,,,,,,,,,,,,,,,,,,,,,,,,,,,,,
2009,3,25,11,30,69,0,43.24,2.6,14.200000000000001,88.97,198,7.2,,,,,,,,,,,,,,,,,,,,,,,,,,,,,,,,,
2009,3,25,12,30,84,0,40.28,2.3000000000000003,13.9,88.96000000000001,217,6.300000000000001,,,,,,,,,,,,,,,,,,,,,,,,,,,,,,,,,
2009,3,25,13,30,293,20,41.68,2,13.200000000000001,86.51,228,5.6000000000000005,,,,,,,,,,,,,,,,,,,,,,,,,,,,,,,,,
2009,3,25,14,30,326,22,47.02,1.8,13,79.99,232,5.300000000000001,,,,,,,,,,,,,,,,,,,,,,,,,,,,,,,,,
2009,3,25,15,30,263,16,55.120000000000005,1.6,12.9,75.45,230,5,,,,,,,,,,,,,,,,,,,,,,,,,,,,,,,,,
2009,3,25,16,30,210,203,64.86,1.5,12.4,75.17,228,4.1000000000000005,,,,,,,,,,,,,,,,,,,,,,,,,,,,,,,,,
2009,3,25,17,30,124,43,75.47,1.4000000000000001,11,82.59,231,3.1,,,,,,,,,,,,,,,,,,,,,,,,,,,,,,,,,
2009,3,25,18,30,25,1,86.36,1.4000000000000001,9.4,88.67,244,2.6,,,,,,,,,,,,,,,,,,,,,,,,,,,,,,,,,
2009,3,25,19,30,0,0,97.59,1.3,8.3,91.18,263,2.5,,,,,,,,,,,,,,,,,,,,,,,,,,,,,,,,,
2009,3,25,20,30,0,0,108.27,1.3,7,94.59,283,2.3000000000000003,,,,,,,,,,,,,,,,,,,,,,,,,,,,,,,,,
2009,3,25,21,30,0,0,118.15,1.2000000000000002,5.5,98.12,296,1.9000000000000001,,,,,,,,,,,,,,,,,,,,,,,,,,,,,,,,,
2009,3,25,22,30,0,0,126.59,1.2000000000000002,3.8000000000000003,100,295,1.5,,,,,,,,,,,,,,,,,,,,,,,,,,,,,,,,,
2009,3,25,23,30,0,0,132.68,1.1,2.4000000000000004,100,283,1.5,,,,,,,,,,,,,,,,,,,,,,,,,,,,,,,,,
2009,3,26,0,30,0,0,135.38,1.1,1.8,100,275,1.7000000000000002,,,,,,,,,,,,,,,,,,,,,,,,,,,,,,,,,
2009,3,26,1,30,0,0,134.06,1.1,1.4000000000000001,100,275,1.7000000000000002,,,,,,,,,,,,,,,,,,,,,,,,,,,,,,,,,
2009,3,26,2,30,0,0,129.03,1.1,1,100,274,1.6,,,,,,,,,,,,,,,,,,,,,,,,,,,,,,,,,
2009,3,26,3,30,0,0,121.28,1.1,0.7000000000000001,100,272,1.4000000000000001,,,,,,,,,,,,,,,,,,,,,,,,,,,,,,,,,
2009,3,26,4,30,0,0,111.81,1.2000000000000002,0.8,100,267,1.4000000000000001,,,,,,,,,,,,,,,,,,,,,,,,,,,,,,,,,
2009,3,26,5,30,0,0,101.34,1.2000000000000002,1,100,262,1.8,,,,,,,,,,,,,,,,,,,,,,,,,,,,,,,,,
2009,3,26,6,30,0,0,89.83,1.3,1.4000000000000001,97.44,266,1.8,,,,,,,,,,,,,,,,,,,,,,,,,,,,,,,,,
2009,3,26,7,30,22,0,79.2,1.3,2.1,93.32000000000001,270,1.6,,,,,,,,,,,,,,,,,,,,,,,,,,,,,,,,,
2009,3,26,8,30,40,0,68.38,1.3,3.6,85.42,281,1.6,,,,,,,,,,,,,,,,,,,,,,,,,,,,,,,,,
2009,3,26,9,30,72,0,58.22,1.3,5.4,75.46000000000001,294,2.1,,,,,,,,,,,,,,,,,,,,,,,,,,,,,,,,,
2009,3,26,10,30,183,3,49.38,1.3,7.1000000000000005,68.29,293,2.7,,,,,,,,,,,,,,,,,,,,,,,,,,,,,,,,,
2009,3,26,11,30,428,154,42.85,1.3,8.700000000000001,62.36,284,3,,,,,,,,,,,,,,,,,,,,,,,,,,,,,,,,,
2009,3,26,12,30,397,94,39.89,1.3,9.8,59.04,279,3.2,,,,,,,,,,,,,,,,,,,,,,,,,,,,,,,,,
2009,3,26,13,30,431,138,41.31,1.2000000000000002,10.700000000000001,56.800000000000004,278,3.5,,,,,,,,,,,,,,,,,,,,,,,,,,,,,,,,,
2009,3,26,14,30,100,909,46.71,1.1,11.3,55.65,281,3.9000000000000004,,,,,,,,,,,,,,,,,,,,,,,,,,,,,,,,,
2009,3,26,15,30,91,865,54.85,1.1,11.3,55.83,285,4,,,,,,,,,,,,,,,,,,,,,,,,,,,,,,,,,
2009,3,26,16,30,195,15,64.63,1,10.700000000000001,58,289,3.4000000000000004,,,,,,,,,,,,,,,,,,,,,,,,,,,,,,,,,
2009,3,26,17,30,112,2,75.26,1,8.4,72.72,293,2.2,,,,,,,,,,,,,,,,,,,,,,,,,,,,,,,,,
2009,3,26,18,30,24,254,86.15,1,5.7,87.68,297,1.5,,,,,,,,,,,,,,,,,,,,,,,,,,,,,,,,,
2009,3,26,19,30,0,0,97.38,1,4.5,85.32000000000001,301,1.5,,,,,,,,,,,,,,,,,,,,,,,,,,,,,,,,,
2009,3,26,20,30,0,0,108.04,1,4,84.32000000000001,306,1.4000000000000001,,,,,,,,,,,,,,,,,,,,,,,,,,,,,,,,,
2009,3,26,21,30,0,0,117.89,1,4,80.54,309,1.3,,,,,,,,,,,,,,,,,,,,,,,,,,,,,,,,,
2009,3,26,22,30,0,0,126.29,1,4.1000000000000005,77.83,302,1.1,,,,,,,,,,,,,,,,,,,,,,,,,,,,,,,,,
2009,3,26,23,30,0,0,132.33,1,4.1000000000000005,76.93,279,1,,,,,,,,,,,,,,,,,,,,,,,,,,,,,,,,,
2009,3,27,0,30,0,0,135,1,3.8000000000000003,78.15,249,0.9,,,,,,,,,,,,,,,,,,,,,,,,,,,,,,,,,
2009,3,27,1,30,0,0,133.66,1,3.1,81.91,228,1,,,,,,,,,,,,,,,,,,,,,,,,,,,,,,,,,
2009,3,27,2,30,0,0,128.64000000000001,1.1,2.3000000000000003,86.78,220,1.2000000000000002,,,,,,,,,,,,,,,,,,,,,,,,,,,,,,,,,
2009,3,27,3,30,0,0,120.92,1.1,1.5,92.25,220,1.3,,,,,,,,,,,,,,,,,,,,,,,,,,,,,,,,,
2009,3,27,4,30,0,0,111.47,1.1,0.9,96.97,221,1.4000000000000001,,,,,,,,,,,,,,,,,,,,,,,,,,,,,,,,,
2009,3,27,5,30,0,0,101.01,1.1,0.5,100,222,1.3,,,,,,,,,,,,,,,,,,,,,,,,,,,,,,,,,
2009,3,27,6,30,0,0,89.56,1.1,1.8,93.54,225,1.3,,,,,,,,,,,,,,,,,,,,,,,,,,,,,,,,,
2009,3,27,7,30,59,460,78.88,1.1,4.4,85.26,224,1.7000000000000002,,,,,,,,,,,,,,,,,,,,,,,,,,,,,,,,,
2009,3,27,8,30,87,685,68.05,1.2000000000000002,7.300000000000001,75.08,221,2.2,,,,,,,,,,,,,,,,,,,,,,,,,,,,,,,,,
2009,3,27,9,30,102,801,57.870000000000005,1.2000000000000002,10.200000000000001,66.52,223,2.7,,,,,,,,,,,,,,,,,,,,,,,,,,,,,,,,,
2009,3,27,10,30,112,859,49,1.3,12.100000000000001,60.26,225,3,,,,,,,,,,,,,,,,,,,,,,,,,,,,,,,,,
2009,3,27,11,30,117,892,42.45,1.3,13,57.9,230,3.1,,,,,,,,,,,,,,,,,,,,,,,,,,,,,,,,,
2009,3,27,12,30,168,0,39.49,1.3,13.5,56.480000000000004,236,3,,,,,,,,,,,,,,,,,,,,,,,,,,,,,,,,,
2009,3,27,13,30,388,56,40.95,1.4000000000000001,13.600000000000001,56.300000000000004,245,2.8000000000000003,,,,,,,,,,,,,,,,,,,,,,,,,,,,,,,,,
2009,3,27,14,30,91,0,46.4,1.4000000000000001,13.4,57.28,259,2.4000000000000004,,,,,,,,,,,,,,,,,,,,,,,,,,,,,,,,,
2009,3,27,15,30,180,9,54.59,1.4000000000000001,12.9,60.33,275,1.9000000000000001,,,,,,,,,,,,,,,,,,,,,,,,,,,,,,,,,
2009,3,27,16,30,145,15,64.4,1.4000000000000001,12,66.07000000000001,291,1.4000000000000001,,,,,,,,,,,,,,,,,,,,,,,,,,,,,,,,,
2009,3,27,17,30,133,185,75.05,1.4000000000000001,10.5,80,307,1,,,,,,,,,,,,,,,,,,,,,,,,,,,,,,,,,
2009,3,27,18,30,29,144,85.95,1.4000000000000001,8.6,84.74,325,1.2000000000000002,,,,,,,,,,,,,,,,,,,,,,,,,,,,,,,,,
2009,3,27,19,30,0,0,97.16,1.3,7,88.10000000000001,337,1.8,,,,,,,,,,,,,,,,,,,,,,,,,,,,,,,,,
2009,3,27,20,30,0,0,107.81,1.2000000000000002,5.4,93.32000000000001,344,2.4000000000000004,,,,,,,,,,,,,,,,,,,,,,,,,,,,,,,,,
2009,3,27,21,30,0,0,117.62,1.2000000000000002,4,95.77,344,2.6,,,,,,,,,,,,,,,,,,,,,,,,,,,,,,,,,
2009,3,27,22,30,0,0,125.98,1.1,2.7,96.77,342,2.8000000000000003,,,,,,,,,,,,,,,,,,,,,,,,,,,,,,,,,
2009,3,27,23,30,0,0,131.98,1.1,1.7000000000000002,96.21000000000001,346,2.9000000000000004,,,,,,,,,,,,,,,,,,,,,,,,,,,,,,,,,
2009,3,28,0,30,0,0,134.61,1,0.7000000000000001,96.94,177,2.8000000000000003,,,,,,,,,,,,,,,,,,,,,,,,,,,,,,,,,
2009,3,28,1,30,0,0,133.26,1,-0.1,98.45,9,2.7,,,,,,,,,,,,,,,,,,,,,,,,,,,,,,,,,
2009,3,28,2,30,0,0,128.26,0.9,-0.5,99.88,20,2.9000000000000004,,,,,,,,,,,,,,,,,,,,,,,,,,,,,,,,,
2009,3,28,3,30,0,0,120.56,0.9,-0.6,100,27,3,,,,,,,,,,,,,,,,,,,,,,,,,,,,,,,,,
2009,3,28,4,30,0,0,111.13,1,-0.6,99.78,24,3,,,,,,,,,,,,,,,,,,,,,,,,,,,,,,,,,
2009,3,28,5,30,0,0,100.69,1,-0.8,99.18,21,3.4000000000000004,,,,,,,,,,,,,,,,,,,,,,,,,,,,,,,,,
2009,3,28,6,30,0,0,89.28,0.9,-0.5,95.09,25,4,,,,,,,,,,,,,,,,,,,,,,,,,,,,,,,,,
2009,3,28,7,30,90,1,78.56,0.9,0.6000000000000001,88.87,32,4.3,,,,,,,,,,,,,,,,,,,,,,,,,,,,,,,,,
2009,3,28,8,30,90,691,67.73,1,2.5,81.77,40,4.5,,,,,,,,,,,,,,,,,,,,,,,,,,,,,,,,,
2009,3,28,9,30,307,205,57.53,1,4.7,76.35000000000001,47,4.6000000000000005,,,,,,,,,,,,,,,,,,,,,,,,,,,,,,,,,
2009,3,28,10,30,263,443,48.63,1.1,6.6000000000000005,72.41,54,4.800000000000001,,,,,,,,,,,,,,,,,,,,,,,,,,,,,,,,,
2009,3,28,11,30,131,874,42.06,1.2000000000000002,7.9,70.05,59,4.9,,,,,,,,,,,,,,,,,,,,,,,,,,,,,,,,,
2009,3,28,12,30,321,447,39.1,1.4000000000000001,8.9,68.33,64,5,,,,,,,,,,,,,,,,,,,,,,,,,,,,,,,,,
2009,3,28,13,30,370,274,40.59,1.5,9.4,67.93,71,5,,,,,,,,,,,,,,,,,,,,,,,,,,,,,,,,,
2009,3,28,14,30,348,108,46.09,1.6,9.1,69.99,74,5.2,,,,,,,,,,,,,,,,,,,,,,,,,,,,,,,,,
2009,3,28,15,30,324,61,54.33,1.7000000000000002,8.4,73.10000000000001,69,5.5,,,,,,,,,,,,,,,,,,,,,,,,,,,,,,,,,
2009,3,28,16,30,95,0,64.17,1.8,7.6000000000000005,76.99,61,5.800000000000001,,,,,,,,,,,,,,,,,,,,,,,,,,,,,,,,,
2009,3,28,17,30,10,0,74.84,1.9000000000000001,6.300000000000001,83.03,55,5.5,,,,,,,,,,,,,,,,,,,,,,,,,,,,,,,,,
2009,3,28,18,30,4,0,85.75,2,4.7,89.99,47,5.5,,,,,,,,,,,,,,,,,,,,,,,,,,,,,,,,,
2009,3,28,19,30,0,0,96.95,2.2,3.6,92.36,39,5.6000000000000005,,,,,,,,,,,,,,,,,,,,,,,,,,,,,,,,,
2009,3,28,20,30,0,0,107.58,2.4000000000000004,3,93.5,33,5.7,,,,,,,,,,,,,,,,,,,,,,,,,,,,,,,,,
2009,3,28,21,30,0,0,117.36,2.5,2.7,94.12,31,6,,,,,,,,,,,,,,,,,,,,,,,,,,,,,,,,,
2009,3,28,22,30,0,0,125.68,2.5,2.7,93.66,35,6.300000000000001,,,,,,,,,,,,,,,,,,,,,,,,,,,,,,,,,
2009,3,28,23,30,0,0,131.63,2.5,3,94.29,45,6.2,,,,,,,,,,,,,,,,,,,,,,,,,,,,,,,,,
2009,3,29,0,30,0,0,134.22,2.5,3.6,94.48,57,5.800000000000001,,,,,,,,,,,,,,,,,,,,,,,,,,,,,,,,,
2009,3,29,1,30,0,0,132.86,2.5,4.2,95.62,67,4.9,,,,,,,,,,,,,,,,,,,,,,,,,,,,,,,,,
2009,3,29,2,30,0,0,127.87,2.5,4.7,97.96000000000001,75,3.7,,,,,,,,,,,,,,,,,,,,,,,,,,,,,,,,,
2009,3,29,3,30,0,0,120.2,2.3000000000000003,5.1000000000000005,99.77,85,3,,,,,,,,,,,,,,,,,,,,,,,,,,,,,,,,,
2009,3,29,4,30,0,0,110.79,1.9000000000000001,5.800000000000001,99.24000000000001,129,3.7,,,,,,,,,,,,,,,,,,,,,,,,,,,,,,,,,
2009,3,29,5,30,0,0,100.36,1.6,5.9,100,189,5.6000000000000005,,,,,,,,,,,,,,,,,,,,,,,,,,,,,,,,,
2009,3,29,6,30,0,0,89.02,1.3,4.9,100,215,7.300000000000001,,,,,,,,,,,,,,,,,,,,,,,,,,,,,,,,,
2009,3,29,7,30,56,521,78.25,1.1,4.2,93.10000000000001,222,7.800000000000001,,,,,,,,,,,,,,,,,,,,,,,,,,,,,,,,,
2009,3,29,8,30,39,0,67.4,1,4.7,83.63,225,7.6000000000000005,,,,,,,,,,,,,,,,,,,,,,,,,,,,,,,,,
2009,3,29,9,30,161,0,57.18,1,5.800000000000001,75.15,227,7.2,,,,,,,,,,,,,,,,,,,,,,,,,,,,,,,,,
2009,3,29,10,30,129,0,48.26,1,6.6000000000000005,69.82000000000001,225,6.800000000000001,,,,,,,,,,,,,,,,,,,,,,,,,,,,,,,,,
2009,3,29,11,30,253,8,41.67,1,7,67.88,222,6.6000000000000005,,,,,,,,,,,,,,,,,,,,,,,,,,,,,,,,,
2009,3,29,12,30,74,0,38.71,1.1,7.1000000000000005,67.78,222,6.4,,,,,,,,,,,,,,,,,,,,,,,,,,,,,,,,,
2009,3,29,13,30,137,1,40.230000000000004,1.1,6.9,69.47,231,6.300000000000001,,,,,,,,,,,,,,,,,,,,,,,,,,,,,,,,,
2009,3,29,14,30,69,0,45.78,1.1,6.300000000000001,72.96000000000001,252,6.1000000000000005,,,,,,,,,,,,,,,,,,,,,,,,,,,,,,,,,
2009,3,29,15,30,81,0,54.07,1.2000000000000002,5,78.02,278,6.6000000000000005,,,,,,,,,,,,,,,,,,,,,,,,,,,,,,,,,
2009,3,29,16,30,89,0,63.940000000000005,1.2000000000000002,3.2,81.06,296,7.5,,,,,,,,,,,,,,,,,,,,,,,,,,,,,,,,,
2009,3,29,17,30,11,0,74.63,1.2000000000000002,1.5,82.60000000000001,301,7.7,,,,,,,,,,,,,,,,,,,,,,,,,,,,,,,,,
2009,3,29,18,30,9,0,85.55,1.2000000000000002,0.5,85.82000000000001,299,7.7,,,,,,,,,,,,,,,,,,,,,,,,,,,,,,,,,
2009,3,29,19,30,0,0,96.74000000000001,1.2000000000000002,-0.2,88.9,298,8.200000000000001,,,,,,,,,,,,,,,,,,,,,,,,,,,,,,,,,
2009,3,29,20,30,0,0,107.35000000000001,1.2000000000000002,-0.6,88.57000000000001,298,8.6,,,,,,,,,,,,,,,,,,,,,,,,,,,,,,,,,
2009,3,29,21,30,0,0,117.10000000000001,1.2000000000000002,-0.8,87.21000000000001,297,8.6,,,,,,,,,,,,,,,,,,,,,,,,,,,,,,,,,
2009,3,29,22,30,0,0,125.38000000000001,1.2000000000000002,-1.1,86.94,298,8.3,,,,,,,,,,,,,,,,,,,,,,,,,,,,,,,,,
2009,3,29,23,30,0,0,131.28,1.1,-1.3,85.9,299,8,,,,,,,,,,,,,,,,,,,,,,,,,,,,,,,,,
2009,3,30,0,30,0,0,133.84,1,-1.6,85.81,299,7.5,,,,,,,,,,,,,,,,,,,,,,,,,,,,,,,,,
2009,3,30,1,30,0,0,132.47,0.9,-1.9,85.94,300,7.1000000000000005,,,,,,,,,,,,,,,,,,,,,,,,,,,,,,,,,
2009,3,30,2,30,0,0,127.49000000000001,0.8,-2.2,86.23,300,6.7,,,,,,,,,,,,,,,,,,,,,,,,,,,,,,,,,
2009,3,30,3,30,0,0,119.83,0.7000000000000001,-2.5,86.71000000000001,302,6.300000000000001,,,,,,,,,,,,,,,,,,,,,,,,,,,,,,,,,
2009,3,30,4,30,0,0,110.45,0.7000000000000001,-2.8,87.41,303,5.7,,,,,,,,,,,,,,,,,,,,,,,,,,,,,,,,,
2009,3,30,5,30,0,0,100.04,0.6000000000000001,-3.1,88.38,301,5.2,,,,,,,,,,,,,,,,,,,,,,,,,,,,,,,,,
2009,3,30,6,30,2,0,88.72,0.6000000000000001,-2.6,84.49,303,5.1000000000000005,,,,,,,,,,,,,,,,,,,,,,,,,,,,,,,,,
2009,3,30,7,30,56,0,77.93,0.5,-1.4,78.82000000000001,311,5.300000000000001,,,,,,,,,,,,,,,,,,,,,,,,,,,,,,,,,
2009,3,30,8,30,159,4,67.07000000000001,0.5,0.30000000000000004,71.36,317,5.1000000000000005,,,,,,,,,,,,,,,,,,,,,,,,,,,,,,,,,
2009,3,30,9,30,319,207,56.84,0.5,2,67.31,317,4.6000000000000005,,,,,,,,,,,,,,,,,,,,,,,,,,,,,,,,,
2009,3,30,10,30,96,941,47.89,0.5,3.6,64.48,315,4.1000000000000005,,,,,,,,,,,,,,,,,,,,,,,,,,,,,,,,,
2009,3,30,11,30,99,971,41.27,0.5,5.1000000000000005,61.46,312,3.8000000000000003,,,,,,,,,,,,,,,,,,,,,,,,,,,,,,,,,
2009,3,30,12,30,100,975,38.32,0.6000000000000001,6.4,58.36,312,3.6,,,,,,,,,,,,,,,,,,,,,,,,,,,,,,,,,
2009,3,30,13,30,103,963,39.88,0.6000000000000001,7.2,56.74,315,3.4000000000000004,,,,,,,,,,,,,,,,,,,,,,,,,,,,,,,,,
2009,3,30,14,30,96,947,45.480000000000004,0.6000000000000001,7.7,55.64,321,3,,,,,,,,,,,,,,,,,,,,,,,,,,,,,,,,,
2009,3,30,15,30,89,897,53.81,0.7000000000000001,7.7,55.57,329,2.4000000000000004,,,,,,,,,,,,,,,,,,,,,,,,,,,,,,,,,
2009,3,30,16,30,78,818,63.71,0.7000000000000001,7.4,55.85,339,1.6,,,,,,,,,,,,,,,,,,,,,,,,,,,,,,,,,
2009,3,30,17,30,61,665,74.42,0.7000000000000001,6.2,62.97,190,1,,,,,,,,,,,,,,,,,,,,,,,,,,,,,,,,,
2009,3,30,18,30,28,305,85.35000000000001,0.7000000000000001,4.1000000000000005,70.61,58,0.9,,,,,,,,,,,,,,,,,,,,,,,,,,,,,,,,,
2009,3,30,19,30,0,0,96.53,0.8,2.1,74.47,89,1.2000000000000002,,,,,,,,,,,,,,,,,,,,,,,,,,,,,,,,,
2009,3,30,20,30,0,0,107.11,0.8,0.7000000000000001,82.44,102,1.5,,,,,,,,,,,,,,,,,,,,,,,,,,,,,,,,,
2009,3,30,21,30,0,0,116.84,0.9,0.2,85.67,108,1.9000000000000001,,,,,,,,,,,,,,,,,,,,,,,,,,,,,,,,,
2009,3,30,22,30,0,0,125.07000000000001,0.9,0,87.61,109,2.4000000000000004,,,,,,,,,,,,,,,,,,,,,,,,,,,,,,,,,
2009,3,30,23,30,0,0,130.93,0.9,-0.3,90.18,107,2.8000000000000003,,,,,,,,,,,,,,,,,,,,,,,,,,,,,,,,,
2009,3,31,0,30,0,0,133.45,0.9,-0.8,94.3,105,3.1,,,,,,,,,,,,,,,,,,,,,,,,,,,,,,,,,
2009,3,31,1,30,0,0,132.07,0.9,-1.3,98.45,104,3.3000000000000003,,,,,,,,,,,,,,,,,,,,,,,,,,,,,,,,,
2009,3,31,2,30,0,0,127.11,0.9,-1.6,100,106,3.3000000000000003,,,,,,,,,,,,,,,,,,,,,,,,,,,,,,,,,
2009,3,31,3,30,0,0,119.47,0.9,-1.5,100,111,3.3000000000000003,,,,,,,,,,,,,,,,,,,,,,,,,,,,,,,,,
2009,3,31,4,30,0,0,110.11,0.8,-1.1,99.07000000000001,111,3.6,,,,,,,,,,,,,,,,,,,,,,,,,,,,,,,,,
2009,3,31,5,30,0,0,99.72,0.8,-0.8,98.38,106,4.1000000000000005,,,,,,,,,,,,,,,,,,,,,,,,,,,,,,,,,
2009,3,31,6,30,14,67,88.44,0.9,0,93.88,104,4.7,,,,,,,,,,,,,,,,,,,,,,,,,,,,,,,,,
2009,3,31,7,30,29,0,77.61,0.9,1.3,89.38,106,5,,,,,,,,,,,,,,,,,,,,,,,,,,,,,,,,,
2009,3,31,8,30,98,0,66.75,0.9,2.9000000000000004,83.19,117,5.300000000000001,,,,,,,,,,,,,,,,,,,,,,,,,,,,,,,,,
2009,3,31,9,30,247,325,56.49,0.9,4.800000000000001,74.79,126,5.800000000000001,,,,,,,,,,,,,,,,,,,,,,,,,,,,,,,,,
2009,3,31,10,30,341,104,47.53,0.9,5.9,70.39,126,5.9,,,,,,,,,,,,,,,,,,,,,,,,,,,,,,,,,
2009,3,31,11,30,250,6,40.89,1,7.2,65.81,126,6.1000000000000005,,,,,,,,,,,,,,,,,,,,,,,,,,,,,,,,,
2009,3,31,12,30,310,15,37.93,1.2000000000000002,8.6,62.59,126,6.4,,,,,,,,,,,,,,,,,,,,,,,,,,,,,,,,,
2009,3,31,13,30,368,282,39.52,1.4000000000000001,9,62.09,123,6.7,,,,,,,,,,,,,,,,,,,,,,,,,,,,,,,,,
2009,3,31,14,30,356,142,45.17,1.5,9,62.43,121,7,,,,,,,,,,,,,,,,,,,,,,,,,,,,,,,,,
2009,3,31,15,30,168,4,53.550000000000004,1.5,9.200000000000001,63.980000000000004,123,6.800000000000001,,,,,,,,,,,,,,,,,,,,,,,,,,,,,,,,,
2009,3,31,16,30,119,3,63.49,1.5,8.8,68.49,121,6,,,,,,,,,,,,,,,,,,,,,,,,,,,,,,,,,
2009,3,31,17,30,46,0,74.21000000000001,1.6,7.7,77.54,118,5,,,,,,,,,,,,,,,,,,,,,,,,,,,,,,,,,
2009,3,31,18,30,15,0,85.16,1.9000000000000001,7.300000000000001,81.52,124,4.800000000000001,,,,,,,,,,,,,,,,,,,,,,,,,,,,,,,,,
2009,3,31,19,30,0,0,96.33,1.2000000000000002,3.2,91.76,136,2.2,,,,,,,,,,,,,,,,,,,,,,,,,,,,,,,,,
2009,3,31,20,30,0,0,106.9,1.2000000000000002,2.1,94.78,138,2.8000000000000003,,,,,,,,,,,,,,,,,,,,,,,,,,,,,,,,,
2009,3,31,21,30,0,0,116.60000000000001,1.2000000000000002,1.2000000000000002,97.12,139,2.9000000000000004,,,,,,,,,,,,,,,,,,,,,,,,,,,,,,,,,
2009,3,31,22,30,0,0,124.79,1.2000000000000002,0.6000000000000001,97.9,138,2.9000000000000004,,,,,,,,,,,,,,,,,,,,,,,,,,,,,,,,,
2009,3,31,23,30,0,0,130.61,1.2000000000000002,0.2,98.57000000000001,135,2.9000000000000004,,,,,,,,,,,,,,,,,,,,,,,,,,,,,,,,,
2001,4,1,0,30,0,0,133.1,1.2000000000000002,0,98.49000000000001,132,2.9000000000000004,,,,,,,,,,,,,,,,,,,,,,,,,,,,,,,,,
2001,4,1,1,30,0,0,131.71,1.2000000000000002,0,97.78,129,3,,,,,,,,,,,,,,,,,,,,,,,,,,,,,,,,,
2001,4,1,2,30,0,0,126.75,1.3,0,97.8,123,3,,,,,,,,,,,,,,,,,,,,,,,,,,,,,,,,,
2001,4,1,3,30,0,0,119.14,1.3,0.1,97.48,116,3,,,,,,,,,,,,,,,,,,,,,,,,,,,,,,,,,
2001,4,1,4,30,0,0,109.79,1.3,0.1,98.08,108,2.9000000000000004,,,,,,,,,,,,,,,,,,,,,,,,,,,,,,,,,
2001,4,1,5,30,0,0,99.41,1.3,0,98.77,102,2.8000000000000003,,,,,,,,,,,,,,,,,,,,,,,,,,,,,,,,,
2001,4,1,6,30,4,0,88.17,1.3,0.2,96.9,97,2.7,,,,,,,,,,,,,,,,,,,,,,,,,,,,,,,,,
2001,4,1,7,30,55,1,77.32000000000001,1.3,0.8,93.92,98,2.5,,,,,,,,,,,,,,,,,,,,,,,,,,,,,,,,,
2001,4,1,8,30,76,1,66.45,1.3,1.5,91.29,104,2.2,,,,,,,,,,,,,,,,,,,,,,,,,,,,,,,,,
2001,4,1,9,30,159,3,56.18,1.2000000000000002,2.1,89.08,108,1.9000000000000001,,,,,,,,,,,,,,,,,,,,,,,,,,,,,,,,,
2001,4,1,10,30,259,10,47.19,1.2000000000000002,2.8000000000000003,85.23,97,1.5,,,,,,,,,,,,,,,,,,,,,,,,,,,,,,,,,
2001,4,1,11,30,152,0,40.53,1.2000000000000002,3.7,80.21000000000001,210,1.3,,,,,,,,,,,,,,,,,,,,,,,,,,,,,,,,,
2001,4,1,12,30,150,0,37.57,1.1,4.4,76.60000000000001,320,1.7000000000000002,,,,,,,,,,,,,,,,,,,,,,,,,,,,,,,,,
2001,4,1,13,30,317,20,39.2,1.1,4.800000000000001,74.19,300,2.4000000000000004,,,,,,,,,,,,,,,,,,,,,,,,,,,,,,,,,
2001,4,1,14,30,263,1,44.9,1.1,4.9,72.94,294,3.3000000000000003,,,,,,,,,,,,,,,,,,,,,,,,,,,,,,,,,
2001,4,1,15,30,158,0,53.32,1.1,4.7,73.13,294,3.9000000000000004,,,,,,,,,,,,,,,,,,,,,,,,,,,,,,,,,
2001,4,1,16,30,66,0,63.28,1,4.2,75,296,4.1000000000000005,,,,,,,,,,,,,,,,,,,,,,,,,,,,,,,,,
2001,4,1,17,30,109,2,74.02,1,3.1,81.38,297,3.4000000000000004,,,,,,,,,,,,,,,,,,,,,,,,,,,,,,,,,
2001,4,1,18,30,12,0,84.97,0.9,1.5,92.25,297,2.5,,,,,,,,,,,,,,,,,,,,,,,,,,,,,,,,,
2001,4,1,19,30,0,0,96.12,0.9,0.2,96.99000000000001,296,2.1,,,,,,,,,,,,,,,,,,,,,,,,,,,,,,,,,
2001,4,1,20,30,0,0,106.67,0.8,-0.7,100,293,1.8,,,,,,,,,,,,,,,,,,,,,,,,,,,,,,,,,
2001,4,1,21,30,0,0,116.34,0.8,-1.5,100,289,1.6,,,,,,,,,,,,,,,,,,,,,,,,,,,,,,,,,
2001,4,1,22,30,0,0,124.49000000000001,0.7000000000000001,-2,100,284,1.6,,,,,,,,,,,,,,,,,,,,,,,,,,,,,,,,,
2001,4,1,23,30,0,0,130.27,0.7000000000000001,-2.4,100,280,1.6,,,,,,,,,,,,,,,,,,,,,,,,,,,,,,,,,
2001,4,2,0,30,0,0,132.72,0.6000000000000001,-2.8,99.29,274,1.7000000000000002,,,,,,,,,,,,,,,,,,,,,,,,,,,,,,,,,
2001,4,2,1,30,0,0,131.32,0.6000000000000001,-3,95.25,268,1.8,,,,,,,,,,,,,,,,,,,,,,,,,,,,,,,,,
2001,4,2,2,30,0,0,126.37,0.5,-3.1,92.33,265,1.9000000000000001,,,,,,,,,,,,,,,,,,,,,,,,,,,,,,,,,
2001,4,2,3,30,0,0,118.78,0.5,-3.2,90.69,266,1.9000000000000001,,,,,,,,,,,,,,,,,,,,,,,,,,,,,,,,,
2001,4,2,4,30,0,0,109.46000000000001,0.5,-3.2,89.60000000000001,269,1.9000000000000001,,,,,,,,,,,,,,,,,,,,,,,,,,,,,,,,,
2001,4,2,5,30,0,0,99.09,0.5,-2.9,88.12,274,1.9000000000000001,,,,,,,,,,,,,,,,,,,,,,,,,,,,,,,,,
2001,4,2,6,30,17,140,87.88,0.5,-1.4,81.14,277,2.4000000000000004,,,,,,,,,,,,,,,,,,,,,,,,,,,,,,,,,
2001,4,2,7,30,62,563,77.01,0.6000000000000001,1.2000000000000002,73.48,280,2.9000000000000004,,,,,,,,,,,,,,,,,,,,,,,,,,,,,,,,,
2001,4,2,8,30,86,751,66.12,0.6000000000000001,4.2,66.58,286,3.3000000000000003,,,,,,,,,,,,,,,,,,,,,,,,,,,,,,,,,
2001,4,2,9,30,100,853,55.84,0.6000000000000001,6.800000000000001,53.370000000000005,290,3.9000000000000004,,,,,,,,,,,,,,,,,,,,,,,,,,,,,,,,,
2001,4,2,10,30,109,903,46.82,0.7000000000000001,8.1,48.300000000000004,290,4,,,,,,,,,,,,,,,,,,,,,,,,,,,,,,,,,
2001,4,2,11,30,113,933,40.14,0.7000000000000001,9.3,45.57,288,4,,,,,,,,,,,,,,,,,,,,,,,,,,,,,,,,,
2001,4,2,12,30,114,945,37.18,0.7000000000000001,10.200000000000001,43.77,286,3.9000000000000004,,,,,,,,,,,,,,,,,,,,,,,,,,,,,,,,,
2001,4,2,13,30,126,911,38.85,0.8,10.8,42.52,284,3.7,,,,,,,,,,,,,,,,,,,,,,,,,,,,,,,,,
2001,4,2,14,30,121,886,44.6,0.8,11.200000000000001,41.910000000000004,283,3.4000000000000004,,,,,,,,,,,,,,,,,,,,,,,,,,,,,,,,,
2001,4,2,15,30,358,128,53.07,0.9,11.100000000000001,42.84,281,3,,,,,,,,,,,,,,,,,,,,,,,,,,,,,,,,,
2001,4,2,16,30,253,222,63.06,0.9,10.5,46.36,284,2.3000000000000003,,,,,,,,,,,,,,,,,,,,,,,,,,,,,,,,,
2001,4,2,17,30,142,165,73.82000000000001,0.9,8.9,62.410000000000004,306,1.3,,,,,,,,,,,,,,,,,,,,,,,,,,,,,,,,,
2001,4,2,18,30,39,1,84.78,0.9,7,67.97,171,1,,,,,,,,,,,,,,,,,,,,,,,,,,,,,,,,,
2001,4,2,19,30,0,0,95.91,1,5.4,63.56,35,1.2000000000000002,,,,,,,,,,,,,,,,,,,,,,,,,,,,,,,,,
2001,4,2,20,30,0,0,106.44,1,3.9000000000000004,71.22,66,1.4000000000000001,,,,,,,,,,,,,,,,,,,,,,,,,,,,,,,,,
2001,4,2,21,30,0,0,116.08,1,3,77.16,87,1.5,,,,,,,,,,,,,,,,,,,,,,,,,,,,,,,,,
2001,4,2,22,30,0,0,124.19,1.1,2.5,82.13,95,1.6,,,,,,,,,,,,,,,,,,,,,,,,,,,,,,,,,
2001,4,2,23,30,0,0,129.92000000000002,1.2000000000000002,2.2,86.08,87,1.7000000000000002,,,,,,,,,,,,,,,,,,,,,,,,,,,,,,,,,
2001,4,3,0,30,0,0,132.34,1.3,2.2,88.41,74,2.1,,,,,,,,,,,,,,,,,,,,,,,,,,,,,,,,,
2001,4,3,1,30,0,0,130.93,1.4000000000000001,2.1,90.60000000000001,66,2.6,,,,,,,,,,,,,,,,,,,,,,,,,,,,,,,,,
2001,4,3,2,30,0,0,126,1.4000000000000001,1.5,95.14,60,2.7,,,,,,,,,,,,,,,,,,,,,,,,,,,,,,,,,
2001,4,3,3,30,0,0,118.43,1.4000000000000001,1,97.96000000000001,54,2.8000000000000003,,,,,,,,,,,,,,,,,,,,,,,,,,,,,,,,,
2001,4,3,4,30,0,0,109.12,1.2000000000000002,0.6000000000000001,98.9,48,3.1,,,,,,,,,,,,,,,,,,,,,,,,,,,,,,,,,
2001,4,3,5,30,0,0,98.77,1.1,0.30000000000000004,98.46000000000001,42,3.4000000000000004,,,,,,,,,,,,,,,,,,,,,,,,,,,,,,,,,
2001,4,3,6,30,5,0,87.59,1,0.6000000000000001,94.83,40,4,,,,,,,,,,,,,,,,,,,,,,,,,,,,,,,,,
2001,4,3,7,30,104,276,76.7,0.9,2.1,88.32000000000001,41,4.7,,,,,,,,,,,,,,,,,,,,,,,,,,,,,,,,,
2001,4,3,8,30,73,0,65.81,0.8,4.4,81.01,45,5.300000000000001,,,,,,,,,,,,,,,,,,,,,,,,,,,,,,,,,
2001,4,3,9,30,221,1,55.5,0.8,6.7,71.69,46,5.5,,,,,,,,,,,,,,,,,,,,,,,,,,,,,,,,,
2001,4,3,10,30,405,92,46.46,0.8,8.4,63.050000000000004,45,5.4,,,,,,,,,,,,,,,,,,,,,,,,,,,,,,,,,
2001,4,3,11,30,469,174,39.75,0.7000000000000001,9.600000000000001,57.63,44,5.300000000000001,,,,,,,,,,,,,,,,,,,,,,,,,,,,,,,,,
2001,4,3,12,30,377,7,36.79,0.7000000000000001,10.4,54.300000000000004,42,5.300000000000001,,,,,,,,,,,,,,,,,,,,,,,,,,,,,,,,,
2001,4,3,13,30,463,220,38.5,0.7000000000000001,10.700000000000001,52.57,42,5.300000000000001,,,,,,,,,,,,,,,,,,,,,,,,,,,,,,,,,
2001,4,3,14,30,329,514,44.300000000000004,0.8,10.5,52.02,44,5.2,,,,,,,,,,,,,,,,,,,,,,,,,,,,,,,,,
2001,4,3,15,30,104,865,52.82,0.8,9.700000000000001,53.04,45,5,,,,,,,,,,,,,,,,,,,,,,,,,,,,,,,,,
2001,4,3,16,30,91,783,62.84,0.8,8.6,56.1,47,4.4,,,,,,,,,,,,,,,,,,,,,,,,,,,,,,,,,
2001,4,3,17,30,150,19,73.61,0.8,6.7,65.52,47,3.2,,,,,,,,,,,,,,,,,,,,,,,,,,,,,,,,,
2001,4,3,18,30,41,1,84.58,0.8,4.1000000000000005,82.29,47,2.2,,,,,,,,,,,,,,,,,,,,,,,,,,,,,,,,,
2001,4,3,19,30,0,0,95.7,0.7000000000000001,2.1,88.65,47,2,,,,,,,,,,,,,,,,,,,,,,,,,,,,,,,,,
2001,4,3,20,30,0,0,106.21000000000001,0.7000000000000001,1,91.66,47,1.9000000000000001,,,,,,,,,,,,,,,,,,,,,,,,,,,,,,,,,
2001,4,3,21,30,0,0,115.82000000000001,0.7000000000000001,0,95.49,47,1.9000000000000001,,,,,,,,,,,,,,,,,,,,,,,,,,,,,,,,,
2001,4,3,22,30,0,0,123.89,0.7000000000000001,-0.8,100,47,1.9000000000000001,,,,,,,,,,,,,,,,,,,,,,,,,,,,,,,,,
2001,4,3,23,30,0,0,129.57,0.7000000000000001,-1.5,100,46,1.9000000000000001,,,,,,,,,,,,,,,,,,,,,,,,,,,,,,,,,
2001,4,4,0,30,0,0,131.96,0.7000000000000001,-2,100,46,1.9000000000000001,,,,,,,,,,,,,,,,,,,,,,,,,,,,,,,,,
2001,4,4,1,30,0,0,130.54,0.7000000000000001,-2.3,100,47,1.8,,,,,,,,,,,,,,,,,,,,,,,,,,,,,,,,,
2001,4,4,2,30,0,0,125.62,0.7000000000000001,-2.4,100,50,1.8,,,,,,,,,,,,,,,,,,,,,,,,,,,,,,,,,
2001,4,4,3,30,0,0,118.07000000000001,0.6000000000000001,-2.5,100,52,1.6,,,,,,,,,,,,,,,,,,,,,,,,,,,,,,,,,
2001,4,4,4,30,0,0,108.79,0.6000000000000001,-2.4,100,51,1.5,,,,,,,,,,,,,,,,,,,,,,,,,,,,,,,,,
2001,4,4,5,30,0,0,98.45,0.6000000000000001,-1.9,100,52,1.7000000000000002,,,,,,,,,,,,,,,,,,,,,,,,,,,,,,,,,
2001,4,4,6,30,20,189,87.29,0.6000000000000001,-0.5,95.08,57,2.3000000000000003,,,,,,,,,,,,,,,,,,,,,,,,,,,,,,,,,
2001,4,4,7,30,60,605,76.39,0.6000000000000001,1.9000000000000001,84.2,61,2.5,,,,,,,,,,,,,,,,,,,,,,,,,,,,,,,,,
2001,4,4,8,30,80,792,65.49,0.6000000000000001,4.9,73.73,66,2.7,,,,,,,,,,,,,,,,,,,,,,,,,,,,,,,,,
2001,4,4,9,30,91,885,55.17,0.6000000000000001,7.7,58.6,70,3.2,,,,,,,,,,,,,,,,,,,,,,,,,,,,,,,,,
2001,4,4,10,30,95,943,46.1,0.6000000000000001,9.3,50.09,73,3.2,,,,,,,,,,,,,,,,,,,,,,,,,,,,,,,,,
2001,4,4,11,30,99,963,39.37,0.7000000000000001,10.600000000000001,45.63,77,3,,,,,,,,,,,,,,,,,,,,,,,,,,,,,,,,,
2001,4,4,12,30,104,968,36.410000000000004,0.7000000000000001,11.5,43.28,81,2.8000000000000003,,,,,,,,,,,,,,,,,,,,,,,,,,,,,,,,,
2001,4,4,13,30,145,885,38.15,0.7000000000000001,12.100000000000001,41.93,83,2.6,,,,,,,,,,,,,,,,,,,,,,,,,,,,,,,,,
2001,4,4,14,30,229,708,44.01,0.7000000000000001,12.3,41.38,83,2.5,,,,,,,,,,,,,,,,,,,,,,,,,,,,,,,,,
2001,4,4,15,30,222,579,52.57,0.7000000000000001,12,41.9,83,2.4000000000000004,,,,,,,,,,,,,,,,,,,,,,,,,,,,,,,,,
2001,4,4,16,30,191,497,62.63,0.7000000000000001,11.200000000000001,44.59,83,2.2,,,,,,,,,,,,,,,,,,,,,,,,,,,,,,,,,
2001,4,4,17,30,166,72,73.41,0.7000000000000001,8.700000000000001,60.03,88,1.6,,,,,,,,,,,,,,,,,,,,,,,,,,,,,,,,,
2001,4,4,18,30,51,14,84.38,0.7000000000000001,5.300000000000001,82.3,94,1.4000000000000001,,,,,,,,,,,,,,,,,,,,,,,,,,,,,,,,,
2001,4,4,19,30,0,0,95.49,0.8,3.3000000000000003,78.84,97,1.5,,,,,,,,,,,,,,,,,,,,,,,,,,,,,,,,,
2001,4,4,20,30,0,0,105.98,0.8,2.5,79.96000000000001,101,1.6,,,,,,,,,,,,,,,,,,,,,,,,,,,,,,,,,
2001,4,4,21,30,0,0,115.56,0.8,2,80.79,105,1.6,,,,,,,,,,,,,,,,,,,,,,,,,,,,,,,,,
2001,4,4,22,30,0,0,123.59,0.8,1.4000000000000001,83.85000000000001,107,1.5,,,,,,,,,,,,,,,,,,,,,,,,,,,,,,,,,
2001,4,4,23,30,0,0,129.23,0.9,0.7000000000000001,85.8,105,1.5,,,,,,,,,,,,,,,,,,,,,,,,,,,,,,,,,
2001,4,5,0,30,0,0,131.58,0.9,-0.2,88.47,102,1.5,,,,,,,,,,,,,,,,,,,,,,,,,,,,,,,,,
2001,4,5,1,30,0,0,130.15,0.9,-0.9,89.94,102,1.6,,,,,,,,,,,,,,,,,,,,,,,,,,,,,,,,,
2001,4,5,2,30,0,0,125.25,0.9,-1.1,91.28,105,1.6,,,,,,,,,,,,,,,,,,,,,,,,,,,,,,,,,
2001,4,5,3,30,0,0,117.72,0.9,-1.2,92.18,106,1.7000000000000002,,,,,,,,,,,,,,,,,,,,,,,,,,,,,,,,,
2001,4,5,4,30,0,0,108.46000000000001,0.9,-1.4,93.38,105,1.6,,,,,,,,,,,,,,,,,,,,,,,,,,,,,,,,,
2001,4,5,5,30,0,0,98.14,0.9,-1.1,91.25,102,1.6,,,,,,,,,,,,,,,,,,,,,,,,,,,,,,,,,
2001,4,5,6,30,22,129,87,0.9,1,80.18,100,2.1,,,,,,,,,,,,,,,,,,,,,,,,,,,,,,,,,
2001,4,5,7,30,65,564,76.08,0.9,3.9000000000000004,73.11,98,2.7,,,,,,,,,,,,,,,,,,,,,,,,,,,,,,,,,
2001,4,5,8,30,90,742,65.17,0.9,6.800000000000001,64.63,103,2.9000000000000004,,,,,,,,,,,,,,,,,,,,,,,,,,,,,,,,,
2001,4,5,9,30,103,840,54.83,0.9,9.8,54.25,115,3.4000000000000004,,,,,,,,,,,,,,,,,,,,,,,,,,,,,,,,,
2001,4,5,10,30,123,865,45.74,1,12,41.47,123,3.8000000000000003,,,,,,,,,,,,,,,,,,,,,,,,,,,,,,,,,
2001,4,5,11,30,127,894,38.99,1.1,13.200000000000001,39.19,126,4,,,,,,,,,,,,,,,,,,,,,,,,,,,,,,,,,
2001,4,5,12,30,124,910,36.03,1.2000000000000002,14.100000000000001,37.99,131,4.1000000000000005,,,,,,,,,,,,,,,,,,,,,,,,,,,,,,,,,
2001,4,5,13,30,128,892,37.800000000000004,1.3,14.5,38.14,139,3.8000000000000003,,,,,,,,,,,,,,,,,,,,,,,,,,,,,,,,,
2001,4,5,14,30,350,290,43.72,1.4000000000000001,14.200000000000001,39.57,143,3.8000000000000003,,,,,,,,,,,,,,,,,,,,,,,,,,,,,,,,,
2001,4,5,15,30,286,52,52.32,1.5,13.200000000000001,42.86,141,3.8000000000000003,,,,,,,,,,,,,,,,,,,,,,,,,,,,,,,,,
2001,4,5,16,30,201,33,62.410000000000004,1.6,11.600000000000001,50.29,133,3,,,,,,,,,,,,,,,,,,,,,,,,,,,,,,,,,
2001,4,5,17,30,113,12,73.21000000000001,1.9000000000000001,9.4,68.72,130,2,,,,,,,,,,,,,,,,,,,,,,,,,,,,,,,,,
2001,4,5,18,30,15,0,84.19,2.1,7.7,76.83,131,1.6,,,,,,,,,,,,,,,,,,,,,,,,,,,,,,,,,
2001,4,5,19,30,0,0,95.28,2.3000000000000003,6.800000000000001,80.46000000000001,121,1.8,,,,,,,,,,,,,,,,,,,,,,,,,,,,,,,,,
2001,4,5,20,30,0,0,105.75,2.4000000000000004,6.5,80.15,120,2.2,,,,,,,,,,,,,,,,,,,,,,,,,,,,,,,,,
2001,4,5,21,30,0,0,115.3,2.5,6.4,80.4,135,2.4000000000000004,,,,,,,,,,,,,,,,,,,,,,,,,,,,,,,,,
2001,4,5,22,30,0,0,123.28,2.6,6.4,82.4,149,2.3000000000000003,,,,,,,,,,,,,,,,,,,,,,,,,,,,,,,,,
2001,4,5,23,30,0,0,128.88,2.7,6.6000000000000005,84.76,167,2,,,,,,,,,,,,,,,,,,,,,,,,,,,,,,,,,
2001,4,6,0,30,0,0,131.2,2.9000000000000004,7.4,86.60000000000001,192,2,,,,,,,,,,,,,,,,,,,,,,,,,,,,,,,,,
2001,4,6,1,30,0,0,129.76,3.1,8.8,90.3,212,2.9000000000000004,,,,,,,,,,,,,,,,,,,,,,,,,,,,,,,,,
2001,4,6,2,30,0,0,124.87,3.2,10.8,94.82000000000001,223,4.2,,,,,,,,,,,,,,,,,,,,,,,,,,,,,,,,,
2001,4,6,3,30,0,0,117.37,3.2,12.600000000000001,99.10000000000001,225,5,,,,,,,,,,,,,,,,,,,,,,,,,,,,,,,,,
2001,4,6,4,30,0,0,108.13,3.4000000000000004,13.5,100,221,5.2,,,,,,,,,,,,,,,,,,,,,,,,,,,,,,,,,
2001,4,6,5,30,0,0,97.82000000000001,3.5,14.100000000000001,100,224,5.7,,,,,,,,,,,,,,,,,,,,,,,,,,,,,,,,,
2001,4,6,6,30,6,0,86.72,3.6,14.700000000000001,99.88,240,5.6000000000000005,,,,,,,,,,,,,,,,,,,,,,,,,,,,,,,,,
2001,4,6,7,30,70,0,75.78,3.3000000000000003,15.200000000000001,97.59,261,4.9,,,,,,,,,,,,,,,,,,,,,,,,,,,,,,,,,
2001,4,6,8,30,87,2,64.86,2.8000000000000003,16.1,93.11,280,5,,,,,,,,,,,,,,,,,,,,,,,,,,,,,,,,,
2001,4,6,9,30,183,1,54.5,2.3000000000000003,17.400000000000002,84.72,290,5.300000000000001,,,,,,,,,,,,,,,,,,,,,,,,,,,,,,,,,
2001,4,6,10,30,244,1,45.39,2.1,18.7,75.08,289,5.4,,,,,,,,,,,,,,,,,,,,,,,,,,,,,,,,,
2001,4,6,11,30,210,0,38.61,2,19.700000000000003,70.08,288,5.9,,,,,,,,,,,,,,,,,,,,,,,,,,,,,,,,,
2001,4,6,12,30,376,14,35.65,2.1,20.400000000000002,67.32000000000001,290,6.2,,,,,,,,,,,,,,,,,,,,,,,,,,,,,,,,,
2001,4,6,13,30,426,121,37.46,2.1,20.400000000000002,66.97,291,5.9,,,,,,,,,,,,,,,,,,,,,,,,,,,,,,,,,
2001,4,6,14,30,296,293,43.43,2.2,19.6,69.17,294,5.4,,,,,,,,,,,,,,,,,,,,,,,,,,,,,,,,,
2001,4,6,15,30,287,133,52.08,2.3000000000000003,18.1,73.83,301,4.6000000000000005,,,,,,,,,,,,,,,,,,,,,,,,,,,,,,,,,
2001,4,6,16,30,257,64,62.190000000000005,2.4000000000000004,16.400000000000002,79.79,313,3.8000000000000003,,,,,,,,,,,,,,,,,,,,,,,,,,,,,,,,,
2001,4,6,17,30,75,562,73.01,2.6,14.4,87.5,323,2.7,,,,,,,,,,,,,,,,,,,,,,,,,,,,,,,,,
2001,4,6,18,30,36,266,83.99,2.8000000000000003,12.4,94.94,339,1.7000000000000002,,,,,,,,,,,,,,,,,,,,,,,,,,,,,,,,,
2001,4,6,19,30,0,0,95.07000000000001,3,11.4,95.44,179,2,,,,,,,,,,,,,,,,,,,,,,,,,,,,,,,,,
2001,4,6,20,30,0,0,105.52,3,10.700000000000001,95.98,19,2.7,,,,,,,,,,,,,,,,,,,,,,,,,,,,,,,,,
2001,4,6,21,30,0,0,115.04,3.1,9.8,95.89,41,3,,,,,,,,,,,,,,,,,,,,,,,,,,,,,,,,,
2001,4,6,22,30,0,0,122.98,3.1,8.8,97.33,58,3.2,,,,,,,,,,,,,,,,,,,,,,,,,,,,,,,,,
2001,4,6,23,30,0,0,128.54,3.2,7.9,98.46000000000001,70,3.4000000000000004,,,,,,,,,,,,,,,,,,,,,,,,,,,,,,,,,
2001,4,7,0,30,0,0,130.83,3.3000000000000003,7.1000000000000005,98.15,81,3.6,,,,,,,,,,,,,,,,,,,,,,,,,,,,,,,,,
2001,4,7,1,30,0,0,129.38,3.3000000000000003,6.5,96.36,91,3.8000000000000003,,,,,,,,,,,,,,,,,,,,,,,,,,,,,,,,,
2001,4,7,2,30,0,0,124.5,3.3000000000000003,6.1000000000000005,95.07000000000001,99,3.8000000000000003,,,,,,,,,,,,,,,,,,,,,,,,,,,,,,,,,
2001,4,7,3,30,0,0,117.02,3.3000000000000003,6,94.83,109,3.8000000000000003,,,,,,,,,,,,,,,,,,,,,,,,,,,,,,,,,
2001,4,7,4,30,0,0,107.8,3.2,6,95.37,117,4.1000000000000005,,,,,,,,,,,,,,,,,,,,,,,,,,,,,,,,,
2001,4,7,5,30,0,0,97.51,3,6,96.29,121,4.3,,,,,,,,,,,,,,,,,,,,,,,,,,,,,,,,,
2001,4,7,6,30,10,0,86.42,2.8000000000000003,6.6000000000000005,93.39,121,4.9,,,,,,,,,,,,,,,,,,,,,,,,,,,,,,,,,
2001,4,7,7,30,80,1,75.48,2.9000000000000004,8.200000000000001,88.36,124,5.6000000000000005,,,,,,,,,,,,,,,,,,,,,,,,,,,,,,,,,
2001,4,7,8,30,105,3,64.55,3.1,10.600000000000001,83.72,132,5.800000000000001,,,,,,,,,,,,,,,,,,,,,,,,,,,,,,,,,
2001,4,7,9,30,227,26,54.18,3.3000000000000003,13.5,82.41,143,5.4,,,,,,,,,,,,,,,,,,,,,,,,,,,,,,,,,
2001,4,7,10,30,351,78,45.04,3.4000000000000004,16.400000000000002,84.34,157,5.1000000000000005,,,,,,,,,,,,,,,,,,,,,,,,,,,,,,,,,
2001,4,7,11,30,403,144,38.230000000000004,3.4000000000000004,18.8,85.74,175,5.300000000000001,,,,,,,,,,,,,,,,,,,,,,,,,,,,,,,,,
2001,4,7,12,30,360,371,35.27,3.4000000000000004,20.5,84.76,191,5.800000000000001,,,,,,,,,,,,,,,,,,,,,,,,,,,,,,,,,
2001,4,7,13,30,431,193,37.12,3.2,21.5,82.73,198,6.1000000000000005,,,,,,,,,,,,,,,,,,,,,,,,,,,,,,,,,
2001,4,7,14,30,275,10,43.14,3,22.3,80.63,202,6.1000000000000005,,,,,,,,,,,,,,,,,,,,,,,,,,,,,,,,,
2001,4,7,15,30,335,185,51.84,2.9000000000000004,22.5,81.08,205,6,,,,,,,,,,,,,,,,,,,,,,,,,,,,,,,,,
2001,4,7,16,30,124,2,61.980000000000004,2.9000000000000004,22.3,81.79,209,6.1000000000000005,,,,,,,,,,,,,,,,,,,,,,,,,,,,,,,,,
2001,4,7,17,30,144,8,72.81,2.8000000000000003,21.6,84.25,211,6.300000000000001,,,,,,,,,,,,,,,,,,,,,,,,,,,,,,,,,
2001,4,7,18,30,48,5,83.8,2.7,20.5,87.76,215,6.6000000000000005,,,,,,,,,,,,,,,,,,,,,,,,,,,,,,,,,
2001,4,7,19,30,0,0,94.86,2.4000000000000004,19.700000000000003,89.12,219,6.9,,,,,,,,,,,,,,,,,,,,,,,,,,,,,,,,,
2001,4,7,20,30,0,0,105.29,2.1,19.200000000000003,89.86,225,7.1000000000000005,,,,,,,,,,,,,,,,,,,,,,,,,,,,,,,,,
2001,4,7,21,30,0,0,114.77,1.9000000000000001,18.400000000000002,91.2,231,6.9,,,,,,,,,,,,,,,,,,,,,,,,,,,,,,,,,
2001,4,7,22,30,0,0,122.68,1.6,17.3,92.86,235,6.5,,,,,,,,,,,,,,,,,,,,,,,,,,,,,,,,,
2001,4,7,23,30,0,0,128.2,1.4000000000000001,16.1,93.9,237,6.1000000000000005,,,,,,,,,,,,,,,,,,,,,,,,,,,,,,,,,
2001,4,8,0,30,0,0,130.46,1.2000000000000002,14.9,93.11,239,5.6000000000000005,,,,,,,,,,,,,,,,,,,,,,,,,,,,,,,,,
2001,4,8,1,30,0,0,129,1.1,13.600000000000001,92.89,242,5,,,,,,,,,,,,,,,,,,,,,,,,,,,,,,,,,
2001,4,8,2,30,0,0,124.13000000000001,1.2000000000000002,12.100000000000001,96.41,248,4.3,,,,,,,,,,,,,,,,,,,,,,,,,,,,,,,,,
2001,4,8,3,30,0,0,116.67,1.2000000000000002,10.9,99.28,252,3.7,,,,,,,,,,,,,,,,,,,,,,,,,,,,,,,,,
2001,4,8,4,30,0,0,107.47,1.2000000000000002,10.200000000000001,99.18,251,3.6,,,,,,,,,,,,,,,,,,,,,,,,,,,,,,,,,
2001,4,8,5,30,0,0,97.2,1.2000000000000002,10.200000000000001,93.64,250,4,,,,,,,,,,,,,,,,,,,,,,,,,,,,,,,,,
2001,4,8,6,30,23,289,86.13,1.2000000000000002,11.3,83.26,247,4.5,,,,,,,,,,,,,,,,,,,,,,,,,,,,,,,,,
2001,4,8,7,30,53,657,75.18,1.2000000000000002,13.3,75.12,247,5.1000000000000005,,,,,,,,,,,,,,,,,,,,,,,,,,,,,,,,,
2001,4,8,8,30,71,808,64.24,1.2000000000000002,15.4,65.63,252,6.300000000000001,,,,,,,,,,,,,,,,,,,,,,,,,,,,,,,,,
2001,4,8,9,30,83,883,53.85,1.2000000000000002,17,55.31,257,7.2,,,,,,,,,,,,,,,,,,,,,,,,,,,,,,,,,
2001,4,8,10,30,92,926,44.69,1.2000000000000002,18.400000000000002,50.42,259,7.5,,,,,,,,,,,,,,,,,,,,,,,,,,,,,,,,,
2001,4,8,11,30,97,948,37.86,1.2000000000000002,19.5,47.75,260,7.6000000000000005,,,,,,,,,,,,,,,,,,,,,,,,,,,,,,,,,
2001,4,8,12,30,100,956,34.89,1.2000000000000002,20.3,46.1,261,7.5,,,,,,,,,,,,,,,,,,,,,,,,,,,,,,,,,
2001,4,8,13,30,104,936,36.78,1.3,20.8,45.19,263,7.300000000000001,,,,,,,,,,,,,,,,,,,,,,,,,,,,,,,,,
2001,4,8,14,30,99,918,42.86,1.3,20.900000000000002,45.5,265,6.800000000000001,,,,,,,,,,,,,,,,,,,,,,,,,,,,,,,,,
2001,4,8,15,30,91,877,51.6,1.4000000000000001,20.6,47.21,268,6.1000000000000005,,,,,,,,,,,,,,,,,,,,,,,,,,,,,,,,,
2001,4,8,16,30,83,793,61.77,1.4000000000000001,19.700000000000003,51.43,273,4.6000000000000005,,,,,,,,,,,,,,,,,,,,,,,,,,,,,,,,,
2001,4,8,17,30,65,654,72.61,1.5,17.3,65.68,283,2.8000000000000003,,,,,,,,,,,,,,,,,,,,,,,,,,,,,,,,,
2001,4,8,18,30,35,357,83.60000000000001,1.5,14.200000000000001,84.61,300,1.7000000000000002,,,,,,,,,,,,,,,,,,,,,,,,,,,,,,,,,
2001,4,8,19,30,0,0,94.66,1.5,12.200000000000001,84.85000000000001,323,1.5,,,,,,,,,,,,,,,,,,,,,,,,,,,,,,,,,
2001,4,8,20,30,0,0,105.07000000000001,1.5,11.200000000000001,84.68,169,1.6,,,,,,,,,,,,,,,,,,,,,,,,,,,,,,,,,
2001,4,8,21,30,0,0,114.52,1.5,10.3,84.06,10,1.7000000000000002,,,,,,,,,,,,,,,,,,,,,,,,,,,,,,,,,
2001,4,8,22,30,0,0,122.39,1.6,9.3,84.48,24,1.9000000000000001,,,,,,,,,,,,,,,,,,,,,,,,,,,,,,,,,
2001,4,8,23,30,0,0,127.86,1.6,8.3,85.57000000000001,37,2,,,,,,,,,,,,,,,,,,,,,,,,,,,,,,,,,
2001,4,9,0,30,0,0,130.09,1.7000000000000002,7.300000000000001,87.28,49,2.1,,,,,,,,,,,,,,,,,,,,,,,,,,,,,,,,,
2001,4,9,1,30,0,0,128.62,1.9000000000000001,6.4,89.54,59,2,,,,,,,,,,,,,,,,,,,,,,,,,,,,,,,,,
2001,4,9,2,30,0,0,123.77,2.1,5.7,91.68,63,2.1,,,,,,,,,,,,,,,,,,,,,,,,,,,,,,,,,
2001,4,9,3,30,0,0,116.32000000000001,2.3000000000000003,5.300000000000001,93.13,66,2.6,,,,,,,,,,,,,,,,,,,,,,,,,,,,,,,,,
2001,4,9,4,30,0,0,107.14,2.5,4.800000000000001,94.36,78,3.3000000000000003,,,,,,,,,,,,,,,,,,,,,,,,,,,,,,,,,
2001,4,9,5,30,0,0,96.89,2.6,4.4,94.97,91,3.6,,,,,,,,,,,,,,,,,,,,,,,,,,,,,,,,,
2001,4,9,6,30,19,0,85.84,2.6,5,90.75,92,3.9000000000000004,,,,,,,,,,,,,,,,,,,,,,,,,,,,,,,,,
2001,4,9,7,30,46,1,74.88,2.7,6.300000000000001,86.05,85,4.1000000000000005,,,,,,,,,,,,,,,,,,,,,,,,,,,,,,,,,
2001,4,9,8,30,146,8,63.940000000000005,2.7,7.7,82.72,83,4.2,,,,,,,,,,,,,,,,,,,,,,,,,,,,,,,,,
2001,4,9,9,30,65,0,53.53,2.8000000000000003,8.9,82.13,84,4,,,,,,,,,,,,,,,,,,,,,,,,,,,,,,,,,
2001,4,9,10,30,205,0,44.34,3,10,83.01,79,3.8000000000000003,,,,,,,,,,,,,,,,,,,,,,,,,,,,,,,,,
2001,4,9,11,30,200,0,37.49,3.3000000000000003,10.600000000000001,85.98,53,3.8000000000000003,,,,,,,,,,,,,,,,,,,,,,,,,,,,,,,,,
2001,4,9,12,30,246,0,34.52,3.1,10.200000000000001,90.61,25,4.4,,,,,,,,,,,,,,,,,,,,,,,,,,,,,,,,,
2001,4,9,13,30,224,0,36.44,2.3000000000000003,10,85.74,14,5,,,,,,,,,,,,,,,,,,,,,,,,,,,,,,,,,
2001,4,9,14,30,364,161,42.58,1.6,10.600000000000001,77.57000000000001,10,5.1000000000000005,,,,,,,,,,,,,,,,,,,,,,,,,,,,,,,,,
2001,4,9,15,30,371,92,51.36,1.4000000000000001,11,75.16,11,4.9,,,,,,,,,,,,,,,,,,,,,,,,,,,,,,,,,
2001,4,9,16,30,238,24,61.56,1.4000000000000001,10.700000000000001,76.43,19,4.7,,,,,,,,,,,,,,,,,,,,,,,,,,,,,,,,,
2001,4,9,17,30,141,7,72.41,1.5,9.3,81.36,33,4,,,,,,,,,,,,,,,,,,,,,,,,,,,,,,,,,
2001,4,9,18,30,29,0,83.41,1.6,7.2,90.02,45,3.2,,,,,,,,,,,,,,,,,,,,,,,,,,,,,,,,,
2001,4,9,19,30,0,0,94.45,1.8,5.5,94.83,52,3,,,,,,,,,,,,,,,,,,,,,,,,,,,,,,,,,
2001,4,9,20,30,0,0,104.84,1.9000000000000001,4.5,95.4,64,3.3000000000000003,,,,,,,,,,,,,,,,,,,,,,,,,,,,,,,,,
2001,4,9,21,30,0,0,114.26,2.1,3.8000000000000003,94.57000000000001,80,3.5,,,,,,,,,,,,,,,,,,,,,,,,,,,,,,,,,
2001,4,9,22,30,0,0,122.09,2.2,3.7,92.73,88,3.1,,,,,,,,,,,,,,,,,,,,,,,,,,,,,,,,,
2001,4,9,23,30,0,0,127.52,2.2,3.8000000000000003,92.42,70,2.3000000000000003,,,,,,,,,,,,,,,,,,,,,,,,,,,,,,,,,
2001,4,10,0,30,0,0,129.72,2.1,3.7,94.46000000000001,43,2.2,,,,,,,,,,,,,,,,,,,,,,,,,,,,,,,,,
2001,4,10,1,30,0,0,128.25,2,3.5,95.89,41,2.8000000000000003,,,,,,,,,,,,,,,,,,,,,,,,,,,,,,,,,
2001,4,10,2,30,0,0,123.4,2,3.3000000000000003,96.14,59,3.1,,,,,,,,,,,,,,,,,,,,,,,,,,,,,,,,,
2001,4,10,3,30,0,0,115.98,2.1,3.1,96.74000000000001,74,3.1,,,,,,,,,,,,,,,,,,,,,,,,,,,,,,,,,
2001,4,10,4,30,0,0,106.82000000000001,2.1,3,97.04,83,3.1,,,,,,,,,,,,,,,,,,,,,,,,,,,,,,,,,
2001,4,10,5,30,0,0,96.58,2.2,3.2,96.02,86,3.2,,,,,,,,,,,,,,,,,,,,,,,,,,,,,,,,,
2001,4,10,6,30,18,0,85.55,2.2,3.9000000000000004,93,87,3.2,,,,,,,,,,,,,,,,,,,,,,,,,,,,,,,,,
2001,4,10,7,30,126,19,74.58,2.2,5.1000000000000005,89.63,87,3.1,,,,,,,,,,,,,,,,,,,,,,,,,,,,,,,,,
2001,4,10,8,30,164,13,63.63,2.2,6.4,86,87,3,,,,,,,,,,,,,,,,,,,,,,,,,,,,,,,,,
2001,4,10,9,30,181,4,53.21,2.2,7.6000000000000005,82.98,90,2.5,,,,,,,,,,,,,,,,,,,,,,,,,,,,,,,,,
2001,4,10,10,30,256,8,44,2.2,8.5,81.49,84,2.2,,,,,,,,,,,,,,,,,,,,,,,,,,,,,,,,,
2001,4,10,11,30,316,14,37.12,2.2,9.3,79.51,75,2.4000000000000004,,,,,,,,,,,,,,,,,,,,,,,,,,,,,,,,,
2001,4,10,12,30,349,20,34.15,2.1,10.8,75.49,81,2.8000000000000003,,,,,,,,,,,,,,,,,,,,,,,,,,,,,,,,,
2001,4,10,13,30,385,234,36.11,2.2,12.200000000000001,74.27,98,3,,,,,,,,,,,,,,,,,,,,,,,,,,,,,,,,,
2001,4,10,14,30,309,21,42.300000000000004,2.2,12.100000000000001,77.46000000000001,109,2.9000000000000004,,,,,,,,,,,,,,,,,,,,,,,,,,,,,,,,,
2001,4,10,15,30,226,12,51.120000000000005,2.3000000000000003,11.4,80.67,107,2.5,,,,,,,,,,,,,,,,,,,,,,,,,,,,,,,,,
2001,4,10,16,30,188,16,61.35,2.4000000000000004,10.700000000000001,84.19,101,1.9000000000000001,,,,,,,,,,,,,,,,,,,,,,,,,,,,,,,,,
2001,4,10,17,30,92,3,72.22,2.4000000000000004,9.9,90.26,93,1.6,,,,,,,,,,,,,,,,,,,,,,,,,,,,,,,,,
2001,4,10,18,30,46,1,83.21000000000001,2.4000000000000004,9.1,95.43,87,1.6,,,,,,,,,,,,,,,,,,,,,,,,,,,,,,,,,
2001,4,10,19,30,0,0,94.24,2.4000000000000004,8.6,96.04,88,2.1,,,,,,,,,,,,,,,,,,,,,,,,,,,,,,,,,
2001,4,10,20,30,0,0,104.61,2.4000000000000004,8.3,96.56,91,2.7,,,,,,,,,,,,,,,,,,,,,,,,,,,,,,,,,
2001,4,10,21,30,0,0,114,2.4000000000000004,8,96.86,94,3.2,,,,,,,,,,,,,,,,,,,,,,,,,,,,,,,,,
2001,4,10,22,30,0,0,121.79,2.3000000000000003,7.5,98.04,95,3.7,,,,,,,,,,,,,,,,,,,,,,,,,,,,,,,,,
2001,4,10,23,30,0,0,127.18,2.4000000000000004,7.1000000000000005,98.71000000000001,95,3.9000000000000004,,,,,,,,,,,,,,,,,,,,,,,,,,,,,,,,,
2001,4,11,0,30,0,0,129.35,2.5,6.7,99.65,94,3.8000000000000003,,,,,,,,,,,,,,,,,,,,,,,,,,,,,,,,,
2001,4,11,1,30,0,0,127.87,2.8000000000000003,6.4,99.61,96,3.5,,,,,,,,,,,,,,,,,,,,,,,,,,,,,,,,,
2001,4,11,2,30,0,0,123.04,3,6.1000000000000005,99.33,96,3.5,,,,,,,,,,,,,,,,,,,,,,,,,,,,,,,,,
2001,4,11,3,30,0,0,115.64,3,5.9,98.32000000000001,91,3.5,,,,,,,,,,,,,,,,,,,,,,,,,,,,,,,,,
2001,4,11,4,30,0,0,106.5,3.1,5.7,97.77,87,3.5,,,,,,,,,,,,,,,,,,,,,,,,,,,,,,,,,
2001,4,11,5,30,0,0,96.27,3.1,5.6000000000000005,96.67,88,3.7,,,,,,,,,,,,,,,,,,,,,,,,,,,,,,,,,
2001,4,11,6,30,4,0,85.26,3.2,6,92.95,95,4.1000000000000005,,,,,,,,,,,,,,,,,,,,,,,,,,,,,,,,,
2001,4,11,7,30,81,3,74.29,3.2,7.1000000000000005,88.33,102,4.3,,,,,,,,,,,,,,,,,,,,,,,,,,,,,,,,,
2001,4,11,8,30,91,1,63.33,3.2,8.8,84.91,109,4.4,,,,,,,,,,,,,,,,,,,,,,,,,,,,,,,,,
2001,4,11,9,30,179,4,52.89,3.3000000000000003,10.3,83.97,116,4.6000000000000005,,,,,,,,,,,,,,,,,,,,,,,,,,,,,,,,,
2001,4,11,10,30,255,10,43.65,3.5,11.3,84.7,121,4.800000000000001,,,,,,,,,,,,,,,,,,,,,,,,,,,,,,,,,
2001,4,11,11,30,335,37,36.75,3.6,12.700000000000001,83.13,125,4.9,,,,,,,,,,,,,,,,,,,,,,,,,,,,,,,,,
2001,4,11,12,30,294,13,33.78,3.6,14.700000000000001,79.93,132,4.9,,,,,,,,,,,,,,,,,,,,,,,,,,,,,,,,,
2001,4,11,13,30,224,2,35.78,3.4000000000000004,16.7,79.45,143,4.800000000000001,,,,,,,,,,,,,,,,,,,,,,,,,,,,,,,,,
2001,4,11,14,30,361,119,42.02,3.2,17.900000000000002,82.16,152,4.2,,,,,,,,,,,,,,,,,,,,,,,,,,,,,,,,,
2001,4,11,15,30,282,28,50.89,3.2,17.7,88.42,144,3.5,,,,,,,,,,,,,,,,,,,,,,,,,,,,,,,,,
2001,4,11,16,30,178,9,61.14,3.2,16.900000000000002,94.85000000000001,132,3.7,,,,,,,,,,,,,,,,,,,,,,,,,,,,,,,,,
2001,4,11,17,30,78,1,72.02,3.2,16.3,96.82000000000001,135,4.7,,,,,,,,,,,,,,,,,,,,,,,,,,,,,,,,,
2001,4,11,18,30,41,0,83.02,3.1,16,98.99000000000001,141,5.4,,,,,,,,,,,,,,,,,,,,,,,,,,,,,,,,,
2001,4,11,19,30,0,0,94.03,3,16.2,100,144,5.6000000000000005,,,,,,,,,,,,,,,,,,,,,,,,,,,,,,,,,
2001,4,11,20,30,0,0,104.38,3.1,16.7,100,148,5.800000000000001,,,,,,,,,,,,,,,,,,,,,,,,,,,,,,,,,
2001,4,11,21,30,0,0,113.74000000000001,3.2,17.2,100,155,5.7,,,,,,,,,,,,,,,,,,,,,,,,,,,,,,,,,
2001,4,11,22,30,0,0,121.49000000000001,3.2,17.3,100,166,5.300000000000001,,,,,,,,,,,,,,,,,,,,,,,,,,,,,,,,,
2001,4,11,23,30,0,0,126.85000000000001,3.2,17.2,100,176,5.1000000000000005,,,,,,,,,,,,,,,,,,,,,,,,,,,,,,,,,
2001,4,12,0,30,0,0,128.99,3.1,17.400000000000002,98.68,179,5.300000000000001,,,,,,,,,,,,,,,,,,,,,,,,,,,,,,,,,
2001,4,12,1,30,0,0,127.5,3,17.3,98.29,178,5.7,,,,,,,,,,,,,,,,,,,,,,,,,,,,,,,,,
2001,4,12,2,30,0,0,122.68,3.2,17.3,96.61,183,6.5,,,,,,,,,,,,,,,,,,,,,,,,,,,,,,,,,
2001,4,12,3,30,0,0,115.3,3.2,17.3,93.27,192,7.300000000000001,,,,,,,,,,,,,,,,,,,,,,,,,,,,,,,,,
2001,4,12,4,30,0,0,106.18,3,17.3,91.34,197,7.4,,,,,,,,,,,,,,,,,,,,,,,,,,,,,,,,,
2001,4,12,5,30,0,0,95.97,2.5,17.400000000000002,91.64,199,7.5,,,,,,,,,,,,,,,,,,,,,,,,,,,,,,,,,
2001,4,12,6,30,32,216,84.99,1.9000000000000001,18.1,89.66,203,8,,,,,,,,,,,,,,,,,,,,,,,,,,,,,,,,,
2001,4,12,7,30,71,573,74,1.7000000000000002,19.200000000000003,85.79,212,9.1,,,,,,,,,,,,,,,,,,,,,,,,,,,,,,,,,
2001,4,12,8,30,108,0,63.04,1.6,19.6,74.25,222,10.5,,,,,,,,,,,,,,,,,,,,,,,,,,,,,,,,,
2001,4,12,9,30,259,6,52.58,1.5,18.8,58.88,229,11.3,,,,,,,,,,,,,,,,,,,,,,,,,,,,,,,,,
2001,4,12,10,30,139,831,43.32,1.4000000000000001,17.6,55.43,233,11.4,,,,,,,,,,,,,,,,,,,,,,,,,,,,,,,,,
2001,4,12,11,30,397,26,36.39,1.4000000000000001,16.6,53.97,236,11.200000000000001,,,,,,,,,,,,,,,,,,,,,,,,,,,,,,,,,
2001,4,12,12,30,125,909,33.410000000000004,1.4000000000000001,15.9,54.04,239,11.3,,,,,,,,,,,,,,,,,,,,,,,,,,,,,,,,,
2001,4,12,13,30,438,324,35.45,1.4000000000000001,15.100000000000001,55.63,242,11.4,,,,,,,,,,,,,,,,,,,,,,,,,,,,,,,,,
2001,4,12,14,30,270,1,41.74,1.3,14.200000000000001,57.02,245,11.100000000000001,,,,,,,,,,,,,,,,,,,,,,,,,,,,,,,,,
2001,4,12,15,30,228,1,50.660000000000004,1.3,13.600000000000001,58.7,247,10.700000000000001,,,,,,,,,,,,,,,,,,,,,,,,,,,,,,,,,
2001,4,12,16,30,183,2,60.93,1.2000000000000002,13,61.04,249,10.100000000000001,,,,,,,,,,,,,,,,,,,,,,,,,,,,,,,,,
2001,4,12,17,30,36,0,71.83,1.2000000000000002,12.200000000000001,63.59,252,9.3,,,,,,,,,,,,,,,,,,,,,,,,,,,,,,,,,
2001,4,12,18,30,23,0,82.83,1.2000000000000002,11,68.2,255,8.4,,,,,,,,,,,,,,,,,,,,,,,,,,,,,,,,,
2001,4,12,19,30,0,0,93.83,1.1,10,72.59,258,7.5,,,,,,,,,,,,,,,,,,,,,,,,,,,,,,,,,
2001,4,12,20,30,0,0,104.15,1.1,9.200000000000001,76.7,260,7.1000000000000005,,,,,,,,,,,,,,,,,,,,,,,,,,,,,,,,,
2001,4,12,21,30,0,0,113.48,1.1,8.5,79.69,261,7.1000000000000005,,,,,,,,,,,,,,,,,,,,,,,,,,,,,,,,,
2001,4,12,22,30,0,0,121.2,1.1,7.9,81.41,264,7.2,,,,,,,,,,,,,,,,,,,,,,,,,,,,,,,,,
2001,4,12,23,30,0,0,126.51,1.1,7.300000000000001,82.60000000000001,267,6.9,,,,,,,,,,,,,,,,,,,,,,,,,,,,,,,,,
2001,4,13,0,30,0,0,128.63,1,6.800000000000001,84.22,269,6.5,,,,,,,,,,,,,,,,,,,,,,,,,,,,,,,,,
2001,4,13,1,30,0,0,127.13000000000001,1,6.300000000000001,86.69,272,6,,,,,,,,,,,,,,,,,,,,,,,,,,,,,,,,,
2001,4,13,2,30,0,0,122.33,1,5.6000000000000005,91.06,273,5.1000000000000005,,,,,,,,,,,,,,,,,,,,,,,,,,,,,,,,,
2001,4,13,3,30,0,0,114.97,0.9,4.800000000000001,96.07000000000001,270,4,,,,,,,,,,,,,,,,,,,,,,,,,,,,,,,,,
2001,4,13,4,30,0,0,105.87,0.9,4.1000000000000005,100,270,3.4000000000000004,,,,,,,,,,,,,,,,,,,,,,,,,,,,,,,,,
2001,4,13,5,30,0,0,95.67,0.9,4.1000000000000005,98.79,275,3.6,,,,,,,,,,,,,,,,,,,,,,,,,,,,,,,,,
2001,4,13,6,30,33,273,84.69,0.8,5.1000000000000005,91.51,283,4.1000000000000005,,,,,,,,,,,,,,,,,,,,,,,,,,,,,,,,,
2001,4,13,7,30,69,621,73.71000000000001,0.8,7,81.75,294,4.800000000000001,,,,,,,,,,,,,,,,,,,,,,,,,,,,,,,,,
2001,4,13,8,30,88,790,62.74,0.7000000000000001,8.9,68.09,301,5.1000000000000005,,,,,,,,,,,,,,,,,,,,,,,,,,,,,,,,,
2001,4,13,9,30,100,875,52.27,0.7000000000000001,10.5,59.93,302,4.800000000000001,,,,,,,,,,,,,,,,,,,,,,,,,,,,,,,,,
2001,4,13,10,30,108,920,42.980000000000004,0.7000000000000001,12,55.79,300,4.6000000000000005,,,,,,,,,,,,,,,,,,,,,,,,,,,,,,,,,
2001,4,13,11,30,116,940,36.03,0.7000000000000001,13.3,52.75,298,4.4,,,,,,,,,,,,,,,,,,,,,,,,,,,,,,,,,
2001,4,13,12,30,116,952,33.05,0.7000000000000001,14.4,49.89,297,4.1000000000000005,,,,,,,,,,,,,,,,,,,,,,,,,,,,,,,,,
2001,4,13,13,30,121,935,35.12,0.7000000000000001,15.100000000000001,47.95,296,3.9000000000000004,,,,,,,,,,,,,,,,,,,,,,,,,,,,,,,,,
2001,4,13,14,30,112,921,41.47,0.7000000000000001,15.5,46.65,296,3.6,,,,,,,,,,,,,,,,,,,,,,,,,,,,,,,,,
2001,4,13,15,30,102,877,50.43,0.8,15.5,46.5,297,3.4000000000000004,,,,,,,,,,,,,,,,,,,,,,,,,,,,,,,,,
2001,4,13,16,30,89,805,60.730000000000004,0.8,14.9,48.44,299,3,,,,,,,,,,,,,,,,,,,,,,,,,,,,,,,,,
2001,4,13,17,30,72,665,71.63,0.8,13.100000000000001,55.85,301,2,,,,,,,,,,,,,,,,,,,,,,,,,,,,,,,,,
2001,4,13,18,30,42,362,82.64,0.8,10.200000000000001,81.81,307,1.3,,,,,,,,,,,,,,,,,,,,,,,,,,,,,,,,,
2001,4,13,19,30,0,0,93.62,0.8,8.1,82.08,311,1.3,,,,,,,,,,,,,,,,,,,,,,,,,,,,,,,,,
2001,4,13,20,30,0,0,103.93,0.8,7.1000000000000005,83.4,311,1.4000000000000001,,,,,,,,,,,,,,,,,,,,,,,,,,,,,,,,,
2001,4,13,21,30,0,0,113.22,0.7000000000000001,6.1000000000000005,85.55,309,1.5,,,,,,,,,,,,,,,,,,,,,,,,,,,,,,,,,
2001,4,13,22,30,0,0,120.9,0.7000000000000001,5.1000000000000005,87.64,309,1.5,,,,,,,,,,,,,,,,,,,,,,,,,,,,,,,,,
2001,4,13,23,30,0,0,126.18,0.7000000000000001,4.2,88.88,313,1.4000000000000001,,,,,,,,,,,,,,,,,,,,,,,,,,,,,,,,,
2001,4,14,0,30,0,0,128.27,0.7000000000000001,3.5,88.8,318,1.2000000000000002,,,,,,,,,,,,,,,,,,,,,,,,,,,,,,,,,
2001,4,14,1,30,0,0,126.77,0.7000000000000001,3,88.25,324,1.1,,,,,,,,,,,,,,,,,,,,,,,,,,,,,,,,,
2001,4,14,2,30,0,0,121.97,0.7000000000000001,2.9000000000000004,86.15,329,1,,,,,,,,,,,,,,,,,,,,,,,,,,,,,,,,,
2001,4,14,3,30,0,0,114.63,0.8,3.1,83.06,335,0.7000000000000001,,,,,,,,,,,,,,,,,,,,,,,,,,,,,,,,,
2001,4,14,4,30,0,0,105.55,0.9,3.2,81.14,256,0.5,,,,,,,,,,,,,,,,,,,,,,,,,,,,,,,,,
2001,4,14,5,30,0,0,95.38,1,3.2,80.2,178,0.5,,,,,,,,,,,,,,,,,,,,,,,,,,,,,,,,,
2001,4,14,6,30,40,144,84.41,1.1,4.2,76.86,196,1.1,,,,,,,,,,,,,,,,,,,,,,,,,,,,,,,,,
2001,4,14,7,30,136,298,73.43,1.3,6.2,72.32000000000001,222,1.8,,,,,,,,,,,,,,,,,,,,,,,,,,,,,,,,,
2001,4,14,8,30,133,0,62.45,1.5,8.4,65.93,236,2.8000000000000003,,,,,,,,,,,,,,,,,,,,,,,,,,,,,,,,,
2001,4,14,9,30,232,1,51.96,1.5,10.8,59.120000000000005,240,3.7,,,,,,,,,,,,,,,,,,,,,,,,,,,,,,,,,
2001,4,14,10,30,431,250,42.65,1.5,12.4,56.88,241,4.1000000000000005,,,,,,,,,,,,,,,,,,,,,,,,,,,,,,,,,
2001,4,14,11,30,441,89,35.67,1.5,13.5,57.120000000000005,243,4.4,,,,,,,,,,,,,,,,,,,,,,,,,,,,,,,,,
2001,4,14,12,30,452,93,32.69,1.5,14.600000000000001,58.2,249,4.800000000000001,,,,,,,,,,,,,,,,,,,,,,,,,,,,,,,,,
2001,4,14,13,30,479,286,34.800000000000004,1.5,15.4,60.03,257,5.1000000000000005,,,,,,,,,,,,,,,,,,,,,,,,,,,,,,,,,
2001,4,14,14,30,271,1,41.2,1.5,15.600000000000001,61.31,267,5.2,,,,,,,,,,,,,,,,,,,,,,,,,,,,,,,,,
2001,4,14,15,30,387,177,50.2,1.4000000000000001,15.4,62.690000000000005,277,4.9,,,,,,,,,,,,,,,,,,,,,,,,,,,,,,,,,
2001,4,14,16,30,154,598,60.53,1.2000000000000002,14.8,63.86,289,4.5,,,,,,,,,,,,,,,,,,,,,,,,,,,,,,,,,
2001,4,14,17,30,109,478,71.44,1,13.100000000000001,66.83,299,3.8000000000000003,,,,,,,,,,,,,,,,,,,,,,,,,,,,,,,,,
2001,4,14,18,30,55,209,82.45,0.7000000000000001,10.100000000000001,74.25,308,3,,,,,,,,,,,,,,,,,,,,,,,,,,,,,,,,,
2001,4,14,19,30,0,0,93.42,0.6000000000000001,7.6000000000000005,76.9,316,2.7,,,,,,,,,,,,,,,,,,,,,,,,,,,,,,,,,
2001,4,14,20,30,0,0,103.7,0.6000000000000001,6.300000000000001,77.53,325,2.5,,,,,,,,,,,,,,,,,,,,,,,,,,,,,,,,,
2001,4,14,21,30,0,0,112.97,0.6000000000000001,5.2,80.34,336,2.1,,,,,,,,,,,,,,,,,,,,,,,,,,,,,,,,,
2001,4,14,22,30,0,0,120.61,0.7000000000000001,4.3,83.10000000000001,350,1.9000000000000001,,,,,,,,,,,,,,,,,,,,,,,,,,,,,,,,,
2001,4,14,23,30,0,0,125.85000000000001,0.7000000000000001,3.5,85.29,190,1.7000000000000002,,,,,,,,,,,,,,,,,,,,,,,,,,,,,,,,,
2001,4,15,0,30,0,0,127.91,0.7000000000000001,3,85.74,28,1.6,,,,,,,,,,,,,,,,,,,,,,,,,,,,,,,,,
2001,4,15,1,30,0,0,126.4,0.8,2.4000000000000004,88.51,43,1.6,,,,,,,,,,,,,,,,,,,,,,,,,,,,,,,,,
2001,4,15,2,30,0,0,121.62,0.8,2.4000000000000004,86.39,60,1.8,,,,,,,,,,,,,,,,,,,,,,,,,,,,,,,,,
2001,4,15,3,30,0,0,114.3,0.8,3,86.4,74,2.4000000000000004,,,,,,,,,,,,,,,,,,,,,,,,,,,,,,,,,
2001,4,15,4,30,0,0,105.25,0.9,3.4000000000000004,87.38,81,3.1,,,,,,,,,,,,,,,,,,,,,,,,,,,,,,,,,
2001,4,15,5,30,0,0,95.08,0.9,3.5,90.33,82,3.6,,,,,,,,,,,,,,,,,,,,,,,,,,,,,,,,,
2001,4,15,6,30,13,0,84.13,1,3.8000000000000003,91.05,84,3.2,,,,,,,,,,,,,,,,,,,,,,,,,,,,,,,,,
2001,4,15,7,30,58,1,73.15,1.1,4.5,89.33,106,2.2,,,,,,,,,,,,,,,,,,,,,,,,,,,,,,,,,
2001,4,15,8,30,102,1,62.160000000000004,1.2000000000000002,5.4,86.44,108,1.7000000000000002,,,,,,,,,,,,,,,,,,,,,,,,,,,,,,,,,
2001,4,15,9,30,116,1,51.660000000000004,1.3,6.4,82.95,90,2.3000000000000003,,,,,,,,,,,,,,,,,,,,,,,,,,,,,,,,,
2001,4,15,10,30,141,1,42.32,1.4000000000000001,7.1000000000000005,80.37,88,3.2,,,,,,,,,,,,,,,,,,,,,,,,,,,,,,,,,
2001,4,15,11,30,172,1,35.31,1.5,7.5,74.10000000000001,81,3.8000000000000003,,,,,,,,,,,,,,,,,,,,,,,,,,,,,,,,,
2001,4,15,12,30,224,2,32.33,1.5,7.4,71.43,69,3.8000000000000003,,,,,,,,,,,,,,,,,,,,,,,,,,,,,,,,,
2001,4,15,13,30,244,3,34.480000000000004,1.5,7,72.78,55,3.6,,,,,,,,,,,,,,,,,,,,,,,,,,,,,,,,,
2001,4,15,14,30,296,14,40.93,1.5,6.800000000000001,74.07000000000001,41,3.6,,,,,,,,,,,,,,,,,,,,,,,,,,,,,,,,,
2001,4,15,15,30,248,13,49.97,1.4000000000000001,6.9,73.29,31,3.8000000000000003,,,,,,,,,,,,,,,,,,,,,,,,,,,,,,,,,
2001,4,15,16,30,218,27,60.33,1.3,7.300000000000001,70.7,21,3.8000000000000003,,,,,,,,,,,,,,,,,,,,,,,,,,,,,,,,,
2001,4,15,17,30,128,3,71.25,1.2000000000000002,6.9,71.84,9,3.1,,,,,,,,,,,,,,,,,,,,,,,,,,,,,,,,,
2001,4,15,18,30,23,0,82.25,1.1,5.300000000000001,84.10000000000001,182,2,,,,,,,,,,,,,,,,,,,,,,,,,,,,,,,,,
2001,4,15,19,30,0,0,93.21000000000001,1,3.9000000000000004,90.71000000000001,359,1.4000000000000001,,,,,,,,,,,,,,,,,,,,,,,,,,,,,,,,,
2001,4,15,20,30,0,0,103.47,1,3.1,91.44,356,1.3,,,,,,,,,,,,,,,,,,,,,,,,,,,,,,,,,
2001,4,15,21,30,0,0,112.71000000000001,1,2.5,91.43,341,1.2000000000000002,,,,,,,,,,,,,,,,,,,,,,,,,,,,,,,,,
2001,4,15,22,30,0,0,120.32000000000001,1,1.9000000000000001,93.63,312,1.2000000000000002,,,,,,,,,,,,,,,,,,,,,,,,,,,,,,,,,
2001,4,15,23,30,0,0,125.52,1,1.4000000000000001,96.63,289,1.4000000000000001,,,,,,,,,,,,,,,,,,,,,,,,,,,,,,,,,
2001,4,16,0,30,0,0,127.55,1.1,1.6,96.67,282,1.8,,,,,,,,,,,,,,,,,,,,,,,,,,,,,,,,,
2001,4,16,1,30,0,0,126.04,1.1,2.3000000000000003,95.63,279,2.5,,,,,,,,,,,,,,,,,,,,,,,,,,,,,,,,,
2001,4,16,2,30,0,0,121.27,1.2000000000000002,2.9000000000000004,95.25,277,3.2,,,,,,,,,,,,,,,,,,,,,,,,,,,,,,,,,
2001,4,16,3,30,0,0,113.98,1.2000000000000002,3.1,96.19,277,3.5,,,,,,,,,,,,,,,,,,,,,,,,,,,,,,,,,
2001,4,16,4,30,0,0,104.94,1.3,2.9000000000000004,98.45,281,3.2,,,,,,,,,,,,,,,,,,,,,,,,,,,,,,,,,
2001,4,16,5,30,0,0,94.79,1.3,2.6,99.44,286,3.3000000000000003,,,,,,,,,,,,,,,,,,,,,,,,,,,,,,,,,
2001,4,16,6,30,18,0,83.86,1.2000000000000002,2.8000000000000003,94.75,291,4,,,,,,,,,,,,,,,,,,,,,,,,,,,,,,,,,
2001,4,16,7,30,66,0,72.87,1.1,3.5,83.7,293,4.6000000000000005,,,,,,,,,,,,,,,,,,,,,,,,,,,,,,,,,
2001,4,16,8,30,230,53,61.88,0.9,4.6000000000000005,68.84,290,5.2,,,,,,,,,,,,,,,,,,,,,,,,,,,,,,,,,
2001,4,16,9,30,316,31,51.36,0.7000000000000001,6,57.44,285,5.800000000000001,,,,,,,,,,,,,,,,,,,,,,,,,,,,,,,,,
2001,4,16,10,30,398,85,42,0.6000000000000001,7,50.49,283,6.5,,,,,,,,,,,,,,,,,,,,,,,,,,,,,,,,,
2001,4,16,11,30,364,4,34.96,0.6000000000000001,7.1000000000000005,48.06,283,7.1000000000000005,,,,,,,,,,,,,,,,,,,,,,,,,,,,,,,,,
2001,4,16,12,30,489,279,31.970000000000002,0.6000000000000001,6.6000000000000005,46.980000000000004,283,7.300000000000001,,,,,,,,,,,,,,,,,,,,,,,,,,,,,,,,,
2001,4,16,13,30,492,199,34.160000000000004,0.5,5.9,45.58,284,7.2,,,,,,,,,,,,,,,,,,,,,,,,,,,,,,,,,
2001,4,16,14,30,380,25,40.67,0.5,5.300000000000001,44.38,286,7,,,,,,,,,,,,,,,,,,,,,,,,,,,,,,,,,
2001,4,16,15,30,242,1,49.75,0.5,4.6000000000000005,44.71,289,6.800000000000001,,,,,,,,,,,,,,,,,,,,,,,,,,,,,,,,,
2001,4,16,16,30,84,845,60.13,0.5,3.6,47,293,6.5,,,,,,,,,,,,,,,,,,,,,,,,,,,,,,,,,
2001,4,16,17,30,69,715,71.06,0.5,2.4000000000000004,51.1,295,5.800000000000001,,,,,,,,,,,,,,,,,,,,,,,,,,,,,,,,,
2001,4,16,18,30,42,443,82.06,0.5,1,58.31,294,4.6000000000000005,,,,,,,,,,,,,,,,,,,,,,,,,,,,,,,,,
2001,4,16,19,30,0,0,93.01,0.5,-0.2,69.03,292,3.5,,,,,,,,,,,,,,,,,,,,,,,,,,,,,,,,,
2001,4,16,20,30,0,0,103.25,0.6000000000000001,-0.9,76.76,290,3.2,,,,,,,,,,,,,,,,,,,,,,,,,,,,,,,,,
2001,4,16,21,30,0,0,112.46000000000001,0.6000000000000001,-1.5,81.93,291,3.1,,,,,,,,,,,,,,,,,,,,,,,,,,,,,,,,,
2001,4,16,22,30,0,0,120.02,0.6000000000000001,-2,85.87,294,3,,,,,,,,,,,,,,,,,,,,,,,,,,,,,,,,,
2001,4,16,23,30,0,0,125.19,0.6000000000000001,-2.6,89.45,297,2.9000000000000004,,,,,,,,,,,,,,,,,,,,,,,,,,,,,,,,,
2001,4,17,0,30,0,0,127.2,0.5,-3.2,92,298,2.9000000000000004,,,,,,,,,,,,,,,,,,,,,,,,,,,,,,,,,
2001,4,17,1,30,0,0,125.69,0.5,-3.7,93.46000000000001,296,2.9000000000000004,,,,,,,,,,,,,,,,,,,,,,,,,,,,,,,,,
2001,4,17,2,30,0,0,120.93,0.5,-4.1,94.23,293,2.9000000000000004,,,,,,,,,,,,,,,,,,,,,,,,,,,,,,,,,
2001,4,17,3,30,0,0,113.65,0.5,-4.3,94.65,289,3,,,,,,,,,,,,,,,,,,,,,,,,,,,,,,,,,
2001,4,17,4,30,0,0,104.63,0.6000000000000001,-4.2,93.55,289,3.3000000000000003,,,,,,,,,,,,,,,,,,,,,,,,,,,,,,,,,
2001,4,17,5,30,0,0,94.5,0.7000000000000001,-3.5,89.76,296,3.6,,,,,,,,,,,,,,,,,,,,,,,,,,,,,,,,,
2001,4,17,6,30,38,1,83.58,0.8,-2,84.83,314,4,,,,,,,,,,,,,,,,,,,,,,,,,,,,,,,,,
2001,4,17,7,30,125,366,72.60000000000001,0.9,-0.3,82.75,339,4.9,,,,,,,,,,,,,,,,,,,,,,,,,,,,,,,,,
2001,4,17,8,30,40,0,61.6,0.9,1.4000000000000001,79.89,179,6.300000000000001,,,,,,,,,,,,,,,,,,,,,,,,,,,,,,,,,
2001,4,17,9,30,295,47,51.07,0.9,2.8000000000000003,73.7,7,7.5,,,,,,,,,,,,,,,,,,,,,,,,,,,,,,,,,
2001,4,17,10,30,393,134,41.68,0.8,3.9000000000000004,66.08,6,8.200000000000001,,,,,,,,,,,,,,,,,,,,,,,,,,,,,,,,,
2001,4,17,11,30,339,434,34.61,0.8,4.6000000000000005,58.49,4,8.4,,,,,,,,,,,,,,,,,,,,,,,,,,,,,,,,,
2001,4,17,12,30,336,480,31.62,0.7000000000000001,4.800000000000001,52.36,3,8.3,,,,,,,,,,,,,,,,,,,,,,,,,,,,,,,,,
2001,4,17,13,30,293,536,33.84,0.6000000000000001,4.7,48.17,2,8,,,,,,,,,,,,,,,,,,,,,,,,,,,,,,,,,
2001,4,17,14,30,460,230,40.4,0.6000000000000001,4.7,44.63,3,7.5,,,,,,,,,,,,,,,,,,,,,,,,,,,,,,,,,
2001,4,17,15,30,240,609,49.53,0.5,4.9,41.96,3,6.9,,,,,,,,,,,,,,,,,,,,,,,,,,,,,,,,,
2001,4,17,16,30,311,115,59.93,0.4,4.9,41.910000000000004,4,6.300000000000001,,,,,,,,,,,,,,,,,,,,,,,,,,,,,,,,,
2001,4,17,17,30,99,573,70.87,0.4,3.9000000000000004,46.6,6,5,,,,,,,,,,,,,,,,,,,,,,,,,,,,,,,,,
2001,4,17,18,30,52,319,81.87,0.5,1.8,59.92,6,3.5,,,,,,,,,,,,,,,,,,,,,,,,,,,,,,,,,
2001,4,17,19,30,0,0,92.8,0.5,0.2,71.68,181,2.8000000000000003,,,,,,,,,,,,,,,,,,,,,,,,,,,,,,,,,
2001,4,17,20,30,0,0,103.02,0.5,-0.5,75.36,351,3,,,,,,,,,,,,,,,,,,,,,,,,,,,,,,,,,
2001,4,17,21,30,0,0,112.2,0.5,-1.2,77.81,342,3.4000000000000004,,,,,,,,,,,,,,,,,,,,,,,,,,,,,,,,,
2001,4,17,22,30,0,0,119.73,0.5,-1.8,79.62,333,3.6,,,,,,,,,,,,,,,,,,,,,,,,,,,,,,,,,
2001,4,17,23,30,0,0,124.87,0.5,-2.4,82.03,326,3.6,,,,,,,,,,,,,,,,,,,,,,,,,,,,,,,,,
2001,4,18,0,30,0,0,126.85000000000001,0.5,-2.8,83.55,321,3.5,,,,,,,,,,,,,,,,,,,,,,,,,,,,,,,,,
2001,4,18,1,30,0,0,125.33,0.5,-3,84.8,320,3.5,,,,,,,,,,,,,,,,,,,,,,,,,,,,,,,,,
2001,4,18,2,30,0,0,120.59,0.5,-3,85.84,322,3.6,,,,,,,,,,,,,,,,,,,,,,,,,,,,,,,,,
2001,4,18,3,30,0,0,113.33,0.5,-3.1,88.26,321,3.6,,,,,,,,,,,,,,,,,,,,,,,,,,,,,,,,,
2001,4,18,4,30,0,0,104.33,0.5,-3.3,91.39,318,3.6,,,,,,,,,,,,,,,,,,,,,,,,,,,,,,,,,
2001,4,18,5,30,0,0,94.22,0.5,-3.2,92.23,317,3.8000000000000003,,,,,,,,,,,,,,,,,,,,,,,,,,,,,,,,,
2001,4,18,6,30,45,264,83.31,0.5,-1.7,85.04,322,4.1000000000000005,,,,,,,,,,,,,,,,,,,,,,,,,,,,,,,,,
2001,4,18,7,30,94,544,72.32000000000001,0.5,0.7000000000000001,76.59,328,4.3,,,,,,,,,,,,,,,,,,,,,,,,,,,,,,,,,
2001,4,18,8,30,113,736,61.32,0.5,3.2,63.93,332,4.800000000000001,,,,,,,,,,,,,,,,,,,,,,,,,,,,,,,,,
2001,4,18,9,30,119,849,50.77,0.5,5.2,53.31,332,5.300000000000001,,,,,,,,,,,,,,,,,,,,,,,,,,,,,,,,,
2001,4,18,10,30,123,900,41.36,0.6000000000000001,6.9,46.69,331,5.5,,,,,,,,,,,,,,,,,,,,,,,,,,,,,,,,,
2001,4,18,11,30,128,924,34.27,0.6000000000000001,8.3,42.76,329,5.5,,,,,,,,,,,,,,,,,,,,,,,,,,,,,,,,,
2001,4,18,12,30,132,929,31.27,0.6000000000000001,9.5,40.68,327,5.300000000000001,,,,,,,,,,,,,,,,,,,,,,,,,,,,,,,,,
2001,4,18,13,30,165,858,33.53,0.7000000000000001,10.3,40.07,325,5.1000000000000005,,,,,,,,,,,,,,,,,,,,,,,,,,,,,,,,,
2001,4,18,14,30,149,850,40.14,0.7000000000000001,10.8,40.29,322,4.800000000000001,,,,,,,,,,,,,,,,,,,,,,,,,,,,,,,,,
2001,4,18,15,30,127,827,49.31,0.7000000000000001,10.8,41.31,319,4.4,,,,,,,,,,,,,,,,,,,,,,,,,,,,,,,,,
2001,4,18,16,30,292,172,59.730000000000004,0.8,10.3,43.77,317,3.8000000000000003,,,,,,,,,,,,,,,,,,,,,,,,,,,,,,,,,
2001,4,18,17,30,61,0,70.68,0.8,8.8,50.27,314,2.7,,,,,,,,,,,,,,,,,,,,,,,,,,,,,,,,,
2001,4,18,18,30,70,4,81.69,0.8,6.300000000000001,72.4,313,1.7000000000000002,,,,,,,,,,,,,,,,,,,,,,,,,,,,,,,,,
2001,4,18,19,30,0,0,92.60000000000001,0.8,4.3,79.12,313,1.7000000000000002,,,,,,,,,,,,,,,,,,,,,,,,,,,,,,,,,
2001,4,18,20,30,0,0,102.8,0.8,3.2,81.37,315,1.7000000000000002,,,,,,,,,,,,,,,,,,,,,,,,,,,,,,,,,
2001,4,18,21,30,0,0,111.95,0.8,2,84.54,324,1.5,,,,,,,,,,,,,,,,,,,,,,,,,,,,,,,,,
2001,4,18,22,30,0,0,119.45,0.8,0.8,87.18,167,1.1,,,,,,,,,,,,,,,,,,,,,,,,,,,,,,,,,
2001,4,18,23,30,0,0,124.54,0.8,-0.2,87.93,24,0.8,,,,,,,,,,,,,,,,,,,,,,,,,,,,,,,,,
2001,4,19,0,30,0,0,126.51,0.7000000000000001,-0.8,87.72,67,0.8,,,,,,,,,,,,,,,,,,,,,,,,,,,,,,,,,
2001,4,19,1,30,0,0,124.98,0.7000000000000001,-1.1,87.37,104,0.9,,,,,,,,,,,,,,,,,,,,,,,,,,,,,,,,,
2001,4,19,2,30,0,0,120.25,0.7000000000000001,-1.2,86.62,128,1,,,,,,,,,,,,,,,,,,,,,,,,,,,,,,,,,
2001,4,19,3,30,0,0,113.01,0.7000000000000001,-1.2,85.87,145,1,,,,,,,,,,,,,,,,,,,,,,,,,,,,,,,,,
2001,4,19,4,30,0,0,104.04,0.7000000000000001,-1,85.10000000000001,159,0.9,,,,,,,,,,,,,,,,,,,,,,,,,,,,,,,,,
2001,4,19,5,30,0,0,93.94,0.7000000000000001,-0.6,83.69,167,0.9,,,,,,,,,,,,,,,,,,,,,,,,,,,,,,,,,
2001,4,19,6,30,41,329,83.05,0.8,1.2000000000000002,78.87,171,1.2000000000000002,,,,,,,,,,,,,,,,,,,,,,,,,,,,,,,,,
2001,4,19,7,30,79,614,72.06,0.8,4,68.85000000000001,176,1.6,,,,,,,,,,,,,,,,,,,,,,,,,,,,,,,,,
2001,4,19,8,30,100,761,61.050000000000004,0.8,7.300000000000001,55.51,184,1.6,,,,,,,,,,,,,,,,,,,,,,,,,,,,,,,,,
2001,4,19,9,30,117,838,50.49,0.8,10,42.9,184,1.7000000000000002,,,,,,,,,,,,,,,,,,,,,,,,,,,,,,,,,
2001,4,19,10,30,136,861,41.050000000000004,0.9,11.4,40.68,179,2.2,,,,,,,,,,,,,,,,,,,,,,,,,,,,,,,,,
2001,4,19,11,30,143,886,33.93,0.9,12.5,40.1,182,2.8000000000000003,,,,,,,,,,,,,,,,,,,,,,,,,,,,,,,,,
2001,4,19,12,30,146,889,30.92,1,13.200000000000001,40.050000000000004,185,3.2,,,,,,,,,,,,,,,,,,,,,,,,,,,,,,,,,
2001,4,19,13,30,136,892,33.22,1.1,13.700000000000001,40.1,186,3.5,,,,,,,,,,,,,,,,,,,,,,,,,,,,,,,,,
2001,4,19,14,30,251,631,39.89,1.2000000000000002,13.9,40.550000000000004,187,3.6,,,,,,,,,,,,,,,,,,,,,,,,,,,,,,,,,
2001,4,19,15,30,141,777,49.09,1.3,13.700000000000001,42.36,190,3.3000000000000003,,,,,,,,,,,,,,,,,,,,,,,,,,,,,,,,,
2001,4,19,16,30,216,426,59.54,1.3,13.100000000000001,46.11,184,2.5,,,,,,,,,,,,,,,,,,,,,,,,,,,,,,,,,
2001,4,19,17,30,193,52,70.5,1.3,11.5,58.120000000000005,164,1.8,,,,,,,,,,,,,,,,,,,,,,,,,,,,,,,,,
2001,4,19,18,30,53,0,81.5,1.3,9.200000000000001,78.10000000000001,145,1.9000000000000001,,,,,,,,,,,,,,,,,,,,,,,,,,,,,,,,,
2001,4,19,19,30,0,0,92.4,1.3,7.7,75.86,140,2.7,,,,,,,,,,,,,,,,,,,,,,,,,,,,,,,,,
2001,4,19,20,30,0,0,102.58,1.5,7,73.11,140,3.4000000000000004,,,,,,,,,,,,,,,,,,,,,,,,,,,,,,,,,
2001,4,19,21,30,0,0,111.7,1.7000000000000002,6.5,72.8,140,3.9000000000000004,,,,,,,,,,,,,,,,,,,,,,,,,,,,,,,,,
2001,4,19,22,30,0,0,119.16,1.9000000000000001,6.2,75.33,140,3.9000000000000004,,,,,,,,,,,,,,,,,,,,,,,,,,,,,,,,,
2001,4,19,23,30,0,0,124.22,2,6.2,79.55,141,3.7,,,,,,,,,,,,,,,,,,,,,,,,,,,,,,,,,
2001,4,20,0,30,0,0,126.16,2.1,6.4,84.49,143,3.4000000000000004,,,,,,,,,,,,,,,,,,,,,,,,,,,,,,,,,
2001,4,20,1,30,0,0,124.64,2.1,6.800000000000001,87.98,156,3.4000000000000004,,,,,,,,,,,,,,,,,,,,,,,,,,,,,,,,,
2001,4,20,2,30,0,0,119.91,2.1,7.5,89.08,174,3.6,,,,,,,,,,,,,,,,,,,,,,,,,,,,,,,,,
2001,4,20,3,30,0,0,112.7,2.2,7.9,91.39,185,3.7,,,,,,,,,,,,,,,,,,,,,,,,,,,,,,,,,
2001,4,20,4,30,0,0,103.74000000000001,2.3000000000000003,7.9,93.09,188,3.8000000000000003,,,,,,,,,,,,,,,,,,,,,,,,,,,,,,,,,
2001,4,20,5,30,0,0,93.66,2.3000000000000003,7.9,94.19,189,4,,,,,,,,,,,,,,,,,,,,,,,,,,,,,,,,,
2001,4,20,6,30,18,0,82.79,2.4000000000000004,8.1,94.72,185,4.2,,,,,,,,,,,,,,,,,,,,,,,,,,,,,,,,,
2001,4,20,7,30,17,0,71.8,2.4000000000000004,8.3,94.63,177,4.5,,,,,,,,,,,,,,,,,,,,,,,,,,,,,,,,,
2001,4,20,8,30,108,1,60.78,2.4000000000000004,8.700000000000001,92.18,168,5.1000000000000005,,,,,,,,,,,,,,,,,,,,,,,,,,,,,,,,,
2001,4,20,9,30,59,0,50.2,2.3000000000000003,9.200000000000001,88.8,162,5.7,,,,,,,,,,,,,,,,,,,,,,,,,,,,,,,,,
2001,4,20,10,30,161,0,40.74,2.3000000000000003,9.9,85.36,159,6,,,,,,,,,,,,,,,,,,,,,,,,,,,,,,,,,
2001,4,20,11,30,70,0,33.59,2.3000000000000003,10.5,83.19,159,5.9,,,,,,,,,,,,,,,,,,,,,,,,,,,,,,,,,
2001,4,20,12,30,158,0,30.580000000000002,2.3000000000000003,11.100000000000001,82.57000000000001,160,5.5,,,,,,,,,,,,,,,,,,,,,,,,,,,,,,,,,
2001,4,20,13,30,114,0,32.92,2.3000000000000003,11.700000000000001,83.09,163,4.9,,,,,,,,,,,,,,,,,,,,,,,,,,,,,,,,,
2001,4,20,14,30,173,0,39.63,2.3000000000000003,12.4,84.11,166,4.3,,,,,,,,,,,,,,,,,,,,,,,,,,,,,,,,,
2001,4,20,15,30,133,0,48.870000000000005,2.2,13.200000000000001,85.69,167,3.8000000000000003,,,,,,,,,,,,,,,,,,,,,,,,,,,,,,,,,
2001,4,20,16,30,27,0,59.34,2.3000000000000003,13.8,88.68,163,3.4000000000000004,,,,,,,,,,,,,,,,,,,,,,,,,,,,,,,,,
2001,4,20,17,30,88,0,70.31,2.4000000000000004,13.8,93.75,166,3.1,,,,,,,,,,,,,,,,,,,,,,,,,,,,,,,,,
2001,4,20,18,30,4,0,81.31,2.4000000000000004,13.4,98.74000000000001,179,3.1,,,,,,,,,,,,,,,,,,,,,,,,,,,,,,,,,
2001,4,20,19,30,0,0,92.2,2.5,13.4,100,191,3.6,,,,,,,,,,,,,,,,,,,,,,,,,,,,,,,,,
2001,4,20,20,30,0,0,102.36,2.6,13.700000000000001,100,199,4.3,,,,,,,,,,,,,,,,,,,,,,,,,,,,,,,,,
2001,4,20,21,30,0,0,111.44,2.6,13.8,100,203,4.7,,,,,,,,,,,,,,,,,,,,,,,,,,,,,,,,,
2001,4,20,22,30,0,0,118.87,2.6,13.700000000000001,100,203,4.9,,,,,,,,,,,,,,,,,,,,,,,,,,,,,,,,,
2001,4,20,23,30,0,0,123.9,2.5,13.5,100,202,4.9,,,,,,,,,,,,,,,,,,,,,,,,,,,,,,,,,
2001,4,21,0,30,0,0,125.82000000000001,2.6,13.4,99.5,203,4.7,,,,,,,,,,,,,,,,,,,,,,,,,,,,,,,,,
2001,4,21,1,30,0,0,124.29,2.6,13.4,99.33,205,4.4,,,,,,,,,,,,,,,,,,,,,,,,,,,,,,,,,
2001,4,21,2,30,0,0,119.58,2.7,13.4,99.67,205,4.2,,,,,,,,,,,,,,,,,,,,,,,,,,,,,,,,,
2001,4,21,3,30,0,0,112.39,2.9000000000000004,13.5,99.47,202,4.2,,,,,,,,,,,,,,,,,,,,,,,,,,,,,,,,,
2001,4,21,4,30,0,0,103.45,3.2,13.600000000000001,99.34,199,4,,,,,,,,,,,,,,,,,,,,,,,,,,,,,,,,,
2001,4,21,5,30,0,0,93.38,3.4000000000000004,13.8,98.58,200,4.1000000000000005,,,,,,,,,,,,,,,,,,,,,,,,,,,,,,,,,
2001,4,21,6,30,9,0,82.53,3.4000000000000004,14.200000000000001,97.42,199,4.4,,,,,,,,,,,,,,,,,,,,,,,,,,,,,,,,,
2001,4,21,7,30,46,0,71.54,3.3000000000000003,15,94.99,190,4.7,,,,,,,,,,,,,,,,,,,,,,,,,,,,,,,,,
2001,4,21,8,30,227,50,60.52,3.4000000000000004,16.3,91.8,188,5.6000000000000005,,,,,,,,,,,,,,,,,,,,,,,,,,,,,,,,,
2001,4,21,9,30,49,0,49.93,3.4000000000000004,17.8,89.62,197,6.9,,,,,,,,,,,,,,,,,,,,,,,,,,,,,,,,,
2001,4,21,10,30,224,4,40.43,3.3000000000000003,19.200000000000003,85.45,206,7.6000000000000005,,,,,,,,,,,,,,,,,,,,,,,,,,,,,,,,,
2001,4,21,11,30,259,7,33.25,3.2,20.6,80.29,212,8,,,,,,,,,,,,,,,,,,,,,,,,,,,,,,,,,
2001,4,21,12,30,236,3,30.240000000000002,3.1,21.8,76.09,217,8.1,,,,,,,,,,,,,,,,,,,,,,,,,,,,,,,,,
2001,4,21,13,30,468,198,32.61,3,22.6,73.74,221,8.1,,,,,,,,,,,,,,,,,,,,,,,,,,,,,,,,,
2001,4,21,14,30,407,98,39.38,2.9000000000000004,22.8,72.84,223,8,,,,,,,,,,,,,,,,,,,,,,,,,,,,,,,,,
2001,4,21,15,30,265,4,48.660000000000004,2.8000000000000003,22.6,73.89,223,7.7,,,,,,,,,,,,,,,,,,,,,,,,,,,,,,,,,
2001,4,21,16,30,66,0,59.15,2.6,22.200000000000003,76.5,222,7.300000000000001,,,,,,,,,,,,,,,,,,,,,,,,,,,,,,,,,
2001,4,21,17,30,154,9,70.13,2.6,21.400000000000002,81.44,221,7.1000000000000005,,,,,,,,,,,,,,,,,,,,,,,,,,,,,,,,,
2001,4,21,18,30,60,1,81.13,2.6,20.3,87.25,221,7.1000000000000005,,,,,,,,,,,,,,,,,,,,,,,,,,,,,,,,,
2001,4,21,19,30,0,0,92,2.7,19.5,91.10000000000001,222,7.300000000000001,,,,,,,,,,,,,,,,,,,,,,,,,,,,,,,,,
2001,4,21,20,30,0,0,102.13,2.8000000000000003,19.1,93.2,227,7.300000000000001,,,,,,,,,,,,,,,,,,,,,,,,,,,,,,,,,
2001,4,21,21,30,0,0,111.19,2.8000000000000003,18.5,96.55,236,6.6000000000000005,,,,,,,,,,,,,,,,,,,,,,,,,,,,,,,,,
2001,4,21,22,30,0,0,118.59,2.6,17.7,100,246,5.300000000000001,,,,,,,,,,,,,,,,,,,,,,,,,,,,,,,,,
2001,4,21,23,30,0,0,123.59,2.3000000000000003,16.6,100,259,4.4,,,,,,,,,,,,,,,,,,,,,,,,,,,,,,,,,
2001,4,22,0,30,0,0,125.49000000000001,2.1,15.3,100,276,3.8000000000000003,,,,,,,,,,,,,,,,,,,,,,,,,,,,,,,,,
2001,4,22,1,30,0,0,123.95,1.9000000000000001,13.3,100,291,3.1,,,,,,,,,,,,,,,,,,,,,,,,,,,,,,,,,
2001,4,22,2,30,0,0,119.26,1.8,11.4,100,299,2.3000000000000003,,,,,,,,,,,,,,,,,,,,,,,,,,,,,,,,,
2001,4,22,3,30,0,0,112.08,1.8,10.100000000000001,100,307,1.8,,,,,,,,,,,,,,,,,,,,,,,,,,,,,,,,,
2001,4,22,4,30,0,0,103.16,2,9.5,99.17,319,1.7000000000000002,,,,,,,,,,,,,,,,,,,,,,,,,,,,,,,,,
2001,4,22,5,30,0,0,93.11,2.1,9.600000000000001,93.84,331,1.7000000000000002,,,,,,,,,,,,,,,,,,,,,,,,,,,,,,,,,
2001,4,22,6,30,60,14,82.27,2.1,10.4,88.39,345,2.1,,,,,,,,,,,,,,,,,,,,,,,,,,,,,,,,,
2001,4,22,7,30,156,213,71.28,2.1,11.9,77.74,183,2.2,,,,,,,,,,,,,,,,,,,,,,,,,,,,,,,,,
2001,4,22,8,30,167,513,60.26,2.2,14,67.72,24,1.8,,,,,,,,,,,,,,,,,,,,,,,,,,,,,,,,,
2001,4,22,9,30,222,456,49.65,2.5,15.8,63.550000000000004,60,1.5,,,,,,,,,,,,,,,,,,,,,,,,,,,,,,,,,
2001,4,22,10,30,127,832,40.13,2.7,17.1,62.56,108,1.6,,,,,,,,,,,,,,,,,,,,,,,,,,,,,,,,,
2001,4,22,11,30,247,545,32.92,2.8000000000000003,18.2,61.93,141,2.1,,,,,,,,,,,,,,,,,,,,,,,,,,,,,,,,,
2001,4,22,12,30,298,7,29.900000000000002,3,19.3,61.92,154,2.8000000000000003,,,,,,,,,,,,,,,,,,,,,,,,,,,,,,,,,
2001,4,22,13,30,284,6,32.31,3.1,20,63.78,158,3.3000000000000003,,,,,,,,,,,,,,,,,,,,,,,,,,,,,,,,,
2001,4,22,14,30,255,6,39.13,3.2,20.200000000000003,67.35,158,3.6,,,,,,,,,,,,,,,,,,,,,,,,,,,,,,,,,
2001,4,22,15,30,333,147,48.45,3.3000000000000003,19.700000000000003,72.97,155,3.7,,,,,,,,,,,,,,,,,,,,,,,,,,,,,,,,,
2001,4,22,16,30,246,62,58.96,3.2,18.8,79.27,147,3.7,,,,,,,,,,,,,,,,,,,,,,,,,,,,,,,,,
2001,4,22,17,30,132,383,69.94,3.2,17.5,86.63,141,3.5,,,,,,,,,,,,,,,,,,,,,,,,,,,,,,,,,
2001,4,22,18,30,65,167,80.94,3.3000000000000003,16,94.34,139,3.4000000000000004,,,,,,,,,,,,,,,,,,,,,,,,,,,,,,,,,
2001,4,22,19,30,0,0,91.8,3.3000000000000003,15,97.94,140,3.4000000000000004,,,,,,,,,,,,,,,,,,,,,,,,,,,,,,,,,
2001,4,22,20,30,0,0,101.91,3.2,14.5,100,141,3.4000000000000004,,,,,,,,,,,,,,,,,,,,,,,,,,,,,,,,,
2001,4,22,21,30,0,0,110.95,3.1,14.600000000000001,100,147,3.4000000000000004,,,,,,,,,,,,,,,,,,,,,,,,,,,,,,,,,
2001,4,22,22,30,0,0,118.31,2.9000000000000004,14.9,100,157,3.4000000000000004,,,,,,,,,,,,,,,,,,,,,,,,,,,,,,,,,
2001,4,22,23,30,0,0,123.27,2.7,15.3,100,169,3.5,,,,,,,,,,,,,,,,,,,,,,,,,,,,,,,,,
2001,4,23,0,30,0,0,125.15,2.3000000000000003,15.600000000000001,100,179,3.8000000000000003,,,,,,,,,,,,,,,,,,,,,,,,,,,,,,,,,
2001,4,23,1,30,0,0,123.62,1.9000000000000001,15.600000000000001,100,187,4.1000000000000005,,,,,,,,,,,,,,,,,,,,,,,,,,,,,,,,,
2001,4,23,2,30,0,0,118.93,1.8,15.4,99.54,191,4.3,,,,,,,,,,,,,,,,,,,,,,,,,,,,,,,,,
2001,4,23,3,30,0,0,111.78,1.8,15,98.56,191,4.2,,,,,,,,,,,,,,,,,,,,,,,,,,,,,,,,,
2001,4,23,4,30,0,0,102.88,1.9000000000000001,14.8,97.35000000000001,190,4.2,,,,,,,,,,,,,,,,,,,,,,,,,,,,,,,,,
2001,4,23,5,30,0,0,92.85000000000001,2,14.8,96.15,189,4.3,,,,,,,,,,,,,,,,,,,,,,,,,,,,,,,,,
2001,4,23,6,30,61,2,82.02,2.1,15.4,93.39,188,4.6000000000000005,,,,,,,,,,,,,,,,,,,,,,,,,,,,,,,,,
2001,4,23,7,30,88,557,71.03,2.3000000000000003,16.6,90.29,188,5,,,,,,,,,,,,,,,,,,,,,,,,,,,,,,,,,
2001,4,23,8,30,187,446,60,2.4000000000000004,18.7,83.56,196,5.9,,,,,,,,,,,,,,,,,,,,,,,,,,,,,,,,,
2001,4,23,9,30,122,783,49.38,2.6,20.900000000000002,74.55,206,7,,,,,,,,,,,,,,,,,,,,,,,,,,,,,,,,,
2001,4,23,10,30,152,786,39.84,2.8000000000000003,22.700000000000003,67.57000000000001,208,7.6000000000000005,,,,,,,,,,,,,,,,,,,,,,,,,,,,,,,,,
2001,4,23,11,30,434,319,32.6,3,23.8,64.35,208,8.1,,,,,,,,,,,,,,,,,,,,,,,,,,,,,,,,,
2001,4,23,12,30,140,850,29.57,3.1,24.200000000000003,62.97,207,8.4,,,,,,,,,,,,,,,,,,,,,,,,,,,,,,,,,
2001,4,23,13,30,153,816,32.02,3.3000000000000003,24.200000000000003,63.410000000000004,207,8.5,,,,,,,,,,,,,,,,,,,,,,,,,,,,,,,,,
2001,4,23,14,30,292,2,38.89,3.5,23.700000000000003,66.09,208,8.1,,,,,,,,,,,,,,,,,,,,,,,,,,,,,,,,,
2001,4,23,15,30,262,396,48.24,3.6,23,70.63,209,7.5,,,,,,,,,,,,,,,,,,,,,,,,,,,,,,,,,
2001,4,23,16,30,60,0,58.77,3.7,22.200000000000003,75.98,209,7.2,,,,,,,,,,,,,,,,,,,,,,,,,,,,,,,,,
2001,4,23,17,30,65,0,69.76,3.7,21.1,82.32000000000001,210,7.1000000000000005,,,,,,,,,,,,,,,,,,,,,,,,,,,,,,,,,
2001,4,23,18,30,50,0,80.76,3.8000000000000003,20,88.7,214,6.9,,,,,,,,,,,,,,,,,,,,,,,,,,,,,,,,,
2001,4,23,19,30,0,0,91.60000000000001,3.6,18.7,96.08,232,6.7,,,,,,,,,,,,,,,,,,,,,,,,,,,,,,,,,
2001,4,23,20,30,0,0,101.69,3.1,16.2,100,256,7,,,,,,,,,,,,,,,,,,,,,,,,,,,,,,,,,
2001,4,23,21,30,0,0,110.7,2.2,12.600000000000001,97.03,263,7.4,,,,,,,,,,,,,,,,,,,,,,,,,,,,,,,,,
2001,4,23,22,30,0,0,118.03,1.5,9.9,82.78,258,7.5,,,,,,,,,,,,,,,,,,,,,,,,,,,,,,,,,
2001,4,23,23,30,0,0,122.96000000000001,1.1,8.700000000000001,77.98,256,7.7,,,,,,,,,,,,,,,,,,,,,,,,,,,,,,,,,
2001,4,24,0,30,0,0,124.82000000000001,1,7.800000000000001,77.27,256,7.800000000000001,,,,,,,,,,,,,,,,,,,,,,,,,,,,,,,,,
2001,4,24,1,30,0,0,123.28,0.9,6.9,77.07000000000001,257,7.7,,,,,,,,,,,,,,,,,,,,,,,,,,,,,,,,,
2001,4,24,2,30,0,0,118.61,0.9,6.1000000000000005,77.99,259,7.300000000000001,,,,,,,,,,,,,,,,,,,,,,,,,,,,,,,,,
2001,4,24,3,30,0,0,111.48,0.9,5.4,81.65,261,6.9,,,,,,,,,,,,,,,,,,,,,,,,,,,,,,,,,
2001,4,24,4,30,0,0,102.60000000000001,0.9,5,85.22,269,6.800000000000001,,,,,,,,,,,,,,,,,,,,,,,,,,,,,,,,,
2001,4,24,5,30,0,0,92.58,0.9,4.7,87.17,282,6.7,,,,,,,,,,,,,,,,,,,,,,,,,,,,,,,,,
2001,4,24,6,30,50,339,81.77,0.9,4.800000000000001,81.82000000000001,292,6.9,,,,,,,,,,,,,,,,,,,,,,,,,,,,,,,,,
2001,4,24,7,30,143,7,70.78,0.9,5.5,72.89,297,7.300000000000001,,,,,,,,,,,,,,,,,,,,,,,,,,,,,,,,,
2001,4,24,8,30,294,136,59.75,0.8,6.9,63.76,298,7.5,,,,,,,,,,,,,,,,,,,,,,,,,,,,,,,,,
2001,4,24,9,30,344,65,49.11,0.7000000000000001,8.4,56.64,299,7.6000000000000005,,,,,,,,,,,,,,,,,,,,,,,,,,,,,,,,,
2001,4,24,10,30,325,3,39.550000000000004,0.7000000000000001,9.8,51.46,302,7.7,,,,,,,,,,,,,,,,,,,,,,,,,,,,,,,,,
2001,4,24,11,30,484,267,32.28,0.7000000000000001,11.100000000000001,47.57,306,7.6000000000000005,,,,,,,,,,,,,,,,,,,,,,,,,,,,,,,,,
2001,4,24,12,30,512,230,29.240000000000002,0.6000000000000001,12.100000000000001,45.06,312,7.300000000000001,,,,,,,,,,,,,,,,,,,,,,,,,,,,,,,,,
2001,4,24,13,30,445,409,31.720000000000002,0.6000000000000001,12.700000000000001,43.52,320,6.800000000000001,,,,,,,,,,,,,,,,,,,,,,,,,,,,,,,,,
2001,4,24,14,30,121,909,38.64,0.7000000000000001,12.8,43.09,328,6.1000000000000005,,,,,,,,,,,,,,,,,,,,,,,,,,,,,,,,,
2001,4,24,15,30,112,871,48.03,0.7000000000000001,12.700000000000001,42.89,337,5.300000000000001,,,,,,,,,,,,,,,,,,,,,,,,,,,,,,,,,
2001,4,24,16,30,102,793,58.58,0.7000000000000001,12.100000000000001,43.64,347,4.3,,,,,,,,,,,,,,,,,,,,,,,,,,,,,,,,,
2001,4,24,17,30,85,659,69.58,0.7000000000000001,10.8,46.79,178,2.9000000000000004,,,,,,,,,,,,,,,,,,,,,,,,,,,,,,,,,
2001,4,24,18,30,54,408,80.57000000000001,0.6000000000000001,8.3,66.04,17,1.6,,,,,,,,,,,,,,,,,,,,,,,,,,,,,,,,,
2001,4,24,19,30,0,0,91.4,0.6000000000000001,6.1000000000000005,78.18,44,1.2000000000000002,,,,,,,,,,,,,,,,,,,,,,,,,,,,,,,,,
2001,4,24,20,30,0,0,101.48,0.6000000000000001,5.1000000000000005,77.85000000000001,71,1.3,,,,,,,,,,,,,,,,,,,,,,,,,,,,,,,,,
2001,4,24,21,30,0,0,110.45,0.6000000000000001,4.2,79.16,95,1.3,,,,,,,,,,,,,,,,,,,,,,,,,,,,,,,,,
2001,4,24,22,30,0,0,117.75,0.6000000000000001,3.1,82.51,116,1.4000000000000001,,,,,,,,,,,,,,,,,,,,,,,,,,,,,,,,,
2001,4,24,23,30,0,0,122.66,0.6000000000000001,2.2,86.04,130,1.5,,,,,,,,,,,,,,,,,,,,,,,,,,,,,,,,,
2001,4,25,0,30,0,0,124.49000000000001,0.6000000000000001,1.4000000000000001,89.41,138,1.6,,,,,,,,,,,,,,,,,,,,,,,,,,,,,,,,,
2001,4,25,1,30,0,0,122.95,0.5,0.9,91.13,144,1.7000000000000002,,,,,,,,,,,,,,,,,,,,,,,,,,,,,,,,,
2001,4,25,2,30,0,0,118.3,0.6000000000000001,0.5,92.91,150,1.7000000000000002,,,,,,,,,,,,,,,,,,,,,,,,,,,,,,,,,
2001,4,25,3,30,0,0,111.18,0.6000000000000001,0.2,94.58,157,1.7000000000000002,,,,,,,,,,,,,,,,,,,,,,,,,,,,,,,,,
2001,4,25,4,30,0,0,102.33,0.6000000000000001,-0.2,97.19,163,1.5,,,,,,,,,,,,,,,,,,,,,,,,,,,,,,,,,
2001,4,25,5,30,0,0,92.32000000000001,0.6000000000000001,0.7000000000000001,90.62,169,1.7000000000000002,,,,,,,,,,,,,,,,,,,,,,,,,,,,,,,,,
2001,4,25,6,30,47,399,81.52,0.7000000000000001,3.1,80.74,171,2.3000000000000003,,,,,,,,,,,,,,,,,,,,,,,,,,,,,,,,,
2001,4,25,7,30,79,664,70.54,0.7000000000000001,6.2,66.35,169,2.8000000000000003,,,,,,,,,,,,,,,,,,,,,,,,,,,,,,,,,
2001,4,25,8,30,97,796,59.5,0.7000000000000001,9.1,50.15,167,2.7,,,,,,,,,,,,,,,,,,,,,,,,,,,,,,,,,
2001,4,25,9,30,110,863,48.85,0.8,11.200000000000001,44.13,163,2.5,,,,,,,,,,,,,,,,,,,,,,,,,,,,,,,,,
2001,4,25,10,30,125,893,39.26,0.8,12.700000000000001,41.53,161,2.3000000000000003,,,,,,,,,,,,,,,,,,,,,,,,,,,,,,,,,
2001,4,25,11,30,131,917,31.96,0.8,13.700000000000001,40.96,165,2.2,,,,,,,,,,,,,,,,,,,,,,,,,,,,,,,,,
2001,4,25,12,30,133,918,28.91,0.9,14.4,41.01,174,2.1,,,,,,,,,,,,,,,,,,,,,,,,,,,,,,,,,
2001,4,25,13,30,139,899,31.43,0.9,14.700000000000001,41.57,186,2.1,,,,,,,,,,,,,,,,,,,,,,,,,,,,,,,,,
2001,4,25,14,30,137,866,38.4,1,14.8,42.14,198,2,,,,,,,,,,,,,,,,,,,,,,,,,,,,,,,,,
2001,4,25,15,30,391,189,47.83,1,14.5,43.37,207,2,,,,,,,,,,,,,,,,,,,,,,,,,,,,,,,,,
2001,4,25,16,30,303,80,58.4,1,14,45.26,210,1.9000000000000001,,,,,,,,,,,,,,,,,,,,,,,,,,,,,,,,,
2001,4,25,17,30,93,614,69.4,1,12.700000000000001,51.06,201,1.6,,,,,,,,,,,,,,,,,,,,,,,,,,,,,,,,,
2001,4,25,18,30,56,371,80.39,1,10.100000000000001,73.44,187,1.3,,,,,,,,,,,,,,,,,,,,,,,,,,,,,,,,,
2001,4,25,19,30,0,0,91.2,1,7.6000000000000005,80.29,183,1.4000000000000001,,,,,,,,,,,,,,,,,,,,,,,,,,,,,,,,,
2001,4,25,20,30,0,0,101.26,1,6.1000000000000005,79.9,186,1.5,,,,,,,,,,,,,,,,,,,,,,,,,,,,,,,,,
2001,4,25,21,30,0,0,110.21000000000001,1,5,80.4,189,1.6,,,,,,,,,,,,,,,,,,,,,,,,,,,,,,,,,
2001,4,25,22,30,0,0,117.47,0.9,4.2,80.55,190,1.7000000000000002,,,,,,,,,,,,,,,,,,,,,,,,,,,,,,,,,
2001,4,25,23,30,0,0,122.35000000000001,0.9,3.8000000000000003,78.83,189,2.1,,,,,,,,,,,,,,,,,,,,,,,,,,,,,,,,,
2001,4,26,0,30,0,0,124.17,0.9,3.7,75.56,190,2.6,,,,,,,,,,,,,,,,,,,,,,,,,,,,,,,,,
2001,4,26,1,30,0,0,122.63,0.9,3.2,75.4,194,2.8000000000000003,,,,,,,,,,,,,,,,,,,,,,,,,,,,,,,,,
2001,4,26,2,30,0,0,117.99000000000001,0.9,2.5,77.81,199,2.8000000000000003,,,,,,,,,,,,,,,,,,,,,,,,,,,,,,,,,
2001,4,26,3,30,0,0,110.89,0.9,2.1,78.27,203,2.9000000000000004,,,,,,,,,,,,,,,,,,,,,,,,,,,,,,,,,
2001,4,26,4,30,0,0,102.05,0.9,1.8,78.77,206,2.8000000000000003,,,,,,,,,,,,,,,,,,,,,,,,,,,,,,,,,
2001,4,26,5,30,0,0,92.07000000000001,0.9,2.4000000000000004,74.67,209,3.2,,,,,,,,,,,,,,,,,,,,,,,,,,,,,,,,,
2001,4,26,6,30,50,374,81.28,0.9,4.4,65.9,209,3.9000000000000004,,,,,,,,,,,,,,,,,,,,,,,,,,,,,,,,,
2001,4,26,7,30,83,633,70.3,1,7.4,56.32,207,4.3,,,,,,,,,,,,,,,,,,,,,,,,,,,,,,,,,
2001,4,26,8,30,104,764,59.26,1,11,51.120000000000005,208,4.7,,,,,,,,,,,,,,,,,,,,,,,,,,,,,,,,,
2001,4,26,9,30,121,828,48.6,1.1,13.9,42.84,210,5.5,,,,,,,,,,,,,,,,,,,,,,,,,,,,,,,,,
2001,4,26,10,30,125,883,38.980000000000004,1.1,15.3,39.56,210,5.9,,,,,,,,,,,,,,,,,,,,,,,,,,,,,,,,,
2001,4,26,11,30,129,904,31.650000000000002,1.2000000000000002,16.1,39.07,209,5.9,,,,,,,,,,,,,,,,,,,,,,,,,,,,,,,,,
2001,4,26,12,30,233,699,28.59,1.2000000000000002,16.7,38.9,208,6,,,,,,,,,,,,,,,,,,,,,,,,,,,,,,,,,
2001,4,26,13,30,129,904,31.14,1.3,17.400000000000002,38.82,208,6.1000000000000005,,,,,,,,,,,,,,,,,,,,,,,,,,,,,,,,,
2001,4,26,14,30,120,886,38.160000000000004,1.4000000000000001,17.900000000000002,39.59,210,6.1000000000000005,,,,,,,,,,,,,,,,,,,,,,,,,,,,,,,,,
2001,4,26,15,30,111,842,47.62,1.6,18,41.65,212,5.9,,,,,,,,,,,,,,,,,,,,,,,,,,,,,,,,,
2001,4,26,16,30,100,766,58.21,1.7000000000000002,17.7,45.08,213,5.4,,,,,,,,,,,,,,,,,,,,,,,,,,,,,,,,,
2001,4,26,17,30,85,629,69.22,1.8,16.5,52.9,214,4.5,,,,,,,,,,,,,,,,,,,,,,,,,,,,,,,,,
2001,4,26,18,30,89,33,80.21000000000001,2,14.600000000000001,65.01,215,3.9000000000000004,,,,,,,,,,,,,,,,,,,,,,,,,,,,,,,,,
2001,4,26,19,30,0,0,91.01,2.1,13.5,69.95,216,4.2,,,,,,,,,,,,,,,,,,,,,,,,,,,,,,,,,
2001,4,26,20,30,0,0,101.04,2.3000000000000003,13.200000000000001,71.48,220,4.7,,,,,,,,,,,,,,,,,,,,,,,,,,,,,,,,,
2001,4,26,21,30,0,0,109.96000000000001,2.3000000000000003,12.9,74.75,227,5,,,,,,,,,,,,,,,,,,,,,,,,,,,,,,,,,
2001,4,26,22,30,0,0,117.2,2.4000000000000004,12.600000000000001,79.09,233,4.9,,,,,,,,,,,,,,,,,,,,,,,,,,,,,,,,,
2001,4,26,23,30,0,0,122.05,2.4000000000000004,12.3,83.93,241,4.2,,,,,,,,,,,,,,,,,,,,,,,,,,,,,,,,,
2001,4,27,0,30,0,0,123.85000000000001,2.3000000000000003,12.100000000000001,87.8,259,3.8000000000000003,,,,,,,,,,,,,,,,,,,,,,,,,,,,,,,,,
2001,4,27,1,30,0,0,122.31,2.1,11.8,91.46000000000001,284,3.7,,,,,,,,,,,,,,,,,,,,,,,,,,,,,,,,,
2001,4,27,2,30,0,0,117.68,2,11,97.2,316,3.1,,,,,,,,,,,,,,,,,,,,,,,,,,,,,,,,,
2001,4,27,3,30,0,0,110.60000000000001,1.8,9.9,100,174,2.6,,,,,,,,,,,,,,,,,,,,,,,,,,,,,,,,,
2001,4,27,4,30,0,0,101.79,1.6,9,100,17,3,,,,,,,,,,,,,,,,,,,,,,,,,,,,,,,,,
2001,4,27,5,30,0,0,91.82000000000001,1.4000000000000001,8.5,100,22,3.7,,,,,,,,,,,,,,,,,,,,,,,,,,,,,,,,,
2001,4,27,6,30,77,44,81.04,1.2000000000000002,8.9,93.15,20,4.2,,,,,,,,,,,,,,,,,,,,,,,,,,,,,,,,,
2001,4,27,7,30,78,655,70.06,1.1,10.100000000000001,80.5,17,4.3,,,,,,,,,,,,,,,,,,,,,,,,,,,,,,,,,
2001,4,27,8,30,96,793,59.02,0.9,12.100000000000001,67.68,15,4.4,,,,,,,,,,,,,,,,,,,,,,,,,,,,,,,,,
2001,4,27,9,30,107,873,48.34,0.8,14.200000000000001,58.08,12,4.7,,,,,,,,,,,,,,,,,,,,,,,,,,,,,,,,,
2001,4,27,10,30,114,920,38.7,0.7000000000000001,15.8,50.33,8,4.9,,,,,,,,,,,,,,,,,,,,,,,,,,,,,,,,,
2001,4,27,11,30,119,941,31.34,0.7000000000000001,16.7,45.13,6,5,,,,,,,,,,,,,,,,,,,,,,,,,,,,,,,,,
2001,4,27,12,30,122,946,28.27,0.7000000000000001,17.1,41.36,4,5,,,,,,,,,,,,,,,,,,,,,,,,,,,,,,,,,
2001,4,27,13,30,129,926,30.86,0.7000000000000001,17.2,38.57,5,5.1000000000000005,,,,,,,,,,,,,,,,,,,,,,,,,,,,,,,,,
2001,4,27,14,30,114,924,37.93,0.7000000000000001,16.8,37.18,8,5.1000000000000005,,,,,,,,,,,,,,,,,,,,,,,,,,,,,,,,,
2001,4,27,15,30,100,900,47.42,0.7000000000000001,16.1,37.38,14,4.9,,,,,,,,,,,,,,,,,,,,,,,,,,,,,,,,,
2001,4,27,16,30,94,821,58.03,0.7000000000000001,15,39.15,20,4.6000000000000005,,,,,,,,,,,,,,,,,,,,,,,,,,,,,,,,,
2001,4,27,17,30,78,700,69.05,0.7000000000000001,13.200000000000001,43.37,31,3.9000000000000004,,,,,,,,,,,,,,,,,,,,,,,,,,,,,,,,,
2001,4,27,18,30,49,480,80.03,0.7000000000000001,10.3,57.74,44,2.9000000000000004,,,,,,,,,,,,,,,,,,,,,,,,,,,,,,,,,
2001,4,27,19,30,0,0,90.2,0.7000000000000001,7.5,70.35000000000001,54,2.5,,,,,,,,,,,,,,,,,,,,,,,,,,,,,,,,,
2001,4,27,20,30,0,0,100.83,0.7000000000000001,6,71.87,58,2.2,,,,,,,,,,,,,,,,,,,,,,,,,,,,,,,,,
2001,4,27,21,30,0,0,109.72,0.7000000000000001,4.7,75.44,55,1.9000000000000001,,,,,,,,,,,,,,,,,,,,,,,,,,,,,,,,,
2001,4,27,22,30,0,0,116.93,0.6000000000000001,3.8000000000000003,78.58,48,1.6,,,,,,,,,,,,,,,,,,,,,,,,,,,,,,,,,
2001,4,27,23,30,0,0,121.75,0.6000000000000001,2.9000000000000004,81.78,39,1.5,,,,,,,,,,,,,,,,,,,,,,,,,,,,,,,,,
2001,4,28,0,30,0,0,123.54,0.5,2.2,83.76,31,1.5,,,,,,,,,,,,,,,,,,,,,,,,,,,,,,,,,
2001,4,28,1,30,0,0,121.99000000000001,0.5,1.5,85.78,25,1.5,,,,,,,,,,,,,,,,,,,,,,,,,,,,,,,,,
2001,4,28,2,30,0,0,117.38,0.5,0.9,87.06,22,1.6,,,,,,,,,,,,,,,,,,,,,,,,,,,,,,,,,
2001,4,28,3,30,0,0,110.32000000000001,0.5,0.30000000000000004,88.83,21,1.6,,,,,,,,,,,,,,,,,,,,,,,,,,,,,,,,,
2001,4,28,4,30,0,0,101.52,0.5,-0.1,89.43,22,1.6,,,,,,,,,,,,,,,,,,,,,,,,,,,,,,,,,
2001,4,28,5,30,0,0,91.57000000000001,0.5,0.6000000000000001,84.89,25,2,,,,,,,,,,,,,,,,,,,,,,,,,,,,,,,,,
2001,4,28,6,30,49,460,80.81,0.4,2.7,77.54,28,2.6,,,,,,,,,,,,,,,,,,,,,,,,,,,,,,,,,
2001,4,28,7,30,86,668,69.83,0.4,5.800000000000001,66.07000000000001,42,2.5,,,,,,,,,,,,,,,,,,,,,,,,,,,,,,,,,
2001,4,28,8,30,107,787,58.78,0.5,9.3,49.82,61,2.4000000000000004,,,,,,,,,,,,,,,,,,,,,,,,,,,,,,,,,
2001,4,28,9,30,126,850,48.1,0.5,11.600000000000001,39.15,62,2.4000000000000004,,,,,,,,,,,,,,,,,,,,,,,,,,,,,,,,,
2001,4,28,10,30,126,912,38.43,0.5,12.9,37.160000000000004,57,2.4000000000000004,,,,,,,,,,,,,,,,,,,,,,,,,,,,,,,,,
2001,4,28,11,30,127,935,31.03,0.6000000000000001,13.9,36.27,55,2.2,,,,,,,,,,,,,,,,,,,,,,,,,,,,,,,,,
2001,4,28,12,30,118,959,27.96,0.6000000000000001,14.700000000000001,35.74,56,2.1,,,,,,,,,,,,,,,,,,,,,,,,,,,,,,,,,
2001,4,28,13,30,119,944,30.580000000000002,0.7000000000000001,15.200000000000001,35.59,60,2,,,,,,,,,,,,,,,,,,,,,,,,,,,,,,,,,
2001,4,28,14,30,115,923,37.7,0.7000000000000001,15.3,35.9,67,1.9000000000000001,,,,,,,,,,,,,,,,,,,,,,,,,,,,,,,,,
2001,4,28,15,30,109,879,47.230000000000004,0.7000000000000001,15.200000000000001,36.27,76,2,,,,,,,,,,,,,,,,,,,,,,,,,,,,,,,,,
2001,4,28,16,30,101,803,57.85,0.7000000000000001,14.5,37.910000000000004,85,2,,,,,,,,,,,,,,,,,,,,,,,,,,,,,,,,,
2001,4,28,17,30,84,675,68.87,0.7000000000000001,13.100000000000001,42.56,95,1.7000000000000002,,,,,,,,,,,,,,,,,,,,,,,,,,,,,,,,,
2001,4,28,18,30,55,429,79.85000000000001,0.7000000000000001,10,64.55,108,1.5,,,,,,,,,,,,,,,,,,,,,,,,,,,,,,,,,
2001,4,28,19,30,0,0,90.04,0.7000000000000001,7,77.57000000000001,117,1.6,,,,,,,,,,,,,,,,,,,,,,,,,,,,,,,,,
2001,4,28,20,30,0,0,100.61,0.7000000000000001,5.5,76.97,120,1.8,,,,,,,,,,,,,,,,,,,,,,,,,,,,,,,,,
2001,4,28,21,30,0,0,109.48,0.6000000000000001,4.4,77.76,121,1.8,,,,,,,,,,,,,,,,,,,,,,,,,,,,,,,,,
2001,4,28,22,30,0,0,116.66,0.6000000000000001,3.3000000000000003,80.07000000000001,121,1.6,,,,,,,,,,,,,,,,,,,,,,,,,,,,,,,,,
2001,4,28,23,30,0,0,121.45,0.6000000000000001,2.4000000000000004,81.79,122,1.4000000000000001,,,,,,,,,,,,,,,,,,,,,,,,,,,,,,,,,
2001,4,29,0,30,0,0,123.22,0.5,1.7000000000000002,82.65,123,1.3,,,,,,,,,,,,,,,,,,,,,,,,,,,,,,,,,
2001,4,29,1,30,0,0,121.68,0.5,1.1,83.16,124,1.3,,,,,,,,,,,,,,,,,,,,,,,,,,,,,,,,,
2001,4,29,2,30,0,0,117.08,0.5,0.6000000000000001,83.37,126,1.2000000000000002,,,,,,,,,,,,,,,,,,,,,,,,,,,,,,,,,
2001,4,29,3,30,0,0,110.04,0.5,0.2,83.85000000000001,127,1.2000000000000002,,,,,,,,,,,,,,,,,,,,,,,,,,,,,,,,,
2001,4,29,4,30,0,0,101.26,0.6000000000000001,-0.1,84.61,128,1.2000000000000002,,,,,,,,,,,,,,,,,,,,,,,,,,,,,,,,,
2001,4,29,5,30,0,0,91.33,0.6000000000000001,0.9,78.48,127,1.3,,,,,,,,,,,,,,,,,,,,,,,,,,,,,,,,,
2001,4,29,6,30,51,434,80.58,0.6000000000000001,3.4000000000000004,74.22,125,2,,,,,,,,,,,,,,,,,,,,,,,,,,,,,,,,,
2001,4,29,7,30,85,655,69.60000000000001,0.7000000000000001,6.5,60.57,126,2.4000000000000004,,,,,,,,,,,,,,,,,,,,,,,,,,,,,,,,,
2001,4,29,8,30,105,783,58.56,0.7000000000000001,10,52.94,135,2.7,,,,,,,,,,,,,,,,,,,,,,,,,,,,,,,,,
2001,4,29,9,30,120,848,47.85,0.8,12.9,39.28,142,3.1,,,,,,,,,,,,,,,,,,,,,,,,,,,,,,,,,
2001,4,29,10,30,129,885,38.160000000000004,0.9,14.600000000000001,35.84,145,3.4000000000000004,,,,,,,,,,,,,,,,,,,,,,,,,,,,,,,,,
2001,4,29,11,30,134,904,30.73,1,15.700000000000001,34.29,148,3.7,,,,,,,,,,,,,,,,,,,,,,,,,,,,,,,,,
2001,4,29,12,30,136,912,27.650000000000002,1,16.5,33.85,152,3.8000000000000003,,,,,,,,,,,,,,,,,,,,,,,,,,,,,,,,,
2001,4,29,13,30,145,884,30.3,1.1,16.900000000000002,34.01,155,3.7,,,,,,,,,,,,,,,,,,,,,,,,,,,,,,,,,
2001,4,29,14,30,139,862,37.47,1.1,17,34.410000000000004,156,3.6,,,,,,,,,,,,,,,,,,,,,,,,,,,,,,,,,
2001,4,29,15,30,128,822,47.03,1.1,16.8,35.24,158,3.4000000000000004,,,,,,,,,,,,,,,,,,,,,,,,,,,,,,,,,
2001,4,29,16,30,113,749,57.67,1.2000000000000002,16.2,37.03,159,3.1,,,,,,,,,,,,,,,,,,,,,,,,,,,,,,,,,
2001,4,29,17,30,92,625,68.7,1.2000000000000002,14.4,42.21,157,2.3000000000000003,,,,,,,,,,,,,,,,,,,,,,,,,,,,,,,,,
2001,4,29,18,30,59,387,79.67,1.2000000000000002,11.200000000000001,67.52,153,1.7000000000000002,,,,,,,,,,,,,,,,,,,,,,,,,,,,,,,,,
2001,4,29,19,30,0,0,89.88,1.1,8.5,74.72,150,1.7000000000000002,,,,,,,,,,,,,,,,,,,,,,,,,,,,,,,,,
2001,4,29,20,30,0,0,100.4,1.1,7.2,72.73,148,1.9000000000000001,,,,,,,,,,,,,,,,,,,,,,,,,,,,,,,,,
2001,4,29,21,30,0,0,109.25,1.1,6.300000000000001,71.78,149,2,,,,,,,,,,,,,,,,,,,,,,,,,,,,,,,,,
2001,4,29,22,30,0,0,116.39,1.1,5.5,72.37,152,2,,,,,,,,,,,,,,,,,,,,,,,,,,,,,,,,,
2001,4,29,23,30,0,0,121.16,1.1,4.800000000000001,74.32000000000001,157,1.9000000000000001,,,,,,,,,,,,,,,,,,,,,,,,,,,,,,,,,
2001,4,30,0,30,0,0,122.92,1.1,4.2,77.36,163,1.8,,,,,,,,,,,,,,,,,,,,,,,,,,,,,,,,,
2001,4,30,1,30,0,0,121.37,1.1,3.8000000000000003,80,169,1.7000000000000002,,,,,,,,,,,,,,,,,,,,,,,,,,,,,,,,,
2001,4,30,2,30,0,0,116.78,1.1,3.5,82.29,176,1.7000000000000002,,,,,,,,,,,,,,,,,,,,,,,,,,,,,,,,,
2001,4,30,3,30,0,0,109.77,1.1,3.3000000000000003,83.60000000000001,183,1.6,,,,,,,,,,,,,,,,,,,,,,,,,,,,,,,,,
2001,4,30,4,30,0,0,101.01,1.2000000000000002,3.1,84.54,191,1.5,,,,,,,,,,,,,,,,,,,,,,,,,,,,,,,,,
2001,4,30,5,30,0,0,91.09,1.2000000000000002,4.3,77.33,199,1.6,,,,,,,,,,,,,,,,,,,,,,,,,,,,,,,,,
2001,4,30,6,30,52,409,80.35000000000001,1.2000000000000002,7,71.32000000000001,203,2.2,,,,,,,,,,,,,,,,,,,,,,,,,,,,,,,,,
2001,4,30,7,30,82,655,69.38,1.1,10,58.120000000000005,202,2.4000000000000004,,,,,,,,,,,,,,,,,,,,,,,,,,,,,,,,,
2001,4,30,8,30,101,779,58.33,1.1,13.3,54.15,197,2.2,,,,,,,,,,,,,,,,,,,,,,,,,,,,,,,,,
2001,4,30,9,30,113,847,47.62,1.2000000000000002,17.3,50.410000000000004,206,2.6,,,,,,,,,,,,,,,,,,,,,,,,,,,,,,,,,
2001,4,30,10,30,118,894,37.9,1.2000000000000002,20.400000000000002,39.84,213,2.7,,,,,,,,,,,,,,,,,,,,,,,,,,,,,,,,,
2001,4,30,11,30,123,916,30.44,1.2000000000000002,22.1,36.83,202,2.6,,,,,,,,,,,,,,,,,,,,,,,,,,,,,,,,,
2001,4,30,12,30,124,924,27.34,1.2000000000000002,23.1,36.12,191,2.9000000000000004,,,,,,,,,,,,,,,,,,,,,,,,,,,,,,,,,
2001,4,30,13,30,121,917,30.03,1.3,23.700000000000003,36.24,186,3.2,,,,,,,,,,,,,,,,,,,,,,,,,,,,,,,,,
2001,4,30,14,30,118,895,37.24,1.3,23.900000000000002,36.18,185,3.4000000000000004,,,,,,,,,,,,,,,,,,,,,,,,,,,,,,,,,
2001,4,30,15,30,110,858,46.84,1.2000000000000002,23.6,36.95,186,3.4000000000000004,,,,,,,,,,,,,,,,,,,,,,,,,,,,,,,,,
2001,4,30,16,30,99,790,57.5,1.2000000000000002,22.6,40.39,184,3,,,,,,,,,,,,,,,,,,,,,,,,,,,,,,,,,
2001,4,30,17,30,81,674,68.53,1.2000000000000002,20.3,54.97,177,2.2,,,,,,,,,,,,,,,,,,,,,,,,,,,,,,,,,
2001,4,30,18,30,53,450,79.5,1.2000000000000002,16.900000000000002,77.73,172,1.9000000000000001,,,,,,,,,,,,,,,,,,,,,,,,,,,,,,,,,
2001,4,30,19,30,0,0,89.76,2,13.200000000000001,79.18,129,3.1,,,,,,,,,,,,,,,,,,,,,,,,,,,,,,,,,
2001,4,30,20,30,0,0,100.23,2,12.4,81.12,138,2.9000000000000004,,,,,,,,,,,,,,,,,,,,,,,,,,,,,,,,,
2001,4,30,21,30,0,0,109.05,2,11.9,84.06,149,2.6,,,,,,,,,,,,,,,,,,,,,,,,,,,,,,,,,
2001,4,30,22,30,0,0,116.18,2,11.700000000000001,87.16,169,2.5,,,,,,,,,,,,,,,,,,,,,,,,,,,,,,,,,
2001,4,30,23,30,0,0,120.93,2.1,11.5,91.7,192,2.6,,,,,,,,,,,,,,,,,,,,,,,,,,,,,,,,,
2006,5,1,0,30,0,0,122.67,2.2,11.3,96.34,203,2.8000000000000003,,,,,,,,,,,,,,,,,,,,,,,,,,,,,,,,,
2006,5,1,1,30,0,0,121.13,2.2,11.200000000000001,98.03,198,2.9000000000000004,,,,,,,,,,,,,,,,,,,,,,,,,,,,,,,,,
2006,5,1,2,30,0,0,116.55,2.2,10.8,98.75,186,2.9000000000000004,,,,,,,,,,,,,,,,,,,,,,,,,,,,,,,,,
2006,5,1,3,30,0,0,109.55,2.2,10.4,98.65,170,2.8000000000000003,,,,,,,,,,,,,,,,,,,,,,,,,,,,,,,,,
2006,5,1,4,30,0,0,100.81,2.2,10.100000000000001,97.69,158,3.1,,,,,,,,,,,,,,,,,,,,,,,,,,,,,,,,,
2006,5,1,5,30,0,0,90.9,2.1,10.3,94.62,152,3.7,,,,,,,,,,,,,,,,,,,,,,,,,,,,,,,,,
2006,5,1,6,30,27,0,80.18,2.1,11,91.06,149,4.4,,,,,,,,,,,,,,,,,,,,,,,,,,,,,,,,,
2006,5,1,7,30,84,0,69.21000000000001,2,12.3,85.22,149,5.2,,,,,,,,,,,,,,,,,,,,,,,,,,,,,,,,,
2006,5,1,8,30,195,2,58.160000000000004,1.9000000000000001,14.100000000000001,74.69,151,5.9,,,,,,,,,,,,,,,,,,,,,,,,,,,,,,,,,
2006,5,1,9,30,367,245,47.43,1.9000000000000001,16.1,62.01,154,6.300000000000001,,,,,,,,,,,,,,,,,,,,,,,,,,,,,,,,,
2006,5,1,10,30,316,430,37.7,1.9000000000000001,17.7,53.76,156,6.5,,,,,,,,,,,,,,,,,,,,,,,,,,,,,,,,,
2006,5,1,11,30,324,441,30.21,2,18.8,50.160000000000004,155,6.4,,,,,,,,,,,,,,,,,,,,,,,,,,,,,,,,,
2006,5,1,12,30,375,4,27.1,2,19.6,49.1,154,6.2,,,,,,,,,,,,,,,,,,,,,,,,,,,,,,,,,
2006,5,1,13,30,447,112,29.810000000000002,2,20,49.08,154,5.800000000000001,,,,,,,,,,,,,,,,,,,,,,,,,,,,,,,,,
2006,5,1,14,30,453,178,37.06,2.1,20.1,49.550000000000004,154,5.300000000000001,,,,,,,,,,,,,,,,,,,,,,,,,,,,,,,,,
2006,5,1,15,30,285,5,46.68,2.2,19.700000000000003,51.26,153,4.6000000000000005,,,,,,,,,,,,,,,,,,,,,,,,,,,,,,,,,
2006,5,1,16,30,248,119,57.35,2.2,18.6,55.410000000000004,150,3.6,,,,,,,,,,,,,,,,,,,,,,,,,,,,,,,,,
2006,5,1,17,30,189,104,68.38,2.2,17.3,64.45,144,2.5,,,,,,,,,,,,,,,,,,,,,,,,,,,,,,,,,
2006,5,1,18,30,11,0,79.35000000000001,2.2,15.5,78.14,138,2,,,,,,,,,,,,,,,,,,,,,,,,,,,,,,,,,
2006,5,1,19,30,0,0,89.60000000000001,2.2,14.100000000000001,81.67,136,2,,,,,,,,,,,,,,,,,,,,,,,,,,,,,,,,,
2006,5,1,20,30,0,0,100.02,2.1,13.3,81.95,138,2.1,,,,,,,,,,,,,,,,,,,,,,,,,,,,,,,,,
2006,5,1,21,30,0,0,108.82000000000001,2.2,12.600000000000001,83.60000000000001,140,1.9000000000000001,,,,,,,,,,,,,,,,,,,,,,,,,,,,,,,,,
2006,5,1,22,30,0,0,115.92,2.2,12.100000000000001,85.66,141,1.7000000000000002,,,,,,,,,,,,,,,,,,,,,,,,,,,,,,,,,
2006,5,1,23,30,0,0,120.64,2.3000000000000003,11.700000000000001,87.56,142,1.5,,,,,,,,,,,,,,,,,,,,,,,,,,,,,,,,,
2006,5,2,0,30,0,0,122.37,2.3000000000000003,11.3,89.67,144,1.3,,,,,,,,,,,,,,,,,,,,,,,,,,,,,,,,,
2006,5,2,1,30,0,0,120.83,2.3000000000000003,10.9,91.44,143,1.3,,,,,,,,,,,,,,,,,,,,,,,,,,,,,,,,,
2006,5,2,2,30,0,0,116.26,2.3000000000000003,10.4,93.46000000000001,138,1.3,,,,,,,,,,,,,,,,,,,,,,,,,,,,,,,,,
2006,5,2,3,30,0,0,109.28,2.2,9.9,95.83,132,1.4000000000000001,,,,,,,,,,,,,,,,,,,,,,,,,,,,,,,,,
2006,5,2,4,30,0,0,100.56,2.3000000000000003,9.5,97.34,130,1.6,,,,,,,,,,,,,,,,,,,,,,,,,,,,,,,,,
2006,5,2,5,30,0,0,90.10000000000001,2.3000000000000003,10.100000000000001,92.48,136,2.1,,,,,,,,,,,,,,,,,,,,,,,,,,,,,,,,,
2006,5,2,6,30,32,0,79.96000000000001,2.4000000000000004,11.5,89.2,142,2.7,,,,,,,,,,,,,,,,,,,,,,,,,,,,,,,,,
2006,5,2,7,30,182,82,69,2.5,12.600000000000001,87.03,143,2.7,,,,,,,,,,,,,,,,,,,,,,,,,,,,,,,,,
2006,5,2,8,30,210,23,57.94,2.6,13.700000000000001,85.41,144,2.6,,,,,,,,,,,,,,,,,,,,,,,,,,,,,,,,,
2006,5,2,9,30,128,1,47.2,2.7,14.5,84.05,150,2.8000000000000003,,,,,,,,,,,,,,,,,,,,,,,,,,,,,,,,,
2006,5,2,10,30,191,2,37.44,2.8000000000000003,14.9,84.04,157,3,,,,,,,,,,,,,,,,,,,,,,,,,,,,,,,,,
2006,5,2,11,30,198,1,29.92,2.8000000000000003,15.100000000000001,85.31,167,2.7,,,,,,,,,,,,,,,,,,,,,,,,,,,,,,,,,
2006,5,2,12,30,183,1,26.8,2.7,15.3,85.9,177,2.2,,,,,,,,,,,,,,,,,,,,,,,,,,,,,,,,,
2006,5,2,13,30,255,3,29.54,2.7,15.5,84.98,185,1.6,,,,,,,,,,,,,,,,,,,,,,,,,,,,,,,,,
2006,5,2,14,30,250,5,36.84,2.7,15.4,84.64,191,1.1,,,,,,,,,,,,,,,,,,,,,,,,,,,,,,,,,
2006,5,2,15,30,217,6,46.49,2.7,15.200000000000001,84.34,200,0.7000000000000001,,,,,,,,,,,,,,,,,,,,,,,,,,,,,,,,,
2006,5,2,16,30,195,13,57.17,2.6,15,84.29,248,0.4,,,,,,,,,,,,,,,,,,,,,,,,,,,,,,,,,
2006,5,2,17,30,21,0,68.21000000000001,2.6,14.600000000000001,86.38,306,0.4,,,,,,,,,,,,,,,,,,,,,,,,,,,,,,,,,
2006,5,2,18,30,43,0,79.18,2.6,13.600000000000001,95.43,327,0.5,,,,,,,,,,,,,,,,,,,,,,,,,,,,,,,,,
2006,5,2,19,30,0,0,89.44,2.6,12.600000000000001,98.11,332,0.7000000000000001,,,,,,,,,,,,,,,,,,,,,,,,,,,,,,,,,
2006,5,2,20,30,0,0,99.81,2.6,11.700000000000001,100,335,0.9,,,,,,,,,,,,,,,,,,,,,,,,,,,,,,,,,
2006,5,2,21,30,0,0,108.59,2.5,11.200000000000001,100,337,1.1,,,,,,,,,,,,,,,,,,,,,,,,,,,,,,,,,
2006,5,2,22,30,0,0,115.66,2.5,10.9,100,340,1.4000000000000001,,,,,,,,,,,,,,,,,,,,,,,,,,,,,,,,,
2006,5,2,23,30,0,0,120.36,2.5,10.8,100,346,1.6,,,,,,,,,,,,,,,,,,,,,,,,,,,,,,,,,
2006,5,3,0,30,0,0,122.07000000000001,2.4000000000000004,10.600000000000001,100,353,1.5,,,,,,,,,,,,,,,,,,,,,,,,,,,,,,,,,
2006,5,3,1,30,0,0,120.53,2.3000000000000003,10.200000000000001,100,356,1.4000000000000001,,,,,,,,,,,,,,,,,,,,,,,,,,,,,,,,,
2006,5,3,2,30,0,0,115.98,2.2,9.700000000000001,100,355,1.4000000000000001,,,,,,,,,,,,,,,,,,,,,,,,,,,,,,,,,
2006,5,3,3,30,0,0,109.02,2,9.1,100,348,1.4000000000000001,,,,,,,,,,,,,,,,,,,,,,,,,,,,,,,,,
2006,5,3,4,30,0,0,100.32000000000001,1.8,8.5,100,340,1.4000000000000001,,,,,,,,,,,,,,,,,,,,,,,,,,,,,,,,,
2006,5,3,5,30,0,0,89.91,1.7000000000000002,9.1,99.16,331,1.7000000000000002,,,,,,,,,,,,,,,,,,,,,,,,,,,,,,,,,
2006,5,3,6,30,57,386,79.75,1.5,10.9,92.19,320,2.2,,,,,,,,,,,,,,,,,,,,,,,,,,,,,,,,,
2006,5,3,7,30,164,6,68.79,1.5,13.3,84.47,309,2.3000000000000003,,,,,,,,,,,,,,,,,,,,,,,,,,,,,,,,,
2006,5,3,8,30,112,743,57.730000000000004,1.5,16.3,75.74,300,2.1,,,,,,,,,,,,,,,,,,,,,,,,,,,,,,,,,
2006,5,3,9,30,124,820,46.980000000000004,1.5,19,62.09,285,1.9000000000000001,,,,,,,,,,,,,,,,,,,,,,,,,,,,,,,,,
2006,5,3,10,30,137,852,37.2,1.6,20.6,53.02,270,1.6,,,,,,,,,,,,,,,,,,,,,,,,,,,,,,,,,
2006,5,3,11,30,144,869,29.64,1.7000000000000002,21.700000000000003,49.39,261,1.4000000000000001,,,,,,,,,,,,,,,,,,,,,,,,,,,,,,,,,
2006,5,3,12,30,148,872,26.5,1.8,22.6,47.97,256,2.1,,,,,,,,,,,,,,,,,,,,,,,,,,,,,,,,,
2006,5,3,13,30,495,167,29.28,2,23.1,48.31,256,2.7,,,,,,,,,,,,,,,,,,,,,,,,,,,,,,,,,
2006,5,3,14,30,403,380,36.62,2.1,23.400000000000002,49.39,257,2.8000000000000003,,,,,,,,,,,,,,,,,,,,,,,,,,,,,,,,,
2006,5,3,15,30,381,234,46.300000000000004,2.1,23.400000000000002,51.1,259,2.7,,,,,,,,,,,,,,,,,,,,,,,,,,,,,,,,,
2006,5,3,16,30,211,410,57,2.2,23,53.730000000000004,254,2.4000000000000004,,,,,,,,,,,,,,,,,,,,,,,,,,,,,,,,,
2006,5,3,17,30,199,173,68.04,2.2,21.6,61.97,243,1.6,,,,,,,,,,,,,,,,,,,,,,,,,,,,,,,,,
2006,5,3,18,30,89,19,79,2.2,19.1,85.41,227,1.1,,,,,,,,,,,,,,,,,,,,,,,,,,,,,,,,,
2006,5,3,19,30,0,0,89.28,2.3000000000000003,17,87.4,217,1.3,,,,,,,,,,,,,,,,,,,,,,,,,,,,,,,,,
2006,5,3,20,30,0,0,99.60000000000001,2.4000000000000004,16.3,86.73,216,1.8,,,,,,,,,,,,,,,,,,,,,,,,,,,,,,,,,
2006,5,3,21,30,0,0,108.36,2.6,16.3,85.7,221,2.4000000000000004,,,,,,,,,,,,,,,,,,,,,,,,,,,,,,,,,
2006,5,3,22,30,0,0,115.4,2.7,16.400000000000002,85.39,227,3.1,,,,,,,,,,,,,,,,,,,,,,,,,,,,,,,,,
2006,5,3,23,30,0,0,120.08,2.7,16.2,86.93,234,3.6,,,,,,,,,,,,,,,,,,,,,,,,,,,,,,,,,
2006,5,4,0,30,0,0,121.78,2.8000000000000003,15.9,89.07000000000001,239,3.6,,,,,,,,,,,,,,,,,,,,,,,,,,,,,,,,,
2006,5,4,1,30,0,0,120.24000000000001,3,15.5,91.81,242,3.2,,,,,,,,,,,,,,,,,,,,,,,,,,,,,,,,,
2006,5,4,2,30,0,0,115.71000000000001,3.1,15.100000000000001,94.79,240,2.5,,,,,,,,,,,,,,,,,,,,,,,,,,,,,,,,,
2006,5,4,3,30,0,0,108.77,3.2,14.700000000000001,97.48,232,1.9000000000000001,,,,,,,,,,,,,,,,,,,,,,,,,,,,,,,,,
2006,5,4,4,30,0,0,100.08,3.2,14.4,98.96000000000001,234,2,,,,,,,,,,,,,,,,,,,,,,,,,,,,,,,,,
2006,5,4,5,30,0,0,89.73,3,14.600000000000001,97.66,255,2.4000000000000004,,,,,,,,,,,,,,,,,,,,,,,,,,,,,,,,,
2006,5,4,6,30,59,0,79.54,2.7,15.5,93.41,285,3.1,,,,,,,,,,,,,,,,,,,,,,,,,,,,,,,,,
2006,5,4,7,30,84,0,68.59,2.3000000000000003,16.6,83.64,306,3.8000000000000003,,,,,,,,,,,,,,,,,,,,,,,,,,,,,,,,,
2006,5,4,8,30,220,6,57.53,1.9000000000000001,17.6,65.54,305,4.2,,,,,,,,,,,,,,,,,,,,,,,,,,,,,,,,,
2006,5,4,9,30,114,834,46.76,1.7000000000000002,18.6,53.13,295,4.6000000000000005,,,,,,,,,,,,,,,,,,,,,,,,,,,,,,,,,
2006,5,4,10,30,114,893,36.95,1.6,19.3,47.4,287,5,,,,,,,,,,,,,,,,,,,,,,,,,,,,,,,,,
2006,5,4,11,30,115,922,29.37,1.5,20,44.26,285,5.1000000000000005,,,,,,,,,,,,,,,,,,,,,,,,,,,,,,,,,
2006,5,4,12,30,117,933,26.21,1.4000000000000001,20.400000000000002,43.300000000000004,285,5.1000000000000005,,,,,,,,,,,,,,,,,,,,,,,,,,,,,,,,,
2006,5,4,13,30,139,892,29.02,1.3,20.6,43.27,286,5.2,,,,,,,,,,,,,,,,,,,,,,,,,,,,,,,,,
2006,5,4,14,30,130,878,36.4,1.3,20.400000000000002,43.99,287,5.300000000000001,,,,,,,,,,,,,,,,,,,,,,,,,,,,,,,,,
2006,5,4,15,30,122,839,46.12,1.2000000000000002,19.8,45.25,290,5.4,,,,,,,,,,,,,,,,,,,,,,,,,,,,,,,,,
2006,5,4,16,30,110,767,56.83,1.2000000000000002,18.6,47.64,293,5.300000000000001,,,,,,,,,,,,,,,,,,,,,,,,,,,,,,,,,
2006,5,4,17,30,88,658,67.88,1.2000000000000002,16.900000000000002,51.78,297,4.6000000000000005,,,,,,,,,,,,,,,,,,,,,,,,,,,,,,,,,
2006,5,4,18,30,56,467,78.83,1.1,14.4,62.27,301,3.4000000000000004,,,,,,,,,,,,,,,,,,,,,,,,,,,,,,,,,
2006,5,4,19,30,0,0,89.11,1.1,12.200000000000001,74.66,303,2.6,,,,,,,,,,,,,,,,,,,,,,,,,,,,,,,,,
2006,5,4,20,30,0,0,99.4,1.1,10.9,80.09,305,2.5,,,,,,,,,,,,,,,,,,,,,,,,,,,,,,,,,
2006,5,4,21,30,0,0,108.13,1.2000000000000002,10.100000000000001,83.2,309,2.4000000000000004,,,,,,,,,,,,,,,,,,,,,,,,,,,,,,,,,
2006,5,4,22,30,0,0,115.15,1.2000000000000002,9.4,86.21000000000001,314,2.2,,,,,,,,,,,,,,,,,,,,,,,,,,,,,,,,,
2006,5,4,23,30,0,0,119.8,1.2000000000000002,8.8,88.8,319,2,,,,,,,,,,,,,,,,,,,,,,,,,,,,,,,,,
2006,5,5,0,30,0,0,121.49000000000001,1.3,8.3,90.64,324,1.8,,,,,,,,,,,,,,,,,,,,,,,,,,,,,,,,,
2006,5,5,1,30,0,0,119.96000000000001,1.3,7.800000000000001,92.28,329,1.5,,,,,,,,,,,,,,,,,,,,,,,,,,,,,,,,,
2006,5,5,2,30,0,0,115.43,1.3,7.4,93.35000000000001,334,1.3,,,,,,,,,,,,,,,,,,,,,,,,,,,,,,,,,
2006,5,5,3,30,0,0,108.51,1.3,7,94.67,341,1.1,,,,,,,,,,,,,,,,,,,,,,,,,,,,,,,,,
2006,5,5,4,30,0,0,99.85000000000001,1.3,6.800000000000001,95.09,348,0.9,,,,,,,,,,,,,,,,,,,,,,,,,,,,,,,,,
2006,5,5,5,30,0,0,89.54,1.4000000000000001,7.6000000000000005,89.63,193,0.7000000000000001,,,,,,,,,,,,,,,,,,,,,,,,,,,,,,,,,
2006,5,5,6,30,53,456,79.34,1.4000000000000001,9.700000000000001,82.21000000000001,98,0.6000000000000001,,,,,,,,,,,,,,,,,,,,,,,,,,,,,,,,,
2006,5,5,7,30,81,669,68.39,1.5,12.600000000000001,68.36,182,0.9,,,,,,,,,,,,,,,,,,,,,,,,,,,,,,,,,
2006,5,5,8,30,269,38,57.32,1.5,15.3,57.92,216,1.5,,,,,,,,,,,,,,,,,,,,,,,,,,,,,,,,,
2006,5,5,9,30,391,169,46.550000000000004,1.6,17,53.22,232,2.1,,,,,,,,,,,,,,,,,,,,,,,,,,,,,,,,,
2006,5,5,10,30,414,102,36.72,1.7000000000000002,18.1,51.2,241,2.7,,,,,,,,,,,,,,,,,,,,,,,,,,,,,,,,,
2006,5,5,11,30,490,195,29.1,1.8,18.7,50.64,252,3.2,,,,,,,,,,,,,,,,,,,,,,,,,,,,,,,,,
2006,5,5,12,30,417,237,25.92,1.9000000000000001,18.900000000000002,51.410000000000004,264,3.8000000000000003,,,,,,,,,,,,,,,,,,,,,,,,,,,,,,,,,
2006,5,5,13,30,485,250,28.77,2,18.6,53.44,277,4.3,,,,,,,,,,,,,,,,,,,,,,,,,,,,,,,,,
2006,5,5,14,30,439,266,36.19,2,17.6,57.4,290,4.7,,,,,,,,,,,,,,,,,,,,,,,,,,,,,,,,,
2006,5,5,15,30,350,47,45.93,1.9000000000000001,16.2,62.54,301,4.800000000000001,,,,,,,,,,,,,,,,,,,,,,,,,,,,,,,,,
2006,5,5,16,30,157,0,56.660000000000004,1.8,14.9,67.72,309,4.7,,,,,,,,,,,,,,,,,,,,,,,,,,,,,,,,,
2006,5,5,17,30,40,0,67.71000000000001,1.8,13.9,71.96000000000001,314,4.1000000000000005,,,,,,,,,,,,,,,,,,,,,,,,,,,,,,,,,
2006,5,5,18,30,102,128,78.66,1.7000000000000002,13,76.8,316,3.4000000000000004,,,,,,,,,,,,,,,,,,,,,,,,,,,,,,,,,
2006,5,5,19,30,5,0,88.95,1.6,12.200000000000001,81.17,317,3,,,,,,,,,,,,,,,,,,,,,,,,,,,,,,,,,
2006,5,5,20,30,0,0,99.2,1.6,11.700000000000001,82.79,324,3,,,,,,,,,,,,,,,,,,,,,,,,,,,,,,,,,
2006,5,5,21,30,0,0,107.9,1.5,11.200000000000001,83.93,334,3.4000000000000004,,,,,,,,,,,,,,,,,,,,,,,,,,,,,,,,,
2006,5,5,22,30,0,0,114.9,1.5,10.5,86,344,3.8000000000000003,,,,,,,,,,,,,,,,,,,,,,,,,,,,,,,,,
2006,5,5,23,30,0,0,119.53,1.5,9.600000000000001,88.25,350,4.3,,,,,,,,,,,,,,,,,,,,,,,,,,,,,,,,,
2006,5,6,0,30,0,0,121.21000000000001,1.4000000000000001,8.6,89.83,354,4.6000000000000005,,,,,,,,,,,,,,,,,,,,,,,,,,,,,,,,,
2006,5,6,1,30,0,0,119.68,1.3,7.5,89.76,354,4.6000000000000005,,,,,,,,,,,,,,,,,,,,,,,,,,,,,,,,,
2006,5,6,2,30,0,0,115.17,1.2000000000000002,6.2,90.07000000000001,351,4.2,,,,,,,,,,,,,,,,,,,,,,,,,,,,,,,,,
2006,5,6,3,30,0,0,108.27,1,4.9,89.9,348,3.6,,,,,,,,,,,,,,,,,,,,,,,,,,,,,,,,,
2006,5,6,4,30,0,0,99.62,0.8,3.7,90.78,342,3.1,,,,,,,,,,,,,,,,,,,,,,,,,,,,,,,,,
2006,5,6,5,30,0,0,89.35000000000001,0.7000000000000001,3.5,87.04,340,3.2,,,,,,,,,,,,,,,,,,,,,,,,,,,,,,,,,
2006,5,6,6,30,49,535,79.14,0.7000000000000001,4.7,76.08,345,3.9000000000000004,,,,,,,,,,,,,,,,,,,,,,,,,,,,,,,,,
2006,5,6,7,30,71,754,68.19,0.6000000000000001,6.4,61.36,350,4.2,,,,,,,,,,,,,,,,,,,,,,,,,,,,,,,,,
2006,5,6,8,30,86,858,57.13,0.6000000000000001,8.3,52.61,348,4.2,,,,,,,,,,,,,,,,,,,,,,,,,,,,,,,,,
2006,5,6,9,30,98,909,46.34,0.7000000000000001,9.9,48.83,346,4,,,,,,,,,,,,,,,,,,,,,,,,,,,,,,,,,
2006,5,6,10,30,107,942,36.49,0.7000000000000001,11.3,46.550000000000004,346,3.7,,,,,,,,,,,,,,,,,,,,,,,,,,,,,,,,,
2006,5,6,11,30,112,959,28.830000000000002,0.7000000000000001,12.4,44.89,350,3.4000000000000004,,,,,,,,,,,,,,,,,,,,,,,,,,,,,,,,,
2006,5,6,12,30,116,956,25.64,0.8,13.3,43.26,356,3.1,,,,,,,,,,,,,,,,,,,,,,,,,,,,,,,,,
2006,5,6,13,30,113,954,28.51,0.8,13.9,41.95,183,2.7,,,,,,,,,,,,,,,,,,,,,,,,,,,,,,,,,
2006,5,6,14,30,108,932,35.980000000000004,0.9,14.3,40.67,8,2.3000000000000003,,,,,,,,,,,,,,,,,,,,,,,,,,,,,,,,,
2006,5,6,15,30,98,901,45.75,0.9,14.3,40.46,13,1.7000000000000002,,,,,,,,,,,,,,,,,,,,,,,,,,,,,,,,,
2006,5,6,16,30,86,846,56.5,0.9,14,40.64,29,1,,,,,,,,,,,,,,,,,,,,,,,,,,,,,,,,,
2006,5,6,17,30,71,745,67.54,1,13.200000000000001,41.95,82,0.7000000000000001,,,,,,,,,,,,,,,,,,,,,,,,,,,,,,,,,
2006,5,6,18,30,49,553,78.49,1,11.3,52.99,134,0.8,,,,,,,,,,,,,,,,,,,,,,,,,,,,,,,,,
2006,5,6,19,30,11,100,88.78,1,8.8,73.82000000000001,148,1.2000000000000002,,,,,,,,,,,,,,,,,,,,,,,,,,,,,,,,,
2006,5,6,20,30,0,0,99,1.1,7.300000000000001,78.07000000000001,155,1.6,,,,,,,,,,,,,,,,,,,,,,,,,,,,,,,,,
2006,5,6,21,30,0,0,107.68,1.1,6.5,81.8,160,1.9000000000000001,,,,,,,,,,,,,,,,,,,,,,,,,,,,,,,,,
2006,5,6,22,30,0,0,114.65,1.1,5.9,85.52,162,2.1,,,,,,,,,,,,,,,,,,,,,,,,,,,,,,,,,
2006,5,6,23,30,0,0,119.26,1.1,5.4,88.69,164,2.2,,,,,,,,,,,,,,,,,,,,,,,,,,,,,,,,,
2006,5,7,0,30,0,0,120.93,1.1,5,90.45,167,2.2,,,,,,,,,,,,,,,,,,,,,,,,,,,,,,,,,
2006,5,7,1,30,0,0,119.4,1.1,4.6000000000000005,91.71000000000001,170,2.2,,,,,,,,,,,,,,,,,,,,,,,,,,,,,,,,,
2006,5,7,2,30,0,0,114.91,1.1,4.2,92.91,173,2.1,,,,,,,,,,,,,,,,,,,,,,,,,,,,,,,,,
2006,5,7,3,30,0,0,108.02,1.1,3.9000000000000004,93.49,175,2,,,,,,,,,,,,,,,,,,,,,,,,,,,,,,,,,
2006,5,7,4,30,0,0,99.4,1.1,3.5,94.77,179,2,,,,,,,,,,,,,,,,,,,,,,,,,,,,,,,,,
2006,5,7,5,30,0,0,89.17,1.1,4.5,87.2,182,2.5,,,,,,,,,,,,,,,,,,,,,,,,,,,,,,,,,
2006,5,7,6,30,54,479,78.95,1.1,6.7,77.2,184,3.3000000000000003,,,,,,,,,,,,,,,,,,,,,,,,,,,,,,,,,
2006,5,7,7,30,79,696,68.01,1.1,9.5,64.04,185,3.7,,,,,,,,,,,,,,,,,,,,,,,,,,,,,,,,,
2006,5,7,8,30,95,809,56.94,1.1,12.4,49.95,189,3.8000000000000003,,,,,,,,,,,,,,,,,,,,,,,,,,,,,,,,,
2006,5,7,9,30,106,876,46.14,1.1,14.5,43.02,191,3.5,,,,,,,,,,,,,,,,,,,,,,,,,,,,,,,,,
2006,5,7,10,30,115,906,36.26,1.2000000000000002,16,40.19,189,3.2,,,,,,,,,,,,,,,,,,,,,,,,,,,,,,,,,
2006,5,7,11,30,119,928,28.57,1.2000000000000002,17.2,39.04,189,3,,,,,,,,,,,,,,,,,,,,,,,,,,,,,,,,,
2006,5,7,12,30,119,936,25.37,1.2000000000000002,18,38.7,191,2.9000000000000004,,,,,,,,,,,,,,,,,,,,,,,,,,,,,,,,,
2006,5,7,13,30,117,931,28.27,1.2000000000000002,18.6,38.13,191,2.8000000000000003,,,,,,,,,,,,,,,,,,,,,,,,,,,,,,,,,
2006,5,7,14,30,113,908,35.78,1.3,18.8,37.980000000000004,189,2.6,,,,,,,,,,,,,,,,,,,,,,,,,,,,,,,,,
2006,5,7,15,30,106,870,45.58,1.3,18.7,38.230000000000004,186,2.4000000000000004,,,,,,,,,,,,,,,,,,,,,,,,,,,,,,,,,
2006,5,7,16,30,95,807,56.33,1.3,18.3,39.47,182,2.1,,,,,,,,,,,,,,,,,,,,,,,,,,,,,,,,,
2006,5,7,17,30,79,699,67.38,1.3,17,43.46,175,1.8,,,,,,,,,,,,,,,,,,,,,,,,,,,,,,,,,
2006,5,7,18,30,55,495,78.32000000000001,1.3,14.100000000000001,64.44,166,1.4000000000000001,,,,,,,,,,,,,,,,,,,,,,,,,,,,,,,,,
2006,5,7,19,30,12,67,88.62,1.3,11.200000000000001,76.57000000000001,164,1.6,,,,,,,,,,,,,,,,,,,,,,,,,,,,,,,,,
2006,5,7,20,30,0,0,98.8,1.2000000000000002,9.8,73.95,168,1.9000000000000001,,,,,,,,,,,,,,,,,,,,,,,,,,,,,,,,,
2006,5,7,21,30,0,0,107.46000000000001,1.2000000000000002,9,73.22,175,1.9000000000000001,,,,,,,,,,,,,,,,,,,,,,,,,,,,,,,,,
2006,5,7,22,30,0,0,114.41,1.2000000000000002,8.200000000000001,75.01,182,1.8,,,,,,,,,,,,,,,,,,,,,,,,,,,,,,,,,
2006,5,7,23,30,0,0,119,1.2000000000000002,7.5,78.02,191,1.6,,,,,,,,,,,,,,,,,,,,,,,,,,,,,,,,,
2006,5,8,0,30,0,0,120.66,1.2000000000000002,7,79.97,200,1.4000000000000001,,,,,,,,,,,,,,,,,,,,,,,,,,,,,,,,,
2006,5,8,1,30,0,0,119.13,1.1,6.6000000000000005,80.89,206,1.3,,,,,,,,,,,,,,,,,,,,,,,,,,,,,,,,,
2006,5,8,2,30,0,0,114.65,1.1,6.2,81.33,209,1.3,,,,,,,,,,,,,,,,,,,,,,,,,,,,,,,,,
2006,5,8,3,30,0,0,107.79,1.1,6,80.75,210,1.2000000000000002,,,,,,,,,,,,,,,,,,,,,,,,,,,,,,,,,
2006,5,8,4,30,0,0,99.18,1,5.800000000000001,80.17,208,1.2000000000000002,,,,,,,,,,,,,,,,,,,,,,,,,,,,,,,,,
2006,5,8,5,30,10,57,88.99,1,6.7,74.24,205,1.1,,,,,,,,,,,,,,,,,,,,,,,,,,,,,,,,,
2006,5,8,6,30,53,499,78.76,1,9,73.84,199,1.4000000000000001,,,,,,,,,,,,,,,,,,,,,,,,,,,,,,,,,
2006,5,8,7,30,78,707,67.82000000000001,1,11.700000000000001,58.15,187,1.7000000000000002,,,,,,,,,,,,,,,,,,,,,,,,,,,,,,,,,
2006,5,8,8,30,95,814,56.75,1,15,51.44,175,2.1,,,,,,,,,,,,,,,,,,,,,,,,,,,,,,,,,
2006,5,8,9,30,107,875,45.95,1,17.7,39.99,167,3,,,,,,,,,,,,,,,,,,,,,,,,,,,,,,,,,
2006,5,8,10,30,115,910,36.04,1.1,19,37.83,161,3.6,,,,,,,,,,,,,,,,,,,,,,,,,,,,,,,,,
2006,5,8,11,30,123,925,28.32,1.1,19.8,38.050000000000004,161,4.1000000000000005,,,,,,,,,,,,,,,,,,,,,,,,,,,,,,,,,
2006,5,8,12,30,126,926,25.09,1.2000000000000002,20.400000000000002,38.67,163,4.3,,,,,,,,,,,,,,,,,,,,,,,,,,,,,,,,,
2006,5,8,13,30,121,921,28.02,1.3,20.8,39.33,166,4.3,,,,,,,,,,,,,,,,,,,,,,,,,,,,,,,,,
2006,5,8,14,30,116,904,35.57,1.3,20.900000000000002,40.15,167,4.2,,,,,,,,,,,,,,,,,,,,,,,,,,,,,,,,,
2006,5,8,15,30,108,864,45.4,1.4000000000000001,20.700000000000003,41.410000000000004,166,3.9000000000000004,,,,,,,,,,,,,,,,,,,,,,,,,,,,,,,,,
2006,5,8,16,30,291,267,56.17,1.4000000000000001,20.1,42.95,162,3.5,,,,,,,,,,,,,,,,,,,,,,,,,,,,,,,,,
2006,5,8,17,30,147,480,67.22,1.4000000000000001,18.6,48.07,153,2.7,,,,,,,,,,,,,,,,,,,,,,,,,,,,,,,,,
2006,5,8,18,30,110,65,78.16,1.3,15.700000000000001,68.72,143,2.1,,,,,,,,,,,,,,,,,,,,,,,,,,,,,,,,,
2006,5,8,19,30,8,0,88.46000000000001,1.3,13.100000000000001,77.8,139,2.2,,,,,,,,,,,,,,,,,,,,,,,,,,,,,,,,,
2006,5,8,20,30,0,0,98.60000000000001,1.3,11.9,77.39,139,2.6,,,,,,,,,,,,,,,,,,,,,,,,,,,,,,,,,
2006,5,8,21,30,0,0,107.24000000000001,1.3,11.3,77.66,143,2.9000000000000004,,,,,,,,,,,,,,,,,,,,,,,,,,,,,,,,,
2006,5,8,22,30,0,0,114.16,1.3,10.8,79.63,149,3.1,,,,,,,,,,,,,,,,,,,,,,,,,,,,,,,,,
2006,5,8,23,30,0,0,118.74000000000001,1.3,10.4,83.05,156,3.2,,,,,,,,,,,,,,,,,,,,,,,,,,,,,,,,,
2006,5,9,0,30,0,0,120.39,1.3,9.9,88.49,163,3.2,,,,,,,,,,,,,,,,,,,,,,,,,,,,,,,,,
2006,5,9,1,30,0,0,118.86,1.3,9.3,93.82000000000001,168,3,,,,,,,,,,,,,,,,,,,,,,,,,,,,,,,,,
2006,5,9,2,30,0,0,114.4,1.3,8.6,98.53,170,2.6,,,,,,,,,,,,,,,,,,,,,,,,,,,,,,,,,
2006,5,9,3,30,0,0,107.55,1.3,7.800000000000001,100,169,2.2,,,,,,,,,,,,,,,,,,,,,,,,,,,,,,,,,
2006,5,9,4,30,0,0,98.97,1.3,7.300000000000001,100,166,2,,,,,,,,,,,,,,,,,,,,,,,,,,,,,,,,,
2006,5,9,5,30,10,63,88.82000000000001,1.3,8.3,98.11,160,2.5,,,,,,,,,,,,,,,,,,,,,,,,,,,,,,,,,
2006,5,9,6,30,57,466,78.57000000000001,1.4000000000000001,10.5,86.35000000000001,156,3,,,,,,,,,,,,,,,,,,,,,,,,,,,,,,,,,
2006,5,9,7,30,86,668,67.64,1.4000000000000001,13.3,74.48,156,3.1,,,,,,,,,,,,,,,,,,,,,,,,,,,,,,,,,
2006,5,9,8,30,104,782,56.57,1.4000000000000001,16,63.06,151,3.4000000000000004,,,,,,,,,,,,,,,,,,,,,,,,,,,,,,,,,
2006,5,9,9,30,116,844,45.76,1.5,17.7,56.730000000000004,145,3.8000000000000003,,,,,,,,,,,,,,,,,,,,,,,,,,,,,,,,,
2006,5,9,10,30,127,874,35.83,1.6,18.8,52.99,147,4,,,,,,,,,,,,,,,,,,,,,,,,,,,,,,,,,
2006,5,9,11,30,139,886,28.07,1.6,19.6,51.03,151,4.3,,,,,,,,,,,,,,,,,,,,,,,,,,,,,,,,,
2006,5,9,12,30,144,885,24.830000000000002,1.7000000000000002,20.1,50.03,156,4.5,,,,,,,,,,,,,,,,,,,,,,,,,,,,,,,,,
2006,5,9,13,30,144,874,27.78,1.8,20.6,49.02,159,4.5,,,,,,,,,,,,,,,,,,,,,,,,,,,,,,,,,
2006,5,9,14,30,136,855,35.37,1.9000000000000001,20.8,49.07,157,4.5,,,,,,,,,,,,,,,,,,,,,,,,,,,,,,,,,
2006,5,9,15,30,248,526,45.230000000000004,2,20.700000000000003,50.13,155,4.5,,,,,,,,,,,,,,,,,,,,,,,,,,,,,,,,,
2006,5,9,16,30,264,178,56.01,2.1,20.400000000000002,51.96,156,4.3,,,,,,,,,,,,,,,,,,,,,,,,,,,,,,,,,
2006,5,9,17,30,192,190,67.06,2.2,19.400000000000002,57.03,153,3.5,,,,,,,,,,,,,,,,,,,,,,,,,,,,,,,,,
2006,5,9,18,30,86,8,77.99,2.2,17.400000000000002,71.67,144,2.5,,,,,,,,,,,,,,,,,,,,,,,,,,,,,,,,,
2006,5,9,19,30,9,0,88.3,2.3000000000000003,15.700000000000001,80.7,140,2.4000000000000004,,,,,,,,,,,,,,,,,,,,,,,,,,,,,,,,,
2006,5,9,20,30,0,0,98.41,2.3000000000000003,15,81.94,141,2.8000000000000003,,,,,,,,,,,,,,,,,,,,,,,,,,,,,,,,,
2006,5,9,21,30,0,0,107.02,2.5,14.8,82.25,146,3,,,,,,,,,,,,,,,,,,,,,,,,,,,,,,,,,
2006,5,9,22,30,0,0,113.93,2.6,14.600000000000001,83.66,156,3.1,,,,,,,,,,,,,,,,,,,,,,,,,,,,,,,,,
2006,5,9,23,30,0,0,118.48,2.7,14.100000000000001,87.87,167,2.8000000000000003,,,,,,,,,,,,,,,,,,,,,,,,,,,,,,,,,
2006,5,10,0,30,0,0,120.12,2.8000000000000003,13.4,93.08,174,2.4000000000000004,,,,,,,,,,,,,,,,,,,,,,,,,,,,,,,,,
2006,5,10,1,30,0,0,118.60000000000001,2.8000000000000003,13.100000000000001,95.75,177,2.1,,,,,,,,,,,,,,,,,,,,,,,,,,,,,,,,,
2006,5,10,2,30,0,0,114.15,2.9000000000000004,13.100000000000001,96.66,176,1.9000000000000001,,,,,,,,,,,,,,,,,,,,,,,,,,,,,,,,,
2006,5,10,3,30,0,0,107.33,2.9000000000000004,13.100000000000001,97.01,171,1.8,,,,,,,,,,,,,,,,,,,,,,,,,,,,,,,,,
2006,5,10,4,30,0,0,98.76,3,13.100000000000001,96.77,167,2,,,,,,,,,,,,,,,,,,,,,,,,,,,,,,,,,
2006,5,10,5,30,2,0,88.66,3,13.5,94.13,168,2.4000000000000004,,,,,,,,,,,,,,,,,,,,,,,,,,,,,,,,,
2006,5,10,6,30,58,0,78.4,3,14.3,91.14,171,2.7,,,,,,,,,,,,,,,,,,,,,,,,,,,,,,,,,
2006,5,10,7,30,94,0,67.47,2.9000000000000004,15.8,86.2,177,2.5,,,,,,,,,,,,,,,,,,,,,,,,,,,,,,,,,
2006,5,10,8,30,321,96,56.4,2.8000000000000003,18.2,79.79,185,2.1,,,,,,,,,,,,,,,,,,,,,,,,,,,,,,,,,
2006,5,10,9,30,297,361,45.57,2.7,20.6,74.33,195,1.7000000000000002,,,,,,,,,,,,,,,,,,,,,,,,,,,,,,,,,
2006,5,10,10,30,369,350,35.62,2.7,21.900000000000002,70.64,194,1.7000000000000002,,,,,,,,,,,,,,,,,,,,,,,,,,,,,,,,,
2006,5,10,11,30,471,175,27.830000000000002,2.7,22.400000000000002,68.19,181,1.9000000000000001,,,,,,,,,,,,,,,,,,,,,,,,,,,,,,,,,
2006,5,10,12,30,431,37,24.57,2.8000000000000003,22.700000000000003,66.21000000000001,170,2,,,,,,,,,,,,,,,,,,,,,,,,,,,,,,,,,
2006,5,10,13,30,300,4,27.55,2.9000000000000004,22.5,65.93,162,2.1,,,,,,,,,,,,,,,,,,,,,,,,,,,,,,,,,
2006,5,10,14,30,345,20,35.18,3.1,22.1,67.13,156,2.2,,,,,,,,,,,,,,,,,,,,,,,,,,,,,,,,,
2006,5,10,15,30,243,6,45.06,3.2,21.400000000000002,70.45,146,2,,,,,,,,,,,,,,,,,,,,,,,,,,,,,,,,,
2006,5,10,16,30,146,2,55.85,3.3000000000000003,20.400000000000002,77.16,127,1.7000000000000002,,,,,,,,,,,,,,,,,,,,,,,,,,,,,,,,,
2006,5,10,17,30,114,3,66.9,3.4000000000000004,19.200000000000003,85.52,105,1.5,,,,,,,,,,,,,,,,,,,,,,,,,,,,,,,,,
2006,5,10,18,30,41,0,77.83,3.5,17.8,95.02,85,1.6,,,,,,,,,,,,,,,,,,,,,,,,,,,,,,,,,
2006,5,10,19,30,3,0,88.14,3.6,16.8,97.12,74,2.4000000000000004,,,,,,,,,,,,,,,,,,,,,,,,,,,,,,,,,
2006,5,10,20,30,0,0,98.21000000000001,3.6,16.3,98.05,73,3.4000000000000004,,,,,,,,,,,,,,,,,,,,,,,,,,,,,,,,,
2006,5,10,21,30,0,0,106.81,3.6,15.9,98.95,79,4.2,,,,,,,,,,,,,,,,,,,,,,,,,,,,,,,,,
2006,5,10,22,30,0,0,113.69,3.7,15.5,98.99000000000001,89,5,,,,,,,,,,,,,,,,,,,,,,,,,,,,,,,,,
2006,5,10,23,30,0,0,118.23,3.6,15.4,98.11,102,5.5,,,,,,,,,,,,,,,,,,,,,,,,,,,,,,,,,
2006,5,11,0,30,0,0,119.86,3.7,15.600000000000001,97.65,108,6,,,,,,,,,,,,,,,,,,,,,,,,,,,,,,,,,
2006,5,11,1,30,0,0,118.35000000000001,3.8000000000000003,16,97.07000000000001,108,7.1000000000000005,,,,,,,,,,,,,,,,,,,,,,,,,,,,,,,,,
2006,5,11,2,30,0,0,113.91,3.7,16.400000000000002,96.24000000000001,121,8.4,,,,,,,,,,,,,,,,,,,,,,,,,,,,,,,,,
2006,5,11,3,30,0,0,107.10000000000001,3.3000000000000003,16.7,97.12,140,8.8,,,,,,,,,,,,,,,,,,,,,,,,,,,,,,,,,
2006,5,11,4,30,0,0,98.56,2.9000000000000004,16.400000000000002,100,151,8.200000000000001,,,,,,,,,,,,,,,,,,,,,,,,,,,,,,,,,
2006,5,11,5,30,12,51,88.49,2.6,15.4,100,159,7.300000000000001,,,,,,,,,,,,,,,,,,,,,,,,,,,,,,,,,
2006,5,11,6,30,30,0,78.22,2.5,14.100000000000001,100,171,6.800000000000001,,,,,,,,,,,,,,,,,,,,,,,,,,,,,,,,,
2006,5,11,7,30,15,0,67.3,2.4000000000000004,13.100000000000001,94.14,185,6.9,,,,,,,,,,,,,,,,,,,,,,,,,,,,,,,,,
2006,5,11,8,30,79,1,56.230000000000004,2.2,12.3,88.10000000000001,199,7.300000000000001,,,,,,,,,,,,,,,,,,,,,,,,,,,,,,,,,
2006,5,11,9,30,55,0,45.39,2.1,11.700000000000001,82.28,210,7.9,,,,,,,,,,,,,,,,,,,,,,,,,,,,,,,,,
2006,5,11,10,30,151,1,35.42,2.1,11.8,77.75,215,8.4,,,,,,,,,,,,,,,,,,,,,,,,,,,,,,,,,
2006,5,11,11,30,134,0,27.59,2.1,12.600000000000001,74.06,218,8.700000000000001,,,,,,,,,,,,,,,,,,,,,,,,,,,,,,,,,
2006,5,11,12,30,254,0,24.310000000000002,2.1,13.4,71.88,220,8.6,,,,,,,,,,,,,,,,,,,,,,,,,,,,,,,,,
2006,5,11,13,30,446,59,27.310000000000002,2.1,13.700000000000001,72.77,219,8.3,,,,,,,,,,,,,,,,,,,,,,,,,,,,,,,,,
2006,5,11,14,30,329,36,34.980000000000004,2.1,13.4,75.59,218,7.9,,,,,,,,,,,,,,,,,,,,,,,,,,,,,,,,,
2006,5,11,15,30,332,125,44.89,2.1,12.8,78.08,216,7.4,,,,,,,,,,,,,,,,,,,,,,,,,,,,,,,,,
2006,5,11,16,30,108,0,55.69,2.1,12,80.25,215,6.800000000000001,,,,,,,,,,,,,,,,,,,,,,,,,,,,,,,,,
2006,5,11,17,30,221,101,66.75,2,11.4,81.17,212,6.2,,,,,,,,,,,,,,,,,,,,,,,,,,,,,,,,,
2006,5,11,18,30,28,0,77.67,1.9000000000000001,10.600000000000001,84.11,211,5.7,,,,,,,,,,,,,,,,,,,,,,,,,,,,,,,,,
2006,5,11,19,30,7,0,87.98,1.8,9.5,88.51,211,5.4,,,,,,,,,,,,,,,,,,,,,,,,,,,,,,,,,
2006,5,11,20,30,0,0,98.02,1.8,8.6,90.66,212,5,,,,,,,,,,,,,,,,,,,,,,,,,,,,,,,,,
2006,5,11,21,30,0,0,106.60000000000001,1.7000000000000002,7.9,91.08,209,4.3,,,,,,,,,,,,,,,,,,,,,,,,,,,,,,,,,
2006,5,11,22,30,0,0,113.46000000000001,1.7000000000000002,7.5,90.69,204,3.8000000000000003,,,,,,,,,,,,,,,,,,,,,,,,,,,,,,,,,
2006,5,11,23,30,0,0,117.98,1.7000000000000002,7.1000000000000005,90.91,201,3.8000000000000003,,,,,,,,,,,,,,,,,,,,,,,,,,,,,,,,,
2006,5,12,0,30,0,0,119.61,1.7000000000000002,6.5,92.03,200,4,,,,,,,,,,,,,,,,,,,,,,,,,,,,,,,,,
2006,5,12,1,30,0,0,118.10000000000001,1.7000000000000002,5.800000000000001,93.28,196,4.1000000000000005,,,,,,,,,,,,,,,,,,,,,,,,,,,,,,,,,
2006,5,12,2,30,0,0,113.68,1.7000000000000002,5.2,93.52,191,4.2,,,,,,,,,,,,,,,,,,,,,,,,,,,,,,,,,
2006,5,12,3,30,0,0,106.89,1.7000000000000002,4.7,93.44,187,4.3,,,,,,,,,,,,,,,,,,,,,,,,,,,,,,,,,
2006,5,12,4,30,0,0,98.36,1.7000000000000002,4.4,93.45,183,4.3,,,,,,,,,,,,,,,,,,,,,,,,,,,,,,,,,
2006,5,12,5,30,6,0,88.31,1.7000000000000002,4.3,93.61,181,4.4,,,,,,,,,,,,,,,,,,,,,,,,,,,,,,,,,
2006,5,12,6,30,24,0,78.05,1.6,4.6000000000000005,91.15,182,4.800000000000001,,,,,,,,,,,,,,,,,,,,,,,,,,,,,,,,,
2006,5,12,7,30,38,0,67.14,1.6,5.2,85.78,184,5.2,,,,,,,,,,,,,,,,,,,,,,,,,,,,,,,,,
2006,5,12,8,30,168,0,56.06,1.6,6.300000000000001,78.74,185,5.6000000000000005,,,,,,,,,,,,,,,,,,,,,,,,,,,,,,,,,
2006,5,12,9,30,325,65,45.22,1.6,7.300000000000001,73.22,186,5.9,,,,,,,,,,,,,,,,,,,,,,,,,,,,,,,,,
2006,5,12,10,30,364,44,35.22,1.6,7.7,70.95,189,6.1000000000000005,,,,,,,,,,,,,,,,,,,,,,,,,,,,,,,,,
2006,5,12,11,30,443,77,27.36,1.6,7.6000000000000005,70.96000000000001,191,6.1000000000000005,,,,,,,,,,,,,,,,,,,,,,,,,,,,,,,,,
2006,5,12,12,30,369,2,24.060000000000002,1.6,7.800000000000001,70.07000000000001,191,6,,,,,,,,,,,,,,,,,,,,,,,,,,,,,,,,,
2006,5,12,13,30,359,26,27.09,1.6,8.6,67.49,191,5.9,,,,,,,,,,,,,,,,,,,,,,,,,,,,,,,,,
2006,5,12,14,30,272,1,34.79,1.6,9.3,66.5,192,5.800000000000001,,,,,,,,,,,,,,,,,,,,,,,,,,,,,,,,,
2006,5,12,15,30,112,0,44.72,1.6,9.3,68.2,195,5.6000000000000005,,,,,,,,,,,,,,,,,,,,,,,,,,,,,,,,,
2006,5,12,16,30,194,15,55.53,1.7000000000000002,8.700000000000001,72.73,196,5.1000000000000005,,,,,,,,,,,,,,,,,,,,,,,,,,,,,,,,,
2006,5,12,17,30,155,20,66.59,1.7000000000000002,8,78.41,192,4.3,,,,,,,,,,,,,,,,,,,,,,,,,,,,,,,,,
2006,5,12,18,30,58,3,77.51,1.7000000000000002,7.4,84.29,183,3.6,,,,,,,,,,,,,,,,,,,,,,,,,,,,,,,,,
2006,5,12,19,30,5,0,87.81,1.7000000000000002,7,89.36,172,3.3000000000000003,,,,,,,,,,,,,,,,,,,,,,,,,,,,,,,,,
2006,5,12,20,30,0,0,97.84,1.7000000000000002,6.7,92.96000000000001,167,3.3000000000000003,,,,,,,,,,,,,,,,,,,,,,,,,,,,,,,,,
2006,5,12,21,30,0,0,106.4,1.7000000000000002,6.5,95.17,169,3.5,,,,,,,,,,,,,,,,,,,,,,,,,,,,,,,,,
2006,5,12,22,30,0,0,113.24000000000001,1.7000000000000002,6.4,96.17,173,3.4000000000000004,,,,,,,,,,,,,,,,,,,,,,,,,,,,,,,,,
2006,5,12,23,30,0,0,117.74000000000001,1.7000000000000002,6.2,97.62,174,3.2,,,,,,,,,,,,,,,,,,,,,,,,,,,,,,,,,
2006,5,13,0,30,0,0,119.36,1.7000000000000002,6,98.8,175,2.8000000000000003,,,,,,,,,,,,,,,,,,,,,,,,,,,,,,,,,
2006,5,13,1,30,0,0,117.85000000000001,1.7000000000000002,5.800000000000001,100,174,2.5,,,,,,,,,,,,,,,,,,,,,,,,,,,,,,,,,
2006,5,13,2,30,0,0,113.45,1.7000000000000002,5.7,100,172,2.1,,,,,,,,,,,,,,,,,,,,,,,,,,,,,,,,,
2006,5,13,3,30,0,0,106.68,1.7000000000000002,5.6000000000000005,100,169,1.8,,,,,,,,,,,,,,,,,,,,,,,,,,,,,,,,,
2006,5,13,4,30,0,0,98.17,1.7000000000000002,5.5,100,162,1.6,,,,,,,,,,,,,,,,,,,,,,,,,,,,,,,,,
2006,5,13,5,30,3,0,88.15,1.7000000000000002,6.300000000000001,97.44,154,2.1,,,,,,,,,,,,,,,,,,,,,,,,,,,,,,,,,
2006,5,13,6,30,39,0,77.89,1.7000000000000002,7.9,91.16,152,3,,,,,,,,,,,,,,,,,,,,,,,,,,,,,,,,,
2006,5,13,7,30,15,0,66.98,1.8,9.200000000000001,84.78,156,3.6,,,,,,,,,,,,,,,,,,,,,,,,,,,,,,,,,
2006,5,13,8,30,77,0,55.9,1.8,9.9,79.85000000000001,160,4.2,,,,,,,,,,,,,,,,,,,,,,,,,,,,,,,,,
2006,5,13,9,30,200,7,45.050000000000004,1.8,10.200000000000001,77.81,164,4.5,,,,,,,,,,,,,,,,,,,,,,,,,,,,,,,,,
2006,5,13,10,30,292,10,35.03,1.8,10.5,76.42,165,4.5,,,,,,,,,,,,,,,,,,,,,,,,,,,,,,,,,
2006,5,13,11,30,406,28,27.14,1.8,11.100000000000001,74.18,163,4.4,,,,,,,,,,,,,,,,,,,,,,,,,,,,,,,,,
2006,5,13,12,30,165,0,23.81,1.8,11.700000000000001,72.62,157,4.4,,,,,,,,,,,,,,,,,,,,,,,,,,,,,,,,,
2006,5,13,13,30,392,19,26.86,1.9000000000000001,11.9,73.31,149,4.4,,,,,,,,,,,,,,,,,,,,,,,,,,,,,,,,,
2006,5,13,14,30,394,91,34.61,1.9000000000000001,11.700000000000001,76.18,137,4.5,,,,,,,,,,,,,,,,,,,,,,,,,,,,,,,,,
2006,5,13,15,30,309,34,44.56,2,11.5,80.13,125,4.4,,,,,,,,,,,,,,,,,,,,,,,,,,,,,,,,,
2006,5,13,16,30,59,0,55.38,2,11.3,85.04,115,4.3,,,,,,,,,,,,,,,,,,,,,,,,,,,,,,,,,
2006,5,13,17,30,143,9,66.44,2.1,11,90.19,110,4.1000000000000005,,,,,,,,,,,,,,,,,,,,,,,,,,,,,,,,,
2006,5,13,18,30,9,0,77.35000000000001,2.1,10.700000000000001,93.76,111,3.9000000000000004,,,,,,,,,,,,,,,,,,,,,,,,,,,,,,,,,
2006,5,13,19,30,8,0,87.65,2.1,10.3,96.33,116,3.6,,,,,,,,,,,,,,,,,,,,,,,,,,,,,,,,,
2006,5,13,20,30,0,0,97.65,2.1,9.8,98.41,121,3.1,,,,,,,,,,,,,,,,,,,,,,,,,,,,,,,,,
2006,5,13,21,30,0,0,106.19,2.1,9.4,98.67,127,2.6,,,,,,,,,,,,,,,,,,,,,,,,,,,,,,,,,
2006,5,13,22,30,0,0,113.01,2,9,98.86,135,2.1,,,,,,,,,,,,,,,,,,,,,,,,,,,,,,,,,
2006,5,13,23,30,0,0,117.5,2,8.4,100,142,1.6,,,,,,,,,,,,,,,,,,,,,,,,,,,,,,,,,
2006,5,14,0,30,0,0,119.11,2,7.800000000000001,100,151,1.1,,,,,,,,,,,,,,,,,,,,,,,,,,,,,,,,,
2006,5,14,1,30,0,0,117.61,1.9000000000000001,7.5,100,164,0.9,,,,,,,,,,,,,,,,,,,,,,,,,,,,,,,,,
2006,5,14,2,30,0,0,113.22,1.9000000000000001,7.1000000000000005,100,180,0.7000000000000001,,,,,,,,,,,,,,,,,,,,,,,,,,,,,,,,,
2006,5,14,3,30,0,0,106.47,1.9000000000000001,6.9,100,193,0.6000000000000001,,,,,,,,,,,,,,,,,,,,,,,,,,,,,,,,,
2006,5,14,4,30,0,0,97.98,1.9000000000000001,6.9,98.45,199,0.4,,,,,,,,,,,,,,,,,,,,,,,,,,,,,,,,,
2006,5,14,5,30,3,0,87.99,1.9000000000000001,7.4,94.42,173,0.30000000000000004,,,,,,,,,,,,,,,,,,,,,,,,,,,,,,,,,
2006,5,14,6,30,6,0,77.73,1.9000000000000001,8.9,89.29,140,0.6000000000000001,,,,,,,,,,,,,,,,,,,,,,,,,,,,,,,,,
2006,5,14,7,30,19,0,66.82000000000001,1.9000000000000001,10.8,81.13,137,1.5,,,,,,,,,,,,,,,,,,,,,,,,,,,,,,,,,
2006,5,14,8,30,67,0,55.75,1.9000000000000001,12.5,74.59,139,2.4000000000000004,,,,,,,,,,,,,,,,,,,,,,,,,,,,,,,,,
2006,5,14,9,30,178,0,44.89,2,13.9,69.38,136,2.9000000000000004,,,,,,,,,,,,,,,,,,,,,,,,,,,,,,,,,
2006,5,14,10,30,222,0,34.85,2,15,66.06,131,3.2,,,,,,,,,,,,,,,,,,,,,,,,,,,,,,,,,
2006,5,14,11,30,163,0,26.92,2.1,15.8,64.86,124,3.3000000000000003,,,,,,,,,,,,,,,,,,,,,,,,,,,,,,,,,
2006,5,14,12,30,140,0,23.57,2.1,16,65.95,116,3.3000000000000003,,,,,,,,,,,,,,,,,,,,,,,,,,,,,,,,,
2006,5,14,13,30,283,1,26.64,2.2,15.8,68.42,106,3.2,,,,,,,,,,,,,,,,,,,,,,,,,,,,,,,,,
2006,5,14,14,30,116,0,34.42,2.3000000000000003,15.200000000000001,72.55,97,3.1,,,,,,,,,,,,,,,,,,,,,,,,,,,,,,,,,
2006,5,14,15,30,81,0,44.39,2.4000000000000004,14.600000000000001,77.52,90,2.8000000000000003,,,,,,,,,,,,,,,,,,,,,,,,,,,,,,,,,
2006,5,14,16,30,117,0,55.230000000000004,2.4000000000000004,14.200000000000001,82.01,82,2.3000000000000003,,,,,,,,,,,,,,,,,,,,,,,,,,,,,,,,,
2006,5,14,17,30,132,1,66.29,2.4000000000000004,13.8,87.08,73,2.1,,,,,,,,,,,,,,,,,,,,,,,,,,,,,,,,,
2006,5,14,18,30,59,1,77.19,2.4000000000000004,13.3,92.02,70,2.3000000000000003,,,,,,,,,,,,,,,,,,,,,,,,,,,,,,,,,
2006,5,14,19,30,8,0,87.5,2.4000000000000004,12.8,95.03,71,3,,,,,,,,,,,,,,,,,,,,,,,,,,,,,,,,,
2006,5,14,20,30,0,0,97.47,2.4000000000000004,12.5,95.16,69,3.7,,,,,,,,,,,,,,,,,,,,,,,,,,,,,,,,,
2006,5,14,21,30,0,0,105.99000000000001,2.3000000000000003,12.100000000000001,96.26,66,4,,,,,,,,,,,,,,,,,,,,,,,,,,,,,,,,,
2006,5,14,22,30,0,0,112.79,2.3000000000000003,11.700000000000001,96.74000000000001,64,4,,,,,,,,,,,,,,,,,,,,,,,,,,,,,,,,,
2006,5,14,23,30,0,0,117.27,2.2,11.200000000000001,97.3,64,3.8000000000000003,,,,,,,,,,,,,,,,,,,,,,,,,,,,,,,,,
2006,5,15,0,30,0,0,118.87,2.2,10.8,97.06,65,3.7,,,,,,,,,,,,,,,,,,,,,,,,,,,,,,,,,
2006,5,15,1,30,0,0,117.38,2.2,10.4,97.54,66,3.5,,,,,,,,,,,,,,,,,,,,,,,,,,,,,,,,,
2006,5,15,2,30,0,0,113,2.2,10,98.78,60,3.2,,,,,,,,,,,,,,,,,,,,,,,,,,,,,,,,,
2006,5,15,3,30,0,0,106.27,2.1,9.600000000000001,99.89,51,2.9000000000000004,,,,,,,,,,,,,,,,,,,,,,,,,,,,,,,,,
2006,5,15,4,30,0,0,97.8,2.1,9.3,100,43,2.8000000000000003,,,,,,,,,,,,,,,,,,,,,,,,,,,,,,,,,
2006,5,15,5,30,5,0,87.84,2.1,9.600000000000001,96.57000000000001,41,3.1,,,,,,,,,,,,,,,,,,,,,,,,,,,,,,,,,
2006,5,15,6,30,11,0,77.57000000000001,2.1,10.4,93.52,43,3.3000000000000003,,,,,,,,,,,,,,,,,,,,,,,,,,,,,,,,,
2006,5,15,7,30,21,0,66.68,2.2,11.200000000000001,91.81,45,3.3000000000000003,,,,,,,,,,,,,,,,,,,,,,,,,,,,,,,,,
2006,5,15,8,30,49,0,55.6,2.2,12,89.78,49,3.3000000000000003,,,,,,,,,,,,,,,,,,,,,,,,,,,,,,,,,
2006,5,15,9,30,59,0,44.730000000000004,2.2,12.700000000000001,87.79,55,3.1,,,,,,,,,,,,,,,,,,,,,,,,,,,,,,,,,
2006,5,15,10,30,86,0,34.67,2.2,13.4,85.14,65,3,,,,,,,,,,,,,,,,,,,,,,,,,,,,,,,,,
2006,5,15,11,30,83,0,26.71,2.2,14.3,81.2,73,3,,,,,,,,,,,,,,,,,,,,,,,,,,,,,,,,,
2006,5,15,12,30,43,0,23.330000000000002,2.2,14.9,77.94,78,3,,,,,,,,,,,,,,,,,,,,,,,,,,,,,,,,,
2006,5,15,13,30,91,0,26.43,2.2,15,75.67,77,2.8000000000000003,,,,,,,,,,,,,,,,,,,,,,,,,,,,,,,,,
2006,5,15,14,30,250,4,34.24,2.2,14.8,75.84,71,2.6,,,,,,,,,,,,,,,,,,,,,,,,,,,,,,,,,
2006,5,15,15,30,341,149,44.24,2.2,14.8,75.64,60,2.6,,,,,,,,,,,,,,,,,,,,,,,,,,,,,,,,,
2006,5,15,16,30,150,0,55.08,2.2,14.700000000000001,76.36,49,2.5,,,,,,,,,,,,,,,,,,,,,,,,,,,,,,,,,
2006,5,15,17,30,62,0,66.14,2.2,14.100000000000001,80.55,39,2,,,,,,,,,,,,,,,,,,,,,,,,,,,,,,,,,
2006,5,15,18,30,52,0,77.04,2.2,13.100000000000001,90.2,29,1.5,,,,,,,,,,,,,,,,,,,,,,,,,,,,,,,,,
2006,5,15,19,30,7,0,87.34,2.2,12,96.28,22,1.6,,,,,,,,,,,,,,,,,,,,,,,,,,,,,,,,,
2006,5,15,20,30,0,0,97.29,2.2,11.3,97.9,19,2,,,,,,,,,,,,,,,,,,,,,,,,,,,,,,,,,
2006,5,15,21,30,0,0,105.79,2.2,10.700000000000001,100,15,2.1,,,,,,,,,,,,,,,,,,,,,,,,,,,,,,,,,
2006,5,15,22,30,0,0,112.58,2.2,10.200000000000001,100,10,2.2,,,,,,,,,,,,,,,,,,,,,,,,,,,,,,,,,
2006,5,15,23,30,0,0,117.04,2.2,9.700000000000001,100,5,2.1,,,,,,,,,,,,,,,,,,,,,,,,,,,,,,,,,
2006,5,16,0,30,0,0,118.64,2.1,9.1,100,177,2.1,,,,,,,,,,,,,,,,,,,,,,,,,,,,,,,,,
2006,5,16,1,30,0,0,117.15,2.1,8.700000000000001,100,348,2.2,,,,,,,,,,,,,,,,,,,,,,,,,,,,,,,,,
2006,5,16,2,30,0,0,112.79,2.1,8.5,100,341,2.3000000000000003,,,,,,,,,,,,,,,,,,,,,,,,,,,,,,,,,
2006,5,16,3,30,0,0,106.08,2.1,8.5,99.24000000000001,336,2.4000000000000004,,,,,,,,,,,,,,,,,,,,,,,,,,,,,,,,,
2006,5,16,4,30,0,0,97.62,2.1,8.6,98.54,332,2.4000000000000004,,,,,,,,,,,,,,,,,,,,,,,,,,,,,,,,,
2006,5,16,5,30,7,0,87.69,2.1,8.9,97.07000000000001,330,2.6,,,,,,,,,,,,,,,,,,,,,,,,,,,,,,,,,
2006,5,16,6,30,69,1,77.43,2.1,9.700000000000001,94.39,328,2.8000000000000003,,,,,,,,,,,,,,,,,,,,,,,,,,,,,,,,,
2006,5,16,7,30,115,0,66.53,2.1,10.9,91.15,327,3,,,,,,,,,,,,,,,,,,,,,,,,,,,,,,,,,
2006,5,16,8,30,276,218,55.46,2.1,12.3,86.96000000000001,329,3.3000000000000003,,,,,,,,,,,,,,,,,,,,,,,,,,,,,,,,,
2006,5,16,9,30,276,2,44.58,2,13.700000000000001,80.75,331,3.6,,,,,,,,,,,,,,,,,,,,,,,,,,,,,,,,,
2006,5,16,10,30,347,51,34.5,2.1,14.9,73.9,331,3.7,,,,,,,,,,,,,,,,,,,,,,,,,,,,,,,,,
2006,5,16,11,30,485,155,26.5,2.1,15.600000000000001,69.86,333,3.7,,,,,,,,,,,,,,,,,,,,,,,,,,,,,,,,,
2006,5,16,12,30,508,195,23.1,2.2,15.600000000000001,69.14,338,3.6,,,,,,,,,,,,,,,,,,,,,,,,,,,,,,,,,
2006,5,16,13,30,357,2,26.22,2.2,15.4,69.72,343,3.4000000000000004,,,,,,,,,,,,,,,,,,,,,,,,,,,,,,,,,
2006,5,16,14,30,330,41,34.06,2.3000000000000003,15.3,70.98,344,3.3000000000000003,,,,,,,,,,,,,,,,,,,,,,,,,,,,,,,,,
2006,5,16,15,30,242,537,44.08,2.3000000000000003,15.100000000000001,73.31,344,3.2,,,,,,,,,,,,,,,,,,,,,,,,,,,,,,,,,
2006,5,16,16,30,227,4,54.93,2.3000000000000003,15.100000000000001,74.77,342,3,,,,,,,,,,,,,,,,,,,,,,,,,,,,,,,,,
2006,5,16,17,30,185,15,65.99,2.2,14.9,77.27,338,2.4000000000000004,,,,,,,,,,,,,,,,,,,,,,,,,,,,,,,,,
2006,5,16,18,30,28,0,76.89,2.2,13.700000000000001,87.55,322,1.5,,,,,,,,,,,,,,,,,,,,,,,,,,,,,,,,,
2006,5,16,19,30,19,138,87.19,2.1,11.8,96.45,296,1.1,,,,,,,,,,,,,,,,,,,,,,,,,,,,,,,,,
2006,5,16,20,30,0,0,97.11,2.1,11,94.96000000000001,280,1.5,,,,,,,,,,,,,,,,,,,,,,,,,,,,,,,,,
2006,5,16,21,30,0,0,105.60000000000001,2.2,11.200000000000001,93.84,279,2.1,,,,,,,,,,,,,,,,,,,,,,,,,,,,,,,,,
2006,5,16,22,30,0,0,112.37,2.3000000000000003,11.4,94.8,286,2.8000000000000003,,,,,,,,,,,,,,,,,,,,,,,,,,,,,,,,,
2006,5,16,23,30,0,0,116.81,2.4000000000000004,11.4,96.92,289,3.2,,,,,,,,,,,,,,,,,,,,,,,,,,,,,,,,,
2006,5,17,0,30,0,0,118.41,2.4000000000000004,11.200000000000001,98.31,288,3.2,,,,,,,,,,,,,,,,,,,,,,,,,,,,,,,,,
2006,5,17,1,30,0,0,116.93,2.3000000000000003,10.8,99.61,289,3.3000000000000003,,,,,,,,,,,,,,,,,,,,,,,,,,,,,,,,,
2006,5,17,2,30,0,0,112.58,2.2,10.200000000000001,100,294,3.4000000000000004,,,,,,,,,,,,,,,,,,,,,,,,,,,,,,,,,
2006,5,17,3,30,0,0,105.89,2,9.600000000000001,100,297,3.4000000000000004,,,,,,,,,,,,,,,,,,,,,,,,,,,,,,,,,
2006,5,17,4,30,0,0,97.45,2,9.1,100,298,3.2,,,,,,,,,,,,,,,,,,,,,,,,,,,,,,,,,
2006,5,17,5,30,4,0,87.54,1.9000000000000001,9.3,96.58,295,3.2,,,,,,,,,,,,,,,,,,,,,,,,,,,,,,,,,
2006,5,17,6,30,78,1,77.28,1.9000000000000001,10.5,90.38,292,3.3000000000000003,,,,,,,,,,,,,,,,,,,,,,,,,,,,,,,,,
2006,5,17,7,30,123,1,66.4,1.9000000000000001,12.600000000000001,82.04,289,3.2,,,,,,,,,,,,,,,,,,,,,,,,,,,,,,,,,
2006,5,17,8,30,113,0,55.32,1.9000000000000001,15.200000000000001,73.38,285,3.1,,,,,,,,,,,,,,,,,,,,,,,,,,,,,,,,,
2006,5,17,9,30,188,0,44.43,1.9000000000000001,17.7,63.980000000000004,280,3.2,,,,,,,,,,,,,,,,,,,,,,,,,,,,,,,,,
2006,5,17,10,30,457,225,34.33,1.9000000000000001,19.3,58.050000000000004,276,3.5,,,,,,,,,,,,,,,,,,,,,,,,,,,,,,,,,
2006,5,17,11,30,451,372,26.3,1.9000000000000001,20,56.74,277,3.8000000000000003,,,,,,,,,,,,,,,,,,,,,,,,,,,,,,,,,
2006,5,17,12,30,285,544,22.87,1.9000000000000001,20.3,56.27,280,4.1000000000000005,,,,,,,,,,,,,,,,,,,,,,,,,,,,,,,,,
2006,5,17,13,30,156,851,26.01,2,20.200000000000003,56.300000000000004,283,4.2,,,,,,,,,,,,,,,,,,,,,,,,,,,,,,,,,
2006,5,17,14,30,149,828,33.89,2.1,19.700000000000003,57.370000000000005,285,4.3,,,,,,,,,,,,,,,,,,,,,,,,,,,,,,,,,
2006,5,17,15,30,227,525,43.92,2.1,18.8,59.54,283,4.1000000000000005,,,,,,,,,,,,,,,,,,,,,,,,,,,,,,,,,
2006,5,17,16,30,125,2,54.79,2.1,17.7,62.77,282,3.5,,,,,,,,,,,,,,,,,,,,,,,,,,,,,,,,,
2006,5,17,17,30,191,177,65.85,2.1,16.400000000000002,70.48,283,2.5,,,,,,,,,,,,,,,,,,,,,,,,,,,,,,,,,
2006,5,17,18,30,99,11,76.74,2.1,14.8,84.38,288,1.9000000000000001,,,,,,,,,,,,,,,,,,,,,,,,,,,,,,,,,
2006,5,17,19,30,11,0,87.03,2.2,13.4,91.38,297,2.1,,,,,,,,,,,,,,,,,,,,,,,,,,,,,,,,,
2006,5,17,20,30,0,0,96.93,2.2,12.5,94.53,305,2.8000000000000003,,,,,,,,,,,,,,,,,,,,,,,,,,,,,,,,,
2006,5,17,21,30,0,0,105.41,2.2,11.700000000000001,97.89,313,3.4000000000000004,,,,,,,,,,,,,,,,,,,,,,,,,,,,,,,,,
2006,5,17,22,30,0,0,112.16,2,10.8,99.07000000000001,320,4.1000000000000005,,,,,,,,,,,,,,,,,,,,,,,,,,,,,,,,,
2006,5,17,23,30,0,0,116.60000000000001,1.9000000000000001,9.9,97.85000000000001,322,4.5,,,,,,,,,,,,,,,,,,,,,,,,,,,,,,,,,
2006,5,18,0,30,0,0,118.19,1.7000000000000002,9,97.66,319,4.3,,,,,,,,,,,,,,,,,,,,,,,,,,,,,,,,,
2006,5,18,1,30,0,0,116.71000000000001,1.5,8.3,98.02,313,4.1000000000000005,,,,,,,,,,,,,,,,,,,,,,,,,,,,,,,,,
2006,5,18,2,30,0,0,112.38,1.4000000000000001,7.800000000000001,98.25,306,4.3,,,,,,,,,,,,,,,,,,,,,,,,,,,,,,,,,
2006,5,18,3,30,0,0,105.71000000000001,1.3,7.4,98.75,301,4.6000000000000005,,,,,,,,,,,,,,,,,,,,,,,,,,,,,,,,,
2006,5,18,4,30,0,0,97.29,1.3,7.1000000000000005,99.15,297,4.7,,,,,,,,,,,,,,,,,,,,,,,,,,,,,,,,,
2006,5,18,5,30,12,0,87.4,1.2000000000000002,7.2,96.97,295,5.1000000000000005,,,,,,,,,,,,,,,,,,,,,,,,,,,,,,,,,
2006,5,18,6,30,55,548,77.15,1.2000000000000002,8,91.60000000000001,295,5.6000000000000005,,,,,,,,,,,,,,,,,,,,,,,,,,,,,,,,,
2006,5,18,7,30,74,741,66.27,1.2000000000000002,9.700000000000001,82.19,297,6.2,,,,,,,,,,,,,,,,,,,,,,,,,,,,,,,,,
2006,5,18,8,30,84,845,55.19,1.2000000000000002,11.4,72.53,298,6.7,,,,,,,,,,,,,,,,,,,,,,,,,,,,,,,,,
2006,5,18,9,30,92,900,44.29,1.3,12.5,65.29,298,6.800000000000001,,,,,,,,,,,,,,,,,,,,,,,,,,,,,,,,,
2006,5,18,10,30,215,0,34.17,1.3,13.100000000000001,61.53,297,6.800000000000001,,,,,,,,,,,,,,,,,,,,,,,,,,,,,,,,,
2006,5,18,11,30,469,143,26.11,1.3,13.4,59.9,296,6.6000000000000005,,,,,,,,,,,,,,,,,,,,,,,,,,,,,,,,,
2006,5,18,12,30,497,165,22.650000000000002,1.3,13.5,59.14,295,6.5,,,,,,,,,,,,,,,,,,,,,,,,,,,,,,,,,
2006,5,18,13,30,347,2,25.810000000000002,1.3,13.3,59.68,293,6.4,,,,,,,,,,,,,,,,,,,,,,,,,,,,,,,,,
2006,5,18,14,30,226,0,33.72,1.4000000000000001,13,60.06,292,6.4,,,,,,,,,,,,,,,,,,,,,,,,,,,,,,,,,
2006,5,18,15,30,326,11,43.77,1.4000000000000001,12.3,62.01,291,6.4,,,,,,,,,,,,,,,,,,,,,,,,,,,,,,,,,
2006,5,18,16,30,141,0,54.64,1.4000000000000001,11.200000000000001,65.19,290,6.1000000000000005,,,,,,,,,,,,,,,,,,,,,,,,,,,,,,,,,
2006,5,18,17,30,90,0,65.7,1.4000000000000001,9.700000000000001,69.99,289,5.5,,,,,,,,,,,,,,,,,,,,,,,,,,,,,,,,,
2006,5,18,18,30,29,0,76.59,1.5,8.200000000000001,76.52,289,4.7,,,,,,,,,,,,,,,,,,,,,,,,,,,,,,,,,
2006,5,18,19,30,9,0,86.88,1.6,6.7,85.98,288,4.1000000000000005,,,,,,,,,,,,,,,,,,,,,,,,,,,,,,,,,
2006,5,18,20,30,0,0,96.76,1.7000000000000002,5.5,93.13,285,3.8000000000000003,,,,,,,,,,,,,,,,,,,,,,,,,,,,,,,,,
2006,5,18,21,30,0,0,105.22,1.7000000000000002,4.6000000000000005,95.46000000000001,281,3.8000000000000003,,,,,,,,,,,,,,,,,,,,,,,,,,,,,,,,,
2006,5,18,22,30,0,0,111.96000000000001,1.7000000000000002,4.2,94.68,282,3.8000000000000003,,,,,,,,,,,,,,,,,,,,,,,,,,,,,,,,,
2006,5,18,23,30,0,0,116.38,1.7000000000000002,4.2,94.06,288,3.8000000000000003,,,,,,,,,,,,,,,,,,,,,,,,,,,,,,,,,
2006,5,19,0,30,0,0,117.97,1.7000000000000002,4.6000000000000005,93.68,296,3.6,,,,,,,,,,,,,,,,,,,,,,,,,,,,,,,,,
2006,5,19,1,30,0,0,116.5,1.8,5.2,93.52,301,3.5,,,,,,,,,,,,,,,,,,,,,,,,,,,,,,,,,
2006,5,19,2,30,0,0,112.18,1.9000000000000001,5.6000000000000005,94.67,300,3.4000000000000004,,,,,,,,,,,,,,,,,,,,,,,,,,,,,,,,,
2006,5,19,3,30,0,0,105.53,2,5.9,95.77,299,3.4000000000000004,,,,,,,,,,,,,,,,,,,,,,,,,,,,,,,,,
2006,5,19,4,30,0,0,97.13,2,6.1000000000000005,96.24000000000001,298,3.6,,,,,,,,,,,,,,,,,,,,,,,,,,,,,,,,,
2006,5,19,5,30,4,0,87.26,2,6.2,96.33,299,3.9000000000000004,,,,,,,,,,,,,,,,,,,,,,,,,,,,,,,,,
2006,5,19,6,30,86,2,77.01,2,6.6000000000000005,93.93,303,4.4,,,,,,,,,,,,,,,,,,,,,,,,,,,,,,,,,
2006,5,19,7,30,96,3,66.14,2,7.5,89.53,307,4.7,,,,,,,,,,,,,,,,,,,,,,,,,,,,,,,,,
2006,5,19,8,30,233,5,55.07,1.9000000000000001,8.9,84.54,309,4.9,,,,,,,,,,,,,,,,,,,,,,,,,,,,,,,,,
2006,5,19,9,30,121,0,44.160000000000004,1.8,10.3,80.63,310,4.9,,,,,,,,,,,,,,,,,,,,,,,,,,,,,,,,,
2006,5,19,10,30,232,0,34.02,1.7000000000000002,11.600000000000001,76.55,310,4.9,,,,,,,,,,,,,,,,,,,,,,,,,,,,,,,,,
2006,5,19,11,30,202,0,25.92,1.7000000000000002,12.8,72.31,308,4.7,,,,,,,,,,,,,,,,,,,,,,,,,,,,,,,,,
2006,5,19,12,30,411,71,22.44,1.6,13.8,68.64,307,4.6000000000000005,,,,,,,,,,,,,,,,,,,,,,,,,,,,,,,,,
2006,5,19,13,30,382,19,25.61,1.6,14.4,65.99,307,4.4,,,,,,,,,,,,,,,,,,,,,,,,,,,,,,,,,
2006,5,19,14,30,336,2,33.55,1.6,14.700000000000001,63.65,308,4.1000000000000005,,,,,,,,,,,,,,,,,,,,,,,,,,,,,,,,,
2006,5,19,15,30,207,0,43.62,1.6,14.700000000000001,62.29,310,3.7,,,,,,,,,,,,,,,,,,,,,,,,,,,,,,,,,
2006,5,19,16,30,276,41,54.5,1.6,14.600000000000001,61.75,313,3.3000000000000003,,,,,,,,,,,,,,,,,,,,,,,,,,,,,,,,,
2006,5,19,17,30,145,2,65.56,1.5,13.9,64.48,317,2.8000000000000003,,,,,,,,,,,,,,,,,,,,,,,,,,,,,,,,,
2006,5,19,18,30,77,7,76.44,1.4000000000000001,12.3,73.99,318,2.3000000000000003,,,,,,,,,,,,,,,,,,,,,,,,,,,,,,,,,
2006,5,19,19,30,15,0,86.73,1.3,10.4,82.35000000000001,318,2.3000000000000003,,,,,,,,,,,,,,,,,,,,,,,,,,,,,,,,,
2006,5,19,20,30,0,0,96.59,1.1,8.9,83.86,317,3,,,,,,,,,,,,,,,,,,,,,,,,,,,,,,,,,
2006,5,19,21,30,0,0,105.03,1,7.9,84.95,316,3.6,,,,,,,,,,,,,,,,,,,,,,,,,,,,,,,,,
2006,5,19,22,30,0,0,111.76,0.8,6.800000000000001,87.71000000000001,316,3.8000000000000003,,,,,,,,,,,,,,,,,,,,,,,,,,,,,,,,,
2006,5,19,23,30,0,0,116.17,0.8,6,89.24,317,3.7,,,,,,,,,,,,,,,,,,,,,,,,,,,,,,,,,
2006,5,20,0,30,0,0,117.76,0.8,5.1000000000000005,91.69,317,3.6,,,,,,,,,,,,,,,,,,,,,,,,,,,,,,,,,
2006,5,20,1,30,0,0,116.3,0.8,4.4,93.41,316,3.4000000000000004,,,,,,,,,,,,,,,,,,,,,,,,,,,,,,,,,
2006,5,20,2,30,0,0,111.99000000000001,0.8,3.9000000000000004,93.87,316,3.3000000000000003,,,,,,,,,,,,,,,,,,,,,,,,,,,,,,,,,
2006,5,20,3,30,0,0,105.36,0.8,3.4000000000000004,94.55,318,3.3000000000000003,,,,,,,,,,,,,,,,,,,,,,,,,,,,,,,,,
2006,5,20,4,30,0,0,96.98,0.8,3.1,94.26,320,3.2,,,,,,,,,,,,,,,,,,,,,,,,,,,,,,,,,
2006,5,20,5,30,18,233,87.13,0.8,3.7,89.02,321,3.4000000000000004,,,,,,,,,,,,,,,,,,,,,,,,,,,,,,,,,
2006,5,20,6,30,49,618,76.88,0.8,5.7,79.13,316,3.4000000000000004,,,,,,,,,,,,,,,,,,,,,,,,,,,,,,,,,
2006,5,20,7,30,67,783,66.02,0.9,8.9,67.13,318,3.7,,,,,,,,,,,,,,,,,,,,,,,,,,,,,,,,,
2006,5,20,8,30,78,871,54.94,1,11.9,54.53,323,4.2,,,,,,,,,,,,,,,,,,,,,,,,,,,,,,,,,
2006,5,20,9,30,87,923,44.03,1,13.8,50.32,321,4.4,,,,,,,,,,,,,,,,,,,,,,,,,,,,,,,,,
2006,5,20,10,30,93,950,33.87,1.1,15.4,47.96,316,4.4,,,,,,,,,,,,,,,,,,,,,,,,,,,,,,,,,
2006,5,20,11,30,97,966,25.740000000000002,1.1,16.8,46,306,4.4,,,,,,,,,,,,,,,,,,,,,,,,,,,,,,,,,
2006,5,20,12,30,100,965,22.23,1.2000000000000002,17.900000000000002,44.71,295,4.5,,,,,,,,,,,,,,,,,,,,,,,,,,,,,,,,,
2006,5,20,13,30,98,958,25.41,1.3,18.6,44.43,286,4.800000000000001,,,,,,,,,,,,,,,,,,,,,,,,,,,,,,,,,
2006,5,20,14,30,92,943,33.38,1.4000000000000001,18.900000000000002,44.78,281,5.1000000000000005,,,,,,,,,,,,,,,,,,,,,,,,,,,,,,,,,
2006,5,20,15,30,84,916,43.480000000000004,1.4000000000000001,18.900000000000002,45.51,279,5.2,,,,,,,,,,,,,,,,,,,,,,,,,,,,,,,,,
2006,5,20,16,30,75,874,54.36,1.3,18.400000000000002,46.83,277,5,,,,,,,,,,,,,,,,,,,,,,,,,,,,,,,,,
2006,5,20,17,30,63,793,65.42,1.3,17.3,49.77,270,4.2,,,,,,,,,,,,,,,,,,,,,,,,,,,,,,,,,
2006,5,20,18,30,47,637,76.3,1.2000000000000002,15,61.4,260,3,,,,,,,,,,,,,,,,,,,,,,,,,,,,,,,,,
2006,5,20,19,30,20,266,86.58,1.3,12.700000000000001,72.43,248,2.9000000000000004,,,,,,,,,,,,,,,,,,,,,,,,,,,,,,,,,
2006,5,20,20,30,0,0,96.42,1.6,11.9,71.26,242,3.7,,,,,,,,,,,,,,,,,,,,,,,,,,,,,,,,,
2006,5,20,21,30,0,0,104.85000000000001,1.9000000000000001,12,69.08,243,4.5,,,,,,,,,,,,,,,,,,,,,,,,,,,,,,,,,
2006,5,20,22,30,0,0,111.56,2.1,11.9,72.34,256,4.9,,,,,,,,,,,,,,,,,,,,,,,,,,,,,,,,,
2006,5,20,23,30,0,0,115.97,2.3000000000000003,11.5,81.04,279,4.5,,,,,,,,,,,,,,,,,,,,,,,,,,,,,,,,,
2006,5,21,0,30,0,0,117.55,2.4000000000000004,10.700000000000001,91.66,308,4.5,,,,,,,,,,,,,,,,,,,,,,,,,,,,,,,,,
2006,5,21,1,30,0,0,116.10000000000001,2.2,9.200000000000001,95.55,333,4.5,,,,,,,,,,,,,,,,,,,,,,,,,,,,,,,,,
2006,5,21,2,30,0,0,111.81,1.8,7.4,94.4,336,3.8000000000000003,,,,,,,,,,,,,,,,,,,,,,,,,,,,,,,,,
2006,5,21,3,30,0,0,105.19,1.3,5.9,91.47,321,3.1,,,,,,,,,,,,,,,,,,,,,,,,,,,,,,,,,
2006,5,21,4,30,0,0,96.83,0.8,5,88.68,307,3.1,,,,,,,,,,,,,,,,,,,,,,,,,,,,,,,,,
2006,5,21,5,30,20,229,87,0.6000000000000001,5,83.64,301,3.8000000000000003,,,,,,,,,,,,,,,,,,,,,,,,,,,,,,,,,
2006,5,21,6,30,51,637,76.76,0.5,6.2,75.52,301,5.300000000000001,,,,,,,,,,,,,,,,,,,,,,,,,,,,,,,,,
2006,5,21,7,30,69,796,65.9,0.6000000000000001,7.7,62.65,305,6.6000000000000005,,,,,,,,,,,,,,,,,,,,,,,,,,,,,,,,,
2006,5,21,8,30,81,880,54.83,0.7000000000000001,9.200000000000001,53.24,308,7.2,,,,,,,,,,,,,,,,,,,,,,,,,,,,,,,,,
2006,5,21,9,30,90,927,43.910000000000004,0.8,10.5,50.32,310,7.300000000000001,,,,,,,,,,,,,,,,,,,,,,,,,,,,,,,,,
2006,5,21,10,30,93,963,33.730000000000004,0.8,11.700000000000001,49.730000000000004,310,7.1000000000000005,,,,,,,,,,,,,,,,,,,,,,,,,,,,,,,,,
2006,5,21,11,30,458,386,25.560000000000002,0.9,12.600000000000001,50.1,310,6.800000000000001,,,,,,,,,,,,,,,,,,,,,,,,,,,,,,,,,
2006,5,21,12,30,94,981,22.03,1,13.3,50.2,310,6.6000000000000005,,,,,,,,,,,,,,,,,,,,,,,,,,,,,,,,,
2006,5,21,13,30,90,981,25.22,1,13.700000000000001,50.4,310,6.5,,,,,,,,,,,,,,,,,,,,,,,,,,,,,,,,,
2006,5,21,14,30,86,967,33.22,1,13.700000000000001,51.15,311,6.4,,,,,,,,,,,,,,,,,,,,,,,,,,,,,,,,,
2006,5,21,15,30,408,142,43.33,1,13.200000000000001,52.68,314,6.2,,,,,,,,,,,,,,,,,,,,,,,,,,,,,,,,,
2006,5,21,16,30,330,115,54.22,1,12.5,54.120000000000005,317,5.9,,,,,,,,,,,,,,,,,,,,,,,,,,,,,,,,,
2006,5,21,17,30,229,54,65.29,1,11.5,56.08,321,5.5,,,,,,,,,,,,,,,,,,,,,,,,,,,,,,,,,
2006,5,21,18,30,94,360,76.15,1,9.9,60.31,325,4.6000000000000005,,,,,,,,,,,,,,,,,,,,,,,,,,,,,,,,,
2006,5,21,19,30,25,2,86.43,1,7.800000000000001,69.68,327,3.3000000000000003,,,,,,,,,,,,,,,,,,,,,,,,,,,,,,,,,
2006,5,21,20,30,0,0,96.26,1,6.1000000000000005,79.49,328,2.7,,,,,,,,,,,,,,,,,,,,,,,,,,,,,,,,,
2006,5,21,21,30,0,0,104.67,0.9,5.2,82.87,326,2.6,,,,,,,,,,,,,,,,,,,,,,,,,,,,,,,,,
2006,5,21,22,30,0,0,111.37,0.9,4.4,85.67,324,2.6,,,,,,,,,,,,,,,,,,,,,,,,,,,,,,,,,
2006,5,21,23,30,0,0,115.77,0.9,3.8000000000000003,86.99,323,2.7,,,,,,,,,,,,,,,,,,,,,,,,,,,,,,,,,
2006,5,22,0,30,0,0,117.35000000000001,0.8,3.2,88.15,324,2.9000000000000004,,,,,,,,,,,,,,,,,,,,,,,,,,,,,,,,,
2006,5,22,1,30,0,0,115.91,0.8,2.7,88.88,327,2.9000000000000004,,,,,,,,,,,,,,,,,,,,,,,,,,,,,,,,,
2006,5,22,2,30,0,0,111.63,0.7000000000000001,2,91.08,329,2.6,,,,,,,,,,,,,,,,,,,,,,,,,,,,,,,,,
2006,5,22,3,30,0,0,105.03,0.7000000000000001,1.3,93.15,328,2.4000000000000004,,,,,,,,,,,,,,,,,,,,,,,,,,,,,,,,,
2006,5,22,4,30,0,0,96.68,0.6000000000000001,0.9,93.39,324,2.6,,,,,,,,,,,,,,,,,,,,,,,,,,,,,,,,,
2006,5,22,5,30,20,260,86.87,0.6000000000000001,1.5,88.03,321,3.2,,,,,,,,,,,,,,,,,,,,,,,,,,,,,,,,,
2006,5,22,6,30,50,638,76.65,0.6000000000000001,3.5,77.10000000000001,326,3.8000000000000003,,,,,,,,,,,,,,,,,,,,,,,,,,,,,,,,,
2006,5,22,7,30,68,803,65.79,0.6000000000000001,6.1000000000000005,63.58,333,4.2,,,,,,,,,,,,,,,,,,,,,,,,,,,,,,,,,
2006,5,22,8,30,79,892,54.72,0.6000000000000001,8.5,54.84,334,4.4,,,,,,,,,,,,,,,,,,,,,,,,,,,,,,,,,
2006,5,22,9,30,87,944,43.79,0.6000000000000001,10.5,50.2,332,4.6000000000000005,,,,,,,,,,,,,,,,,,,,,,,,,,,,,,,,,
2006,5,22,10,30,92,969,33.6,0.7000000000000001,12.200000000000001,47.37,332,4.6000000000000005,,,,,,,,,,,,,,,,,,,,,,,,,,,,,,,,,
2006,5,22,11,30,96,985,25.39,0.7000000000000001,13.600000000000001,45.22,332,4.7,,,,,,,,,,,,,,,,,,,,,,,,,,,,,,,,,
2006,5,22,12,30,97,990,21.830000000000002,0.7000000000000001,14.600000000000001,43.54,332,4.800000000000001,,,,,,,,,,,,,,,,,,,,,,,,,,,,,,,,,
2006,5,22,13,30,98,982,25.04,0.7000000000000001,15.3,42.050000000000004,332,4.7,,,,,,,,,,,,,,,,,,,,,,,,,,,,,,,,,
2006,5,22,14,30,93,964,33.06,0.8,15.700000000000001,40.89,332,4.7,,,,,,,,,,,,,,,,,,,,,,,,,,,,,,,,,
2006,5,22,15,30,87,935,43.19,0.8,15.700000000000001,40.87,331,4.5,,,,,,,,,,,,,,,,,,,,,,,,,,,,,,,,,
2006,5,22,16,30,204,454,54.09,0.8,15.3,42.15,331,4.2,,,,,,,,,,,,,,,,,,,,,,,,,,,,,,,,,
2006,5,22,17,30,165,374,65.15,0.8,14.4,44.79,332,3.4000000000000004,,,,,,,,,,,,,,,,,,,,,,,,,,,,,,,,,
2006,5,22,18,30,98,349,76.01,0.8,12.100000000000001,57.68,335,2.1,,,,,,,,,,,,,,,,,,,,,,,,,,,,,,,,,
2006,5,22,19,30,21,299,86.29,0.8,9.3,78.85000000000001,342,1.4000000000000001,,,,,,,,,,,,,,,,,,,,,,,,,,,,,,,,,
2006,5,22,20,30,0,0,96.10000000000001,0.8,7.6000000000000005,80.53,350,1.3,,,,,,,,,,,,,,,,,,,,,,,,,,,,,,,,,
2006,5,22,21,30,0,0,104.5,0.7000000000000001,6.800000000000001,81.87,179,1.3,,,,,,,,,,,,,,,,,,,,,,,,,,,,,,,,,
2006,5,22,22,30,0,0,111.18,0.7000000000000001,6.1000000000000005,82.84,4,1.2000000000000002,,,,,,,,,,,,,,,,,,,,,,,,,,,,,,,,,
2006,5,22,23,30,0,0,115.57000000000001,0.7000000000000001,5.4,84.14,3,1.2000000000000002,,,,,,,,,,,,,,,,,,,,,,,,,,,,,,,,,
2006,5,23,0,30,0,0,117.16,0.8,4.9,84.29,177,1.1,,,,,,,,,,,,,,,,,,,,,,,,,,,,,,,,,
2006,5,23,1,30,0,0,115.72,0.8,4.3,85.39,349,1.1,,,,,,,,,,,,,,,,,,,,,,,,,,,,,,,,,
2006,5,23,2,30,0,0,111.46000000000001,0.8,3.7,86.76,341,1.2000000000000002,,,,,,,,,,,,,,,,,,,,,,,,,,,,,,,,,
2006,5,23,3,30,0,0,104.88,0.8,3.1,88.39,336,1.3,,,,,,,,,,,,,,,,,,,,,,,,,,,,,,,,,
2006,5,23,4,30,0,0,96.55,0.8,2.7,88.57000000000001,334,1.3,,,,,,,,,,,,,,,,,,,,,,,,,,,,,,,,,
2006,5,23,5,30,20,253,86.76,0.8,4.2,79.60000000000001,333,1.6,,,,,,,,,,,,,,,,,,,,,,,,,,,,,,,,,
2006,5,23,6,30,51,621,76.54,0.8,7,71.60000000000001,328,1.9000000000000001,,,,,,,,,,,,,,,,,,,,,,,,,,,,,,,,,
2006,5,23,7,30,69,787,65.69,0.8,10,58.550000000000004,328,2.2,,,,,,,,,,,,,,,,,,,,,,,,,,,,,,,,,
2006,5,23,8,30,81,876,54.620000000000005,0.8,12.9,48.77,333,2.6,,,,,,,,,,,,,,,,,,,,,,,,,,,,,,,,,
2006,5,23,9,30,89,924,43.68,0.9,14.8,42.46,336,3,,,,,,,,,,,,,,,,,,,,,,,,,,,,,,,,,
2006,5,23,10,30,101,946,33.47,0.9,16.1,40.77,338,2.9000000000000004,,,,,,,,,,,,,,,,,,,,,,,,,,,,,,,,,
2006,5,23,11,30,104,963,25.23,0.9,17.2,39.79,340,2.8000000000000003,,,,,,,,,,,,,,,,,,,,,,,,,,,,,,,,,
2006,5,23,12,30,105,965,21.64,1,18.1,39.34,341,2.6,,,,,,,,,,,,,,,,,,,,,,,,,,,,,,,,,
2006,5,23,13,30,103,961,24.86,1,18.8,39.12,338,2.4000000000000004,,,,,,,,,,,,,,,,,,,,,,,,,,,,,,,,,
2006,5,23,14,30,99,943,32.910000000000004,1.1,19.1,39.27,332,2.2,,,,,,,,,,,,,,,,,,,,,,,,,,,,,,,,,
2006,5,23,15,30,91,915,43.050000000000004,1.1,19.200000000000003,39.72,325,2.2,,,,,,,,,,,,,,,,,,,,,,,,,,,,,,,,,
2006,5,23,16,30,82,865,53.95,1.1,19,41.37,321,2.1,,,,,,,,,,,,,,,,,,,,,,,,,,,,,,,,,
2006,5,23,17,30,71,772,65.02,1.2000000000000002,18.3,44.95,319,1.5,,,,,,,,,,,,,,,,,,,,,,,,,,,,,,,,,
2006,5,23,18,30,53,610,75.88,1.3,16.7,59.08,314,1,,,,,,,,,,,,,,,,,,,,,,,,,,,,,,,,,
2006,5,23,19,30,22,269,86.15,1.3,15.100000000000001,64.38,296,0.8,,,,,,,,,,,,,,,,,,,,,,,,,,,,,,,,,
2006,5,23,20,30,0,0,95.94,1.4000000000000001,14,57.620000000000005,275,0.8,,,,,,,,,,,,,,,,,,,,,,,,,,,,,,,,,
2006,5,23,21,30,0,0,104.33,1.5,13,62.17,273,0.9,,,,,,,,,,,,,,,,,,,,,,,,,,,,,,,,,
2006,5,23,22,30,0,0,111,1.5,11.8,67.84,281,1.1,,,,,,,,,,,,,,,,,,,,,,,,,,,,,,,,,
2006,5,23,23,30,0,0,115.38,1.5,10.9,72.57000000000001,289,1.2000000000000002,,,,,,,,,,,,,,,,,,,,,,,,,,,,,,,,,
2006,5,24,0,30,0,0,116.97,1.5,10.3,74.89,294,1.2000000000000002,,,,,,,,,,,,,,,,,,,,,,,,,,,,,,,,,
2006,5,24,1,30,0,0,115.54,1.5,10,75.03,291,1.2000000000000002,,,,,,,,,,,,,,,,,,,,,,,,,,,,,,,,,
2006,5,24,2,30,0,0,111.3,1.6,9.700000000000001,75.03,282,1.2000000000000002,,,,,,,,,,,,,,,,,,,,,,,,,,,,,,,,,
2006,5,24,3,30,0,0,104.73,1.6,9.200000000000001,76.36,271,1.2000000000000002,,,,,,,,,,,,,,,,,,,,,,,,,,,,,,,,,
2006,5,24,4,30,0,0,96.42,1.5,8.6,79.01,258,1.2000000000000002,,,,,,,,,,,,,,,,,,,,,,,,,,,,,,,,,
2006,5,24,5,30,20,0,86.65,1.5,9.600000000000001,74.82000000000001,247,1.2000000000000002,,,,,,,,,,,,,,,,,,,,,,,,,,,,,,,,,
2006,5,24,6,30,54,571,76.43,1.5,11.9,75.56,238,1.7000000000000002,,,,,,,,,,,,,,,,,,,,,,,,,,,,,,,,,
2006,5,24,7,30,223,157,65.59,1.4000000000000001,14.3,63.2,226,2.1,,,,,,,,,,,,,,,,,,,,,,,,,,,,,,,,,
2006,5,24,8,30,89,832,54.52,1.4000000000000001,17.400000000000002,58.75,225,2.3000000000000003,,,,,,,,,,,,,,,,,,,,,,,,,,,,,,,,,
2006,5,24,9,30,375,301,43.58,1.5,20.200000000000003,46.58,226,2.8000000000000003,,,,,,,,,,,,,,,,,,,,,,,,,,,,,,,,,
2006,5,24,10,30,399,442,33.35,1.7000000000000002,21.6,41.03,215,3.1,,,,,,,,,,,,,,,,,,,,,,,,,,,,,,,,,
2006,5,24,11,30,457,387,25.080000000000002,2,22.200000000000003,40.31,206,3.5,,,,,,,,,,,,,,,,,,,,,,,,,,,,,,,,,
2006,5,24,12,30,314,582,21.45,2.1,22.5,40.57,201,3.9000000000000004,,,,,,,,,,,,,,,,,,,,,,,,,,,,,,,,,
2006,5,24,13,30,395,356,24.68,2.2,22.700000000000003,41.44,199,4.2,,,,,,,,,,,,,,,,,,,,,,,,,,,,,,,,,
2006,5,24,14,30,376,343,32.76,2.3000000000000003,22.8,43.15,199,4.3,,,,,,,,,,,,,,,,,,,,,,,,,,,,,,,,,
2006,5,24,15,30,310,28,42.910000000000004,2.4000000000000004,22.1,46.93,197,3.8000000000000003,,,,,,,,,,,,,,,,,,,,,,,,,,,,,,,,,
2006,5,24,16,30,297,81,53.82,2.5,20.8,55.56,189,3,,,,,,,,,,,,,,,,,,,,,,,,,,,,,,,,,
2006,5,24,17,30,201,93,64.89,2.7,19.6,66.84,180,2.6,,,,,,,,,,,,,,,,,,,,,,,,,,,,,,,,,
2006,5,24,18,30,56,1,75.74,3,18.1,75.85000000000001,176,2.6,,,,,,,,,,,,,,,,,,,,,,,,,,,,,,,,,
2006,5,24,19,30,15,0,86.01,3.2,16.8,80.56,177,2.8000000000000003,,,,,,,,,,,,,,,,,,,,,,,,,,,,,,,,,
2006,5,24,20,30,0,0,95.79,3.4000000000000004,16.2,81.49,179,3.3000000000000003,,,,,,,,,,,,,,,,,,,,,,,,,,,,,,,,,
2006,5,24,21,30,0,0,104.16,3.5,15.9,83.14,183,3.7,,,,,,,,,,,,,,,,,,,,,,,,,,,,,,,,,
2006,5,24,22,30,0,0,110.83,3.7,15.5,84.76,188,3.8000000000000003,,,,,,,,,,,,,,,,,,,,,,,,,,,,,,,,,
2006,5,24,23,30,0,0,115.2,3.8000000000000003,14.9,89.25,191,3.4000000000000004,,,,,,,,,,,,,,,,,,,,,,,,,,,,,,,,,
2006,5,25,0,30,0,0,116.78,4,14.700000000000001,92.60000000000001,192,3.2,,,,,,,,,,,,,,,,,,,,,,,,,,,,,,,,,
2006,5,25,1,30,0,0,115.37,4,14.700000000000001,94.93,197,3.1,,,,,,,,,,,,,,,,,,,,,,,,,,,,,,,,,
2006,5,25,2,30,0,0,111.14,4,14.9,96.69,206,2.8000000000000003,,,,,,,,,,,,,,,,,,,,,,,,,,,,,,,,,
2006,5,25,3,30,0,0,104.59,3.8000000000000003,14.9,99.47,217,2.2,,,,,,,,,,,,,,,,,,,,,,,,,,,,,,,,,
2006,5,25,4,30,0,0,96.29,3.5,15,100,223,1.7000000000000002,,,,,,,,,,,,,,,,,,,,,,,,,,,,,,,,,
2006,5,25,5,30,15,0,86.55,3.2,15.700000000000001,98.12,218,1.8,,,,,,,,,,,,,,,,,,,,,,,,,,,,,,,,,
2006,5,25,6,30,113,8,76.33,3,17,95.57000000000001,207,2.4000000000000004,,,,,,,,,,,,,,,,,,,,,,,,,,,,,,,,,
2006,5,25,7,30,85,663,65.5,3,18.6,91.93,202,2.8000000000000003,,,,,,,,,,,,,,,,,,,,,,,,,,,,,,,,,
2006,5,25,8,30,255,19,54.43,3,20.5,87.79,208,3.1,,,,,,,,,,,,,,,,,,,,,,,,,,,,,,,,,
2006,5,25,9,30,275,2,43.480000000000004,3.2,21.900000000000002,81.28,212,3.4000000000000004,,,,,,,,,,,,,,,,,,,,,,,,,,,,,,,,,
2006,5,25,10,30,406,62,33.230000000000004,3.2,22.900000000000002,75.04,212,3.7,,,,,,,,,,,,,,,,,,,,,,,,,,,,,,,,,
2006,5,25,11,30,416,20,24.93,3.3000000000000003,24.1,70.27,214,4,,,,,,,,,,,,,,,,,,,,,,,,,,,,,,,,,
2006,5,25,12,30,420,13,21.27,3.2,24.900000000000002,67.32000000000001,210,4,,,,,,,,,,,,,,,,,,,,,,,,,,,,,,,,,
2006,5,25,13,30,468,311,24.51,3.1,25.200000000000003,66.36,203,4.2,,,,,,,,,,,,,,,,,,,,,,,,,,,,,,,,,
2006,5,25,14,30,145,815,32.61,3.1,25.200000000000003,67.9,203,4.6000000000000005,,,,,,,,,,,,,,,,,,,,,,,,,,,,,,,,,
2006,5,25,15,30,139,768,42.78,3.3000000000000003,24.6,72.68,206,4.7,,,,,,,,,,,,,,,,,,,,,,,,,,,,,,,,,
2006,5,25,16,30,293,48,53.7,3.5,23.6,78.8,208,4.2,,,,,,,,,,,,,,,,,,,,,,,,,,,,,,,,,
2006,5,25,17,30,220,38,64.76,3.6,22.3,82.75,206,3.2,,,,,,,,,,,,,,,,,,,,,,,,,,,,,,,,,
2006,5,25,18,30,67,3,75.61,3.8000000000000003,20.700000000000003,91.8,188,1.9000000000000001,,,,,,,,,,,,,,,,,,,,,,,,,,,,,,,,,
2006,5,25,19,30,13,0,85.88,4.2,19.400000000000002,97.87,146,1.5,,,,,,,,,,,,,,,,,,,,,,,,,,,,,,,,,
2006,5,25,20,30,0,0,95.63,4.4,18.900000000000002,100,123,1.7000000000000002,,,,,,,,,,,,,,,,,,,,,,,,,,,,,,,,,
2006,5,25,21,30,0,0,104,4.2,18.6,100,190,1.7000000000000002,,,,,,,,,,,,,,,,,,,,,,,,,,,,,,,,,
2006,5,25,22,30,0,0,110.65,3.8000000000000003,18.1,100,258,1.6,,,,,,,,,,,,,,,,,,,,,,,,,,,,,,,,,
2006,5,25,23,30,0,0,115.02,3.7,17.400000000000002,100,258,1.3,,,,,,,,,,,,,,,,,,,,,,,,,,,,,,,,,
2006,5,26,0,30,0,0,116.61,3.7,17,100,247,1.5,,,,,,,,,,,,,,,,,,,,,,,,,,,,,,,,,
2006,5,26,1,30,0,0,115.2,3.7,16.7,100,235,1.6,,,,,,,,,,,,,,,,,,,,,,,,,,,,,,,,,
2006,5,26,2,30,0,0,110.98,3.7,16.3,100,235,1.6,,,,,,,,,,,,,,,,,,,,,,,,,,,,,,,,,
2006,5,26,3,30,0,0,104.45,3.7,16,100,246,1.3,,,,,,,,,,,,,,,,,,,,,,,,,,,,,,,,,
2006,5,26,4,30,0,0,96.17,3.8000000000000003,16,99.93,264,1.1,,,,,,,,,,,,,,,,,,,,,,,,,,,,,,,,,
2006,5,26,5,30,8,0,86.45,3.8000000000000003,16.5,96.82000000000001,299,0.9,,,,,,,,,,,,,,,,,,,,,,,,,,,,,,,,,
2006,5,26,6,30,42,0,76.24,3.9000000000000004,17.3,96.64,165,1.2000000000000002,,,,,,,,,,,,,,,,,,,,,,,,,,,,,,,,,
2006,5,26,7,30,48,0,65.41,3.9000000000000004,18,94.61,7,1.9000000000000001,,,,,,,,,,,,,,,,,,,,,,,,,,,,,,,,,
2006,5,26,8,30,119,0,54.34,3.8000000000000003,18.900000000000002,91.79,6,2.6,,,,,,,,,,,,,,,,,,,,,,,,,,,,,,,,,
2006,5,26,9,30,146,0,43.39,3.7,20.200000000000003,85.43,3,3.1,,,,,,,,,,,,,,,,,,,,,,,,,,,,,,,,,
2006,5,26,10,30,382,21,33.12,3.5,21.700000000000003,77.31,174,3.3000000000000003,,,,,,,,,,,,,,,,,,,,,,,,,,,,,,,,,
2006,5,26,11,30,299,1,24.79,3.5,22.8,71.44,342,3.4000000000000004,,,,,,,,,,,,,,,,,,,,,,,,,,,,,,,,,
2006,5,26,12,30,487,148,21.1,3.4000000000000004,23.400000000000002,68.46000000000001,334,3.6,,,,,,,,,,,,,,,,,,,,,,,,,,,,,,,,,
2006,5,26,13,30,494,235,24.34,3.4000000000000004,23.700000000000003,67.49,331,3.8000000000000003,,,,,,,,,,,,,,,,,,,,,,,,,,,,,,,,,
2006,5,26,14,30,375,12,32.46,3.4000000000000004,23.900000000000002,66.99,330,3.9000000000000004,,,,,,,,,,,,,,,,,,,,,,,,,,,,,,,,,
2006,5,26,15,30,144,761,42.65,3.3000000000000003,24,66.78,331,3.8000000000000003,,,,,,,,,,,,,,,,,,,,,,,,,,,,,,,,,
2006,5,26,16,30,127,703,53.57,3.2,23.700000000000003,68.14,335,3.5,,,,,,,,,,,,,,,,,,,,,,,,,,,,,,,,,
2006,5,26,17,30,102,617,64.63,3.1,23.1,71.24,339,2.6,,,,,,,,,,,,,,,,,,,,,,,,,,,,,,,,,
2006,5,26,18,30,71,460,75.48,3,21.5,83.3,347,1.5,,,,,,,,,,,,,,,,,,,,,,,,,,,,,,,,,
2006,5,26,19,30,27,159,85.74,2.9000000000000004,19.5,94.2,180,1,,,,,,,,,,,,,,,,,,,,,,,,,,,,,,,,,
2006,5,26,20,30,0,0,95.49,2.8000000000000003,18.400000000000002,91.21000000000001,14,1,,,,,,,,,,,,,,,,,,,,,,,,,,,,,,,,,
2006,5,26,21,30,0,0,103.84,2.7,17.7,93.4,26,0.8,,,,,,,,,,,,,,,,,,,,,,,,,,,,,,,,,
2006,5,26,22,30,0,0,110.48,2.7,16.900000000000002,97.21000000000001,36,0.7000000000000001,,,,,,,,,,,,,,,,,,,,,,,,,,,,,,,,,
2006,5,26,23,30,0,0,114.85000000000001,2.7,16.3,99.94,43,0.7000000000000001,,,,,,,,,,,,,,,,,,,,,,,,,,,,,,,,,
2006,5,27,0,30,0,0,116.43,2.8000000000000003,15.600000000000001,100,51,0.8,,,,,,,,,,,,,,,,,,,,,,,,,,,,,,,,,
2006,5,27,1,30,0,0,115.04,2.7,14.9,100,62,0.9,,,,,,,,,,,,,,,,,,,,,,,,,,,,,,,,,
2006,5,27,2,30,0,0,110.84,2.7,14.3,100,70,0.9,,,,,,,,,,,,,,,,,,,,,,,,,,,,,,,,,
2006,5,27,3,30,0,0,104.32000000000001,2.6,13.700000000000001,100,74,0.9,,,,,,,,,,,,,,,,,,,,,,,,,,,,,,,,,
2006,5,27,4,30,0,0,96.06,2.5,13.5,100,74,0.9,,,,,,,,,,,,,,,,,,,,,,,,,,,,,,,,,
2006,5,27,5,30,24,111,86.35000000000001,2.5,14.600000000000001,98.83,71,1.1,,,,,,,,,,,,,,,,,,,,,,,,,,,,,,,,,
2006,5,27,6,30,75,418,76.15,2.5,16.5,90.66,71,1.2000000000000002,,,,,,,,,,,,,,,,,,,,,,,,,,,,,,,,,
2006,5,27,7,30,107,598,65.32000000000001,2.5,19,81.23,82,0.8,,,,,,,,,,,,,,,,,,,,,,,,,,,,,,,,,
2006,5,27,8,30,127,709,54.26,2.5,22.1,69.37,189,0.5,,,,,,,,,,,,,,,,,,,,,,,,,,,,,,,,,
2006,5,27,9,30,376,294,43.300000000000004,2.6,24.400000000000002,62.120000000000005,289,0.5,,,,,,,,,,,,,,,,,,,,,,,,,,,,,,,,,
2006,5,27,10,30,150,814,33.02,2.6,25.700000000000003,59.88,225,0.4,,,,,,,,,,,,,,,,,,,,,,,,,,,,,,,,,
2006,5,27,11,30,303,552,24.650000000000002,2.7,26.6,58.43,151,0.7000000000000001,,,,,,,,,,,,,,,,,,,,,,,,,,,,,,,,,
2006,5,27,12,30,384,384,20.93,2.8000000000000003,27,58.19,147,1.4000000000000001,,,,,,,,,,,,,,,,,,,,,,,,,,,,,,,,,
2006,5,27,13,30,510,230,24.18,2.8000000000000003,27.200000000000003,58.06,153,2,,,,,,,,,,,,,,,,,,,,,,,,,,,,,,,,,
2006,5,27,14,30,465,127,32.32,2.8000000000000003,27.1,58.67,160,2.5,,,,,,,,,,,,,,,,,,,,,,,,,,,,,,,,,
2006,5,27,15,30,418,133,42.52,2.8000000000000003,26.700000000000003,60.160000000000004,165,2.8000000000000003,,,,,,,,,,,,,,,,,,,,,,,,,,,,,,,,,
2006,5,27,16,30,159,640,53.45,2.8000000000000003,26.1,62.85,165,2.9000000000000004,,,,,,,,,,,,,,,,,,,,,,,,,,,,,,,,,
2006,5,27,17,30,128,543,64.51,2.7,25,68.53,162,2.6,,,,,,,,,,,,,,,,,,,,,,,,,,,,,,,,,
2006,5,27,18,30,137,64,75.35000000000001,2.6,23,80.68,156,2.3000000000000003,,,,,,,,,,,,,,,,,,,,,,,,,,,,,,,,,
2006,5,27,19,30,30,0,85.61,2.6,20.900000000000002,89.79,155,2.1,,,,,,,,,,,,,,,,,,,,,,,,,,,,,,,,,
2006,5,27,20,30,0,0,95.34,2.6,19.6,90.44,156,2.2,,,,,,,,,,,,,,,,,,,,,,,,,,,,,,,,,
2006,5,27,21,30,0,0,103.69,2.7,18.8,91.35000000000001,156,2.3000000000000003,,,,,,,,,,,,,,,,,,,,,,,,,,,,,,,,,
2006,5,27,22,30,0,0,110.32000000000001,2.8000000000000003,18.2,92.09,158,2.4000000000000004,,,,,,,,,,,,,,,,,,,,,,,,,,,,,,,,,
2006,5,27,23,30,0,0,114.68,2.9000000000000004,17.7,93.21000000000001,162,2.4000000000000004,,,,,,,,,,,,,,,,,,,,,,,,,,,,,,,,,
2006,5,28,0,30,0,0,116.27,3,17.3,94.83,167,2.3000000000000003,,,,,,,,,,,,,,,,,,,,,,,,,,,,,,,,,
2006,5,28,1,30,0,0,114.88,3.1,17,96.98,174,2.2,,,,,,,,,,,,,,,,,,,,,,,,,,,,,,,,,
2006,5,28,2,30,0,0,110.7,3.2,16.8,98.87,181,2,,,,,,,,,,,,,,,,,,,,,,,,,,,,,,,,,
2006,5,28,3,30,0,0,104.2,3.3000000000000003,16.6,100,186,1.9000000000000001,,,,,,,,,,,,,,,,,,,,,,,,,,,,,,,,,
2006,5,28,4,30,0,0,95.95,3.3000000000000003,16.6,100,188,2,,,,,,,,,,,,,,,,,,,,,,,,,,,,,,,,,
2006,5,28,5,30,20,0,86.26,3.4000000000000004,17.400000000000002,95.54,187,2.6,,,,,,,,,,,,,,,,,,,,,,,,,,,,,,,,,
2006,5,28,6,30,121,14,76.07000000000001,3.4000000000000004,18.900000000000002,89.51,183,3.3000000000000003,,,,,,,,,,,,,,,,,,,,,,,,,,,,,,,,,
2006,5,28,7,30,232,88,65.25,3.5,20.8,83.33,179,3.4000000000000004,,,,,,,,,,,,,,,,,,,,,,,,,,,,,,,,,
2006,5,28,8,30,150,636,54.18,3.6,23.400000000000002,76.4,185,3.8000000000000003,,,,,,,,,,,,,,,,,,,,,,,,,,,,,,,,,
2006,5,28,9,30,385,85,43.22,3.7,25.700000000000003,67.48,195,4.2,,,,,,,,,,,,,,,,,,,,,,,,,,,,,,,,,
2006,5,28,10,30,180,749,32.92,3.7,27.200000000000003,63.49,199,4.3,,,,,,,,,,,,,,,,,,,,,,,,,,,,,,,,,
2006,5,28,11,30,180,781,24.52,3.8000000000000003,27.900000000000002,63.64,200,4.1000000000000005,,,,,,,,,,,,,,,,,,,,,,,,,,,,,,,,,
2006,5,28,12,30,179,795,20.77,3.8000000000000003,28.200000000000003,64.4,201,4.1000000000000005,,,,,,,,,,,,,,,,,,,,,,,,,,,,,,,,,
2006,5,28,13,30,202,753,24.03,3.7,28.3,65.07000000000001,202,4,,,,,,,,,,,,,,,,,,,,,,,,,,,,,,,,,
2006,5,28,14,30,185,745,32.18,3.7,28.200000000000003,65.95,203,3.9000000000000004,,,,,,,,,,,,,,,,,,,,,,,,,,,,,,,,,
2006,5,28,15,30,166,718,42.4,3.6,27.900000000000002,67.57000000000001,204,3.6,,,,,,,,,,,,,,,,,,,,,,,,,,,,,,,,,
2006,5,28,16,30,142,670,53.32,3.4000000000000004,27.400000000000002,71.75,203,3,,,,,,,,,,,,,,,,,,,,,,,,,,,,,,,,,
2006,5,28,17,30,113,583,64.39,3.3000000000000003,26.400000000000002,80.46000000000001,201,2.2,,,,,,,,,,,,,,,,,,,,,,,,,,,,,,,,,
2006,5,28,18,30,78,432,75.22,3.2,24.900000000000002,90.98,198,1.7000000000000002,,,,,,,,,,,,,,,,,,,,,,,,,,,,,,,,,
2006,5,28,19,30,29,155,85.48,3.1,23.3,95.3,197,1.6,,,,,,,,,,,,,,,,,,,,,,,,,,,,,,,,,
2006,5,28,20,30,0,0,95.2,3.1,22.5,95.29,197,1.6,,,,,,,,,,,,,,,,,,,,,,,,,,,,,,,,,
2006,5,28,21,30,0,0,103.54,3.1,22,96.79,200,1.7000000000000002,,,,,,,,,,,,,,,,,,,,,,,,,,,,,,,,,
2006,5,28,22,30,0,0,110.16,3.1,21.6,98.16,206,1.9000000000000001,,,,,,,,,,,,,,,,,,,,,,,,,,,,,,,,,
2006,5,28,23,30,0,0,114.52,3.2,21.200000000000003,99.57000000000001,213,2.1,,,,,,,,,,,,,,,,,,,,,,,,,,,,,,,,,
2006,5,29,0,30,0,0,116.11,3.3000000000000003,20.8,100,220,2.2,,,,,,,,,,,,,,,,,,,,,,,,,,,,,,,,,
2006,5,29,1,30,0,0,114.73,3.3000000000000003,20.5,100,225,2.1,,,,,,,,,,,,,,,,,,,,,,,,,,,,,,,,,
2006,5,29,2,30,0,0,110.56,3.4000000000000004,20.200000000000003,100,230,2.1,,,,,,,,,,,,,,,,,,,,,,,,,,,,,,,,,
2006,5,29,3,30,0,0,104.08,3.4000000000000004,19.8,100,234,1.9000000000000001,,,,,,,,,,,,,,,,,,,,,,,,,,,,,,,,,
2006,5,29,4,30,0,0,95.85000000000001,3.4000000000000004,19.6,100,239,1.8,,,,,,,,,,,,,,,,,,,,,,,,,,,,,,,,,
2006,5,29,5,30,24,136,86.18,3.3000000000000003,20.400000000000002,97.98,243,2.1,,,,,,,,,,,,,,,,,,,,,,,,,,,,,,,,,
2006,5,29,6,30,130,45,75.99,3.3000000000000003,22,91.25,247,2.4000000000000004,,,,,,,,,,,,,,,,,,,,,,,,,,,,,,,,,
2006,5,29,7,30,98,619,65.17,3.2,23.6,86.22,245,2,,,,,,,,,,,,,,,,,,,,,,,,,,,,,,,,,
2006,5,29,8,30,116,724,54.11,3.2,25.900000000000002,80.82000000000001,257,1.8,,,,,,,,,,,,,,,,,,,,,,,,,,,,,,,,,
2006,5,29,9,30,128,789,43.14,3.2,27.900000000000002,71.91,272,1.9000000000000001,,,,,,,,,,,,,,,,,,,,,,,,,,,,,,,,,
2006,5,29,10,30,137,823,32.83,3.3000000000000003,29.200000000000003,64.82000000000001,258,1.7000000000000002,,,,,,,,,,,,,,,,,,,,,,,,,,,,,,,,,
2006,5,29,11,30,144,842,24.400000000000002,3.3000000000000003,29.8,62,228,1.6,,,,,,,,,,,,,,,,,,,,,,,,,,,,,,,,,
2006,5,29,12,30,148,843,20.61,3.4000000000000004,30.200000000000003,60.410000000000004,207,2,,,,,,,,,,,,,,,,,,,,,,,,,,,,,,,,,
2006,5,29,13,30,377,514,23.87,3.4000000000000004,30.3,60.18,199,2.3000000000000003,,,,,,,,,,,,,,,,,,,,,,,,,,,,,,,,,
2006,5,29,14,30,426,103,32.05,3.5,30.200000000000003,60.59,199,2.5,,,,,,,,,,,,,,,,,,,,,,,,,,,,,,,,,
2006,5,29,15,30,391,251,42.27,3.5,29.8,61.95,200,2.4000000000000004,,,,,,,,,,,,,,,,,,,,,,,,,,,,,,,,,
2006,5,29,16,30,281,412,53.21,3.6,29.200000000000003,66.4,201,2.2,,,,,,,,,,,,,,,,,,,,,,,,,,,,,,,,,
2006,5,29,17,30,122,554,64.27,3.5,28,72.06,201,1.7000000000000002,,,,,,,,,,,,,,,,,,,,,,,,,,,,,,,,,
2006,5,29,18,30,13,0,75.10000000000001,3.5,26.1,86.21000000000001,202,1.3,,,,,,,,,,,,,,,,,,,,,,,,,,,,,,,,,
2006,5,29,19,30,34,2,85.36,3.5,24.5,90.72,204,1.2000000000000002,,,,,,,,,,,,,,,,,,,,,,,,,,,,,,,,,
2006,5,29,20,30,0,0,95.06,3.4000000000000004,23.5,90.45,206,1.3,,,,,,,,,,,,,,,,,,,,,,,,,,,,,,,,,
2006,5,29,21,30,0,0,103.39,3.4000000000000004,22.900000000000002,91.79,209,1.3,,,,,,,,,,,,,,,,,,,,,,,,,,,,,,,,,
2006,5,29,22,30,0,0,110.01,3.3000000000000003,22.3,93.16,214,1.3,,,,,,,,,,,,,,,,,,,,,,,,,,,,,,,,,
2006,5,29,23,30,0,0,114.36,3.3000000000000003,21.8,94.14,221,1.3,,,,,,,,,,,,,,,,,,,,,,,,,,,,,,,,,
2006,5,30,0,30,0,0,115.96000000000001,3.3000000000000003,21.200000000000003,95.73,229,1.2000000000000002,,,,,,,,,,,,,,,,,,,,,,,,,,,,,,,,,
2006,5,30,1,30,0,0,114.59,3.3000000000000003,20.8,96.37,239,1.1,,,,,,,,,,,,,,,,,,,,,,,,,,,,,,,,,
2006,5,30,2,30,0,0,110.43,3.3000000000000003,20.400000000000002,97.4,247,1.1,,,,,,,,,,,,,,,,,,,,,,,,,,,,,,,,,
2006,5,30,3,30,0,0,103.97,3.4000000000000004,20.1,98.36,254,1,,,,,,,,,,,,,,,,,,,,,,,,,,,,,,,,,
2006,5,30,4,30,0,0,95.75,3.5,20.3,96.75,256,0.9,,,,,,,,,,,,,,,,,,,,,,,,,,,,,,,,,
2006,5,30,5,30,25,115,86.10000000000001,3.6,21.3,91.24,248,0.7000000000000001,,,,,,,,,,,,,,,,,,,,,,,,,,,,,,,,,
2006,5,30,6,30,75,409,75.91,3.7,22.6,91.85000000000001,224,0.7000000000000001,,,,,,,,,,,,,,,,,,,,,,,,,,,,,,,,,
2006,5,30,7,30,184,296,65.11,3.8000000000000003,23.6,86.2,194,1,,,,,,,,,,,,,,,,,,,,,,,,,,,,,,,,,
2006,5,30,8,30,149,4,54.050000000000004,3.9000000000000004,24.6,84.34,176,1.2000000000000002,,,,,,,,,,,,,,,,,,,,,,,,,,,,,,,,,
2006,5,30,9,30,262,13,43.07,4,26.1,80.97,174,1.5,,,,,,,,,,,,,,,,,,,,,,,,,,,,,,,,,
2006,5,30,10,30,407,144,32.74,4.1000000000000005,27.1,75.17,182,1.8,,,,,,,,,,,,,,,,,,,,,,,,,,,,,,,,,
2006,5,30,11,30,374,439,24.28,4.2,27.400000000000002,73.84,190,2.1,,,,,,,,,,,,,,,,,,,,,,,,,,,,,,,,,
2006,5,30,12,30,448,102,20.47,4.2,27.5,73.26,196,2.2,,,,,,,,,,,,,,,,,,,,,,,,,,,,,,,,,
2006,5,30,13,30,400,24,23.73,4.2,27.5,73.60000000000001,198,2.2,,,,,,,,,,,,,,,,,,,,,,,,,,,,,,,,,
2006,5,30,14,30,387,310,31.92,4.2,27.5,73.67,197,2.1,,,,,,,,,,,,,,,,,,,,,,,,,,,,,,,,,
2006,5,30,15,30,340,307,42.15,4.2,27.3,74.77,193,2,,,,,,,,,,,,,,,,,,,,,,,,,,,,,,,,,
2006,5,30,16,30,291,173,53.09,4.1000000000000005,26.8,75.79,190,2,,,,,,,,,,,,,,,,,,,,,,,,,,,,,,,,,
2006,5,30,17,30,216,73,64.15,4.1000000000000005,25.8,80.38,188,1.7000000000000002,,,,,,,,,,,,,,,,,,,,,,,,,,,,,,,,,
2006,5,30,18,30,86,5,74.98,4.1000000000000005,24.400000000000002,91.28,187,1.3,,,,,,,,,,,,,,,,,,,,,,,,,,,,,,,,,
2006,5,30,19,30,19,0,85.23,4,23,94.24,188,1.3,,,,,,,,,,,,,,,,,,,,,,,,,,,,,,,,,
2006,5,30,20,30,0,0,94.93,4,22.3,93.92,189,1.4000000000000001,,,,,,,,,,,,,,,,,,,,,,,,,,,,,,,,,
2006,5,30,21,30,0,0,103.25,4,21.900000000000002,94.71000000000001,189,1.5,,,,,,,,,,,,,,,,,,,,,,,,,,,,,,,,,
2006,5,30,22,30,0,0,109.86,3.9000000000000004,21.5,95.93,189,1.6,,,,,,,,,,,,,,,,,,,,,,,,,,,,,,,,,
2006,5,30,23,30,0,0,114.21000000000001,3.9000000000000004,21.1,97.62,191,1.6,,,,,,,,,,,,,,,,,,,,,,,,,,,,,,,,,
2006,5,31,0,30,0,0,115.81,3.9000000000000004,20.700000000000003,99.85000000000001,198,1.5,,,,,,,,,,,,,,,,,,,,,,,,,,,,,,,,,
2006,5,31,1,30,0,0,114.45,3.8000000000000003,20.3,100,209,1.3,,,,,,,,,,,,,,,,,,,,,,,,,,,,,,,,,
2006,5,31,2,30,0,0,110.31,3.8000000000000003,19.900000000000002,100,220,1.1,,,,,,,,,,,,,,,,,,,,,,,,,,,,,,,,,
2006,5,31,3,30,0,0,103.86,3.7,19.5,100,227,1,,,,,,,,,,,,,,,,,,,,,,,,,,,,,,,,,
2006,5,31,4,30,0,0,95.66,3.8000000000000003,19.400000000000002,100,227,1,,,,,,,,,,,,,,,,,,,,,,,,,,,,,,,,,
2006,5,31,5,30,17,0,86.02,3.9000000000000004,20.200000000000003,98.68,224,1.3,,,,,,,,,,,,,,,,,,,,,,,,,,,,,,,,,
2006,5,31,6,30,79,387,75.85000000000001,4,21.3,96.4,223,1.8,,,,,,,,,,,,,,,,,,,,,,,,,,,,,,,,,
2006,5,31,7,30,199,221,65.04,4.2,22.200000000000003,93.53,227,1.9000000000000001,,,,,,,,,,,,,,,,,,,,,,,,,,,,,,,,,
2006,5,31,8,30,142,648,53.99,4.3,23.3,89.98,236,1.8,,,,,,,,,,,,,,,,,,,,,,,,,,,,,,,,,
2006,5,31,9,30,267,465,43.01,4.4,24.1,86.22,241,1.8,,,,,,,,,,,,,,,,,,,,,,,,,,,,,,,,,
2006,5,31,10,30,395,379,32.660000000000004,4.5,24.5,84.15,242,1.7000000000000002,,,,,,,,,,,,,,,,,,,,,,,,,,,,,,,,,
2006,5,31,11,30,318,468,24.17,4.6000000000000005,24.900000000000002,82.83,239,1.8,,,,,,,,,,,,,,,,,,,,,,,,,,,,,,,,,
2006,5,31,12,30,442,46,20.32,4.7,25.1,82.49,232,1.8,,,,,,,,,,,,,,,,,,,,,,,,,,,,,,,,,
2006,5,31,13,30,397,292,23.580000000000002,4.9,25.200000000000003,82.72,224,1.8,,,,,,,,,,,,,,,,,,,,,,,,,,,,,,,,,
2006,5,31,14,30,383,43,31.79,4.9,25,84.62,218,1.8,,,,,,,,,,,,,,,,,,,,,,,,,,,,,,,,,
2006,5,31,15,30,98,0,42.04,5,24.700000000000003,87.39,217,1.7000000000000002,,,,,,,,,,,,,,,,,,,,,,,,,,,,,,,,,
2006,5,31,16,30,272,309,52.980000000000004,4.9,24.400000000000002,90.49,222,1.6,,,,,,,,,,,,,,,,,,,,,,,,,,,,,,,,,
2006,5,31,17,30,34,0,64.04,4.9,23.900000000000002,94.32000000000001,237,1.3,,,,,,,,,,,,,,,,,,,,,,,,,,,,,,,,,
2006,5,31,18,30,137,69,74.87,4.800000000000001,23.200000000000003,98.10000000000001,269,1.3,,,,,,,,,,,,,,,,,,,,,,,,,,,,,,,,,
2006,5,31,19,30,16,0,85.09,2.4000000000000004,11.200000000000001,72.46000000000001,120,2.4000000000000004,,,,,,,,,,,,,,,,,,,,,,,,,,,,,,,,,
2006,5,31,20,30,0,0,94.78,2.4000000000000004,10.5,73.96000000000001,114,2.7,,,,,,,,,,,,,,,,,,,,,,,,,,,,,,,,,
2006,5,31,21,30,0,0,103.09,2.3000000000000003,10,75.07000000000001,109,3.2,,,,,,,,,,,,,,,,,,,,,,,,,,,,,,,,,
2006,5,31,22,30,0,0,109.7,2.1,9.4,76.77,104,3.8000000000000003,,,,,,,,,,,,,,,,,,,,,,,,,,,,,,,,,
2006,5,31,23,30,0,0,114.04,2.2,9,79.84,104,4.2,,,,,,,,,,,,,,,,,,,,,,,,,,,,,,,,,
2001,6,1,0,30,0,0,115.65,2.6,8.9,82.46000000000001,109,4.1000000000000005,,,,,,,,,,,,,,,,,,,,,,,,,,,,,,,,,
2001,6,1,1,30,0,0,114.3,3,9.1,84.03,111,4.2,,,,,,,,,,,,,,,,,,,,,,,,,,,,,,,,,
2001,6,1,2,30,0,0,110.18,3.3000000000000003,9.3,87.02,112,4.4,,,,,,,,,,,,,,,,,,,,,,,,,,,,,,,,,
2001,6,1,3,30,0,0,103.74000000000001,3.4000000000000004,9.5,89.24,116,4.5,,,,,,,,,,,,,,,,,,,,,,,,,,,,,,,,,
2001,6,1,4,30,0,0,95.56,3.5,9.600000000000001,90.91,119,4.6000000000000005,,,,,,,,,,,,,,,,,,,,,,,,,,,,,,,,,
2001,6,1,5,30,6,0,85.93,3.6,9.8,92.85000000000001,122,4.3,,,,,,,,,,,,,,,,,,,,,,,,,,,,,,,,,
2001,6,1,6,30,117,29,75.77,3.7,10.4,93.53,129,3.8000000000000003,,,,,,,,,,,,,,,,,,,,,,,,,,,,,,,,,
2001,6,1,7,30,79,1,64.97,3.5,11.5,92.38,141,3.6,,,,,,,,,,,,,,,,,,,,,,,,,,,,,,,,,
2001,6,1,8,30,172,5,53.910000000000004,3.3000000000000003,13.100000000000001,90.13,159,3.6,,,,,,,,,,,,,,,,,,,,,,,,,,,,,,,,,
2001,6,1,9,30,257,11,42.93,2.9000000000000004,15.3,86.95,185,4.1000000000000005,,,,,,,,,,,,,,,,,,,,,,,,,,,,,,,,,
2001,6,1,10,30,268,1,32.57,2.7,17.6,82.51,205,4.9,,,,,,,,,,,,,,,,,,,,,,,,,,,,,,,,,
2001,6,1,11,30,166,0,24.05,2.5,18.400000000000002,78.58,215,6,,,,,,,,,,,,,,,,,,,,,,,,,,,,,,,,,
2001,6,1,12,30,453,27,20.16,2.3000000000000003,17.2,79.13,225,6.7,,,,,,,,,,,,,,,,,,,,,,,,,,,,,,,,,
2001,6,1,13,30,431,93,23.42,2.1,15,82.01,236,6.800000000000001,,,,,,,,,,,,,,,,,,,,,,,,,,,,,,,,,
2001,6,1,14,30,379,50,31.650000000000002,2,13.100000000000001,83.55,245,6.6000000000000005,,,,,,,,,,,,,,,,,,,,,,,,,,,,,,,,,
2001,6,1,15,30,236,0,41.910000000000004,1.9000000000000001,11.9,82.71000000000001,253,6.300000000000001,,,,,,,,,,,,,,,,,,,,,,,,,,,,,,,,,
2001,6,1,16,30,207,1,52.85,1.9000000000000001,11.5,80.51,260,6,,,,,,,,,,,,,,,,,,,,,,,,,,,,,,,,,
2001,6,1,17,30,93,0,63.910000000000004,1.8,11.4,79.42,264,5.4,,,,,,,,,,,,,,,,,,,,,,,,,,,,,,,,,
2001,6,1,18,30,32,0,74.74,1.6,11,81.68,264,4.4,,,,,,,,,,,,,,,,,,,,,,,,,,,,,,,,,
2001,6,1,19,30,19,0,84.98,1.5,10,88.45,257,3.1,,,,,,,,,,,,,,,,,,,,,,,,,,,,,,,,,
2001,6,1,20,30,0,0,94.66,1.5,8.9,94.44,243,2.3000000000000003,,,,,,,,,,,,,,,,,,,,,,,,,,,,,,,,,
2001,6,1,21,30,0,0,102.96000000000001,1.6,8.3,97.28,227,2.2,,,,,,,,,,,,,,,,,,,,,,,,,,,,,,,,,
2001,6,1,22,30,0,0,109.56,1.6,8.1,98.11,213,2.4000000000000004,,,,,,,,,,,,,,,,,,,,,,,,,,,,,,,,,
2001,6,1,23,30,0,0,113.91,1.7000000000000002,7.9,99.55,202,2.7,,,,,,,,,,,,,,,,,,,,,,,,,,,,,,,,,
2001,6,2,0,30,0,0,115.51,1.8,7.800000000000001,100,193,3,,,,,,,,,,,,,,,,,,,,,,,,,,,,,,,,,
2001,6,2,1,30,0,0,114.18,1.9000000000000001,7.800000000000001,100,185,3.4000000000000004,,,,,,,,,,,,,,,,,,,,,,,,,,,,,,,,,
2001,6,2,2,30,0,0,110.07000000000001,2,8.1,98.58,176,3.8000000000000003,,,,,,,,,,,,,,,,,,,,,,,,,,,,,,,,,
2001,6,2,3,30,0,0,103.65,2.2,8.5,97.17,168,4,,,,,,,,,,,,,,,,,,,,,,,,,,,,,,,,,
2001,6,2,4,30,0,0,95.48,2.5,8.9,96.33,166,4.2,,,,,,,,,,,,,,,,,,,,,,,,,,,,,,,,,
2001,6,2,5,30,12,0,85.87,2.6,9.5,94.60000000000001,170,4.3,,,,,,,,,,,,,,,,,,,,,,,,,,,,,,,,,
2001,6,2,6,30,72,3,75.71000000000001,2.5,10.3,92.84,181,4.4,,,,,,,,,,,,,,,,,,,,,,,,,,,,,,,,,
2001,6,2,7,30,35,0,64.92,2.3000000000000003,11.100000000000001,92.44,190,4.3,,,,,,,,,,,,,,,,,,,,,,,,,,,,,,,,,
2001,6,2,8,30,217,14,53.870000000000005,2,12.5,88.24,192,4.2,,,,,,,,,,,,,,,,,,,,,,,,,,,,,,,,,
2001,6,2,9,30,254,1,42.88,1.8,14.600000000000001,81.17,198,4.3,,,,,,,,,,,,,,,,,,,,,,,,,,,,,,,,,
2001,6,2,10,30,289,1,32.5,1.8,16.2,73.18,208,4.2,,,,,,,,,,,,,,,,,,,,,,,,,,,,,,,,,
2001,6,2,11,30,426,234,23.96,1.8,16.8,67.87,222,4.1000000000000005,,,,,,,,,,,,,,,,,,,,,,,,,,,,,,,,,
2001,6,2,12,30,254,1,20.04,1.8,16.7,65.32000000000001,235,4.2,,,,,,,,,,,,,,,,,,,,,,,,,,,,,,,,,
2001,6,2,13,30,445,287,23.29,1.8,16.400000000000002,64.63,244,4.5,,,,,,,,,,,,,,,,,,,,,,,,,,,,,,,,,
2001,6,2,14,30,234,2,31.53,1.9000000000000001,15.9,65.26,249,4.5,,,,,,,,,,,,,,,,,,,,,,,,,,,,,,,,,
2001,6,2,15,30,357,90,41.800000000000004,1.9000000000000001,15,68.31,251,4.3,,,,,,,,,,,,,,,,,,,,,,,,,,,,,,,,,
2001,6,2,16,30,275,57,52.75,2,13.600000000000001,75.02,252,3.9000000000000004,,,,,,,,,,,,,,,,,,,,,,,,,,,,,,,,,
2001,6,2,17,30,231,112,63.81,2,12.200000000000001,84.10000000000001,254,3.7,,,,,,,,,,,,,,,,,,,,,,,,,,,,,,,,,
2001,6,2,18,30,141,166,74.63,2,10.700000000000001,91.65,256,3.8000000000000003,,,,,,,,,,,,,,,,,,,,,,,,,,,,,,,,,
2001,6,2,19,30,17,0,84.87,1.9000000000000001,9.3,93.59,259,3.9000000000000004,,,,,,,,,,,,,,,,,,,,,,,,,,,,,,,,,
2001,6,2,20,30,0,0,94.54,1.8,8.3,93.66,261,3.7,,,,,,,,,,,,,,,,,,,,,,,,,,,,,,,,,
2001,6,2,21,30,0,0,102.84,1.7000000000000002,7.9,93.67,263,3.5,,,,,,,,,,,,,,,,,,,,,,,,,,,,,,,,,
2001,6,2,22,30,0,0,109.43,1.7000000000000002,7.800000000000001,94.71000000000001,268,3.4000000000000004,,,,,,,,,,,,,,,,,,,,,,,,,,,,,,,,,
2001,6,2,23,30,0,0,113.78,1.7000000000000002,7.7,96.11,274,3.4000000000000004,,,,,,,,,,,,,,,,,,,,,,,,,,,,,,,,,
2001,6,3,0,30,0,0,115.39,1.7000000000000002,7.5,97.38,277,3.4000000000000004,,,,,,,,,,,,,,,,,,,,,,,,,,,,,,,,,
2001,6,3,1,30,0,0,114.06,1.7000000000000002,7.300000000000001,98.04,276,3.4000000000000004,,,,,,,,,,,,,,,,,,,,,,,,,,,,,,,,,
2001,6,3,2,30,0,0,109.97,1.7000000000000002,7.1000000000000005,98.56,275,3.5,,,,,,,,,,,,,,,,,,,,,,,,,,,,,,,,,
2001,6,3,3,30,0,0,103.57000000000001,1.7000000000000002,7.1000000000000005,98.32000000000001,277,3.7,,,,,,,,,,,,,,,,,,,,,,,,,,,,,,,,,
2001,6,3,4,30,0,0,95.41,1.7000000000000002,7.2,98,280,4,,,,,,,,,,,,,,,,,,,,,,,,,,,,,,,,,
2001,6,3,5,30,11,0,85.81,1.7000000000000002,7.5,96.73,284,4.3,,,,,,,,,,,,,,,,,,,,,,,,,,,,,,,,,
2001,6,3,6,30,7,0,75.66,1.8,8,94.78,289,4.7,,,,,,,,,,,,,,,,,,,,,,,,,,,,,,,,,
2001,6,3,7,30,185,11,64.87,1.8,8.8,92.03,291,4.800000000000001,,,,,,,,,,,,,,,,,,,,,,,,,,,,,,,,,
2001,6,3,8,30,200,1,53.82,1.8,10,88.02,291,4.800000000000001,,,,,,,,,,,,,,,,,,,,,,,,,,,,,,,,,
2001,6,3,9,30,314,5,42.83,1.8,11.3,84.18,292,4.7,,,,,,,,,,,,,,,,,,,,,,,,,,,,,,,,,
2001,6,3,10,30,340,2,32.44,1.8,12.5,80.7,294,4.5,,,,,,,,,,,,,,,,,,,,,,,,,,,,,,,,,
2001,6,3,11,30,344,1,23.87,1.8,13.700000000000001,76.96000000000001,297,4.2,,,,,,,,,,,,,,,,,,,,,,,,,,,,,,,,,
2001,6,3,12,30,291,1,19.91,1.9000000000000001,15,72.48,293,4.1000000000000005,,,,,,,,,,,,,,,,,,,,,,,,,,,,,,,,,
2001,6,3,13,30,237,0,23.17,2,16,69.35000000000001,287,4.3,,,,,,,,,,,,,,,,,,,,,,,,,,,,,,,,,
2001,6,3,14,30,204,0,31.42,2,16.400000000000002,67.44,291,4.2,,,,,,,,,,,,,,,,,,,,,,,,,,,,,,,,,
2001,6,3,15,30,292,2,41.69,2,16.400000000000002,67.68,297,4.1000000000000005,,,,,,,,,,,,,,,,,,,,,,,,,,,,,,,,,
2001,6,3,16,30,106,789,52.64,2,15.8,70.31,295,3.8000000000000003,,,,,,,,,,,,,,,,,,,,,,,,,,,,,,,,,
2001,6,3,17,30,92,692,63.7,2,14.700000000000001,75.68,291,3.3000000000000003,,,,,,,,,,,,,,,,,,,,,,,,,,,,,,,,,
2001,6,3,18,30,139,26,74.52,2,13.5,83.33,291,2.9000000000000004,,,,,,,,,,,,,,,,,,,,,,,,,,,,,,,,,
2001,6,3,19,30,32,227,84.76,1.9000000000000001,12.3,90.25,293,2.6,,,,,,,,,,,,,,,,,,,,,,,,,,,,,,,,,
2001,6,3,20,30,0,0,94.42,1.9000000000000001,11.200000000000001,94.87,299,2.6,,,,,,,,,,,,,,,,,,,,,,,,,,,,,,,,,
2001,6,3,21,30,0,0,102.71000000000001,1.8,10.4,97.39,307,2.5,,,,,,,,,,,,,,,,,,,,,,,,,,,,,,,,,
2001,6,3,22,30,0,0,109.31,1.8,9.600000000000001,100,314,2.2,,,,,,,,,,,,,,,,,,,,,,,,,,,,,,,,,
2001,6,3,23,30,0,0,113.65,1.8,8.8,100,317,1.9000000000000001,,,,,,,,,,,,,,,,,,,,,,,,,,,,,,,,,
2001,6,4,0,30,0,0,115.27,1.8,8.4,100,316,1.8,,,,,,,,,,,,,,,,,,,,,,,,,,,,,,,,,
2001,6,4,1,30,0,0,113.95,1.8,8.1,100,315,1.7000000000000002,,,,,,,,,,,,,,,,,,,,,,,,,,,,,,,,,
2001,6,4,2,30,0,0,109.87,1.8,7.800000000000001,100,315,1.6,,,,,,,,,,,,,,,,,,,,,,,,,,,,,,,,,
2001,6,4,3,30,0,0,103.49000000000001,1.7000000000000002,7.6000000000000005,100,317,1.5,,,,,,,,,,,,,,,,,,,,,,,,,,,,,,,,,
2001,6,4,4,30,0,0,95.34,1.7000000000000002,7.5,100,325,1.5,,,,,,,,,,,,,,,,,,,,,,,,,,,,,,,,,
2001,6,4,5,30,26,223,85.76,1.6,8.200000000000001,94.53,344,1.7000000000000002,,,,,,,,,,,,,,,,,,,,,,,,,,,,,,,,,
2001,6,4,6,30,60,560,75.61,1.6,10.100000000000001,84.97,348,1.7000000000000002,,,,,,,,,,,,,,,,,,,,,,,,,,,,,,,,,
2001,6,4,7,30,146,523,64.83,1.6,12.3,74.59,314,1.4000000000000001,,,,,,,,,,,,,,,,,,,,,,,,,,,,,,,,,
2001,6,4,8,30,241,376,53.78,1.6,14.100000000000001,68.91,286,1.5,,,,,,,,,,,,,,,,,,,,,,,,,,,,,,,,,
2001,6,4,9,30,354,95,42.79,1.6,15.3,65.61,294,1.5,,,,,,,,,,,,,,,,,,,,,,,,,,,,,,,,,
2001,6,4,10,30,395,78,32.39,1.6,15.9,64.62,314,1.2000000000000002,,,,,,,,,,,,,,,,,,,,,,,,,,,,,,,,,
2001,6,4,11,30,424,71,23.79,1.6,16.5,63.75,340,0.9,,,,,,,,,,,,,,,,,,,,,,,,,,,,,,,,,
2001,6,4,12,30,461,107,19.8,1.7000000000000002,17.3,62.230000000000004,352,0.9,,,,,,,,,,,,,,,,,,,,,,,,,,,,,,,,,
2001,6,4,13,30,422,64,23.05,1.8,18.1,61.54,344,0.9,,,,,,,,,,,,,,,,,,,,,,,,,,,,,,,,,
2001,6,4,14,30,436,82,31.310000000000002,1.8,18.3,62.67,339,1.1,,,,,,,,,,,,,,,,,,,,,,,,,,,,,,,,,
2001,6,4,15,30,416,147,41.59,1.9000000000000001,18.1,63.14,343,1.1,,,,,,,,,,,,,,,,,,,,,,,,,,,,,,,,,
2001,6,4,16,30,278,22,52.54,1.9000000000000001,17.900000000000002,63.97,176,1.1,,,,,,,,,,,,,,,,,,,,,,,,,,,,,,,,,
2001,6,4,17,30,214,22,63.6,1.9000000000000001,17.3,66.42,20,1.1,,,,,,,,,,,,,,,,,,,,,,,,,,,,,,,,,
2001,6,4,18,30,83,1,74.42,1.9000000000000001,16.1,73.24,39,0.9,,,,,,,,,,,,,,,,,,,,,,,,,,,,,,,,,
2001,6,4,19,30,39,1,84.65,1.9000000000000001,14.3,89.85000000000001,48,0.8,,,,,,,,,,,,,,,,,,,,,,,,,,,,,,,,,
2001,6,4,20,30,0,0,94.31,1.9000000000000001,12.9,90.79,54,0.9,,,,,,,,,,,,,,,,,,,,,,,,,,,,,,,,,
2001,6,4,21,30,0,0,102.60000000000001,2,11.9,93.98,61,1,,,,,,,,,,,,,,,,,,,,,,,,,,,,,,,,,
2001,6,4,22,30,0,0,109.19,2,10.9,96.22,72,1,,,,,,,,,,,,,,,,,,,,,,,,,,,,,,,,,
2001,6,4,23,30,0,0,113.53,2,10,99.12,85,1,,,,,,,,,,,,,,,,,,,,,,,,,,,,,,,,,
2001,6,5,0,30,0,0,115.15,2,9.200000000000001,100,96,1,,,,,,,,,,,,,,,,,,,,,,,,,,,,,,,,,
2001,6,5,1,30,0,0,113.85000000000001,2,8.6,100,104,0.9,,,,,,,,,,,,,,,,,,,,,,,,,,,,,,,,,
2001,6,5,2,30,0,0,109.78,2,8.1,100,109,0.9,,,,,,,,,,,,,,,,,,,,,,,,,,,,,,,,,
2001,6,5,3,30,0,0,103.41,2,7.5,100,114,1,,,,,,,,,,,,,,,,,,,,,,,,,,,,,,,,,
2001,6,5,4,30,0,0,95.28,2.1,7.4,100,116,1,,,,,,,,,,,,,,,,,,,,,,,,,,,,,,,,,
2001,6,5,5,30,28,155,85.71000000000001,2.1,8.8,97.46000000000001,114,1.5,,,,,,,,,,,,,,,,,,,,,,,,,,,,,,,,,
2001,6,5,6,30,73,466,75.57000000000001,2.2,11.100000000000001,85.81,112,2.3000000000000003,,,,,,,,,,,,,,,,,,,,,,,,,,,,,,,,,
2001,6,5,7,30,199,122,64.8,2.3000000000000003,13.4,76.72,110,2.8000000000000003,,,,,,,,,,,,,,,,,,,,,,,,,,,,,,,,,
2001,6,5,8,30,272,256,53.75,2.5,15.4,70.77,95,2.5,,,,,,,,,,,,,,,,,,,,,,,,,,,,,,,,,
2001,6,5,9,30,347,242,42.75,2.9000000000000004,16,70.5,81,2.1,,,,,,,,,,,,,,,,,,,,,,,,,,,,,,,,,
2001,6,5,10,30,385,62,32.34,3.2,15.8,71.49,81,1.8,,,,,,,,,,,,,,,,,,,,,,,,,,,,,,,,,
2001,6,5,11,30,404,31,23.71,3.3000000000000003,15.8,72.19,92,1.9000000000000001,,,,,,,,,,,,,,,,,,,,,,,,,,,,,,,,,
2001,6,5,12,30,438,169,19.69,3.3000000000000003,16.1,72.06,110,2.4000000000000004,,,,,,,,,,,,,,,,,,,,,,,,,,,,,,,,,
2001,6,5,13,30,446,91,22.93,3.4000000000000004,16.400000000000002,71.76,124,2.3000000000000003,,,,,,,,,,,,,,,,,,,,,,,,,,,,,,,,,
2001,6,5,14,30,383,45,31.2,3.5,16.5,72.08,130,1.6,,,,,,,,,,,,,,,,,,,,,,,,,,,,,,,,,
2001,6,5,15,30,349,78,41.49,3.6,16.400000000000002,73.03,126,1.3,,,,,,,,,,,,,,,,,,,,,,,,,,,,,,,,,
2001,6,5,16,30,256,40,52.45,3.7,16.2,74.62,105,1.3,,,,,,,,,,,,,,,,,,,,,,,,,,,,,,,,,
2001,6,5,17,30,185,32,63.5,3.7,15.700000000000001,77.97,92,1.3,,,,,,,,,,,,,,,,,,,,,,,,,,,,,,,,,
2001,6,5,18,30,113,4,74.32000000000001,3.6,14.9,84.17,97,1.3,,,,,,,,,,,,,,,,,,,,,,,,,,,,,,,,,
2001,6,5,19,30,13,0,84.55,3.6,13.700000000000001,94.06,97,1.2000000000000002,,,,,,,,,,,,,,,,,,,,,,,,,,,,,,,,,
2001,6,5,20,30,0,0,94.2,3.6,13,94.2,95,1.4000000000000001,,,,,,,,,,,,,,,,,,,,,,,,,,,,,,,,,
2001,6,5,21,30,0,0,102.49000000000001,3.7,12.8,94.08,97,1.6,,,,,,,,,,,,,,,,,,,,,,,,,,,,,,,,,
2001,6,5,22,30,0,0,109.07000000000001,3.8000000000000003,12.600000000000001,95.54,100,1.7000000000000002,,,,,,,,,,,,,,,,,,,,,,,,,,,,,,,,,
2001,6,5,23,30,0,0,113.42,3.8000000000000003,12.4,97.12,100,1.9000000000000001,,,,,,,,,,,,,,,,,,,,,,,,,,,,,,,,,
2001,6,6,0,30,0,0,115.05,3.7,12.200000000000001,98.06,91,2.3000000000000003,,,,,,,,,,,,,,,,,,,,,,,,,,,,,,,,,
2001,6,6,1,30,0,0,113.75,3.6,12,98.37,82,2.8000000000000003,,,,,,,,,,,,,,,,,,,,,,,,,,,,,,,,,
2001,6,6,2,30,0,0,109.7,3.7,11.700000000000001,99.13,80,3.1,,,,,,,,,,,,,,,,,,,,,,,,,,,,,,,,,
2001,6,6,3,30,0,0,103.35000000000001,3.7,11.5,98.81,79,2.9000000000000004,,,,,,,,,,,,,,,,,,,,,,,,,,,,,,,,,
2001,6,6,4,30,0,0,95.23,3.7,11.4,98.10000000000001,74,2.2,,,,,,,,,,,,,,,,,,,,,,,,,,,,,,,,,
2001,6,6,5,30,10,0,85.67,3.6,11.5,97.18,64,2.1,,,,,,,,,,,,,,,,,,,,,,,,,,,,,,,,,
2001,6,6,6,30,12,0,75.54,3.5,11.9,95.15,61,2.6,,,,,,,,,,,,,,,,,,,,,,,,,,,,,,,,,
2001,6,6,7,30,106,5,64.77,3.4000000000000004,12.5,93.59,67,2.8000000000000003,,,,,,,,,,,,,,,,,,,,,,,,,,,,,,,,,
2001,6,6,8,30,163,5,53.72,3.3000000000000003,13.3,91.65,76,3,,,,,,,,,,,,,,,,,,,,,,,,,,,,,,,,,
2001,6,6,9,30,225,6,42.72,3.2,14.5,87.66,85,3.4000000000000004,,,,,,,,,,,,,,,,,,,,,,,,,,,,,,,,,
2001,6,6,10,30,326,16,32.3,3.2,15.600000000000001,83.56,87,3.6,,,,,,,,,,,,,,,,,,,,,,,,,,,,,,,,,
2001,6,6,11,30,305,6,23.650000000000002,3.1,16.3,80.02,84,3.5,,,,,,,,,,,,,,,,,,,,,,,,,,,,,,,,,
2001,6,6,12,30,374,17,19.59,3.1,16.7,77.86,78,3.4000000000000004,,,,,,,,,,,,,,,,,,,,,,,,,,,,,,,,,
2001,6,6,13,30,355,16,22.82,3,17.2,75.77,74,3.3000000000000003,,,,,,,,,,,,,,,,,,,,,,,,,,,,,,,,,
2001,6,6,14,30,261,0,31.1,3,17.7,74.07000000000001,72,3.3000000000000003,,,,,,,,,,,,,,,,,,,,,,,,,,,,,,,,,
2001,6,6,15,30,188,0,41.39,3,18.1,72.53,73,3.1,,,,,,,,,,,,,,,,,,,,,,,,,,,,,,,,,
2001,6,6,16,30,116,0,52.35,3,18.1,72.48,74,2.8000000000000003,,,,,,,,,,,,,,,,,,,,,,,,,,,,,,,,,
2001,6,6,17,30,115,0,63.410000000000004,2.9000000000000004,17.6,74.42,73,2.3000000000000003,,,,,,,,,,,,,,,,,,,,,,,,,,,,,,,,,
2001,6,6,18,30,109,3,74.22,2.9000000000000004,16.5,81.07000000000001,73,1.4000000000000001,,,,,,,,,,,,,,,,,,,,,,,,,,,,,,,,,
2001,6,6,19,30,27,0,84.45,2.8000000000000003,14.600000000000001,95.65,72,1,,,,,,,,,,,,,,,,,,,,,,,,,,,,,,,,,
2001,6,6,20,30,0,0,94.10000000000001,2.7,13.200000000000001,95.44,70,1,,,,,,,,,,,,,,,,,,,,,,,,,,,,,,,,,
2001,6,6,21,30,0,0,102.38,2.6,12.4,96.64,69,1,,,,,,,,,,,,,,,,,,,,,,,,,,,,,,,,,
2001,6,6,22,30,0,0,108.97,2.5,11.700000000000001,97.9,66,1.1,,,,,,,,,,,,,,,,,,,,,,,,,,,,,,,,,
2001,6,6,23,30,0,0,113.31,2.5,11,98.88,61,1.1,,,,,,,,,,,,,,,,,,,,,,,,,,,,,,,,,
2001,6,7,0,30,0,0,114.95,2.4000000000000004,10.3,98.84,53,1.1,,,,,,,,,,,,,,,,,,,,,,,,,,,,,,,,,
2001,6,7,1,30,0,0,113.67,2.3000000000000003,9.600000000000001,97.99000000000001,46,1.2000000000000002,,,,,,,,,,,,,,,,,,,,,,,,,,,,,,,,,
2001,6,7,2,30,0,0,109.63,2.3000000000000003,8.9,96.97,39,1.3,,,,,,,,,,,,,,,,,,,,,,,,,,,,,,,,,
2001,6,7,3,30,0,0,103.28,2.2,8.200000000000001,96.10000000000001,37,1.5,,,,,,,,,,,,,,,,,,,,,,,,,,,,,,,,,
2001,6,7,4,30,0,0,95.18,2.1,7.9,92.81,37,1.7000000000000002,,,,,,,,,,,,,,,,,,,,,,,,,,,,,,,,,
2001,6,7,5,30,12,0,85.63,2,8.700000000000001,85.71000000000001,38,2.1,,,,,,,,,,,,,,,,,,,,,,,,,,,,,,,,,
2001,6,7,6,30,108,4,75.51,1.9000000000000001,10.600000000000001,75.06,31,2.2,,,,,,,,,,,,,,,,,,,,,,,,,,,,,,,,,
2001,6,7,7,30,231,145,64.74,1.9000000000000001,13.5,66.78,28,1.8,,,,,,,,,,,,,,,,,,,,,,,,,,,,,,,,,
2001,6,7,8,30,300,52,53.7,1.8,16.900000000000002,54.42,34,1.7000000000000002,,,,,,,,,,,,,,,,,,,,,,,,,,,,,,,,,
2001,6,7,9,30,335,15,42.69,1.8,19.200000000000003,48.38,34,1.5,,,,,,,,,,,,,,,,,,,,,,,,,,,,,,,,,
2001,6,7,10,30,461,246,32.26,1.8,20.400000000000002,48.03,27,1.4000000000000001,,,,,,,,,,,,,,,,,,,,,,,,,,,,,,,,,
2001,6,7,11,30,503,211,23.580000000000002,2,21.200000000000003,47.62,16,1.5,,,,,,,,,,,,,,,,,,,,,,,,,,,,,,,,,
2001,6,7,12,30,481,345,19.5,2.1,21.5,47.59,184,1.7000000000000002,,,,,,,,,,,,,,,,,,,,,,,,,,,,,,,,,
2001,6,7,13,30,508,190,22.72,2.1,21.6,47.51,181,2.1,,,,,,,,,,,,,,,,,,,,,,,,,,,,,,,,,
2001,6,7,14,30,473,179,31,2.2,21.400000000000002,47.34,4,2.3000000000000003,,,,,,,,,,,,,,,,,,,,,,,,,,,,,,,,,
2001,6,7,15,30,395,272,41.300000000000004,2.2,21.1,47.31,6,2.3000000000000003,,,,,,,,,,,,,,,,,,,,,,,,,,,,,,,,,
2001,6,7,16,30,339,104,52.26,2.1,20.700000000000003,47.62,6,2.2,,,,,,,,,,,,,,,,,,,,,,,,,,,,,,,,,
2001,6,7,17,30,228,234,63.32,2,20,49.09,2,1.8,,,,,,,,,,,,,,,,,,,,,,,,,,,,,,,,,
2001,6,7,18,30,141,138,74.13,1.8,18.2,57.910000000000004,180,1.3,,,,,,,,,,,,,,,,,,,,,,,,,,,,,,,,,
2001,6,7,19,30,41,1,84.36,1.7000000000000002,15.8,75.19,360,1.1,,,,,,,,,,,,,,,,,,,,,,,,,,,,,,,,,
2001,6,7,20,30,0,0,94,1.6,14.3,69.81,359,1.1,,,,,,,,,,,,,,,,,,,,,,,,,,,,,,,,,
2001,6,7,21,30,0,0,102.28,1.5,13.700000000000001,67.98,358,1.1,,,,,,,,,,,,,,,,,,,,,,,,,,,,,,,,,
2001,6,7,22,30,0,0,108.86,1.5,13.100000000000001,66.64,351,1.1,,,,,,,,,,,,,,,,,,,,,,,,,,,,,,,,,
2001,6,7,23,30,0,0,113.21000000000001,1.5,12.4,66.97,339,1,,,,,,,,,,,,,,,,,,,,,,,,,,,,,,,,,
2001,6,8,0,30,0,0,114.86,1.5,11.600000000000001,68.68,328,1,,,,,,,,,,,,,,,,,,,,,,,,,,,,,,,,,
2001,6,8,1,30,0,0,113.58,1.5,10.8,71.76,322,1.1,,,,,,,,,,,,,,,,,,,,,,,,,,,,,,,,,
2001,6,8,2,30,0,0,109.56,1.5,10.100000000000001,75.41,325,1.1,,,,,,,,,,,,,,,,,,,,,,,,,,,,,,,,,
2001,6,8,3,30,0,0,103.23,1.5,9.4,79.09,335,1.1,,,,,,,,,,,,,,,,,,,,,,,,,,,,,,,,,
2001,6,8,4,30,0,0,95.14,1.5,9.1,80.68,349,1.1,,,,,,,,,,,,,,,,,,,,,,,,,,,,,,,,,
2001,6,8,5,30,25,284,85.60000000000001,1.5,10.600000000000001,76.06,184,1.3,,,,,,,,,,,,,,,,,,,,,,,,,,,,,,,,,
2001,6,8,6,30,55,607,75.48,1.4000000000000001,12.9,73.13,15,1.7000000000000002,,,,,,,,,,,,,,,,,,,,,,,,,,,,,,,,,
2001,6,8,7,30,72,765,64.72,1.3,15.4,60.88,19,2,,,,,,,,,,,,,,,,,,,,,,,,,,,,,,,,,
2001,6,8,8,30,84,851,53.68,1.3,18.2,53.58,16,2.3000000000000003,,,,,,,,,,,,,,,,,,,,,,,,,,,,,,,,,
2001,6,8,9,30,93,904,42.67,1.3,20.1,45.52,11,2.6,,,,,,,,,,,,,,,,,,,,,,,,,,,,,,,,,
2001,6,8,10,30,96,939,32.230000000000004,1.3,21.3,42.54,11,2.7,,,,,,,,,,,,,,,,,,,,,,,,,,,,,,,,,
2001,6,8,11,30,101,951,23.53,1.4000000000000001,22.1,41.19,15,2.6,,,,,,,,,,,,,,,,,,,,,,,,,,,,,,,,,
2001,6,8,12,30,103,951,19.41,1.5,22.8,40.64,18,2.3000000000000003,,,,,,,,,,,,,,,,,,,,,,,,,,,,,,,,,
2001,6,8,13,30,112,933,22.62,1.5,23.200000000000003,40.9,19,2,,,,,,,,,,,,,,,,,,,,,,,,,,,,,,,,,
2001,6,8,14,30,112,909,30.91,1.6,23.400000000000002,41.52,17,1.7000000000000002,,,,,,,,,,,,,,,,,,,,,,,,,,,,,,,,,
2001,6,8,15,30,105,875,41.21,1.7000000000000002,23.3,42.61,12,1.5,,,,,,,,,,,,,,,,,,,,,,,,,,,,,,,,,
2001,6,8,16,30,97,819,52.17,1.8,22.900000000000002,44.29,6,1.3,,,,,,,,,,,,,,,,,,,,,,,,,,,,,,,,,
2001,6,8,17,30,85,728,63.230000000000004,1.8,22.3,47.07,3,1.1,,,,,,,,,,,,,,,,,,,,,,,,,,,,,,,,,
2001,6,8,18,30,66,573,74.04,1.8,21,53.22,2,0.8,,,,,,,,,,,,,,,,,,,,,,,,,,,,,,,,,
2001,6,8,19,30,33,281,84.27,1.8,19.400000000000002,61.54,174,0.7000000000000001,,,,,,,,,,,,,,,,,,,,,,,,,,,,,,,,,
2001,6,8,20,30,0,0,93.9,1.9000000000000001,18.2,57.230000000000004,341,0.7000000000000001,,,,,,,,,,,,,,,,,,,,,,,,,,,,,,,,,
2001,6,8,21,30,0,0,102.18,1.9000000000000001,17.2,61.71,330,0.7000000000000001,,,,,,,,,,,,,,,,,,,,,,,,,,,,,,,,,
2001,6,8,22,30,0,0,108.77,1.9000000000000001,16.1,65.84,312,0.6000000000000001,,,,,,,,,,,,,,,,,,,,,,,,,,,,,,,,,
2001,6,8,23,30,0,0,113.12,1.9000000000000001,14.9,70.83,290,0.7000000000000001,,,,,,,,,,,,,,,,,,,,,,,,,,,,,,,,,
2001,6,9,0,30,0,0,114.77,1.9000000000000001,14,75.69,280,0.7000000000000001,,,,,,,,,,,,,,,,,,,,,,,,,,,,,,,,,
2001,6,9,1,30,0,0,113.51,1.9000000000000001,13.4,79.84,279,0.8,,,,,,,,,,,,,,,,,,,,,,,,,,,,,,,,,
2001,6,9,2,30,0,0,109.5,1.9000000000000001,12.9,82.87,285,0.9,,,,,,,,,,,,,,,,,,,,,,,,,,,,,,,,,
2001,6,9,3,30,0,0,103.18,1.9000000000000001,12.4,85.12,294,1,,,,,,,,,,,,,,,,,,,,,,,,,,,,,,,,,
2001,6,9,4,30,0,0,95.10000000000001,1.9000000000000001,12.200000000000001,85.35000000000001,306,1.1,,,,,,,,,,,,,,,,,,,,,,,,,,,,,,,,,
2001,6,9,5,30,27,232,85.57000000000001,1.9000000000000001,13.100000000000001,82.46000000000001,315,1.5,,,,,,,,,,,,,,,,,,,,,,,,,,,,,,,,,
2001,6,9,6,30,60,554,75.46000000000001,1.9000000000000001,14.8,79.33,319,2,,,,,,,,,,,,,,,,,,,,,,,,,,,,,,,,,
2001,6,9,7,30,80,718,64.71000000000001,1.9000000000000001,16.900000000000002,71.69,320,2.2,,,,,,,,,,,,,,,,,,,,,,,,,,,,,,,,,
2001,6,9,8,30,92,813,53.660000000000004,1.9000000000000001,19.8,61.64,321,2.5,,,,,,,,,,,,,,,,,,,,,,,,,,,,,,,,,
2001,6,9,9,30,100,871,42.660000000000004,1.9000000000000001,21.700000000000003,50.82,317,2.9000000000000004,,,,,,,,,,,,,,,,,,,,,,,,,,,,,,,,,
2001,6,9,10,30,105,908,32.2,1.8,22.8,47.81,309,3,,,,,,,,,,,,,,,,,,,,,,,,,,,,,,,,,
2001,6,9,11,30,106,928,23.48,1.9000000000000001,23.5,46.59,301,3,,,,,,,,,,,,,,,,,,,,,,,,,,,,,,,,,
2001,6,9,12,30,104,938,19.330000000000002,1.9000000000000001,23.900000000000002,46.27,294,3,,,,,,,,,,,,,,,,,,,,,,,,,,,,,,,,,
2001,6,9,13,30,118,911,22.52,1.9000000000000001,24.1,46.29,289,3.1,,,,,,,,,,,,,,,,,,,,,,,,,,,,,,,,,
2001,6,9,14,30,116,889,30.82,2,24,47.22,286,3.1,,,,,,,,,,,,,,,,,,,,,,,,,,,,,,,,,
2001,6,9,15,30,112,850,41.12,2.1,23.8,48.7,284,3,,,,,,,,,,,,,,,,,,,,,,,,,,,,,,,,,
2001,6,9,16,30,102,797,52.09,2.1,23.3,50.75,283,2.8000000000000003,,,,,,,,,,,,,,,,,,,,,,,,,,,,,,,,,
2001,6,9,17,30,88,708,63.14,2.2,22.400000000000002,56.27,281,2.3000000000000003,,,,,,,,,,,,,,,,,,,,,,,,,,,,,,,,,
2001,6,9,18,30,67,561,73.95,2.1,20.400000000000002,69.87,277,1.7000000000000002,,,,,,,,,,,,,,,,,,,,,,,,,,,,,,,,,
2001,6,9,19,30,33,279,84.18,2.1,17.8,87.22,276,1.4000000000000001,,,,,,,,,,,,,,,,,,,,,,,,,,,,,,,,,
2001,6,9,20,30,0,0,93.81,2,16.3,86.28,278,1.5,,,,,,,,,,,,,,,,,,,,,,,,,,,,,,,,,
2001,6,9,21,30,0,0,102.09,2,15.5,88.19,278,1.6,,,,,,,,,,,,,,,,,,,,,,,,,,,,,,,,,
2001,6,9,22,30,0,0,108.67,2,14.9,89.08,276,1.7000000000000002,,,,,,,,,,,,,,,,,,,,,,,,,,,,,,,,,
2001,6,9,23,30,0,0,113.03,2,14.3,89.78,273,1.7000000000000002,,,,,,,,,,,,,,,,,,,,,,,,,,,,,,,,,
2001,6,10,0,30,0,0,114.69,2,13.9,89.32000000000001,271,1.8,,,,,,,,,,,,,,,,,,,,,,,,,,,,,,,,,
2001,6,10,1,30,0,0,113.44,2.1,13.600000000000001,88.52,271,2,,,,,,,,,,,,,,,,,,,,,,,,,,,,,,,,,
2001,6,10,2,30,0,0,109.44,2.3000000000000003,13.600000000000001,86.81,273,2.3000000000000003,,,,,,,,,,,,,,,,,,,,,,,,,,,,,,,,,
2001,6,10,3,30,0,0,103.14,2.4000000000000004,13.700000000000001,86.38,275,2.6,,,,,,,,,,,,,,,,,,,,,,,,,,,,,,,,,
2001,6,10,4,30,0,0,95.07000000000001,2.5,13.8,87.61,275,2.6,,,,,,,,,,,,,,,,,,,,,,,,,,,,,,,,,
2001,6,10,5,30,25,0,85.55,2.7,14.600000000000001,87.41,274,2.9000000000000004,,,,,,,,,,,,,,,,,,,,,,,,,,,,,,,,,
2001,6,10,6,30,129,35,75.45,2.8000000000000003,16.1,85.92,270,3,,,,,,,,,,,,,,,,,,,,,,,,,,,,,,,,,
2001,6,10,7,30,104,612,64.7,2.9000000000000004,17.8,83.15,263,2.8000000000000003,,,,,,,,,,,,,,,,,,,,,,,,,,,,,,,,,
2001,6,10,8,30,120,722,53.65,2.9000000000000004,19.900000000000002,76.88,255,2.8000000000000003,,,,,,,,,,,,,,,,,,,,,,,,,,,,,,,,,
2001,6,10,9,30,129,791,42.64,3,22,71.18,248,2.8000000000000003,,,,,,,,,,,,,,,,,,,,,,,,,,,,,,,,,
2001,6,10,10,30,150,806,32.18,3.1,23.700000000000003,67.13,242,2.8000000000000003,,,,,,,,,,,,,,,,,,,,,,,,,,,,,,,,,
2001,6,10,11,30,154,829,23.44,3.2,24.700000000000003,65.37,237,2.9000000000000004,,,,,,,,,,,,,,,,,,,,,,,,,,,,,,,,,
2001,6,10,12,30,473,138,19.25,3.4000000000000004,25.1,65.5,237,3.1,,,,,,,,,,,,,,,,,,,,,,,,,,,,,,,,,
2001,6,10,13,30,325,1,22.44,3.5,25.200000000000003,66.22,241,3.3000000000000003,,,,,,,,,,,,,,,,,,,,,,,,,,,,,,,,,
2001,6,10,14,30,387,303,30.73,3.5,25.3,66.13,240,3.5,,,,,,,,,,,,,,,,,,,,,,,,,,,,,,,,,
2001,6,10,15,30,323,47,41.04,3.3000000000000003,25.3,65.51,231,3.5,,,,,,,,,,,,,,,,,,,,,,,,,,,,,,,,,
2001,6,10,16,30,266,147,52.01,3.2,25,66.24,223,3.4000000000000004,,,,,,,,,,,,,,,,,,,,,,,,,,,,,,,,,
2001,6,10,17,30,144,13,63.06,3.3000000000000003,24,72.45,222,2.9000000000000004,,,,,,,,,,,,,,,,,,,,,,,,,,,,,,,,,
2001,6,10,18,30,44,0,73.87,3.5,22.400000000000002,83.57000000000001,221,2.4000000000000004,,,,,,,,,,,,,,,,,,,,,,,,,,,,,,,,,
2001,6,10,19,30,14,0,84.10000000000001,3.4000000000000004,20.8,90.17,217,2.4000000000000004,,,,,,,,,,,,,,,,,,,,,,,,,,,,,,,,,
2001,6,10,20,30,0,0,93.73,3.3000000000000003,19.900000000000002,90.86,217,2.8000000000000003,,,,,,,,,,,,,,,,,,,,,,,,,,,,,,,,,
2001,6,10,21,30,0,0,102,3.3000000000000003,19.3,92.02,218,3.2,,,,,,,,,,,,,,,,,,,,,,,,,,,,,,,,,
2001,6,10,22,30,0,0,108.59,3.3000000000000003,19,92.49,221,3.7,,,,,,,,,,,,,,,,,,,,,,,,,,,,,,,,,
2001,6,10,23,30,0,0,112.95,3.3000000000000003,18.7,93.12,231,4.2,,,,,,,,,,,,,,,,,,,,,,,,,,,,,,,,,
2001,6,11,0,30,0,0,114.62,3.3000000000000003,18.400000000000002,93.49,244,4.4,,,,,,,,,,,,,,,,,,,,,,,,,,,,,,,,,
2001,6,11,1,30,0,0,113.38,3.3000000000000003,18,94.65,255,4.1000000000000005,,,,,,,,,,,,,,,,,,,,,,,,,,,,,,,,,
2001,6,11,2,30,0,0,109.39,3.2,17.6,96.39,263,3.6,,,,,,,,,,,,,,,,,,,,,,,,,,,,,,,,,
2001,6,11,3,30,0,0,103.10000000000001,2.8000000000000003,16.900000000000002,100,270,2.9000000000000004,,,,,,,,,,,,,,,,,,,,,,,,,,,,,,,,,
2001,6,11,4,30,0,0,95.04,2.5,16.400000000000002,100,277,2.3000000000000003,,,,,,,,,,,,,,,,,,,,,,,,,,,,,,,,,
2001,6,11,5,30,26,229,85.54,2.4000000000000004,17.1,96.49000000000001,284,2.5,,,,,,,,,,,,,,,,,,,,,,,,,,,,,,,,,
2001,6,11,6,30,57,561,75.44,2.4000000000000004,18.8,90.2,293,2.8000000000000003,,,,,,,,,,,,,,,,,,,,,,,,,,,,,,,,,
2001,6,11,7,30,230,94,64.69,2.6,20.700000000000003,84.49,303,2.9000000000000004,,,,,,,,,,,,,,,,,,,,,,,,,,,,,,,,,
2001,6,11,8,30,94,788,53.65,2.7,22.400000000000002,77.73,309,3.2,,,,,,,,,,,,,,,,,,,,,,,,,,,,,,,,,
2001,6,11,9,30,103,844,42.64,2.8000000000000003,23.6,74.28,308,3.4000000000000004,,,,,,,,,,,,,,,,,,,,,,,,,,,,,,,,,
2001,6,11,10,30,105,882,32.17,2.9000000000000004,24.5,71.34,306,3.4000000000000004,,,,,,,,,,,,,,,,,,,,,,,,,,,,,,,,,
2001,6,11,11,30,106,901,23.400000000000002,3,25.200000000000003,68.66,305,3.3000000000000003,,,,,,,,,,,,,,,,,,,,,,,,,,,,,,,,,
2001,6,11,12,30,468,326,19.19,3,25.700000000000003,67.38,304,3.1,,,,,,,,,,,,,,,,,,,,,,,,,,,,,,,,,
2001,6,11,13,30,152,838,22.35,3,26.1,66.36,304,3,,,,,,,,,,,,,,,,,,,,,,,,,,,,,,,,,
2001,6,11,14,30,140,828,30.650000000000002,3.1,26.200000000000003,66.21000000000001,305,2.8000000000000003,,,,,,,,,,,,,,,,,,,,,,,,,,,,,,,,,
2001,6,11,15,30,126,806,40.96,3,26.3,65.78,302,2.5,,,,,,,,,,,,,,,,,,,,,,,,,,,,,,,,,
2001,6,11,16,30,314,247,51.93,3,26.200000000000003,66.04,296,2.1,,,,,,,,,,,,,,,,,,,,,,,,,,,,,,,,,
2001,6,11,17,30,192,296,62.99,2.9000000000000004,25.8,68.18,297,1.6,,,,,,,,,,,,,,,,,,,,,,,,,,,,,,,,,
2001,6,11,18,30,117,269,73.79,2.8000000000000003,24.6,75.63,311,1.1,,,,,,,,,,,,,,,,,,,,,,,,,,,,,,,,,
2001,6,11,19,30,34,263,84.02,2.7,23,85.94,168,0.8,,,,,,,,,,,,,,,,,,,,,,,,,,,,,,,,,
2001,6,11,20,30,0,0,93.64,2.6,21.700000000000003,82.35000000000001,43,0.9,,,,,,,,,,,,,,,,,,,,,,,,,,,,,,,,,
2001,6,11,21,30,0,0,101.92,2.4000000000000004,20.1,86.69,92,1,,,,,,,,,,,,,,,,,,,,,,,,,,,,,,,,,
2001,6,11,22,30,0,0,108.51,2.3000000000000003,18.5,92.77,122,1.3,,,,,,,,,,,,,,,,,,,,,,,,,,,,,,,,,
2001,6,11,23,30,0,0,112.87,2.5,17.5,96.36,141,1.6,,,,,,,,,,,,,,,,,,,,,,,,,,,,,,,,,
2001,6,12,0,30,0,0,114.55,2.9000000000000004,17,98.16,155,1.9000000000000001,,,,,,,,,,,,,,,,,,,,,,,,,,,,,,,,,
2001,6,12,1,30,0,0,113.32000000000001,3.3000000000000003,16.7,99.83,168,2.4000000000000004,,,,,,,,,,,,,,,,,,,,,,,,,,,,,,,,,
2001,6,12,2,30,0,0,109.35000000000001,3.6,16.6,100,181,2.6,,,,,,,,,,,,,,,,,,,,,,,,,,,,,,,,,
2001,6,12,3,30,0,0,103.07000000000001,3.7,16.6,99.24000000000001,194,2.3000000000000003,,,,,,,,,,,,,,,,,,,,,,,,,,,,,,,,,
2001,6,12,4,30,0,0,95.02,3.7,16.8,97.7,205,2,,,,,,,,,,,,,,,,,,,,,,,,,,,,,,,,,
2001,6,12,5,30,16,0,85.53,3.5,17.8,93.98,211,2,,,,,,,,,,,,,,,,,,,,,,,,,,,,,,,,,
2001,6,12,6,30,17,0,75.43,3.3000000000000003,19.6,89.82000000000001,215,2.2,,,,,,,,,,,,,,,,,,,,,,,,,,,,,,,,,
2001,6,12,7,30,148,11,64.69,3.1,21.8,85.17,243,2.8000000000000003,,,,,,,,,,,,,,,,,,,,,,,,,,,,,,,,,
2001,6,12,8,30,284,162,53.65,3.1,23.900000000000002,81.56,280,4,,,,,,,,,,,,,,,,,,,,,,,,,,,,,,,,,
2001,6,12,9,30,272,16,42.64,3.1,24.900000000000002,75.14,290,4.5,,,,,,,,,,,,,,,,,,,,,,,,,,,,,,,,,
2001,6,12,10,30,376,52,32.160000000000004,3.2,25.3,69.31,290,4,,,,,,,,,,,,,,,,,,,,,,,,,,,,,,,,,
2001,6,12,11,30,382,32,23.38,3.3000000000000003,25.900000000000002,65.5,288,3.7,,,,,,,,,,,,,,,,,,,,,,,,,,,,,,,,,
2001,6,12,12,30,249,647,19.13,3.4000000000000004,26.400000000000002,62.76,287,3.6,,,,,,,,,,,,,,,,,,,,,,,,,,,,,,,,,
2001,6,12,13,30,360,365,22.28,3.4000000000000004,26.700000000000003,61.17,291,3.1,,,,,,,,,,,,,,,,,,,,,,,,,,,,,,,,,
2001,6,12,14,30,247,580,30.57,3.5,26.8,60.6,293,2.6,,,,,,,,,,,,,,,,,,,,,,,,,,,,,,,,,
2001,6,12,15,30,200,620,40.89,3.5,26.700000000000003,61.17,291,2.4000000000000004,,,,,,,,,,,,,,,,,,,,,,,,,,,,,,,,,
2001,6,12,16,30,186,565,51.86,3.6,26.5,62.4,286,2.1,,,,,,,,,,,,,,,,,,,,,,,,,,,,,,,,,
2001,6,12,17,30,162,496,62.910000000000004,3.6,26,65.41,281,1.6,,,,,,,,,,,,,,,,,,,,,,,,,,,,,,,,,
2001,6,12,18,30,139,150,73.72,3.7,24.900000000000002,72.82000000000001,278,1.1,,,,,,,,,,,,,,,,,,,,,,,,,,,,,,,,,
2001,6,12,19,30,50,14,83.95,3.6,23.700000000000003,82.74,283,0.8,,,,,,,,,,,,,,,,,,,,,,,,,,,,,,,,,
2001,6,12,20,30,0,0,93.57000000000001,3.5,23.5,74.84,291,0.6000000000000001,,,,,,,,,,,,,,,,,,,,,,,,,,,,,,,,,
2001,6,12,21,30,0,0,101.84,3.3000000000000003,23.400000000000002,72.11,256,0.4,,,,,,,,,,,,,,,,,,,,,,,,,,,,,,,,,
2001,6,12,22,30,0,0,108.44,3.2,22.6,74.32000000000001,202,0.5,,,,,,,,,,,,,,,,,,,,,,,,,,,,,,,,,
2001,6,12,23,30,0,0,112.81,3.1,21.5,79.03,186,0.7000000000000001,,,,,,,,,,,,,,,,,,,,,,,,,,,,,,,,,
2001,6,13,0,30,0,0,114.49000000000001,3,20.5,82.81,182,0.9,,,,,,,,,,,,,,,,,,,,,,,,,,,,,,,,,
2001,6,13,1,30,0,0,113.27,2.9000000000000004,19.5,86.87,178,1,,,,,,,,,,,,,,,,,,,,,,,,,,,,,,,,,
2001,6,13,2,30,0,0,109.31,2.8000000000000003,18.5,91.25,178,1,,,,,,,,,,,,,,,,,,,,,,,,,,,,,,,,,
2001,6,13,3,30,0,0,103.05,2.8000000000000003,18,93.17,180,1,,,,,,,,,,,,,,,,,,,,,,,,,,,,,,,,,
2001,6,13,4,30,0,0,95.01,2.8000000000000003,18,92.63,178,0.9,,,,,,,,,,,,,,,,,,,,,,,,,,,,,,,,,
2001,6,13,5,30,29,140,85.52,2.9000000000000004,19.200000000000003,88.42,166,1.1,,,,,,,,,,,,,,,,,,,,,,,,,,,,,,,,,
2001,6,13,6,30,119,9,75.43,3,20.8,85.65,147,1.5,,,,,,,,,,,,,,,,,,,,,,,,,,,,,,,,,
2001,6,13,7,30,233,127,64.69,3.1,22.700000000000003,78.37,135,1.8,,,,,,,,,,,,,,,,,,,,,,,,,,,,,,,,,
2001,6,13,8,30,137,676,53.65,3.2,25.200000000000003,71.91,139,2.1,,,,,,,,,,,,,,,,,,,,,,,,,,,,,,,,,
2001,6,13,9,30,155,737,42.64,3.3000000000000003,27,67.75,144,2.2,,,,,,,,,,,,,,,,,,,,,,,,,,,,,,,,,
2001,6,13,10,30,162,782,32.15,3.4000000000000004,27.8,66.58,149,2.4000000000000004,,,,,,,,,,,,,,,,,,,,,,,,,,,,,,,,,
2001,6,13,11,30,173,797,23.35,3.4000000000000004,28.1,66,155,2.6,,,,,,,,,,,,,,,,,,,,,,,,,,,,,,,,,
2001,6,13,12,30,180,797,19.07,3.5,28.200000000000003,65.51,161,2.7,,,,,,,,,,,,,,,,,,,,,,,,,,,,,,,,,
2001,6,13,13,30,181,788,22.21,3.5,28.200000000000003,65.08,166,2.8000000000000003,,,,,,,,,,,,,,,,,,,,,,,,,,,,,,,,,
2001,6,13,14,30,175,767,30.5,3.5,28,65.42,168,2.8000000000000003,,,,,,,,,,,,,,,,,,,,,,,,,,,,,,,,,
2001,6,13,15,30,417,134,40.81,3.5,27.700000000000003,66.61,167,2.7,,,,,,,,,,,,,,,,,,,,,,,,,,,,,,,,,
2001,6,13,16,30,146,675,51.78,3.4000000000000004,27.200000000000003,70.23,163,2.5,,,,,,,,,,,,,,,,,,,,,,,,,,,,,,,,,
2001,6,13,17,30,120,589,62.84,3.3000000000000003,26.1,76.56,158,2.2,,,,,,,,,,,,,,,,,,,,,,,,,,,,,,,,,
2001,6,13,18,30,86,444,73.65,3.2,24.400000000000002,85.52,154,2,,,,,,,,,,,,,,,,,,,,,,,,,,,,,,,,,
2001,6,13,19,30,51,12,83.88,3.1,22.6,88.67,152,2.1,,,,,,,,,,,,,,,,,,,,,,,,,,,,,,,,,
2001,6,13,20,30,0,0,93.5,3,21.400000000000002,87.84,151,2.2,,,,,,,,,,,,,,,,,,,,,,,,,,,,,,,,,
2001,6,13,21,30,0,0,101.77,3,20.5,88.08,152,2.3000000000000003,,,,,,,,,,,,,,,,,,,,,,,,,,,,,,,,,
2001,6,13,22,30,0,0,108.37,3,19.6,90.05,154,2.1,,,,,,,,,,,,,,,,,,,,,,,,,,,,,,,,,
2001,6,13,23,30,0,0,112.74000000000001,3,18.900000000000002,92.52,157,1.9000000000000001,,,,,,,,,,,,,,,,,,,,,,,,,,,,,,,,,
2001,6,14,0,30,0,0,114.44,3,18.3,95.34,161,1.6,,,,,,,,,,,,,,,,,,,,,,,,,,,,,,,,,
2001,6,14,1,30,0,0,113.23,3.1,17.900000000000002,97.56,164,1.5,,,,,,,,,,,,,,,,,,,,,,,,,,,,,,,,,
2001,6,14,2,30,0,0,109.28,3.1,17.6,99.94,168,1.4000000000000001,,,,,,,,,,,,,,,,,,,,,,,,,,,,,,,,,
2001,6,14,3,30,0,0,103.03,3.1,17.400000000000002,100,170,1.3,,,,,,,,,,,,,,,,,,,,,,,,,,,,,,,,,
2001,6,14,4,30,0,0,95,3,17.6,100,171,1.2000000000000002,,,,,,,,,,,,,,,,,,,,,,,,,,,,,,,,,
2001,6,14,5,30,29,122,85.52,2.9000000000000004,19.1,94.86,168,1.7000000000000002,,,,,,,,,,,,,,,,,,,,,,,,,,,,,,,,,
2001,6,14,6,30,86,380,75.44,2.9000000000000004,21.200000000000003,88.14,162,2.2,,,,,,,,,,,,,,,,,,,,,,,,,,,,,,,,,
2001,6,14,7,30,115,576,64.7,2.9000000000000004,23.3,82.17,157,2.3000000000000003,,,,,,,,,,,,,,,,,,,,,,,,,,,,,,,,,
2001,6,14,8,30,142,672,53.660000000000004,2.9000000000000004,26.1,75.54,170,2.5,,,,,,,,,,,,,,,,,,,,,,,,,,,,,,,,,
2001,6,14,9,30,162,732,42.65,2.9000000000000004,28.3,66.5,182,2.8000000000000003,,,,,,,,,,,,,,,,,,,,,,,,,,,,,,,,,
2001,6,14,10,30,177,766,32.15,3,29.3,61.03,179,2.9000000000000004,,,,,,,,,,,,,,,,,,,,,,,,,,,,,,,,,
2001,6,14,11,30,185,787,23.34,3,29.900000000000002,58.31,174,3.1,,,,,,,,,,,,,,,,,,,,,,,,,,,,,,,,,
2001,6,14,12,30,188,796,19.03,3,30.3,57.230000000000004,171,3.2,,,,,,,,,,,,,,,,,,,,,,,,,,,,,,,,,
2001,6,14,13,30,479,85,22.14,3.1,30.400000000000002,57.15,168,3.2,,,,,,,,,,,,,,,,,,,,,,,,,,,,,,,,,
2001,6,14,14,30,436,93,30.43,3.1,30.400000000000002,57.57,167,3.2,,,,,,,,,,,,,,,,,,,,,,,,,,,,,,,,,
2001,6,14,15,30,434,164,40.75,3.2,30.200000000000003,58.32,167,3.2,,,,,,,,,,,,,,,,,,,,,,,,,,,,,,,,,
2001,6,14,16,30,354,102,51.72,3.3000000000000003,29.6,61.34,166,2.9000000000000004,,,,,,,,,,,,,,,,,,,,,,,,,,,,,,,,,
2001,6,14,17,30,152,493,62.77,3.4000000000000004,28.5,68.62,164,2.6,,,,,,,,,,,,,,,,,,,,,,,,,,,,,,,,,
2001,6,14,18,30,106,341,73.58,3.4000000000000004,26.700000000000003,79.64,163,2.1,,,,,,,,,,,,,,,,,,,,,,,,,,,,,,,,,
2001,6,14,19,30,41,122,83.81,3.5,24.700000000000003,88.73,163,2,,,,,,,,,,,,,,,,,,,,,,,,,,,,,,,,,
2001,6,14,20,30,0,0,93.43,3.6,23.700000000000003,89.23,166,2.3000000000000003,,,,,,,,,,,,,,,,,,,,,,,,,,,,,,,,,
2001,6,14,21,30,0,0,101.71000000000001,3.6,23.200000000000003,91.05,169,2.7,,,,,,,,,,,,,,,,,,,,,,,,,,,,,,,,,
2001,6,14,22,30,0,0,108.31,3.6,22.700000000000003,93.72,170,2.9000000000000004,,,,,,,,,,,,,,,,,,,,,,,,,,,,,,,,,
2001,6,14,23,30,0,0,112.69,3.7,22.1,97.13,169,2.8000000000000003,,,,,,,,,,,,,,,,,,,,,,,,,,,,,,,,,
2001,6,15,0,30,0,0,114.39,3.7,21.6,99.81,168,2.6,,,,,,,,,,,,,,,,,,,,,,,,,,,,,,,,,
2001,6,15,1,30,0,0,113.2,3.8000000000000003,21.1,100,169,2.4000000000000004,,,,,,,,,,,,,,,,,,,,,,,,,,,,,,,,,
2001,6,15,2,30,0,0,109.26,3.9000000000000004,20.8,100,170,2.3000000000000003,,,,,,,,,,,,,,,,,,,,,,,,,,,,,,,,,
2001,6,15,3,30,0,0,103.02,4,20.5,100,169,2.3000000000000003,,,,,,,,,,,,,,,,,,,,,,,,,,,,,,,,,
2001,6,15,4,30,0,0,95,4,20.5,100,165,2.5,,,,,,,,,,,,,,,,,,,,,,,,,,,,,,,,,
2001,6,15,5,30,28,88,85.53,4.1000000000000005,21.3,96.51,164,3.1,,,,,,,,,,,,,,,,,,,,,,,,,,,,,,,,,
2001,6,15,6,30,89,337,75.44,4.2,23,88.4,169,3.6,,,,,,,,,,,,,,,,,,,,,,,,,,,,,,,,,
2001,6,15,7,30,122,535,64.71000000000001,4.1000000000000005,24.900000000000002,81.32000000000001,174,3.9000000000000004,,,,,,,,,,,,,,,,,,,,,,,,,,,,,,,,,
2001,6,15,8,30,146,645,53.68,4,26.8,75.62,176,4.1000000000000005,,,,,,,,,,,,,,,,,,,,,,,,,,,,,,,,,
2001,6,15,9,30,160,722,42.660000000000004,3.8000000000000003,28.1,72.73,179,4.4,,,,,,,,,,,,,,,,,,,,,,,,,,,,,,,,,
2001,6,15,10,30,169,769,32.160000000000004,3.6,28.8,70.08,180,4.6000000000000005,,,,,,,,,,,,,,,,,,,,,,,,,,,,,,,,,
2001,6,15,11,30,173,798,23.330000000000002,3.5,29.3,67.63,179,4.9,,,,,,,,,,,,,,,,,,,,,,,,,,,,,,,,,
2001,6,15,12,30,171,809,18.990000000000002,3.6,29.5,66.56,181,5.1000000000000005,,,,,,,,,,,,,,,,,,,,,,,,,,,,,,,,,
2001,6,15,13,30,459,346,22.080000000000002,3.9000000000000004,29.5,66.34,185,5.2,,,,,,,,,,,,,,,,,,,,,,,,,,,,,,,,,
2001,6,15,14,30,161,783,30.37,4.1000000000000005,29.1,67.85,193,5,,,,,,,,,,,,,,,,,,,,,,,,,,,,,,,,,
2001,6,15,15,30,294,386,40.68,4.4,28.3,71.83,204,4.5,,,,,,,,,,,,,,,,,,,,,,,,,,,,,,,,,
2001,6,15,16,30,297,206,51.65,4.7,27.1,79.15,217,3.8000000000000003,,,,,,,,,,,,,,,,,,,,,,,,,,,,,,,,,
2001,6,15,17,30,100,2,62.71,4.9,25.700000000000003,86.98,233,3.2,,,,,,,,,,,,,,,,,,,,,,,,,,,,,,,,,
2001,6,15,18,30,83,4,73.52,4.9,24.1,94.93,253,3.2,,,,,,,,,,,,,,,,,,,,,,,,,,,,,,,,,
2001,6,15,19,30,36,7,83.75,4.800000000000001,22.400000000000002,100,274,3.6,,,,,,,,,,,,,,,,,,,,,,,,,,,,,,,,,
2001,6,15,20,30,0,0,93.37,4.5,20.400000000000002,100,289,4,,,,,,,,,,,,,,,,,,,,,,,,,,,,,,,,,
2001,6,15,21,30,0,0,101.65,4.1000000000000005,18.5,100,298,3.9000000000000004,,,,,,,,,,,,,,,,,,,,,,,,,,,,,,,,,
2001,6,15,22,30,0,0,108.25,3.5,17.2,95.92,301,3.2,,,,,,,,,,,,,,,,,,,,,,,,,,,,,,,,,
2001,6,15,23,30,0,0,112.64,2.9000000000000004,16.3,93.35000000000001,301,2.8000000000000003,,,,,,,,,,,,,,,,,,,,,,,,,,,,,,,,,
2001,6,16,0,30,0,0,114.35000000000001,2.4000000000000004,15.600000000000001,91.76,300,2.5,,,,,,,,,,,,,,,,,,,,,,,,,,,,,,,,,
2001,6,16,1,30,0,0,113.17,2,14.9,91.49,298,2.3000000000000003,,,,,,,,,,,,,,,,,,,,,,,,,,,,,,,,,
2001,6,16,2,30,0,0,109.24000000000001,1.7000000000000002,14.200000000000001,92.38,294,2.2,,,,,,,,,,,,,,,,,,,,,,,,,,,,,,,,,
2001,6,16,3,30,0,0,103.01,1.5,13.700000000000001,93.26,291,2.2,,,,,,,,,,,,,,,,,,,,,,,,,,,,,,,,,
2001,6,16,4,30,0,0,95,1.5,13.600000000000001,93.01,289,2.3000000000000003,,,,,,,,,,,,,,,,,,,,,,,,,,,,,,,,,
2001,6,16,5,30,27,241,85.53,1.5,14.5,89.2,288,2.6,,,,,,,,,,,,,,,,,,,,,,,,,,,,,,,,,
2001,6,16,6,30,60,568,75.46000000000001,1.5,16.400000000000002,83.03,287,2.6,,,,,,,,,,,,,,,,,,,,,,,,,,,,,,,,,
2001,6,16,7,30,79,732,64.73,1.5,19.1,75.62,297,2.8000000000000003,,,,,,,,,,,,,,,,,,,,,,,,,,,,,,,,,
2001,6,16,8,30,93,819,53.7,1.6,21.5,62.36,310,3.2,,,,,,,,,,,,,,,,,,,,,,,,,,,,,,,,,
2001,6,16,9,30,104,867,42.68,1.7000000000000002,22.8,56.32,311,3,,,,,,,,,,,,,,,,,,,,,,,,,,,,,,,,,
2001,6,16,10,30,112,896,32.17,1.8,24,53.18,306,2.7,,,,,,,,,,,,,,,,,,,,,,,,,,,,,,,,,
2001,6,16,11,30,118,907,23.32,2,24.900000000000002,51.21,296,2.7,,,,,,,,,,,,,,,,,,,,,,,,,,,,,,,,,
2001,6,16,12,30,122,905,18.96,2.2,25.6,50.33,287,2.7,,,,,,,,,,,,,,,,,,,,,,,,,,,,,,,,,
2001,6,16,13,30,135,878,22.03,2.3000000000000003,25.900000000000002,51.1,278,2.7,,,,,,,,,,,,,,,,,,,,,,,,,,,,,,,,,
2001,6,16,14,30,136,850,30.310000000000002,2.4000000000000004,26,52.730000000000004,269,2.7,,,,,,,,,,,,,,,,,,,,,,,,,,,,,,,,,
2001,6,16,15,30,133,807,40.62,2.5,25.900000000000002,54.64,261,2.6,,,,,,,,,,,,,,,,,,,,,,,,,,,,,,,,,
2001,6,16,16,30,124,740,51.59,2.6,25.5,57.57,253,2.5,,,,,,,,,,,,,,,,,,,,,,,,,,,,,,,,,
2001,6,16,17,30,110,635,62.65,2.6,24.900000000000002,61.76,244,2.2,,,,,,,,,,,,,,,,,,,,,,,,,,,,,,,,,
2001,6,16,18,30,84,470,73.46000000000001,2.7,23.3,72.7,230,1.6,,,,,,,,,,,,,,,,,,,,,,,,,,,,,,,,,
2001,6,16,19,30,40,198,83.69,2.8000000000000003,21.3,86.58,216,1.4000000000000001,,,,,,,,,,,,,,,,,,,,,,,,,,,,,,,,,
2001,6,16,20,30,0,0,93.31,2.8000000000000003,20.1,86.25,209,1.8,,,,,,,,,,,,,,,,,,,,,,,,,,,,,,,,,
2001,6,16,21,30,0,0,101.59,2.8000000000000003,19.900000000000002,85.62,215,2.6,,,,,,,,,,,,,,,,,,,,,,,,,,,,,,,,,
2001,6,16,22,30,0,0,108.2,2.7,19.6,86.73,234,3.6,,,,,,,,,,,,,,,,,,,,,,,,,,,,,,,,,
2001,6,16,23,30,0,0,112.60000000000001,2.4000000000000004,18.900000000000002,91.06,260,4.1000000000000005,,,,,,,,,,,,,,,,,,,,,,,,,,,,,,,,,
2001,6,17,0,30,0,0,114.32000000000001,2,17.900000000000002,97.05,281,3.9000000000000004,,,,,,,,,,,,,,,,,,,,,,,,,,,,,,,,,
2001,6,17,1,30,0,0,113.15,1.6,16.7,100,293,3.6,,,,,,,,,,,,,,,,,,,,,,,,,,,,,,,,,
2001,6,17,2,30,0,0,109.23,1.6,15.600000000000001,99.72,300,3.7,,,,,,,,,,,,,,,,,,,,,,,,,,,,,,,,,
2001,6,17,3,30,0,0,103.01,1.6,14.700000000000001,97.25,304,3.7,,,,,,,,,,,,,,,,,,,,,,,,,,,,,,,,,
2001,6,17,4,30,0,0,95.01,1.5,14.200000000000001,95.44,305,3.5,,,,,,,,,,,,,,,,,,,,,,,,,,,,,,,,,
2001,6,17,5,30,27,241,85.54,1.3,14.600000000000001,90.87,304,3.5,,,,,,,,,,,,,,,,,,,,,,,,,,,,,,,,,
2001,6,17,6,30,59,578,75.48,1.3,16.2,82.7,305,3.5,,,,,,,,,,,,,,,,,,,,,,,,,,,,,,,,,
2001,6,17,7,30,76,748,64.75,1.3,18.6,73.06,310,3.9000000000000004,,,,,,,,,,,,,,,,,,,,,,,,,,,,,,,,,
2001,6,17,8,30,86,842,53.72,1.4000000000000001,20.6,57.69,314,4.6000000000000005,,,,,,,,,,,,,,,,,,,,,,,,,,,,,,,,,
2001,6,17,9,30,94,892,42.7,1.5,21.900000000000002,51.07,315,4.800000000000001,,,,,,,,,,,,,,,,,,,,,,,,,,,,,,,,,
2001,6,17,10,30,102,919,32.19,1.6,23,49.7,315,4.7,,,,,,,,,,,,,,,,,,,,,,,,,,,,,,,,,
2001,6,17,11,30,107,933,23.32,1.6,23.900000000000002,49.42,314,4.7,,,,,,,,,,,,,,,,,,,,,,,,,,,,,,,,,
2001,6,17,12,30,108,937,18.93,1.7000000000000002,24.6,49.25,312,4.5,,,,,,,,,,,,,,,,,,,,,,,,,,,,,,,,,
2001,6,17,13,30,111,929,21.98,1.7000000000000002,25,49.6,311,4.2,,,,,,,,,,,,,,,,,,,,,,,,,,,,,,,,,
2001,6,17,14,30,108,909,30.25,1.8,25.200000000000003,50.06,311,4.1000000000000005,,,,,,,,,,,,,,,,,,,,,,,,,,,,,,,,,
2001,6,17,15,30,102,874,40.57,2,25.1,50.95,313,3.9000000000000004,,,,,,,,,,,,,,,,,,,,,,,,,,,,,,,,,
2001,6,17,16,30,93,823,51.54,2.1,24.700000000000003,52.78,313,3.6,,,,,,,,,,,,,,,,,,,,,,,,,,,,,,,,,
2001,6,17,17,30,81,737,62.59,2.3000000000000003,23.8,56.86,311,2.8000000000000003,,,,,,,,,,,,,,,,,,,,,,,,,,,,,,,,,
2001,6,17,18,30,109,410,73.4,2.3000000000000003,22.1,69.51,309,1.7000000000000002,,,,,,,,,,,,,,,,,,,,,,,,,,,,,,,,,
2001,6,17,19,30,52,11,83.64,2.4000000000000004,20.3,84.47,304,1.1,,,,,,,,,,,,,,,,,,,,,,,,,,,,,,,,,
2001,6,17,20,30,0,0,93.26,2.5,19.6,78.59,295,1,,,,,,,,,,,,,,,,,,,,,,,,,,,,,,,,,
2001,6,17,21,30,0,0,101.55,2.7,19.400000000000002,76.33,283,0.9,,,,,,,,,,,,,,,,,,,,,,,,,,,,,,,,,
2001,6,17,22,30,0,0,108.16,2.8000000000000003,19.1,76.12,265,0.9,,,,,,,,,,,,,,,,,,,,,,,,,,,,,,,,,
2001,6,17,23,30,0,0,112.56,2.8000000000000003,18.7,77.54,234,0.9,,,,,,,,,,,,,,,,,,,,,,,,,,,,,,,,,
2001,6,18,0,30,0,0,114.29,2.8000000000000003,17.8,81.33,201,0.9,,,,,,,,,,,,,,,,,,,,,,,,,,,,,,,,,
2001,6,18,1,30,0,0,113.13,2.9000000000000004,16.8,85.81,183,1.1,,,,,,,,,,,,,,,,,,,,,,,,,,,,,,,,,
2001,6,18,2,30,0,0,109.23,3,16.2,88.05,176,1.4000000000000001,,,,,,,,,,,,,,,,,,,,,,,,,,,,,,,,,
2001,6,18,3,30,0,0,103.02,3,15.8,89.75,176,1.8,,,,,,,,,,,,,,,,,,,,,,,,,,,,,,,,,
2001,6,18,4,30,0,0,95.02,3,15.9,88.41,182,2.3000000000000003,,,,,,,,,,,,,,,,,,,,,,,,,,,,,,,,,
2001,6,18,5,30,22,0,85.56,3,16.5,85.57000000000001,186,2.8000000000000003,,,,,,,,,,,,,,,,,,,,,,,,,,,,,,,,,
2001,6,18,6,30,51,1,75.5,3.1,17.5,82.13,185,3.2,,,,,,,,,,,,,,,,,,,,,,,,,,,,,,,,,
2001,6,18,7,30,90,1,64.78,3,19,76.94,181,3.5,,,,,,,,,,,,,,,,,,,,,,,,,,,,,,,,,
2001,6,18,8,30,66,0,53.75,3,21.3,71.01,187,4.1000000000000005,,,,,,,,,,,,,,,,,,,,,,,,,,,,,,,,,
2001,6,18,9,30,343,147,42.72,3,23.5,62.43,198,5,,,,,,,,,,,,,,,,,,,,,,,,,,,,,,,,,
2001,6,18,10,30,387,206,32.21,3,25,54.67,204,5.7,,,,,,,,,,,,,,,,,,,,,,,,,,,,,,,,,
2001,6,18,11,30,284,501,23.330000000000002,3.1,26.200000000000003,51.2,206,6,,,,,,,,,,,,,,,,,,,,,,,,,,,,,,,,,
2001,6,18,12,30,258,566,18.91,3.1,27.200000000000003,49.69,209,6.1000000000000005,,,,,,,,,,,,,,,,,,,,,,,,,,,,,,,,,
2001,6,18,13,30,244,581,21.94,3.2,27.700000000000003,50.22,213,5.9,,,,,,,,,,,,,,,,,,,,,,,,,,,,,,,,,
2001,6,18,14,30,311,434,30.21,3.3000000000000003,27.8,52.44,217,5.4,,,,,,,,,,,,,,,,,,,,,,,,,,,,,,,,,
2001,6,18,15,30,284,390,40.51,3.4000000000000004,27.5,56.34,213,4.800000000000001,,,,,,,,,,,,,,,,,,,,,,,,,,,,,,,,,
2001,6,18,16,30,225,400,51.480000000000004,3.3000000000000003,27,59.92,206,4.800000000000001,,,,,,,,,,,,,,,,,,,,,,,,,,,,,,,,,
2001,6,18,17,30,142,9,62.54,3,26.1,63.440000000000005,203,5,,,,,,,,,,,,,,,,,,,,,,,,,,,,,,,,,
2001,6,18,18,30,143,157,73.35000000000001,2.9000000000000004,24.5,69.9,202,4.800000000000001,,,,,,,,,,,,,,,,,,,,,,,,,,,,,,,,,
2001,6,18,19,30,23,0,83.59,2.9000000000000004,22.900000000000002,76.79,201,4.4,,,,,,,,,,,,,,,,,,,,,,,,,,,,,,,,,
2001,6,18,20,30,0,0,93.21000000000001,2.9000000000000004,21.700000000000003,82.44,199,4.3,,,,,,,,,,,,,,,,,,,,,,,,,,,,,,,,,
2001,6,18,21,30,0,0,101.5,2.7,21.1,85.38,199,4.4,,,,,,,,,,,,,,,,,,,,,,,,,,,,,,,,,
2001,6,18,22,30,0,0,108.12,2.5,20.6,87.17,200,4.5,,,,,,,,,,,,,,,,,,,,,,,,,,,,,,,,,
2001,6,18,23,30,0,0,112.53,2.5,20.200000000000003,87.88,202,4.6000000000000005,,,,,,,,,,,,,,,,,,,,,,,,,,,,,,,,,
2001,6,19,0,30,0,0,114.27,2.5,19.8,88.03,203,4.6000000000000005,,,,,,,,,,,,,,,,,,,,,,,,,,,,,,,,,
2001,6,19,1,30,0,0,113.12,2.5,19.3,87.75,205,4.6000000000000005,,,,,,,,,,,,,,,,,,,,,,,,,,,,,,,,,
2001,6,19,2,30,0,0,109.23,2.4000000000000004,18.7,87.04,207,4.5,,,,,,,,,,,,,,,,,,,,,,,,,,,,,,,,,
2001,6,19,3,30,0,0,103.03,2.2,18.2,85.60000000000001,209,4.4,,,,,,,,,,,,,,,,,,,,,,,,,,,,,,,,,
2001,6,19,4,30,0,0,95.04,2.1,17.900000000000002,84.14,211,4.4,,,,,,,,,,,,,,,,,,,,,,,,,,,,,,,,,
2001,6,19,5,30,32,5,85.59,2.1,18.3,81.07000000000001,210,4.6000000000000005,,,,,,,,,,,,,,,,,,,,,,,,,,,,,,,,,
2001,6,19,6,30,106,4,75.53,2.1,19.700000000000003,76.03,209,4.7,,,,,,,,,,,,,,,,,,,,,,,,,,,,,,,,,
2001,6,19,7,30,231,73,64.81,2.3000000000000003,22,70.68,218,4.800000000000001,,,,,,,,,,,,,,,,,,,,,,,,,,,,,,,,,
2001,6,19,8,30,160,573,53.78,2.5,24.700000000000003,66.31,234,5.5,,,,,,,,,,,,,,,,,,,,,,,,,,,,,,,,,
2001,6,19,9,30,276,402,42.75,2.5,26.6,62.25,243,6.1000000000000005,,,,,,,,,,,,,,,,,,,,,,,,,,,,,,,,,
2001,6,19,10,30,232,614,32.230000000000004,2.6,27.6,62.59,251,6.1000000000000005,,,,,,,,,,,,,,,,,,,,,,,,,,,,,,,,,
2001,6,19,11,30,148,844,23.35,2.9000000000000004,28.1,63.370000000000005,262,6,,,,,,,,,,,,,,,,,,,,,,,,,,,,,,,,,
2001,6,19,12,30,165,824,18.900000000000002,3.2,28.1,64.68,270,5.6000000000000005,,,,,,,,,,,,,,,,,,,,,,,,,,,,,,,,,
2001,6,19,13,30,171,805,21.900000000000002,3.4000000000000004,27.8,66.2,276,5.1000000000000005,,,,,,,,,,,,,,,,,,,,,,,,,,,,,,,,,
2001,6,19,14,30,276,577,30.16,3.4000000000000004,27.400000000000002,67.07000000000001,281,4.6000000000000005,,,,,,,,,,,,,,,,,,,,,,,,,,,,,,,,,
2001,6,19,15,30,151,756,40.47,3.4000000000000004,27,66.79,283,3.9000000000000004,,,,,,,,,,,,,,,,,,,,,,,,,,,,,,,,,
2001,6,19,16,30,130,715,51.44,3.2,26.6,66.45,283,3.3000000000000003,,,,,,,,,,,,,,,,,,,,,,,,,,,,,,,,,
2001,6,19,17,30,109,629,62.49,3.2,25.700000000000003,69.35000000000001,290,2.8000000000000003,,,,,,,,,,,,,,,,,,,,,,,,,,,,,,,,,
2001,6,19,18,30,84,470,73.3,3.2,23.8,78.38,305,2.4000000000000004,,,,,,,,,,,,,,,,,,,,,,,,,,,,,,,,,
2001,6,19,19,30,46,5,83.54,3.1,21.400000000000002,85.56,316,2.1,,,,,,,,,,,,,,,,,,,,,,,,,,,,,,,,,
2001,6,19,20,30,0,0,93.17,3,19.700000000000003,85.23,321,1.8,,,,,,,,,,,,,,,,,,,,,,,,,,,,,,,,,
2001,6,19,21,30,0,0,101.46000000000001,2.9000000000000004,18.8,85.82000000000001,326,1.5,,,,,,,,,,,,,,,,,,,,,,,,,,,,,,,,,
2001,6,19,22,30,0,0,108.09,2.8000000000000003,18.1,87.67,329,1.4000000000000001,,,,,,,,,,,,,,,,,,,,,,,,,,,,,,,,,
2001,6,19,23,30,0,0,112.51,2.9000000000000004,17.400000000000002,88.81,330,1.7000000000000002,,,,,,,,,,,,,,,,,,,,,,,,,,,,,,,,,
2001,6,20,0,30,0,0,114.26,2.9000000000000004,16.7,89.71000000000001,332,1.9000000000000001,,,,,,,,,,,,,,,,,,,,,,,,,,,,,,,,,
2001,6,20,1,30,0,0,113.12,2.8000000000000003,15.9,90.94,335,1.9000000000000001,,,,,,,,,,,,,,,,,,,,,,,,,,,,,,,,,
2001,6,20,2,30,0,0,109.24000000000001,2.9000000000000004,15.200000000000001,92.36,336,1.8,,,,,,,,,,,,,,,,,,,,,,,,,,,,,,,,,
2001,6,20,3,30,0,0,103.04,3,14.8,92.21000000000001,337,1.6,,,,,,,,,,,,,,,,,,,,,,,,,,,,,,,,,
2001,6,20,4,30,0,0,95.06,3.1,15,90,342,1.6,,,,,,,,,,,,,,,,,,,,,,,,,,,,,,,,,
2001,6,20,5,30,13,0,85.61,3.2,15.700000000000001,87.43,174,1.7000000000000002,,,,,,,,,,,,,,,,,,,,,,,,,,,,,,,,,
2001,6,20,6,30,111,5,75.56,3.3000000000000003,16.900000000000002,82.32000000000001,7,1.7000000000000002,,,,,,,,,,,,,,,,,,,,,,,,,,,,,,,,,
2001,6,20,7,30,106,0,64.84,3.3000000000000003,18.7,75.42,11,1.5,,,,,,,,,,,,,,,,,,,,,,,,,,,,,,,,,
2001,6,20,8,30,249,11,53.81,3.2,20.700000000000003,65.22,176,1.4000000000000001,,,,,,,,,,,,,,,,,,,,,,,,,,,,,,,,,
2001,6,20,9,30,265,485,42.79,3.1,22.200000000000003,59.95,340,1.4000000000000001,,,,,,,,,,,,,,,,,,,,,,,,,,,,,,,,,
2001,6,20,10,30,389,139,32.27,3.1,23.200000000000003,57.69,344,1.5,,,,,,,,,,,,,,,,,,,,,,,,,,,,,,,,,
2001,6,20,11,30,311,8,23.37,3,23.900000000000002,56.370000000000005,352,1.5,,,,,,,,,,,,,,,,,,,,,,,,,,,,,,,,,
2001,6,20,12,30,343,15,18.900000000000002,3.1,24,56.56,348,1.4000000000000001,,,,,,,,,,,,,,,,,,,,,,,,,,,,,,,,,
2001,6,20,13,30,333,7,21.87,3.1,24.1,56.35,334,1.7000000000000002,,,,,,,,,,,,,,,,,,,,,,,,,,,,,,,,,
2001,6,20,14,30,395,59,30.12,3.1,24.3,56.95,327,2,,,,,,,,,,,,,,,,,,,,,,,,,,,,,,,,,
2001,6,20,15,30,350,217,40.42,3,24.1,57.38,335,2.2,,,,,,,,,,,,,,,,,,,,,,,,,,,,,,,,,
2001,6,20,16,30,215,442,51.39,2.9000000000000004,23.6,58.93,343,2.1,,,,,,,,,,,,,,,,,,,,,,,,,,,,,,,,,
2001,6,20,17,30,228,100,62.45,2.8000000000000003,22.8,62.480000000000004,352,1.7000000000000002,,,,,,,,,,,,,,,,,,,,,,,,,,,,,,,,,
2001,6,20,18,30,133,32,73.26,2.7,21.3,71.10000000000001,188,1.2000000000000002,,,,,,,,,,,,,,,,,,,,,,,,,,,,,,,,,
2001,6,20,19,30,31,1,83.5,2.6,19.6,85.66,31,0.9,,,,,,,,,,,,,,,,,,,,,,,,,,,,,,,,,
2001,6,20,20,30,0,0,93.13,2.5,18.3,86.88,55,0.9,,,,,,,,,,,,,,,,,,,,,,,,,,,,,,,,,
2001,6,20,21,30,0,0,101.43,2.4000000000000004,17.6,89.51,78,1,,,,,,,,,,,,,,,,,,,,,,,,,,,,,,,,,
2001,6,20,22,30,0,0,108.06,2.4000000000000004,17,91.88,96,1.1,,,,,,,,,,,,,,,,,,,,,,,,,,,,,,,,,
2001,6,20,23,30,0,0,112.49000000000001,2.4000000000000004,16.400000000000002,95.22,109,1.1,,,,,,,,,,,,,,,,,,,,,,,,,,,,,,,,,
2001,6,21,0,30,0,0,114.26,2.4000000000000004,16,98.55,115,1.1,,,,,,,,,,,,,,,,,,,,,,,,,,,,,,,,,
2001,6,21,1,30,0,0,113.13,2.4000000000000004,15.5,100,115,1.1,,,,,,,,,,,,,,,,,,,,,,,,,,,,,,,,,
2001,6,21,2,30,0,0,109.26,2.4000000000000004,14.9,100,113,1,,,,,,,,,,,,,,,,,,,,,,,,,,,,,,,,,
2001,6,21,3,30,0,0,103.07000000000001,2.4000000000000004,14.4,100,107,1.1,,,,,,,,,,,,,,,,,,,,,,,,,,,,,,,,,
2001,6,21,4,30,0,0,95.09,2.5,14.600000000000001,100,102,1.1,,,,,,,,,,,,,,,,,,,,,,,,,,,,,,,,,
2001,6,21,5,30,26,1,85.65,2.6,16.1,97.9,97,1.7000000000000002,,,,,,,,,,,,,,,,,,,,,,,,,,,,,,,,,
2001,6,21,6,30,90,1,75.60000000000001,2.7,17.900000000000002,90.87,93,2.2,,,,,,,,,,,,,,,,,,,,,,,,,,,,,,,,,
2001,6,21,7,30,204,100,64.88,2.9000000000000004,19,86.10000000000001,93,2.4000000000000004,,,,,,,,,,,,,,,,,,,,,,,,,,,,,,,,,
2001,6,21,8,30,248,351,53.85,3,19.8,81.8,96,2.5,,,,,,,,,,,,,,,,,,,,,,,,,,,,,,,,,
2001,6,21,9,30,334,54,42.83,3.2,20.3,79.39,99,2.6,,,,,,,,,,,,,,,,,,,,,,,,,,,,,,,,,
2001,6,21,10,30,398,74,32.3,3.4000000000000004,20.700000000000003,77.07000000000001,100,2.8000000000000003,,,,,,,,,,,,,,,,,,,,,,,,,,,,,,,,,
2001,6,21,11,30,295,4,23.39,3.5,20.8,75.8,102,3.1,,,,,,,,,,,,,,,,,,,,,,,,,,,,,,,,,
2001,6,21,12,30,297,4,18.900000000000002,3.6,20.6,76.26,102,3.3000000000000003,,,,,,,,,,,,,,,,,,,,,,,,,,,,,,,,,
2001,6,21,13,30,402,17,21.85,3.8000000000000003,20.200000000000003,78.46000000000001,100,3.4000000000000004,,,,,,,,,,,,,,,,,,,,,,,,,,,,,,,,,
2001,6,21,14,30,246,3,30.080000000000002,3.9000000000000004,19.700000000000003,81.87,91,3.4000000000000004,,,,,,,,,,,,,,,,,,,,,,,,,,,,,,,,,
2001,6,21,15,30,156,1,40.38,4,19,86.23,78,3.6,,,,,,,,,,,,,,,,,,,,,,,,,,,,,,,,,
2001,6,21,16,30,254,21,51.35,4.1000000000000005,18.2,90.93,63,3.8000000000000003,,,,,,,,,,,,,,,,,,,,,,,,,,,,,,,,,
2001,6,21,17,30,31,0,62.410000000000004,4.2,17.400000000000002,95.59,45,3.9000000000000004,,,,,,,,,,,,,,,,,,,,,,,,,,,,,,,,,
2001,6,21,18,30,49,0,73.22,4.3,16.6,99.79,28,3.9000000000000004,,,,,,,,,,,,,,,,,,,,,,,,,,,,,,,,,
2001,6,21,19,30,40,1,83.47,4.2,15.8,100,18,3.9000000000000004,,,,,,,,,,,,,,,,,,,,,,,,,,,,,,,,,
2001,6,21,20,30,0,0,93.10000000000001,4.1000000000000005,15,100,10,3.8000000000000003,,,,,,,,,,,,,,,,,,,,,,,,,,,,,,,,,
2001,6,21,21,30,0,0,101.41,4,14.3,100,178,3.7,,,,,,,,,,,,,,,,,,,,,,,,,,,,,,,,,
2001,6,21,22,30,0,0,108.05,3.8000000000000003,13.700000000000001,100,346,3.9000000000000004,,,,,,,,,,,,,,,,,,,,,,,,,,,,,,,,,
2001,6,21,23,30,0,0,112.49000000000001,3.7,13.3,99.27,340,4.1000000000000005,,,,,,,,,,,,,,,,,,,,,,,,,,,,,,,,,
2001,6,22,0,30,0,0,114.26,3.4000000000000004,13.100000000000001,98.29,333,4.1000000000000005,,,,,,,,,,,,,,,,,,,,,,,,,,,,,,,,,
2001,6,22,1,30,0,0,113.14,3.2,12.9,98.23,324,4,,,,,,,,,,,,,,,,,,,,,,,,,,,,,,,,,
2001,6,22,2,30,0,0,109.28,2.8000000000000003,12.700000000000001,98.59,320,3.9000000000000004,,,,,,,,,,,,,,,,,,,,,,,,,,,,,,,,,
2001,6,22,3,30,0,0,103.10000000000001,2.6,12.5,98.74000000000001,317,3.7,,,,,,,,,,,,,,,,,,,,,,,,,,,,,,,,,
2001,6,22,4,30,0,0,95.13,2.6,12.600000000000001,97.46000000000001,313,3.7,,,,,,,,,,,,,,,,,,,,,,,,,,,,,,,,,
2001,6,22,5,30,12,0,85.68,2.5,13.100000000000001,95.03,314,3.9000000000000004,,,,,,,,,,,,,,,,,,,,,,,,,,,,,,,,,
2001,6,22,6,30,71,464,75.64,2.5,14.200000000000001,91.12,322,4.1000000000000005,,,,,,,,,,,,,,,,,,,,,,,,,,,,,,,,,
2001,6,22,7,30,145,1,64.92,2.4000000000000004,15.9,84.72,331,4.1000000000000005,,,,,,,,,,,,,,,,,,,,,,,,,,,,,,,,,
2001,6,22,8,30,322,139,53.9,2.3000000000000003,17.900000000000002,75.57000000000001,337,4,,,,,,,,,,,,,,,,,,,,,,,,,,,,,,,,,
2001,6,22,9,30,391,219,42.87,2.2,19.5,66.09,340,3.7,,,,,,,,,,,,,,,,,,,,,,,,,,,,,,,,,
2001,6,22,10,30,388,409,32.34,2.2,20.700000000000003,60.82,340,3.4000000000000004,,,,,,,,,,,,,,,,,,,,,,,,,,,,,,,,,
2001,6,22,11,30,250,640,23.42,2.2,21.5,58.72,340,3.1,,,,,,,,,,,,,,,,,,,,,,,,,,,,,,,,,
2001,6,22,12,30,288,562,18.91,2.2,22.1,57.480000000000004,339,2.8000000000000003,,,,,,,,,,,,,,,,,,,,,,,,,,,,,,,,,
2001,6,22,13,30,284,568,21.830000000000002,2.3000000000000003,22.3,57.36,336,2.5,,,,,,,,,,,,,,,,,,,,,,,,,,,,,,,,,
2001,6,22,14,30,361,36,30.05,2.4000000000000004,22.1,58.480000000000004,331,2.2,,,,,,,,,,,,,,,,,,,,,,,,,,,,,,,,,
2001,6,22,15,30,371,329,40.35,2.5,21.6,59.95,326,1.9000000000000001,,,,,,,,,,,,,,,,,,,,,,,,,,,,,,,,,
2001,6,22,16,30,97,803,51.31,2.5,21,62.88,324,1.6,,,,,,,,,,,,,,,,,,,,,,,,,,,,,,,,,
2001,6,22,17,30,250,111,62.370000000000005,2.6,20.5,66.03,327,1.3,,,,,,,,,,,,,,,,,,,,,,,,,,,,,,,,,
2001,6,22,18,30,137,61,73.19,2.6,19.6,73.01,330,0.9,,,,,,,,,,,,,,,,,,,,,,,,,,,,,,,,,
2001,6,22,19,30,44,6,83.44,2.6,18.400000000000002,83.97,327,0.6000000000000001,,,,,,,,,,,,,,,,,,,,,,,,,,,,,,,,,
2001,6,22,20,30,0,0,93.07000000000001,2.6,17.400000000000002,83.93,324,0.6000000000000001,,,,,,,,,,,,,,,,,,,,,,,,,,,,,,,,,
2001,6,22,21,30,0,0,101.39,2.6,16.5,87.03,325,0.7000000000000001,,,,,,,,,,,,,,,,,,,,,,,,,,,,,,,,,
2001,6,22,22,30,0,0,108.03,2.5,15.700000000000001,89.06,328,0.8,,,,,,,,,,,,,,,,,,,,,,,,,,,,,,,,,
2001,6,22,23,30,0,0,112.48,2.5,15,90.84,331,0.9,,,,,,,,,,,,,,,,,,,,,,,,,,,,,,,,,
2001,6,23,0,30,0,0,114.27,2.5,14.5,91.81,339,0.9,,,,,,,,,,,,,,,,,,,,,,,,,,,,,,,,,
2001,6,23,1,30,0,0,113.16,2.5,14,93.28,350,0.9,,,,,,,,,,,,,,,,,,,,,,,,,,,,,,,,,
2001,6,23,2,30,0,0,109.31,2.5,13.5,95.11,186,0.9,,,,,,,,,,,,,,,,,,,,,,,,,,,,,,,,,
2001,6,23,3,30,0,0,103.13,2.5,13.100000000000001,96.67,21,0.9,,,,,,,,,,,,,,,,,,,,,,,,,,,,,,,,,
2001,6,23,4,30,0,0,95.17,2.5,13.100000000000001,95.92,34,0.9,,,,,,,,,,,,,,,,,,,,,,,,,,,,,,,,,
2001,6,23,5,30,12,0,85.73,2.5,14.4,90.25,47,1.2000000000000002,,,,,,,,,,,,,,,,,,,,,,,,,,,,,,,,,
2001,6,23,6,30,40,0,75.68,2.5,16.2,85.10000000000001,58,1.5,,,,,,,,,,,,,,,,,,,,,,,,,,,,,,,,,
2001,6,23,7,30,190,16,64.97,2.5,18.3,76.55,66,1.4000000000000001,,,,,,,,,,,,,,,,,,,,,,,,,,,,,,,,,
2001,6,23,8,30,318,174,53.94,2.5,20.400000000000002,67.12,66,1.1,,,,,,,,,,,,,,,,,,,,,,,,,,,,,,,,,
2001,6,23,9,30,125,804,42.92,2.5,21.6,63.36,51,0.9,,,,,,,,,,,,,,,,,,,,,,,,,,,,,,,,,
2001,6,23,10,30,150,815,32.39,2.5,22.3,61.25,29,0.9,,,,,,,,,,,,,,,,,,,,,,,,,,,,,,,,,
2001,6,23,11,30,472,128,23.46,2.5,22.8,59.26,187,0.9,,,,,,,,,,,,,,,,,,,,,,,,,,,,,,,,,
2001,6,23,12,30,452,29,18.93,2.6,23.1,58.25,350,1,,,,,,,,,,,,,,,,,,,,,,,,,,,,,,,,,
2001,6,23,13,30,521,205,21.82,2.6,23.200000000000003,58.08,342,1.2000000000000002,,,,,,,,,,,,,,,,,,,,,,,,,,,,,,,,,
2001,6,23,14,30,368,381,30.03,2.6,23.200000000000003,58.27,342,1.3,,,,,,,,,,,,,,,,,,,,,,,,,,,,,,,,,
2001,6,23,15,30,350,243,40.32,2.6,23.200000000000003,58.22,345,1.3,,,,,,,,,,,,,,,,,,,,,,,,,,,,,,,,,
2001,6,23,16,30,158,666,51.28,2.6,22.900000000000002,59.61,347,1.3,,,,,,,,,,,,,,,,,,,,,,,,,,,,,,,,,
2001,6,23,17,30,129,583,62.34,2.6,22.400000000000002,62.49,347,1,,,,,,,,,,,,,,,,,,,,,,,,,,,,,,,,,
2001,6,23,18,30,136,236,73.16,2.5,21.700000000000003,66.91,344,0.6000000000000001,,,,,,,,,,,,,,,,,,,,,,,,,,,,,,,,,
2001,6,23,19,30,44,0,83.41,2.5,20.700000000000003,73.86,299,0.30000000000000004,,,,,,,,,,,,,,,,,,,,,,,,,,,,,,,,,
2001,6,23,20,30,0,0,93.05,2.4000000000000004,19.5,71.81,239,0.4,,,,,,,,,,,,,,,,,,,,,,,,,,,,,,,,,
2001,6,23,21,30,0,0,101.37,2.4000000000000004,18.1,79.34,230,0.8,,,,,,,,,,,,,,,,,,,,,,,,,,,,,,,,,
2001,6,23,22,30,0,0,108.03,2.3000000000000003,16.8,85.65,246,1,,,,,,,,,,,,,,,,,,,,,,,,,,,,,,,,,
2001,6,23,23,30,0,0,112.49000000000001,2.3000000000000003,15.700000000000001,90.21000000000001,263,1.1,,,,,,,,,,,,,,,,,,,,,,,,,,,,,,,,,
2001,6,24,0,30,0,0,114.28,2.2,14.9,92.92,281,1.2000000000000002,,,,,,,,,,,,,,,,,,,,,,,,,,,,,,,,,
2001,6,24,1,30,0,0,113.19,2.1,14.100000000000001,95.78,298,1.4000000000000001,,,,,,,,,,,,,,,,,,,,,,,,,,,,,,,,,
2001,6,24,2,30,0,0,109.34,2.1,13.4,97.82000000000001,310,1.6,,,,,,,,,,,,,,,,,,,,,,,,,,,,,,,,,
2001,6,24,3,30,0,0,103.17,2,12.700000000000001,98.94,318,1.9000000000000001,,,,,,,,,,,,,,,,,,,,,,,,,,,,,,,,,
2001,6,24,4,30,0,0,95.21000000000001,1.9000000000000001,12.5,95.55,323,2.2,,,,,,,,,,,,,,,,,,,,,,,,,,,,,,,,,
2001,6,24,5,30,25,223,85.77,1.8,13.3,87.10000000000001,327,2.7,,,,,,,,,,,,,,,,,,,,,,,,,,,,,,,,,
2001,6,24,6,30,59,554,75.73,1.7000000000000002,15.200000000000001,75.7,327,2.7,,,,,,,,,,,,,,,,,,,,,,,,,,,,,,,,,
2001,6,24,7,30,85,698,65.02,1.6,17.900000000000002,67.22,331,2.6,,,,,,,,,,,,,,,,,,,,,,,,,,,,,,,,,
2001,6,24,8,30,100,796,53.99,1.6,20.900000000000002,58.81,335,2.9000000000000004,,,,,,,,,,,,,,,,,,,,,,,,,,,,,,,,,
2001,6,24,9,30,109,861,42.97,1.5,22.8,52.99,331,3,,,,,,,,,,,,,,,,,,,,,,,,,,,,,,,,,
2001,6,24,10,30,115,897,32.44,1.5,23.900000000000002,50.620000000000005,324,2.8000000000000003,,,,,,,,,,,,,,,,,,,,,,,,,,,,,,,,,
2001,6,24,11,30,119,917,23.51,1.5,24.700000000000003,49.01,318,2.6,,,,,,,,,,,,,,,,,,,,,,,,,,,,,,,,,
2001,6,24,12,30,120,923,18.95,1.6,25.3,47.78,311,2.4000000000000004,,,,,,,,,,,,,,,,,,,,,,,,,,,,,,,,,
2001,6,24,13,30,119,918,21.82,1.6,25.700000000000003,47.13,305,2.2,,,,,,,,,,,,,,,,,,,,,,,,,,,,,,,,,
2001,6,24,14,30,115,901,30.01,1.7000000000000002,25.8,47.22,299,2,,,,,,,,,,,,,,,,,,,,,,,,,,,,,,,,,
2001,6,24,15,30,108,872,40.29,1.7000000000000002,25.700000000000003,47.84,296,1.8,,,,,,,,,,,,,,,,,,,,,,,,,,,,,,,,,
2001,6,24,16,30,111,789,51.26,1.8,25.400000000000002,49.03,299,1.6,,,,,,,,,,,,,,,,,,,,,,,,,,,,,,,,,
2001,6,24,17,30,92,714,62.32,1.8,24.700000000000003,51.64,305,1.4000000000000001,,,,,,,,,,,,,,,,,,,,,,,,,,,,,,,,,
2001,6,24,18,30,70,575,73.13,1.9000000000000001,23.1,57.71,309,1,,,,,,,,,,,,,,,,,,,,,,,,,,,,,,,,,
2001,6,24,19,30,37,307,83.39,1.9000000000000001,21.200000000000003,70.9,314,0.9,,,,,,,,,,,,,,,,,,,,,,,,,,,,,,,,,
2001,6,24,20,30,0,0,93.04,1.9000000000000001,20,65.73,319,0.9,,,,,,,,,,,,,,,,,,,,,,,,,,,,,,,,,
2001,6,24,21,30,0,0,101.36,1.9000000000000001,19.400000000000002,65.59,320,0.9,,,,,,,,,,,,,,,,,,,,,,,,,,,,,,,,,
2001,6,24,22,30,0,0,108.03,2,19.1,64.74,317,0.7000000000000001,,,,,,,,,,,,,,,,,,,,,,,,,,,,,,,,,
2001,6,24,23,30,0,0,112.5,2,18.900000000000002,63.370000000000005,308,0.5,,,,,,,,,,,,,,,,,,,,,,,,,,,,,,,,,
2001,6,25,0,30,0,0,114.3,2,18.3,64.59,266,0.4,,,,,,,,,,,,,,,,,,,,,,,,,,,,,,,,,
2001,6,25,1,30,0,0,113.22,2,17.6,66.84,210,0.4,,,,,,,,,,,,,,,,,,,,,,,,,,,,,,,,,
2001,6,25,2,30,0,0,109.38,2.1,16.900000000000002,68.74,185,0.5,,,,,,,,,,,,,,,,,,,,,,,,,,,,,,,,,
2001,6,25,3,30,0,0,103.22,2.1,16.3,70.76,179,0.6000000000000001,,,,,,,,,,,,,,,,,,,,,,,,,,,,,,,,,
2001,6,25,4,30,0,0,95.26,2.2,16,71.4,182,0.6000000000000001,,,,,,,,,,,,,,,,,,,,,,,,,,,,,,,,,
2001,6,25,5,30,25,210,85.82000000000001,2.2,16.7,70.58,195,0.7000000000000001,,,,,,,,,,,,,,,,,,,,,,,,,,,,,,,,,
2001,6,25,6,30,61,524,75.79,2.3000000000000003,18.2,73.08,205,1,,,,,,,,,,,,,,,,,,,,,,,,,,,,,,,,,
2001,6,25,7,30,88,670,65.08,2.3000000000000003,20.400000000000002,62.56,210,1,,,,,,,,,,,,,,,,,,,,,,,,,,,,,,,,,
2001,6,25,8,30,106,759,54.050000000000004,2.4000000000000004,23.3,55.54,235,0.6000000000000001,,,,,,,,,,,,,,,,,,,,,,,,,,,,,,,,,
2001,6,25,9,30,117,818,43.02,2.5,25.200000000000003,49.52,275,0.4,,,,,,,,,,,,,,,,,,,,,,,,,,,,,,,,,
2001,6,25,10,30,126,853,32.49,2.5,26.1,48.36,210,0.30000000000000004,,,,,,,,,,,,,,,,,,,,,,,,,,,,,,,,,
2001,6,25,11,30,132,869,23.55,2.6,26.8,47.43,132,0.5,,,,,,,,,,,,,,,,,,,,,,,,,,,,,,,,,
2001,6,25,12,30,135,873,18.98,2.7,27.3,46.95,138,0.9,,,,,,,,,,,,,,,,,,,,,,,,,,,,,,,,,
2001,6,25,13,30,127,881,21.82,2.7,27.6,46.910000000000004,141,1.2000000000000002,,,,,,,,,,,,,,,,,,,,,,,,,,,,,,,,,
2001,6,25,14,30,124,862,29.990000000000002,2.7,27.6,47.37,140,1.5,,,,,,,,,,,,,,,,,,,,,,,,,,,,,,,,,
2001,6,25,15,30,120,826,40.27,2.7,27.3,48.53,137,1.8,,,,,,,,,,,,,,,,,,,,,,,,,,,,,,,,,
2001,6,25,16,30,112,769,51.230000000000004,2.6,26.8,50.230000000000004,135,2,,,,,,,,,,,,,,,,,,,,,,,,,,,,,,,,,
2001,6,25,17,30,99,678,62.29,2.5,25.700000000000003,54.71,137,2.1,,,,,,,,,,,,,,,,,,,,,,,,,,,,,,,,,
2001,6,25,18,30,77,529,73.12,2.4000000000000004,23.400000000000002,62.97,144,1.9000000000000001,,,,,,,,,,,,,,,,,,,,,,,,,,,,,,,,,
2001,6,25,19,30,39,268,83.38,2.3000000000000003,20.5,79.82000000000001,152,1.7000000000000002,,,,,,,,,,,,,,,,,,,,,,,,,,,,,,,,,
2001,6,25,20,30,0,0,93.03,2.1,18.6,81.03,160,1.7000000000000002,,,,,,,,,,,,,,,,,,,,,,,,,,,,,,,,,
2001,6,25,21,30,0,0,101.36,2,17.6,81.06,165,1.6,,,,,,,,,,,,,,,,,,,,,,,,,,,,,,,,,
2001,6,25,22,30,0,0,108.04,1.9000000000000001,16.7,81.64,168,1.4000000000000001,,,,,,,,,,,,,,,,,,,,,,,,,,,,,,,,,
2001,6,25,23,30,0,0,112.52,1.8,16,82.05,168,1.2000000000000002,,,,,,,,,,,,,,,,,,,,,,,,,,,,,,,,,
2001,6,26,0,30,0,0,114.33,1.8,15.5,81.91,165,1.1,,,,,,,,,,,,,,,,,,,,,,,,,,,,,,,,,
2001,6,26,1,30,0,0,113.26,1.7000000000000002,15.100000000000001,82.14,160,1.1,,,,,,,,,,,,,,,,,,,,,,,,,,,,,,,,,
2001,6,26,2,30,0,0,109.43,1.7000000000000002,14.600000000000001,83.9,154,1.1,,,,,,,,,,,,,,,,,,,,,,,,,,,,,,,,,
2001,6,26,3,30,0,0,103.27,1.8,14.200000000000001,86.37,150,1.1,,,,,,,,,,,,,,,,,,,,,,,,,,,,,,,,,
2001,6,26,4,30,0,0,95.32000000000001,1.8,14.200000000000001,88.42,148,1,,,,,,,,,,,,,,,,,,,,,,,,,,,,,,,,,
2001,6,26,5,30,27,175,85.88,1.8,15.700000000000001,85.48,146,1.1,,,,,,,,,,,,,,,,,,,,,,,,,,,,,,,,,
2001,6,26,6,30,69,492,75.84,1.8,17.900000000000002,81.73,144,1.3,,,,,,,,,,,,,,,,,,,,,,,,,,,,,,,,,
2001,6,26,7,30,95,660,65.13,1.9000000000000001,20.200000000000003,73.01,149,1.3,,,,,,,,,,,,,,,,,,,,,,,,,,,,,,,,,
2001,6,26,8,30,112,760,54.11,1.9000000000000001,23.200000000000003,63.32,168,1.5,,,,,,,,,,,,,,,,,,,,,,,,,,,,,,,,,
2001,6,26,9,30,125,818,43.08,2,25.400000000000002,50.46,181,1.9000000000000001,,,,,,,,,,,,,,,,,,,,,,,,,,,,,,,,,
2001,6,26,10,30,134,849,32.55,2.2,26.5,47,177,2,,,,,,,,,,,,,,,,,,,,,,,,,,,,,,,,,
2001,6,26,11,30,140,866,23.61,2.3000000000000003,27.200000000000003,45.68,172,2.2,,,,,,,,,,,,,,,,,,,,,,,,,,,,,,,,,
2001,6,26,12,30,144,866,19.02,2.5,27.6,45.5,170,2.4000000000000004,,,,,,,,,,,,,,,,,,,,,,,,,,,,,,,,,
2001,6,26,13,30,174,813,21.830000000000002,2.6,27.900000000000002,45.87,170,2.6,,,,,,,,,,,,,,,,,,,,,,,,,,,,,,,,,
2001,6,26,14,30,168,792,29.990000000000002,2.7,27.900000000000002,47.24,173,2.7,,,,,,,,,,,,,,,,,,,,,,,,,,,,,,,,,
2001,6,26,15,30,156,757,40.26,2.8000000000000003,27.8,48.86,179,2.6,,,,,,,,,,,,,,,,,,,,,,,,,,,,,,,,,
2001,6,26,16,30,139,702,51.21,2.9000000000000004,27.400000000000002,51.03,186,2.2,,,,,,,,,,,,,,,,,,,,,,,,,,,,,,,,,
2001,6,26,17,30,116,615,62.28,2.9000000000000004,26.900000000000002,55.050000000000004,192,1.7000000000000002,,,,,,,,,,,,,,,,,,,,,,,,,,,,,,,,,
2001,6,26,18,30,85,473,73.10000000000001,2.9000000000000004,25.200000000000003,61.1,194,1.2000000000000002,,,,,,,,,,,,,,,,,,,,,,,,,,,,,,,,,
2001,6,26,19,30,41,222,83.37,2.9000000000000004,23,79.65,192,0.9,,,,,,,,,,,,,,,,,,,,,,,,,,,,,,,,,
2001,6,26,20,30,0,0,93.02,2.9000000000000004,21.6,77.03,188,1,,,,,,,,,,,,,,,,,,,,,,,,,,,,,,,,,
2001,6,26,21,30,0,0,101.37,2.8000000000000003,20.700000000000003,79.16,185,1,,,,,,,,,,,,,,,,,,,,,,,,,,,,,,,,,
2001,6,26,22,30,0,0,108.05,2.8000000000000003,19.8,82.12,183,1.1,,,,,,,,,,,,,,,,,,,,,,,,,,,,,,,,,
2001,6,26,23,30,0,0,112.54,2.8000000000000003,19,84.62,183,1.1,,,,,,,,,,,,,,,,,,,,,,,,,,,,,,,,,
2001,6,27,0,30,0,0,114.37,2.8000000000000003,18.400000000000002,86.23,185,1.1,,,,,,,,,,,,,,,,,,,,,,,,,,,,,,,,,
2001,6,27,1,30,0,0,113.3,2.8000000000000003,17.900000000000002,87.51,188,1.1,,,,,,,,,,,,,,,,,,,,,,,,,,,,,,,,,
2001,6,27,2,30,0,0,109.48,2.9000000000000004,17.5,88.49,193,1.1,,,,,,,,,,,,,,,,,,,,,,,,,,,,,,,,,
2001,6,27,3,30,0,0,103.33,2.9000000000000004,17.2,89.12,202,1.1,,,,,,,,,,,,,,,,,,,,,,,,,,,,,,,,,
2001,6,27,4,30,0,0,95.38,3,17.400000000000002,87.31,214,1,,,,,,,,,,,,,,,,,,,,,,,,,,,,,,,,,
2001,6,27,5,30,26,153,85.94,3,18.900000000000002,82.83,226,1.1,,,,,,,,,,,,,,,,,,,,,,,,,,,,,,,,,
2001,6,27,6,30,69,455,75.91,3,20.900000000000002,78.42,233,1.3,,,,,,,,,,,,,,,,,,,,,,,,,,,,,,,,,
2001,6,27,7,30,96,626,65.2,3,23.1,70.31,236,1.4000000000000001,,,,,,,,,,,,,,,,,,,,,,,,,,,,,,,,,
2001,6,27,8,30,115,724,54.17,3.1,25.6,64.34,243,1.8,,,,,,,,,,,,,,,,,,,,,,,,,,,,,,,,,
2001,6,27,9,30,130,779,43.15,3.2,27.200000000000003,58.69,254,1.9000000000000001,,,,,,,,,,,,,,,,,,,,,,,,,,,,,,,,,
2001,6,27,10,30,125,840,32.61,3.2,28,56.800000000000004,258,1.7000000000000002,,,,,,,,,,,,,,,,,,,,,,,,,,,,,,,,,
2001,6,27,11,30,131,859,23.67,3.3000000000000003,28.6,55.160000000000004,256,1.5,,,,,,,,,,,,,,,,,,,,,,,,,,,,,,,,,
2001,6,27,12,30,133,864,19.06,3.4000000000000004,28.900000000000002,54.13,246,1.4000000000000001,,,,,,,,,,,,,,,,,,,,,,,,,,,,,,,,,
2001,6,27,13,30,501,215,21.84,3.5,28.900000000000002,53.550000000000004,230,1.4000000000000001,,,,,,,,,,,,,,,,,,,,,,,,,,,,,,,,,
2001,6,27,14,30,469,179,29.98,3.5,28.8,53.33,217,1.6,,,,,,,,,,,,,,,,,,,,,,,,,,,,,,,,,
2001,6,27,15,30,406,216,40.24,3.6,28.6,53.620000000000005,210,1.8,,,,,,,,,,,,,,,,,,,,,,,,,,,,,,,,,
2001,6,27,16,30,128,714,51.2,3.6,28.1,55.35,208,1.9000000000000001,,,,,,,,,,,,,,,,,,,,,,,,,,,,,,,,,
2001,6,27,17,30,108,629,62.26,3.5,27.5,57.94,214,1.7000000000000002,,,,,,,,,,,,,,,,,,,,,,,,,,,,,,,,,
2001,6,27,18,30,126,268,73.09,3.5,26,64.21000000000001,228,1.2000000000000002,,,,,,,,,,,,,,,,,,,,,,,,,,,,,,,,,
2001,6,27,19,30,42,0,83.36,3.5,24,81.10000000000001,247,0.9,,,,,,,,,,,,,,,,,,,,,,,,,,,,,,,,,
2001,6,27,20,30,0,0,93.02,3.5,22.6,80.08,266,0.9,,,,,,,,,,,,,,,,,,,,,,,,,,,,,,,,,
2001,6,27,21,30,0,0,101.38,3.4000000000000004,22,80.67,280,0.9,,,,,,,,,,,,,,,,,,,,,,,,,,,,,,,,,
2001,6,27,22,30,0,0,108.07000000000001,3.4000000000000004,21.400000000000002,82.02,284,0.9,,,,,,,,,,,,,,,,,,,,,,,,,,,,,,,,,
2001,6,27,23,30,0,0,112.57000000000001,3.3000000000000003,20.900000000000002,83,277,0.9,,,,,,,,,,,,,,,,,,,,,,,,,,,,,,,,,
2001,6,28,0,30,0,0,114.41,3.2,20.3,84.75,263,0.9,,,,,,,,,,,,,,,,,,,,,,,,,,,,,,,,,
2001,6,28,1,30,0,0,113.36,3.1,19.400000000000002,88.53,255,0.9,,,,,,,,,,,,,,,,,,,,,,,,,,,,,,,,,
2001,6,28,2,30,0,0,109.54,3.1,18.6,92.02,259,1,,,,,,,,,,,,,,,,,,,,,,,,,,,,,,,,,
2001,6,28,3,30,0,0,103.39,3,17.900000000000002,94.95,268,1.1,,,,,,,,,,,,,,,,,,,,,,,,,,,,,,,,,
2001,6,28,4,30,0,0,95.44,3,17.8,94.25,275,1.2000000000000002,,,,,,,,,,,,,,,,,,,,,,,,,,,,,,,,,
2001,6,28,5,30,26,137,86,3,19.1,88.11,279,1.7000000000000002,,,,,,,,,,,,,,,,,,,,,,,,,,,,,,,,,
2001,6,28,6,30,74,427,75.97,2.9000000000000004,21,79.97,277,2,,,,,,,,,,,,,,,,,,,,,,,,,,,,,,,,,
2001,6,28,7,30,113,568,65.26,2.9000000000000004,23.3,72.44,275,1.9000000000000001,,,,,,,,,,,,,,,,,,,,,,,,,,,,,,,,,
2001,6,28,8,30,136,676,54.24,2.9000000000000004,25.8,62.76,279,1.9000000000000001,,,,,,,,,,,,,,,,,,,,,,,,,,,,,,,,,
2001,6,28,9,30,153,740,43.21,3,27.400000000000002,57.22,286,1.8,,,,,,,,,,,,,,,,,,,,,,,,,,,,,,,,,
2001,6,28,10,30,163,783,32.68,3,28.3,55,286,1.6,,,,,,,,,,,,,,,,,,,,,,,,,,,,,,,,,
2001,6,28,11,30,165,812,23.73,3.1,29,53.26,276,1.4000000000000001,,,,,,,,,,,,,,,,,,,,,,,,,,,,,,,,,
2001,6,28,12,30,510,221,19.11,3.1,29.5,51.660000000000004,258,1.3,,,,,,,,,,,,,,,,,,,,,,,,,,,,,,,,,
2001,6,28,13,30,158,827,21.86,3.1,29.8,50.550000000000004,242,1.5,,,,,,,,,,,,,,,,,,,,,,,,,,,,,,,,,
2001,6,28,14,30,148,816,29.98,3.1,29.8,50.050000000000004,238,1.8,,,,,,,,,,,,,,,,,,,,,,,,,,,,,,,,,
2001,6,28,15,30,138,786,40.24,3.1,29.6,50.14,246,1.9000000000000001,,,,,,,,,,,,,,,,,,,,,,,,,,,,,,,,,
2001,6,28,16,30,125,730,51.19,3.1,29.200000000000003,51.14,259,1.8,,,,,,,,,,,,,,,,,,,,,,,,,,,,,,,,,
2001,6,28,17,30,108,639,62.26,3.1,28.5,54.22,268,1.5,,,,,,,,,,,,,,,,,,,,,,,,,,,,,,,,,
2001,6,28,18,30,81,495,73.09,3.1,27,58.54,269,1.1,,,,,,,,,,,,,,,,,,,,,,,,,,,,,,,,,
2001,6,28,19,30,40,242,83.36,3,24.900000000000002,76.75,267,0.9,,,,,,,,,,,,,,,,,,,,,,,,,,,,,,,,,
2001,6,28,20,30,0,0,93.03,3,23.5,75.02,267,1,,,,,,,,,,,,,,,,,,,,,,,,,,,,,,,,,
2001,6,28,21,30,0,0,101.39,2.9000000000000004,22.700000000000003,75.8,263,1,,,,,,,,,,,,,,,,,,,,,,,,,,,,,,,,,
2001,6,28,22,30,0,0,108.10000000000001,2.9000000000000004,21.8,77.96000000000001,256,1,,,,,,,,,,,,,,,,,,,,,,,,,,,,,,,,,
2001,6,28,23,30,0,0,112.61,2.9000000000000004,20.8,81.21000000000001,249,1,,,,,,,,,,,,,,,,,,,,,,,,,,,,,,,,,
2001,6,29,0,30,0,0,114.46000000000001,2.9000000000000004,19.900000000000002,83.9,244,1.1,,,,,,,,,,,,,,,,,,,,,,,,,,,,,,,,,
2001,6,29,1,30,0,0,113.41,2.8000000000000003,19.200000000000003,85.45,240,1.1,,,,,,,,,,,,,,,,,,,,,,,,,,,,,,,,,
2001,6,29,2,30,0,0,109.61,2.8000000000000003,18.5,86.96000000000001,239,1.2000000000000002,,,,,,,,,,,,,,,,,,,,,,,,,,,,,,,,,
2001,6,29,3,30,0,0,103.46000000000001,2.8000000000000003,17.900000000000002,88.02,241,1.2000000000000002,,,,,,,,,,,,,,,,,,,,,,,,,,,,,,,,,
2001,6,29,4,30,0,0,95.51,2.9000000000000004,17.8,86.77,247,1.1,,,,,,,,,,,,,,,,,,,,,,,,,,,,,,,,,
2001,6,29,5,30,23,0,86.07000000000001,3,19.3,81.27,255,1.4000000000000001,,,,,,,,,,,,,,,,,,,,,,,,,,,,,,,,,
2001,6,29,6,30,72,430,76.04,3.2,21.3,73.37,257,1.5,,,,,,,,,,,,,,,,,,,,,,,,,,,,,,,,,
2001,6,29,7,30,115,555,65.33,3.4000000000000004,23.5,65.91,248,1.4000000000000001,,,,,,,,,,,,,,,,,,,,,,,,,,,,,,,,,
2001,6,29,8,30,145,644,54.300000000000004,3.6,26.200000000000003,59.660000000000004,239,1.7000000000000002,,,,,,,,,,,,,,,,,,,,,,,,,,,,,,,,,
2001,6,29,9,30,170,698,43.28,3.7,28,51.45,232,2.3000000000000003,,,,,,,,,,,,,,,,,,,,,,,,,,,,,,,,,
2001,6,29,10,30,189,729,32.75,3.8000000000000003,28.8,50.69,224,2.6,,,,,,,,,,,,,,,,,,,,,,,,,,,,,,,,,
2001,6,29,11,30,202,746,23.8,3.9000000000000004,29.3,50.97,220,2.9000000000000004,,,,,,,,,,,,,,,,,,,,,,,,,,,,,,,,,
2001,6,29,12,30,208,752,19.17,3.9000000000000004,29.5,52.01,218,3.1,,,,,,,,,,,,,,,,,,,,,,,,,,,,,,,,,
2001,6,29,13,30,513,208,21.89,4,29.6,52.82,220,3.4000000000000004,,,,,,,,,,,,,,,,,,,,,,,,,,,,,,,,,
2001,6,29,14,30,480,168,29.990000000000002,4,29.6,53.61,224,3.5,,,,,,,,,,,,,,,,,,,,,,,,,,,,,,,,,
2001,6,29,15,30,396,85,40.24,4,29.1,55.53,231,3.5,,,,,,,,,,,,,,,,,,,,,,,,,,,,,,,,,
2001,6,29,16,30,166,625,51.19,4.1000000000000005,28.400000000000002,58.47,240,3.3000000000000003,,,,,,,,,,,,,,,,,,,,,,,,,,,,,,,,,
2001,6,29,17,30,255,129,62.25,4.1000000000000005,27.5,63.230000000000004,248,2.8000000000000003,,,,,,,,,,,,,,,,,,,,,,,,,,,,,,,,,
2001,6,29,18,30,122,4,73.09,4,26,72.45,254,2,,,,,,,,,,,,,,,,,,,,,,,,,,,,,,,,,
2001,6,29,19,30,17,0,83.37,4,24.1,84.83,259,1.4000000000000001,,,,,,,,,,,,,,,,,,,,,,,,,,,,,,,,,
2001,6,29,20,30,0,0,93.04,3.9000000000000004,22.8,88.32000000000001,261,1.3,,,,,,,,,,,,,,,,,,,,,,,,,,,,,,,,,
2001,6,29,21,30,0,0,101.41,3.8000000000000003,22.1,90.49,262,1.4000000000000001,,,,,,,,,,,,,,,,,,,,,,,,,,,,,,,,,
2001,6,29,22,30,0,0,108.13,3.7,21.5,91.97,262,1.4000000000000001,,,,,,,,,,,,,,,,,,,,,,,,,,,,,,,,,
2001,6,29,23,30,0,0,112.66,3.7,20.900000000000002,92.94,260,1.4000000000000001,,,,,,,,,,,,,,,,,,,,,,,,,,,,,,,,,
2001,6,30,0,30,0,0,114.52,3.6,20.400000000000002,92.94,257,1.5,,,,,,,,,,,,,,,,,,,,,,,,,,,,,,,,,
2001,6,30,1,30,0,0,113.48,3.5,20,92.49,254,1.6,,,,,,,,,,,,,,,,,,,,,,,,,,,,,,,,,
2001,6,30,2,30,0,0,109.68,3.5,19.6,92.73,250,1.8,,,,,,,,,,,,,,,,,,,,,,,,,,,,,,,,,
2001,6,30,3,30,0,0,103.53,3.5,19.200000000000003,93.72,248,1.9000000000000001,,,,,,,,,,,,,,,,,,,,,,,,,,,,,,,,,
2001,6,30,4,30,0,0,95.59,3.5,19.200000000000003,92.81,249,2.2,,,,,,,,,,,,,,,,,,,,,,,,,,,,,,,,,
2001,6,30,5,30,24,101,86.14,3.6,20.1,87.93,247,2.7,,,,,,,,,,,,,,,,,,,,,,,,,,,,,,,,,
2001,6,30,6,30,80,369,76.11,3.7,21.700000000000003,81.31,238,2.8000000000000003,,,,,,,,,,,,,,,,,,,,,,,,,,,,,,,,,
2001,6,30,7,30,114,550,65.4,3.7,24.200000000000003,73.66,238,3.1,,,,,,,,,,,,,,,,,,,,,,,,,,,,,,,,,
2001,6,30,8,30,135,662,54.38,3.8000000000000003,26.5,64.63,252,3.9000000000000004,,,,,,,,,,,,,,,,,,,,,,,,,,,,,,,,,
2001,6,30,9,30,156,719,43.35,3.9000000000000004,27.6,60.54,261,4.5,,,,,,,,,,,,,,,,,,,,,,,,,,,,,,,,,
2001,6,30,10,30,168,760,32.82,4,28.200000000000003,59.11,260,4.6000000000000005,,,,,,,,,,,,,,,,,,,,,,,,,,,,,,,,,
2001,6,30,11,30,170,792,23.88,3.9000000000000004,28.700000000000003,57.71,253,4.7,,,,,,,,,,,,,,,,,,,,,,,,,,,,,,,,,
2001,6,30,12,30,507,204,19.240000000000002,3.9000000000000004,29,56.81,249,4.800000000000001,,,,,,,,,,,,,,,,,,,,,,,,,,,,,,,,,
2001,6,30,13,30,174,794,21.93,3.8000000000000003,29.200000000000003,55.89,250,4.9,,,,,,,,,,,,,,,,,,,,,,,,,,,,,,,,,
2001,6,30,14,30,420,63,30.01,3.7,29.3,55.21,253,5,,,,,,,,,,,,,,,,,,,,,,,,,,,,,,,,,
2001,6,30,15,30,420,170,40.24,3.6,29.200000000000003,54.77,258,4.9,,,,,,,,,,,,,,,,,,,,,,,,,,,,,,,,,
2001,6,30,16,30,143,683,51.19,3.6,28.6,56.04,264,4.6000000000000005,,,,,,,,,,,,,,,,,,,,,,,,,,,,,,,,,
2001,6,30,17,30,117,605,62.25,3.5,27.6,59.88,268,3.8000000000000003,,,,,,,,,,,,,,,,,,,,,,,,,,,,,,,,,
2001,6,30,18,30,83,477,73.09,3.4000000000000004,25.900000000000002,68.64,268,2.7,,,,,,,,,,,,,,,,,,,,,,,,,,,,,,,,,
2001,6,30,19,30,35,1,83.37,3.2,19.1,94.10000000000001,288,0.8,,,,,,,,,,,,,,,,,,,,,,,,,,,,,,,,,
2001,6,30,20,30,0,0,93.05,3.1,18.1,95.09,292,0.9,,,,,,,,,,,,,,,,,,,,,,,,,,,,,,,,,
2001,6,30,21,30,0,0,101.43,3,17.5,97.15,294,1.2000000000000002,,,,,,,,,,,,,,,,,,,,,,,,,,,,,,,,,
2001,6,30,22,30,0,0,108.15,2.8000000000000003,17,98.27,298,1.7000000000000002,,,,,,,,,,,,,,,,,,,,,,,,,,,,,,,,,
2001,6,30,23,30,0,0,112.69,2.6,16.400000000000002,100,302,2.1,,,,,,,,,,,,,,,,,,,,,,,,,,,,,,,,,
2015,7,1,0,30,0,0,114.56,2.5,15.700000000000001,100,306,2.4000000000000004,,,,,,,,,,,,,,,,,,,,,,,,,,,,,,,,,
2015,7,1,1,30,0,0,113.53,2.4000000000000004,15,100,309,2.7,,,,,,,,,,,,,,,,,,,,,,,,,,,,,,,,,
2015,7,1,2,30,0,0,109.73,2.3000000000000003,14.3,100,309,2.9000000000000004,,,,,,,,,,,,,,,,,,,,,,,,,,,,,,,,,
2015,7,1,3,30,0,0,103.59,2.3000000000000003,13.5,100,307,3,,,,,,,,,,,,,,,,,,,,,,,,,,,,,,,,,
2015,7,1,4,30,0,0,95.64,2.3000000000000003,12.9,100,304,3.1,,,,,,,,,,,,,,,,,,,,,,,,,,,,,,,,,
2015,7,1,5,30,24,102,86.19,2.2,12.8,96.77,304,3.3000000000000003,,,,,,,,,,,,,,,,,,,,,,,,,,,,,,,,,
2015,7,1,6,30,105,4,76.17,2.2,13.700000000000001,91.19,307,3.5,,,,,,,,,,,,,,,,,,,,,,,,,,,,,,,,,
2015,7,1,7,30,51,0,65.46000000000001,2.1,15.3,84.86,309,3.5,,,,,,,,,,,,,,,,,,,,,,,,,,,,,,,,,
2015,7,1,8,30,98,0,54.43,2,17.3,78.71000000000001,306,3.5,,,,,,,,,,,,,,,,,,,,,,,,,,,,,,,,,
2015,7,1,9,30,151,0,43.410000000000004,1.9000000000000001,19,73.09,301,3.3000000000000003,,,,,,,,,,,,,,,,,,,,,,,,,,,,,,,,,
2015,7,1,10,30,282,1,32.88,1.9000000000000001,20.200000000000003,69.49,295,3.2,,,,,,,,,,,,,,,,,,,,,,,,,,,,,,,,,
2015,7,1,11,30,225,0,23.94,1.8,20.900000000000002,67.8,291,3.1,,,,,,,,,,,,,,,,,,,,,,,,,,,,,,,,,
2015,7,1,12,30,515,170,19.28,1.8,21.5,66.21000000000001,289,3,,,,,,,,,,,,,,,,,,,,,,,,,,,,,,,,,
2015,7,1,13,30,464,59,21.95,1.8,21.700000000000003,65.86,288,3,,,,,,,,,,,,,,,,,,,,,,,,,,,,,,,,,
2015,7,1,14,30,302,1,30.01,1.8,21.6,65.98,289,3,,,,,,,,,,,,,,,,,,,,,,,,,,,,,,,,,
2015,7,1,15,30,385,58,40.24,1.8,21.3,65.95,296,2.9000000000000004,,,,,,,,,,,,,,,,,,,,,,,,,,,,,,,,,
2015,7,1,16,30,232,475,51.19,1.8,20.8,67.08,307,2.8000000000000003,,,,,,,,,,,,,,,,,,,,,,,,,,,,,,,,,
2015,7,1,17,30,160,481,62.25,1.8,19.900000000000002,69.85000000000001,321,2.4000000000000004,,,,,,,,,,,,,,,,,,,,,,,,,,,,,,,,,
2015,7,1,18,30,142,77,73.09,1.8,18.6,76.68,335,1.8,,,,,,,,,,,,,,,,,,,,,,,,,,,,,,,,,
2015,7,1,19,30,35,1,83.39,1.9000000000000001,17.3,87.18,348,1.3,,,,,,,,,,,,,,,,,,,,,,,,,,,,,,,,,
2015,7,1,20,30,0,0,93.08,2,16.5,91.65,183,1.2000000000000002,,,,,,,,,,,,,,,,,,,,,,,,,,,,,,,,,
2015,7,1,21,30,0,0,101.46000000000001,2,16,93.77,18,1.3,,,,,,,,,,,,,,,,,,,,,,,,,,,,,,,,,
2015,7,1,22,30,0,0,108.2,2.1,15.5,96.25,32,1.3,,,,,,,,,,,,,,,,,,,,,,,,,,,,,,,,,
2015,7,1,23,30,0,0,112.74000000000001,2,14.9,98.91,42,1.2000000000000002,,,,,,,,,,,,,,,,,,,,,,,,,,,,,,,,,
2015,7,2,0,30,0,0,114.63,1.9000000000000001,14.200000000000001,100,48,1.2000000000000002,,,,,,,,,,,,,,,,,,,,,,,,,,,,,,,,,
2015,7,2,1,30,0,0,113.60000000000001,1.9000000000000001,13.600000000000001,100,51,1.2000000000000002,,,,,,,,,,,,,,,,,,,,,,,,,,,,,,,,,
2015,7,2,2,30,0,0,109.81,1.8,13,100,53,1.3,,,,,,,,,,,,,,,,,,,,,,,,,,,,,,,,,
2015,7,2,3,30,0,0,103.67,1.8,12.5,100,54,1.4000000000000001,,,,,,,,,,,,,,,,,,,,,,,,,,,,,,,,,
2015,7,2,4,30,0,0,95.72,1.8,12.600000000000001,100,54,1.8,,,,,,,,,,,,,,,,,,,,,,,,,,,,,,,,,
2015,7,2,5,30,23,131,86.27,1.8,13.5,94.98,55,2.5,,,,,,,,,,,,,,,,,,,,,,,,,,,,,,,,,
2015,7,2,6,30,73,433,76.24,1.8,15,86.78,59,2.9000000000000004,,,,,,,,,,,,,,,,,,,,,,,,,,,,,,,,,
2015,7,2,7,30,104,614,65.53,1.8,16.5,78.66,61,3,,,,,,,,,,,,,,,,,,,,,,,,,,,,,,,,,
2015,7,2,8,30,122,726,54.51,1.8,18,72.12,58,3.1,,,,,,,,,,,,,,,,,,,,,,,,,,,,,,,,,
2015,7,2,9,30,132,801,43.480000000000004,1.7000000000000002,19.400000000000002,67.62,52,3.2,,,,,,,,,,,,,,,,,,,,,,,,,,,,,,,,,
2015,7,2,10,30,139,841,32.96,1.8,20.5,64.2,50,3.2,,,,,,,,,,,,,,,,,,,,,,,,,,,,,,,,,
2015,7,2,11,30,499,163,24.02,1.8,21.400000000000002,61.160000000000004,48,3.1,,,,,,,,,,,,,,,,,,,,,,,,,,,,,,,,,
2015,7,2,12,30,136,887,19.36,1.8,22.1,59.07,46,3,,,,,,,,,,,,,,,,,,,,,,,,,,,,,,,,,
2015,7,2,13,30,163,837,22,1.9000000000000001,22.400000000000002,57.74,42,3.1,,,,,,,,,,,,,,,,,,,,,,,,,,,,,,,,,
2015,7,2,14,30,150,832,30.04,1.9000000000000001,22.5,56.910000000000004,38,3.1,,,,,,,,,,,,,,,,,,,,,,,,,,,,,,,,,
2015,7,2,15,30,134,813,40.25,1.8,22.3,56.75,37,3.2,,,,,,,,,,,,,,,,,,,,,,,,,,,,,,,,,
2015,7,2,16,30,115,773,51.2,1.8,21.700000000000003,57.88,38,3.3000000000000003,,,,,,,,,,,,,,,,,,,,,,,,,,,,,,,,,
2015,7,2,17,30,94,705,62.26,1.7000000000000002,20.8,60.13,42,3,,,,,,,,,,,,,,,,,,,,,,,,,,,,,,,,,
2015,7,2,18,30,68,582,73.11,1.6,18.900000000000002,69.28,48,2.2,,,,,,,,,,,,,,,,,,,,,,,,,,,,,,,,,
2015,7,2,19,30,34,338,83.4,1.5,16.3,84.4,57,1.7000000000000002,,,,,,,,,,,,,,,,,,,,,,,,,,,,,,,,,
2015,7,2,20,30,0,0,93.10000000000001,1.4000000000000001,14.5,86.88,64,1.7000000000000002,,,,,,,,,,,,,,,,,,,,,,,,,,,,,,,,,
2015,7,2,21,30,0,0,101.5,1.3,13.5,87.76,69,1.7000000000000002,,,,,,,,,,,,,,,,,,,,,,,,,,,,,,,,,
2015,7,2,22,30,0,0,108.25,1.2000000000000002,12.4,89.42,70,1.6,,,,,,,,,,,,,,,,,,,,,,,,,,,,,,,,,
2015,7,2,23,30,0,0,112.81,1.2000000000000002,11.5,89.65,70,1.5,,,,,,,,,,,,,,,,,,,,,,,,,,,,,,,,,
2015,7,3,0,30,0,0,114.7,1.1,10.8,88.62,68,1.5,,,,,,,,,,,,,,,,,,,,,,,,,,,,,,,,,
2015,7,3,1,30,0,0,113.69,1,10.100000000000001,88.36,68,1.4000000000000001,,,,,,,,,,,,,,,,,,,,,,,,,,,,,,,,,
2015,7,3,2,30,0,0,109.9,0.9,9.4,89.27,71,1.4000000000000001,,,,,,,,,,,,,,,,,,,,,,,,,,,,,,,,,
2015,7,3,3,30,0,0,103.76,0.9,9,89.81,78,1.3,,,,,,,,,,,,,,,,,,,,,,,,,,,,,,,,,
2015,7,3,4,30,0,0,95.81,0.9,9.1,89.23,83,1.2000000000000002,,,,,,,,,,,,,,,,,,,,,,,,,,,,,,,,,
2015,7,3,5,30,30,6,86.35000000000001,0.9,10.700000000000001,83.97,78,1.5,,,,,,,,,,,,,,,,,,,,,,,,,,,,,,,,,
2015,7,3,6,30,103,288,76.33,0.9,12.9,77.63,63,2,,,,,,,,,,,,,,,,,,,,,,,,,,,,,,,,,
2015,7,3,7,30,146,512,65.61,0.9,14.9,70.67,53,2.2,,,,,,,,,,,,,,,,,,,,,,,,,,,,,,,,,
2015,7,3,8,30,172,533,54.59,1,17,63.980000000000004,52,2.3000000000000003,,,,,,,,,,,,,,,,,,,,,,,,,,,,,,,,,
2015,7,3,9,30,216,641,43.57,1.1,18.5,56.730000000000004,53,2.4000000000000004,,,,,,,,,,,,,,,,,,,,,,,,,,,,,,,,,
2015,7,3,10,30,256,628,33.04,1.2000000000000002,19.400000000000002,54.72,61,2.1,,,,,,,,,,,,,,,,,,,,,,,,,,,,,,,,,
2015,7,3,11,30,428,451,24.11,1.3,20.1,53.93,89,1.5,,,,,,,,,,,,,,,,,,,,,,,,,,,,,,,,,
2015,7,3,12,30,423,299,19.44,1.4000000000000001,20.400000000000002,54.82,112,1.1,,,,,,,,,,,,,,,,,,,,,,,,,,,,,,,,,
2015,7,3,13,30,261,681,22.05,1.4000000000000001,20.5,55.79,65,0.8,,,,,,,,,,,,,,,,,,,,,,,,,,,,,,,,,
2015,7,3,14,30,417,77,30.07,1.5,20.6,55.800000000000004,185,0.9,,,,,,,,,,,,,,,,,,,,,,,,,,,,,,,,,
2015,7,3,15,30,324,344,40.27,1.5,20.6,56.31,183,1.1,,,,,,,,,,,,,,,,,,,,,,,,,,,,,,,,,
2015,7,3,16,30,238,478,51.21,1.6,20.700000000000003,57.370000000000005,25,0.9,,,,,,,,,,,,,,,,,,,,,,,,,,,,,,,,,
2015,7,3,17,30,111,655,62.28,1.6,20.400000000000002,57.4,61,0.6000000000000001,,,,,,,,,,,,,,,,,,,,,,,,,,,,,,,,,
2015,7,3,18,30,82,511,73.13,1.5,19.6,63.49,98,0.5,,,,,,,,,,,,,,,,,,,,,,,,,,,,,,,,,
2015,7,3,19,30,38,259,83.43,1.5,18.6,66.46000000000001,129,0.6000000000000001,,,,,,,,,,,,,,,,,,,,,,,,,,,,,,,,,
2015,7,3,20,30,0,0,93.14,1.5,17.8,64.7,157,0.7000000000000001,,,,,,,,,,,,,,,,,,,,,,,,,,,,,,,,,
2015,7,3,21,30,0,0,101.54,1.6,17.1,67.61,187,0.8,,,,,,,,,,,,,,,,,,,,,,,,,,,,,,,,,
2015,7,3,22,30,0,0,108.3,1.6,16.1,71.99,225,0.8,,,,,,,,,,,,,,,,,,,,,,,,,,,,,,,,,
2015,7,3,23,30,0,0,112.88,1.7000000000000002,14.9,76.87,263,1,,,,,,,,,,,,,,,,,,,,,,,,,,,,,,,,,
2015,7,4,0,30,0,0,114.78,1.8,13.600000000000001,81.74,291,1.1,,,,,,,,,,,,,,,,,,,,,,,,,,,,,,,,,
2015,7,4,1,30,0,0,113.77,1.9000000000000001,12.600000000000001,83.79,304,1.2000000000000002,,,,,,,,,,,,,,,,,,,,,,,,,,,,,,,,,
2015,7,4,2,30,0,0,109.99000000000001,2,12.100000000000001,82.68,307,1.1,,,,,,,,,,,,,,,,,,,,,,,,,,,,,,,,,
2015,7,4,3,30,0,0,103.85000000000001,2,11.700000000000001,81.8,305,1.1,,,,,,,,,,,,,,,,,,,,,,,,,,,,,,,,,
2015,7,4,4,30,0,0,95.9,2,11.5,80.89,305,1.1,,,,,,,,,,,,,,,,,,,,,,,,,,,,,,,,,
2015,7,4,5,30,20,142,86.44,2,12.8,76.66,308,1.2000000000000002,,,,,,,,,,,,,,,,,,,,,,,,,,,,,,,,,
2015,7,4,6,30,68,440,76.41,1.9000000000000001,15.100000000000001,73.98,313,1.7000000000000002,,,,,,,,,,,,,,,,,,,,,,,,,,,,,,,,,
2015,7,4,7,30,100,613,65.7,1.9000000000000001,17.3,63.370000000000005,317,1.9000000000000001,,,,,,,,,,,,,,,,,,,,,,,,,,,,,,,,,
2015,7,4,8,30,123,710,54.67,2,20.1,58.93,322,1.9000000000000001,,,,,,,,,,,,,,,,,,,,,,,,,,,,,,,,,
2015,7,4,9,30,144,764,43.65,2,22.200000000000003,51.22,326,1.8,,,,,,,,,,,,,,,,,,,,,,,,,,,,,,,,,
2015,7,4,10,30,222,687,33.13,2.1,23.200000000000003,50.02,321,1.4000000000000001,,,,,,,,,,,,,,,,,,,,,,,,,,,,,,,,,
2015,7,4,11,30,244,697,24.2,2.2,24.1,49.57,307,1.1,,,,,,,,,,,,,,,,,,,,,,,,,,,,,,,,,
2015,7,4,12,30,253,699,19.53,2.3000000000000003,24.700000000000003,49.42,295,0.9,,,,,,,,,,,,,,,,,,,,,,,,,,,,,,,,,
2015,7,4,13,30,291,633,22.11,2.3000000000000003,25,49.59,293,1,,,,,,,,,,,,,,,,,,,,,,,,,,,,,,,,,
2015,7,4,14,30,284,600,30.1,2.4000000000000004,25.1,50.300000000000004,292,1,,,,,,,,,,,,,,,,,,,,,,,,,,,,,,,,,
2015,7,4,15,30,261,558,40.29,2.4000000000000004,25.1,51.07,287,1,,,,,,,,,,,,,,,,,,,,,,,,,,,,,,,,,
2015,7,4,16,30,205,548,51.230000000000004,2.3000000000000003,24.8,52.76,283,0.9,,,,,,,,,,,,,,,,,,,,,,,,,,,,,,,,,
2015,7,4,17,30,161,470,62.300000000000004,2.2,24.400000000000002,56.63,285,0.8,,,,,,,,,,,,,,,,,,,,,,,,,,,,,,,,,
2015,7,4,18,30,106,340,73.15,2.2,23.200000000000003,58.95,280,0.7000000000000001,,,,,,,,,,,,,,,,,,,,,,,,,,,,,,,,,
2015,7,4,19,30,38,148,83.46000000000001,2.2,21.700000000000003,69.12,265,0.6000000000000001,,,,,,,,,,,,,,,,,,,,,,,,,,,,,,,,,
2015,7,4,20,30,0,0,93.18,2.1,20.700000000000003,63.690000000000005,249,0.8,,,,,,,,,,,,,,,,,,,,,,,,,,,,,,,,,
2015,7,4,21,30,0,0,101.59,2.1,19.400000000000002,68.14,239,1,,,,,,,,,,,,,,,,,,,,,,,,,,,,,,,,,
2015,7,4,22,30,0,0,108.37,2.1,18.3,72.81,236,1.1,,,,,,,,,,,,,,,,,,,,,,,,,,,,,,,,,
2015,7,4,23,30,0,0,112.95,2.1,17.3,76.33,236,1.2000000000000002,,,,,,,,,,,,,,,,,,,,,,,,,,,,,,,,,
2015,7,5,0,30,0,0,114.87,2.2,16.3,80.49,236,1.2000000000000002,,,,,,,,,,,,,,,,,,,,,,,,,,,,,,,,,
2015,7,5,1,30,0,0,113.87,2.2,15.5,83.95,237,1.2000000000000002,,,,,,,,,,,,,,,,,,,,,,,,,,,,,,,,,
2015,7,5,2,30,0,0,110.09,2.2,15,85.47,240,1.2000000000000002,,,,,,,,,,,,,,,,,,,,,,,,,,,,,,,,,
2015,7,5,3,30,0,0,103.95,2.2,14.700000000000001,85.46000000000001,249,1.1,,,,,,,,,,,,,,,,,,,,,,,,,,,,,,,,,
2015,7,5,4,30,0,0,96,2.2,14.700000000000001,84.10000000000001,259,1.1,,,,,,,,,,,,,,,,,,,,,,,,,,,,,,,,,
2015,7,5,5,30,18,75,86.53,2.2,15.8,79.83,268,1,,,,,,,,,,,,,,,,,,,,,,,,,,,,,,,,,
2015,7,5,6,30,86,291,76.5,2.2,17.7,81.31,276,1.1,,,,,,,,,,,,,,,,,,,,,,,,,,,,,,,,,
2015,7,5,7,30,142,450,65.79,2.1,19.5,70.3,277,1,,,,,,,,,,,,,,,,,,,,,,,,,,,,,,,,,
2015,7,5,8,30,183,554,54.76,2.2,22.1,64.78,258,0.8,,,,,,,,,,,,,,,,,,,,,,,,,,,,,,,,,
2015,7,5,9,30,213,624,43.74,2.2,24.3,56.77,224,0.9,,,,,,,,,,,,,,,,,,,,,,,,,,,,,,,,,
2015,7,5,10,30,247,651,33.22,2.2,25.3,54.88,198,1,,,,,,,,,,,,,,,,,,,,,,,,,,,,,,,,,
2015,7,5,11,30,386,477,24.3,2.3000000000000003,26,54.36,182,1.2000000000000002,,,,,,,,,,,,,,,,,,,,,,,,,,,,,,,,,
2015,7,5,12,30,376,505,19.62,2.3000000000000003,26.400000000000002,54.53,170,1.3,,,,,,,,,,,,,,,,,,,,,,,,,,,,,,,,,
2015,7,5,13,30,440,412,22.18,2.3000000000000003,26.6,54.660000000000004,161,1.6,,,,,,,,,,,,,,,,,,,,,,,,,,,,,,,,,
2015,7,5,14,30,292,593,30.14,2.4000000000000004,26.5,55.46,156,1.8,,,,,,,,,,,,,,,,,,,,,,,,,,,,,,,,,
2015,7,5,15,30,379,373,40.32,2.4000000000000004,26.200000000000003,56.7,154,2,,,,,,,,,,,,,,,,,,,,,,,,,,,,,,,,,
2015,7,5,16,30,329,230,51.25,2.3000000000000003,25.5,59.01,153,2,,,,,,,,,,,,,,,,,,,,,,,,,,,,,,,,,
2015,7,5,17,30,250,89,62.32,2.3000000000000003,24.3,64.95,153,1.7000000000000002,,,,,,,,,,,,,,,,,,,,,,,,,,,,,,,,,
2015,7,5,18,30,118,272,73.18,2.2,22.200000000000003,75.2,154,1.4000000000000001,,,,,,,,,,,,,,,,,,,,,,,,,,,,,,,,,
2015,7,5,19,30,37,109,83.49,2.1,19.900000000000002,86.74,155,1.2000000000000002,,,,,,,,,,,,,,,,,,,,,,,,,,,,,,,,,
2015,7,5,20,30,0,0,93.22,2,18.400000000000002,85.02,156,1.3,,,,,,,,,,,,,,,,,,,,,,,,,,,,,,,,,
2015,7,5,21,30,0,0,101.65,2,17.6,84.63,157,1.3,,,,,,,,,,,,,,,,,,,,,,,,,,,,,,,,,
2015,7,5,22,30,0,0,108.44,1.9000000000000001,16.8,85.51,159,1.2000000000000002,,,,,,,,,,,,,,,,,,,,,,,,,,,,,,,,,
2015,7,5,23,30,0,0,113.04,1.9000000000000001,16.1,86.99,163,1.2000000000000002,,,,,,,,,,,,,,,,,,,,,,,,,,,,,,,,,
2015,7,6,0,30,0,0,114.96000000000001,1.9000000000000001,15.600000000000001,88.55,169,1.2000000000000002,,,,,,,,,,,,,,,,,,,,,,,,,,,,,,,,,
2015,7,6,1,30,0,0,113.97,1.9000000000000001,15.200000000000001,90.34,176,1.1,,,,,,,,,,,,,,,,,,,,,,,,,,,,,,,,,
2015,7,6,2,30,0,0,110.19,1.9000000000000001,14.9,92.27,187,1.1,,,,,,,,,,,,,,,,,,,,,,,,,,,,,,,,,
2015,7,6,3,30,0,0,104.05,2,14.8,93.15,198,1,,,,,,,,,,,,,,,,,,,,,,,,,,,,,,,,,
2015,7,6,4,30,0,0,96.10000000000001,2,14.9,92.72,206,1,,,,,,,,,,,,,,,,,,,,,,,,,,,,,,,,,
2015,7,6,5,30,15,61,86.62,2,15.9,87.92,218,0.9,,,,,,,,,,,,,,,,,,,,,,,,,,,,,,,,,
2015,7,6,6,30,91,247,76.59,2,17.7,86.4,228,1.3,,,,,,,,,,,,,,,,,,,,,,,,,,,,,,,,,
2015,7,6,7,30,159,390,65.88,2.1,19.6,77.93,229,1.4000000000000001,,,,,,,,,,,,,,,,,,,,,,,,,,,,,,,,,
2015,7,6,8,30,210,494,54.85,2.1,22.200000000000003,72.05,219,1.3,,,,,,,,,,,,,,,,,,,,,,,,,,,,,,,,,
2015,7,6,9,30,242,575,43.83,2.1,24.6,63.27,193,1.6,,,,,,,,,,,,,,,,,,,,,,,,,,,,,,,,,
2015,7,6,10,30,229,683,33.32,2.1,25.900000000000002,59.21,179,2.1,,,,,,,,,,,,,,,,,,,,,,,,,,,,,,,,,
2015,7,6,11,30,237,718,24.400000000000002,2,26.700000000000003,57.11,184,2.6,,,,,,,,,,,,,,,,,,,,,,,,,,,,,,,,,
2015,7,6,12,30,239,731,19.73,2,27.1,56.24,191,3,,,,,,,,,,,,,,,,,,,,,,,,,,,,,,,,,
2015,7,6,13,30,244,715,22.25,2,27.400000000000002,55.5,194,3.2,,,,,,,,,,,,,,,,,,,,,,,,,,,,,,,,,
2015,7,6,14,30,229,704,30.19,2,27.5,55.6,193,3.3000000000000003,,,,,,,,,,,,,,,,,,,,,,,,,,,,,,,,,
2015,7,6,15,30,323,468,40.36,1.9000000000000001,27.3,56.75,191,3.4000000000000004,,,,,,,,,,,,,,,,,,,,,,,,,,,,,,,,,
2015,7,6,16,30,182,620,51.28,1.9000000000000001,26.700000000000003,59.65,190,3.2,,,,,,,,,,,,,,,,,,,,,,,,,,,,,,,,,
2015,7,6,17,30,150,519,62.35,2,25.700000000000003,67.07000000000001,188,2.7,,,,,,,,,,,,,,,,,,,,,,,,,,,,,,,,,
2015,7,6,18,30,161,37,73.21000000000001,2,23.8,80.52,186,2.1,,,,,,,,,,,,,,,,,,,,,,,,,,,,,,,,,
2015,7,6,19,30,44,2,83.54,2.1,21.900000000000002,88.63,186,2,,,,,,,,,,,,,,,,,,,,,,,,,,,,,,,,,
2015,7,6,20,30,0,0,93.27,2.2,21,89.06,188,2.3000000000000003,,,,,,,,,,,,,,,,,,,,,,,,,,,,,,,,,
2015,7,6,21,30,0,0,101.71000000000001,2.5,20.700000000000003,89.92,191,2.6,,,,,,,,,,,,,,,,,,,,,,,,,,,,,,,,,
2015,7,6,22,30,0,0,108.51,2.7,20.5,90.96000000000001,193,2.8000000000000003,,,,,,,,,,,,,,,,,,,,,,,,,,,,,,,,,
2015,7,6,23,30,0,0,113.12,3.1,20.400000000000002,92.14,197,3.1,,,,,,,,,,,,,,,,,,,,,,,,,,,,,,,,,
2015,7,7,0,30,0,0,115.06,3.4000000000000004,20.6,92.12,205,3.5,,,,,,,,,,,,,,,,,,,,,,,,,,,,,,,,,
2015,7,7,1,30,0,0,114.08,3.8000000000000003,21,91.18,214,3.9000000000000004,,,,,,,,,,,,,,,,,,,,,,,,,,,,,,,,,
2015,7,7,2,30,0,0,110.3,4.1000000000000005,21.200000000000003,91.88,220,4,,,,,,,,,,,,,,,,,,,,,,,,,,,,,,,,,
2015,7,7,3,30,0,0,104.16,4.5,21.3,94.25,222,3.9000000000000004,,,,,,,,,,,,,,,,,,,,,,,,,,,,,,,,,
2015,7,7,4,30,0,0,96.2,4.6000000000000005,21.3,97.3,218,3.4000000000000004,,,,,,,,,,,,,,,,,,,,,,,,,,,,,,,,,
2015,7,7,5,30,13,0,86.72,4.800000000000001,21.5,97.52,210,3.3000000000000003,,,,,,,,,,,,,,,,,,,,,,,,,,,,,,,,,
2015,7,7,6,30,115,84,76.69,4.9,22,96.58,211,3.4000000000000004,,,,,,,,,,,,,,,,,,,,,,,,,,,,,,,,,
2015,7,7,7,30,30,0,65.97,5.1000000000000005,22.700000000000003,95.69,222,3.4000000000000004,,,,,,,,,,,,,,,,,,,,,,,,,,,,,,,,,
2015,7,7,8,30,80,0,54.94,5.2,23.400000000000002,95.3,239,3.3000000000000003,,,,,,,,,,,,,,,,,,,,,,,,,,,,,,,,,
2015,7,7,9,30,142,1,43.92,5.2,23.5,95.82000000000001,258,3.5,,,,,,,,,,,,,,,,,,,,,,,,,,,,,,,,,
2015,7,7,10,30,201,2,33.42,5.2,23,96.21000000000001,276,3.6,,,,,,,,,,,,,,,,,,,,,,,,,,,,,,,,,
2015,7,7,11,30,195,1,24.51,5.2,22.1,95.57000000000001,295,3.6,,,,,,,,,,,,,,,,,,,,,,,,,,,,,,,,,
2015,7,7,12,30,358,14,19.830000000000002,5,21.3,92.53,313,3.6,,,,,,,,,,,,,,,,,,,,,,,,,,,,,,,,,
2015,7,7,13,30,370,16,22.330000000000002,4.7,20.8,88.06,326,3.6,,,,,,,,,,,,,,,,,,,,,,,,,,,,,,,,,
2015,7,7,14,30,327,32,30.240000000000002,4.3,20.900000000000002,82.35000000000001,336,3.6,,,,,,,,,,,,,,,,,,,,,,,,,,,,,,,,,
2015,7,7,15,30,284,22,40.39,3.8000000000000003,21.1,78.12,344,3.5,,,,,,,,,,,,,,,,,,,,,,,,,,,,,,,,,
2015,7,7,16,30,280,148,51.32,3.3000000000000003,20.8,77.13,349,3.1,,,,,,,,,,,,,,,,,,,,,,,,,,,,,,,,,
2015,7,7,17,30,175,26,62.39,3,20.200000000000003,78.75,353,2.6,,,,,,,,,,,,,,,,,,,,,,,,,,,,,,,,,
2015,7,7,18,30,52,0,73.25,2.6,19.200000000000003,83.48,178,2.2,,,,,,,,,,,,,,,,,,,,,,,,,,,,,,,,,
2015,7,7,19,30,38,248,83.58,2.3000000000000003,17.8,89.65,5,2.1,,,,,,,,,,,,,,,,,,,,,,,,,,,,,,,,,
2015,7,7,20,30,0,0,93.33,2,16.7,92.06,12,2.2,,,,,,,,,,,,,,,,,,,,,,,,,,,,,,,,,
2015,7,7,21,30,0,0,101.78,1.8,15.8,93.86,19,2.3000000000000003,,,,,,,,,,,,,,,,,,,,,,,,,,,,,,,,,
2015,7,7,22,30,0,0,108.59,1.6,14.9,96.24000000000001,23,2.1,,,,,,,,,,,,,,,,,,,,,,,,,,,,,,,,,
2015,7,7,23,30,0,0,113.22,1.5,14.100000000000001,97.68,27,1.9000000000000001,,,,,,,,,,,,,,,,,,,,,,,,,,,,,,,,,
2015,7,8,0,30,0,0,115.17,1.4000000000000001,13.200000000000001,98.99000000000001,30,1.8,,,,,,,,,,,,,,,,,,,,,,,,,,,,,,,,,
2015,7,8,1,30,0,0,114.19,1.4000000000000001,12.4,99.52,31,1.9000000000000001,,,,,,,,,,,,,,,,,,,,,,,,,,,,,,,,,
2015,7,8,2,30,0,0,110.41,1.3,11.8,98.78,31,1.8,,,,,,,,,,,,,,,,,,,,,,,,,,,,,,,,,
2015,7,8,3,30,0,0,104.27,1.3,11.3,98.38,28,1.6,,,,,,,,,,,,,,,,,,,,,,,,,,,,,,,,,
2015,7,8,4,30,0,0,96.31,1.3,11.200000000000001,96.95,25,1.6,,,,,,,,,,,,,,,,,,,,,,,,,,,,,,,,,
2015,7,8,5,30,24,2,86.81,1.4000000000000001,12.100000000000001,92.07000000000001,26,2.2,,,,,,,,,,,,,,,,,,,,,,,,,,,,,,,,,
2015,7,8,6,30,71,1,76.79,1.4000000000000001,13.700000000000001,86.10000000000001,36,2.7,,,,,,,,,,,,,,,,,,,,,,,,,,,,,,,,,
2015,7,8,7,30,194,197,66.06,1.5,15.5,80.10000000000001,51,2.9000000000000004,,,,,,,,,,,,,,,,,,,,,,,,,,,,,,,,,
2015,7,8,8,30,255,50,55.03,1.5,17,74.13,61,3,,,,,,,,,,,,,,,,,,,,,,,,,,,,,,,,,
2015,7,8,9,30,352,141,44.02,1.5,17.900000000000002,70.3,63,2.6,,,,,,,,,,,,,,,,,,,,,,,,,,,,,,,,,
2015,7,8,10,30,382,53,33.52,1.6,18.400000000000002,68.05,65,2.2,,,,,,,,,,,,,,,,,,,,,,,,,,,,,,,,,
2015,7,8,11,30,445,105,24.63,1.7000000000000002,18.7,66.75,68,2,,,,,,,,,,,,,,,,,,,,,,,,,,,,,,,,,
2015,7,8,12,30,418,31,19.95,1.8,18.900000000000002,65.95,76,1.9000000000000001,,,,,,,,,,,,,,,,,,,,,,,,,,,,,,,,,
2015,7,8,13,30,417,26,22.41,1.9000000000000001,19.1,65.25,89,1.8,,,,,,,,,,,,,,,,,,,,,,,,,,,,,,,,,
2015,7,8,14,30,327,12,30.3,2,19.200000000000003,65.34,102,1.7000000000000002,,,,,,,,,,,,,,,,,,,,,,,,,,,,,,,,,
2015,7,8,15,30,151,1,40.44,2.2,19.3,65.8,116,1.6,,,,,,,,,,,,,,,,,,,,,,,,,,,,,,,,,
2015,7,8,16,30,149,3,51.36,2.4000000000000004,19,67.69,130,1.5,,,,,,,,,,,,,,,,,,,,,,,,,,,,,,,,,
2015,7,8,17,30,86,1,62.43,2.6,18.3,71.7,135,1.3,,,,,,,,,,,,,,,,,,,,,,,,,,,,,,,,,
2015,7,8,18,30,98,8,73.29,2.8000000000000003,17.3,80.31,133,1,,,,,,,,,,,,,,,,,,,,,,,,,,,,,,,,,
2015,7,8,19,30,33,1,83.63,3,16.1,91.69,135,0.8,,,,,,,,,,,,,,,,,,,,,,,,,,,,,,,,,
2015,7,8,20,30,0,0,93.39,3.3000000000000003,15.5,91.71000000000001,146,0.9,,,,,,,,,,,,,,,,,,,,,,,,,,,,,,,,,
2015,7,8,21,30,0,0,101.86,3.7,15.5,91.81,155,1,,,,,,,,,,,,,,,,,,,,,,,,,,,,,,,,,
2015,7,8,22,30,0,0,108.68,4.1000000000000005,15.4,93.79,156,1,,,,,,,,,,,,,,,,,,,,,,,,,,,,,,,,,
2015,7,8,23,30,0,0,113.32000000000001,4.3,15.4,95.04,147,0.9,,,,,,,,,,,,,,,,,,,,,,,,,,,,,,,,,
2015,7,9,0,30,0,0,115.28,4.5,15.3,96.27,136,0.9,,,,,,,,,,,,,,,,,,,,,,,,,,,,,,,,,
2015,7,9,1,30,0,0,114.31,4.6000000000000005,15.3,96.94,125,1,,,,,,,,,,,,,,,,,,,,,,,,,,,,,,,,,
2015,7,9,2,30,0,0,110.53,4.7,15.4,97.11,113,1.4000000000000001,,,,,,,,,,,,,,,,,,,,,,,,,,,,,,,,,
2015,7,9,3,30,0,0,104.39,4.800000000000001,15.5,97.34,107,1.8,,,,,,,,,,,,,,,,,,,,,,,,,,,,,,,,,
2015,7,9,4,30,0,0,96.42,4.9,15.700000000000001,97.49000000000001,98,2.4000000000000004,,,,,,,,,,,,,,,,,,,,,,,,,,,,,,,,,
2015,7,9,5,30,6,0,86.92,5,15.9,97.8,87,3.5,,,,,,,,,,,,,,,,,,,,,,,,,,,,,,,,,
2015,7,9,6,30,83,99,76.89,5.300000000000001,16.400000000000002,97.06,76,4,,,,,,,,,,,,,,,,,,,,,,,,,,,,,,,,,
2015,7,9,7,30,22,0,66.16,5.300000000000001,17.1,96.22,60,3.7,,,,,,,,,,,,,,,,,,,,,,,,,,,,,,,,,
2015,7,9,8,30,79,0,55.13,5.1000000000000005,17.8,95.88,41,3.7,,,,,,,,,,,,,,,,,,,,,,,,,,,,,,,,,
2015,7,9,9,30,145,0,44.12,4.9,18.2,95.69,30,4.2,,,,,,,,,,,,,,,,,,,,,,,,,,,,,,,,,
2015,7,9,10,30,187,2,33.63,4.6000000000000005,18.400000000000002,92.55,24,4.5,,,,,,,,,,,,,,,,,,,,,,,,,,,,,,,,,
2015,7,9,11,30,244,0,24.740000000000002,4.4,19.1,84.82000000000001,16,4.4,,,,,,,,,,,,,,,,,,,,,,,,,,,,,,,,,
2015,7,9,12,30,397,41,20.07,4.2,20.5,76.28,184,4,,,,,,,,,,,,,,,,,,,,,,,,,,,,,,,,,
2015,7,9,13,30,438,105,22.51,3.9000000000000004,21.900000000000002,70.9,349,3.8000000000000003,,,,,,,,,,,,,,,,,,,,,,,,,,,,,,,,,
2015,7,9,14,30,416,64,30.36,3.7,22.8,68.15,336,3.6,,,,,,,,,,,,,,,,,,,,,,,,,,,,,,,,,
2015,7,9,15,30,283,2,40.49,3.6,23,66.7,327,3.4000000000000004,,,,,,,,,,,,,,,,,,,,,,,,,,,,,,,,,
2015,7,9,16,30,291,43,51.4,3.4000000000000004,22.900000000000002,65.78,322,3.1,,,,,,,,,,,,,,,,,,,,,,,,,,,,,,,,,
2015,7,9,17,30,114,0,62.47,3.2,22.3,67.48,321,2.3000000000000003,,,,,,,,,,,,,,,,,,,,,,,,,,,,,,,,,
2015,7,9,18,30,152,74,73.34,3,20.8,77.16,323,1.4000000000000001,,,,,,,,,,,,,,,,,,,,,,,,,,,,,,,,,
2015,7,9,19,30,51,7,83.69,2.8000000000000003,19.200000000000003,87.98,321,0.9,,,,,,,,,,,,,,,,,,,,,,,,,,,,,,,,,
2015,7,9,20,30,0,0,93.46000000000001,2.7,18.3,82.59,309,0.9,,,,,,,,,,,,,,,,,,,,,,,,,,,,,,,,,
2015,7,9,21,30,0,0,101.94,2.6,17.6,83.54,295,0.8,,,,,,,,,,,,,,,,,,,,,,,,,,,,,,,,,
2015,7,9,22,30,0,0,108.78,2.6,16.6,87.35000000000001,293,0.9,,,,,,,,,,,,,,,,,,,,,,,,,,,,,,,,,
2015,7,9,23,30,0,0,113.43,2.6,15.600000000000001,91.45,300,0.9,,,,,,,,,,,,,,,,,,,,,,,,,,,,,,,,,
2015,7,10,0,30,0,0,115.4,2.6,14.8,94.39,307,1,,,,,,,,,,,,,,,,,,,,,,,,,,,,,,,,,
2015,7,10,1,30,0,0,114.43,2.6,14.200000000000001,96.15,314,1.1,,,,,,,,,,,,,,,,,,,,,,,,,,,,,,,,,
2015,7,10,2,30,0,0,110.66,2.6,13.700000000000001,97.60000000000001,319,1.2000000000000002,,,,,,,,,,,,,,,,,,,,,,,,,,,,,,,,,
2015,7,10,3,30,0,0,104.51,2.6,13.3,98.98,325,1.3,,,,,,,,,,,,,,,,,,,,,,,,,,,,,,,,,
2015,7,10,4,30,0,0,96.54,2.6,13.3,98.09,335,1.3,,,,,,,,,,,,,,,,,,,,,,,,,,,,,,,,,
2015,7,10,5,30,15,0,87.02,2.6,14.3,92.33,348,1.5,,,,,,,,,,,,,,,,,,,,,,,,,,,,,,,,,
2015,7,10,6,30,99,5,76.99,2.6,16,86.26,180,1.6,,,,,,,,,,,,,,,,,,,,,,,,,,,,,,,,,
2015,7,10,7,30,206,33,66.27,2.5,18.3,78.60000000000001,34,1.2000000000000002,,,,,,,,,,,,,,,,,,,,,,,,,,,,,,,,,
2015,7,10,8,30,156,538,55.230000000000004,2.5,20.8,68.84,81,1.2000000000000002,,,,,,,,,,,,,,,,,,,,,,,,,,,,,,,,,
2015,7,10,9,30,122,802,44.22,2.4000000000000004,22.200000000000003,63.1,109,1.4000000000000001,,,,,,,,,,,,,,,,,,,,,,,,,,,,,,,,,
2015,7,10,10,30,380,458,33.74,2.3000000000000003,22.900000000000002,61.410000000000004,125,1.4000000000000001,,,,,,,,,,,,,,,,,,,,,,,,,,,,,,,,,
2015,7,10,11,30,357,447,24.87,2.3000000000000003,23.6,60.38,138,1.4000000000000001,,,,,,,,,,,,,,,,,,,,,,,,,,,,,,,,,
2015,7,10,12,30,417,343,20.2,2.2,24.200000000000003,59.870000000000005,152,1.3,,,,,,,,,,,,,,,,,,,,,,,,,,,,,,,,,
2015,7,10,13,30,438,311,22.61,2.2,24.6,59.61,166,1.3,,,,,,,,,,,,,,,,,,,,,,,,,,,,,,,,,
2015,7,10,14,30,414,23,30.43,2.2,24.8,59.46,179,1.3,,,,,,,,,,,,,,,,,,,,,,,,,,,,,,,,,
2015,7,10,15,30,345,323,40.54,2.1,24.700000000000003,59.86,187,1.2000000000000002,,,,,,,,,,,,,,,,,,,,,,,,,,,,,,,,,
2015,7,10,16,30,299,264,51.45,2.1,24.3,61.34,189,1.2000000000000002,,,,,,,,,,,,,,,,,,,,,,,,,,,,,,,,,
2015,7,10,17,30,241,202,62.52,2,23.8,63.92,189,1,,,,,,,,,,,,,,,,,,,,,,,,,,,,,,,,,
2015,7,10,18,30,150,148,73.4,2,22.400000000000002,71.28,189,0.9,,,,,,,,,,,,,,,,,,,,,,,,,,,,,,,,,
2015,7,10,19,30,41,2,83.75,2,20.400000000000002,84.10000000000001,193,0.9,,,,,,,,,,,,,,,,,,,,,,,,,,,,,,,,,
2015,7,10,20,30,0,0,93.53,1.9000000000000001,18.900000000000002,84.42,202,1,,,,,,,,,,,,,,,,,,,,,,,,,,,,,,,,,
2015,7,10,21,30,0,0,102.02,1.9000000000000001,18.1,86.11,213,1.1,,,,,,,,,,,,,,,,,,,,,,,,,,,,,,,,,
2015,7,10,22,30,0,0,108.88,1.9000000000000001,17.3,88.11,225,1.1,,,,,,,,,,,,,,,,,,,,,,,,,,,,,,,,,
2015,7,10,23,30,0,0,113.55,2,16.7,89.65,236,1.2000000000000002,,,,,,,,,,,,,,,,,,,,,,,,,,,,,,,,,
2015,7,11,0,30,0,0,115.53,2,16.1,91.89,247,1.2000000000000002,,,,,,,,,,,,,,,,,,,,,,,,,,,,,,,,,
2015,7,11,1,30,0,0,114.57000000000001,2,15.600000000000001,93.77,259,1.1,,,,,,,,,,,,,,,,,,,,,,,,,,,,,,,,,
2015,7,11,2,30,0,0,110.79,2,15.200000000000001,95.12,271,1.1,,,,,,,,,,,,,,,,,,,,,,,,,,,,,,,,,
2015,7,11,3,30,0,0,104.64,1.9000000000000001,14.9,95.7,285,1.1,,,,,,,,,,,,,,,,,,,,,,,,,,,,,,,,,
2015,7,11,4,30,0,0,96.66,1.9000000000000001,14.8,94.87,298,1,,,,,,,,,,,,,,,,,,,,,,,,,,,,,,,,,
2015,7,11,5,30,18,89,87.13,1.9000000000000001,16.1,87.32000000000001,310,1.1,,,,,,,,,,,,,,,,,,,,,,,,,,,,,,,,,
2015,7,11,6,30,72,401,77.10000000000001,1.9000000000000001,18.2,82.48,316,1.4000000000000001,,,,,,,,,,,,,,,,,,,,,,,,,,,,,,,,,
2015,7,11,7,30,104,594,66.37,1.9000000000000001,20.400000000000002,73.39,312,1.1,,,,,,,,,,,,,,,,,,,,,,,,,,,,,,,,,
2015,7,11,8,30,125,709,55.34,1.9000000000000001,23,65.89,265,0.7000000000000001,,,,,,,,,,,,,,,,,,,,,,,,,,,,,,,,,
2015,7,11,9,30,141,775,44.33,1.9000000000000001,24.5,59.88,209,0.8,,,,,,,,,,,,,,,,,,,,,,,,,,,,,,,,,
2015,7,11,10,30,458,133,33.85,1.9000000000000001,25.200000000000003,58.5,195,1.2000000000000002,,,,,,,,,,,,,,,,,,,,,,,,,,,,,,,,,
2015,7,11,11,30,502,254,25,1.9000000000000001,25.8,57.38,192,1.5,,,,,,,,,,,,,,,,,,,,,,,,,,,,,,,,,
2015,7,11,12,30,489,135,20.330000000000002,1.9000000000000001,26.3,56.61,195,1.7000000000000002,,,,,,,,,,,,,,,,,,,,,,,,,,,,,,,,,
2015,7,11,13,30,362,478,22.71,2,26.5,56.52,210,1.8,,,,,,,,,,,,,,,,,,,,,,,,,,,,,,,,,
2015,7,11,14,30,382,334,30.51,2.1,26.400000000000002,56.71,226,1.8,,,,,,,,,,,,,,,,,,,,,,,,,,,,,,,,,
2015,7,11,15,30,347,319,40.6,2.2,26,57.69,231,1.5,,,,,,,,,,,,,,,,,,,,,,,,,,,,,,,,,
2015,7,11,16,30,222,14,51.5,2.2,25.700000000000003,59.47,226,1.2000000000000002,,,,,,,,,,,,,,,,,,,,,,,,,,,,,,,,,
2015,7,11,17,30,221,244,62.58,2.3000000000000003,25.200000000000003,60.52,216,1.1,,,,,,,,,,,,,,,,,,,,,,,,,,,,,,,,,
2015,7,11,18,30,92,432,73.46000000000001,2.3000000000000003,23.400000000000002,66.96000000000001,202,1,,,,,,,,,,,,,,,,,,,,,,,,,,,,,,,,,
2015,7,11,19,30,55,34,83.82000000000001,2.4000000000000004,21.1,83.68,194,1,,,,,,,,,,,,,,,,,,,,,,,,,,,,,,,,,
2015,7,11,20,30,0,0,93.61,2.6,19.6,84.79,197,1.1,,,,,,,,,,,,,,,,,,,,,,,,,,,,,,,,,
2015,7,11,21,30,0,0,102.12,2.7,19,86.65,205,1.1,,,,,,,,,,,,,,,,,,,,,,,,,,,,,,,,,
2015,7,11,22,30,0,0,108.99000000000001,2.8000000000000003,18.6,87.59,213,1.1,,,,,,,,,,,,,,,,,,,,,,,,,,,,,,,,,
2015,7,11,23,30,0,0,113.67,2.9000000000000004,18.3,88.05,221,1.1,,,,,,,,,,,,,,,,,,,,,,,,,,,,,,,,,
2015,7,12,0,30,0,0,115.66,3.1,17.900000000000002,89.02,226,1.1,,,,,,,,,,,,,,,,,,,,,,,,,,,,,,,,,
2015,7,12,1,30,0,0,114.7,3.2,17.5,90.04,227,1,,,,,,,,,,,,,,,,,,,,,,,,,,,,,,,,,
2015,7,12,2,30,0,0,110.93,3.3000000000000003,17.2,90.57000000000001,227,1,,,,,,,,,,,,,,,,,,,,,,,,,,,,,,,,,
2015,7,12,3,30,0,0,104.77,3.4000000000000004,17,90.4,219,0.9,,,,,,,,,,,,,,,,,,,,,,,,,,,,,,,,,
2015,7,12,4,30,0,0,96.78,3.5,17,89.62,195,0.8,,,,,,,,,,,,,,,,,,,,,,,,,,,,,,,,,
2015,7,12,5,30,8,0,87.24,3.5,17.6,86.57000000000001,157,0.8,,,,,,,,,,,,,,,,,,,,,,,,,,,,,,,,,
2015,7,12,6,30,41,0,77.21000000000001,3.6,18.8,85.92,118,1.2000000000000002,,,,,,,,,,,,,,,,,,,,,,,,,,,,,,,,,
2015,7,12,7,30,118,1,66.48,3.5,20.3,78.95,101,1.7000000000000002,,,,,,,,,,,,,,,,,,,,,,,,,,,,,,,,,
2015,7,12,8,30,255,33,55.44,3.6,22.200000000000003,72.94,107,2,,,,,,,,,,,,,,,,,,,,,,,,,,,,,,,,,
2015,7,12,9,30,154,0,44.44,3.6,23.700000000000003,66.51,118,2.3000000000000003,,,,,,,,,,,,,,,,,,,,,,,,,,,,,,,,,
2015,7,12,10,30,352,8,33.97,3.6,24.200000000000003,64.34,123,2.4000000000000004,,,,,,,,,,,,,,,,,,,,,,,,,,,,,,,,,
2015,7,12,11,30,324,1,25.13,3.6,24.5,63.190000000000005,119,2.4000000000000004,,,,,,,,,,,,,,,,,,,,,,,,,,,,,,,,,
2015,7,12,12,30,497,241,20.47,3.6,25,61.690000000000005,113,2.3000000000000003,,,,,,,,,,,,,,,,,,,,,,,,,,,,,,,,,
2015,7,12,13,30,469,139,22.830000000000002,3.6,25.400000000000002,60.7,111,2.2,,,,,,,,,,,,,,,,,,,,,,,,,,,,,,,,,
2015,7,12,14,30,143,812,30.59,3.6,25.5,60.44,113,2.1,,,,,,,,,,,,,,,,,,,,,,,,,,,,,,,,,
2015,7,12,15,30,406,130,40.67,3.6,25.3,60.79,115,2,,,,,,,,,,,,,,,,,,,,,,,,,,,,,,,,,
2015,7,12,16,30,121,727,51.56,3.4000000000000004,24.8,62.06,116,1.9000000000000001,,,,,,,,,,,,,,,,,,,,,,,,,,,,,,,,,
2015,7,12,17,30,102,641,62.64,3.3000000000000003,24,64.97,123,1.6,,,,,,,,,,,,,,,,,,,,,,,,,,,,,,,,,
2015,7,12,18,30,76,495,73.52,3.2,22.5,72.98,135,1.2000000000000002,,,,,,,,,,,,,,,,,,,,,,,,,,,,,,,,,
2015,7,12,19,30,36,232,83.89,3.1,20.200000000000003,88.83,152,1,,,,,,,,,,,,,,,,,,,,,,,,,,,,,,,,,
2015,7,12,20,30,0,0,93.7,3.1,18.6,89.54,168,1,,,,,,,,,,,,,,,,,,,,,,,,,,,,,,,,,
2015,7,12,21,30,0,0,102.22,3,17.900000000000002,90.38,178,1.1,,,,,,,,,,,,,,,,,,,,,,,,,,,,,,,,,
2015,7,12,22,30,0,0,109.10000000000001,3,17.3,91.63,186,1.1,,,,,,,,,,,,,,,,,,,,,,,,,,,,,,,,,
2015,7,12,23,30,0,0,113.8,3,16.8,93.25,194,1.1,,,,,,,,,,,,,,,,,,,,,,,,,,,,,,,,,
2015,7,13,0,30,0,0,115.8,3,16.400000000000002,94.98,203,1,,,,,,,,,,,,,,,,,,,,,,,,,,,,,,,,,
2015,7,13,1,30,0,0,114.85000000000001,3,16,97.01,211,1,,,,,,,,,,,,,,,,,,,,,,,,,,,,,,,,,
2015,7,13,2,30,0,0,111.07000000000001,3,15.600000000000001,99.55,212,0.9,,,,,,,,,,,,,,,,,,,,,,,,,,,,,,,,,
2015,7,13,3,30,0,0,104.9,3.1,15.3,100,203,0.9,,,,,,,,,,,,,,,,,,,,,,,,,,,,,,,,,
2015,7,13,4,30,0,0,96.91,3.2,15.3,100,187,1,,,,,,,,,,,,,,,,,,,,,,,,,,,,,,,,,
2015,7,13,5,30,17,113,87.36,3.3000000000000003,16.7,94.57000000000001,172,1.6,,,,,,,,,,,,,,,,,,,,,,,,,,,,,,,,,
2015,7,13,6,30,102,60,77.33,3.6,18.900000000000002,87.85000000000001,168,2.7,,,,,,,,,,,,,,,,,,,,,,,,,,,,,,,,,
2015,7,13,7,30,186,136,66.59,4.1000000000000005,20.3,84.17,172,3.5,,,,,,,,,,,,,,,,,,,,,,,,,,,,,,,,,
2015,7,13,8,30,235,310,55.550000000000004,4.6000000000000005,20.8,84.41,176,4,,,,,,,,,,,,,,,,,,,,,,,,,,,,,,,,,
2015,7,13,9,30,301,42,44.550000000000004,4.9,21.200000000000003,84.95,177,4.3,,,,,,,,,,,,,,,,,,,,,,,,,,,,,,,,,
2015,7,13,10,30,249,5,34.09,4.9,21.6,85,183,4.4,,,,,,,,,,,,,,,,,,,,,,,,,,,,,,,,,
2015,7,13,11,30,275,4,25.26,4.7,22.200000000000003,82.93,191,4.5,,,,,,,,,,,,,,,,,,,,,,,,,,,,,,,,,
2015,7,13,12,30,366,8,20.61,4.4,22.8,81.4,198,4.4,,,,,,,,,,,,,,,,,,,,,,,,,,,,,,,,,
2015,7,13,13,30,375,16,22.95,4.2,23.5,81.52,206,4.2,,,,,,,,,,,,,,,,,,,,,,,,,,,,,,,,,
2015,7,13,14,30,376,365,30.68,4.1000000000000005,24.200000000000003,83.33,213,3.7,,,,,,,,,,,,,,,,,,,,,,,,,,,,,,,,,
2015,7,13,15,30,378,322,40.74,3.9000000000000004,24.8,85.77,219,2.9000000000000004,,,,,,,,,,,,,,,,,,,,,,,,,,,,,,,,,
2015,7,13,16,30,126,710,51.63,3.9000000000000004,25.3,87.7,224,2.2,,,,,,,,,,,,,,,,,,,,,,,,,,,,,,,,,
2015,7,13,17,30,102,635,62.7,3.8000000000000003,25.3,90.76,223,1.5,,,,,,,,,,,,,,,,,,,,,,,,,,,,,,,,,
2015,7,13,18,30,144,37,73.60000000000001,3.8000000000000003,24.400000000000002,98.36,223,0.9,,,,,,,,,,,,,,,,,,,,,,,,,,,,,,,,,
2015,7,13,19,30,50,20,83.97,3.9000000000000004,23.1,100,222,0.9,,,,,,,,,,,,,,,,,,,,,,,,,,,,,,,,,
2015,7,13,20,30,0,0,93.79,3.9000000000000004,22.3,99.84,214,1,,,,,,,,,,,,,,,,,,,,,,,,,,,,,,,,,
2015,7,13,21,30,0,0,102.32000000000001,4.1000000000000005,22,100,203,1.2000000000000002,,,,,,,,,,,,,,,,,,,,,,,,,,,,,,,,,
2015,7,13,22,30,0,0,109.22,4.3,21.900000000000002,100,194,1.7000000000000002,,,,,,,,,,,,,,,,,,,,,,,,,,,,,,,,,
2015,7,13,23,30,0,0,113.93,4.4,22.200000000000003,100,188,2.9000000000000004,,,,,,,,,,,,,,,,,,,,,,,,,,,,,,,,,
2015,7,14,0,30,0,0,115.94,4.5,22.3,100,188,3.7,,,,,,,,,,,,,,,,,,,,,,,,,,,,,,,,,
2015,7,14,1,30,0,0,115,4.7,22.3,100,194,3.7,,,,,,,,,,,,,,,,,,,,,,,,,,,,,,,,,
2015,7,14,2,30,0,0,111.22,4.9,22.3,100,205,3.6,,,,,,,,,,,,,,,,,,,,,,,,,,,,,,,,,
2015,7,14,3,30,0,0,105.04,4.9,22.5,99.99000000000001,226,3.9000000000000004,,,,,,,,,,,,,,,,,,,,,,,,,,,,,,,,,
2015,7,14,4,30,0,0,97.04,4.4,22.6,100,245,3.8000000000000003,,,,,,,,,,,,,,,,,,,,,,,,,,,,,,,,,
2015,7,14,5,30,16,93,87.48,3.9000000000000004,22.700000000000003,100,254,3.8000000000000003,,,,,,,,,,,,,,,,,,,,,,,,,,,,,,,,,
2015,7,14,6,30,53,483,77.45,3.7,22.8,100,260,4.3,,,,,,,,,,,,,,,,,,,,,,,,,,,,,,,,,
2015,7,14,7,30,73,667,66.7,3.8000000000000003,23.1,96.06,268,4.9,,,,,,,,,,,,,,,,,,,,,,,,,,,,,,,,,
2015,7,14,8,30,286,66,55.660000000000004,3.8000000000000003,23.700000000000003,89.34,276,5.2,,,,,,,,,,,,,,,,,,,,,,,,,,,,,,,,,
2015,7,14,9,30,293,282,44.660000000000004,3.9000000000000004,24.3,82.21000000000001,284,5.300000000000001,,,,,,,,,,,,,,,,,,,,,,,,,,,,,,,,,
2015,7,14,10,30,318,56,34.21,4,24.8,76.55,294,5.2,,,,,,,,,,,,,,,,,,,,,,,,,,,,,,,,,
2015,7,14,11,30,394,13,25.41,4.1000000000000005,25.3,72.79,305,5.1000000000000005,,,,,,,,,,,,,,,,,,,,,,,,,,,,,,,,,
2015,7,14,12,30,476,210,20.77,4.2,25.6,70.96000000000001,313,4.800000000000001,,,,,,,,,,,,,,,,,,,,,,,,,,,,,,,,,
2015,7,14,13,30,287,5,23.07,4.2,25.8,70.06,318,4.7,,,,,,,,,,,,,,,,,,,,,,,,,,,,,,,,,
2015,7,14,14,30,419,120,30.77,4.3,25.5,71.44,323,4.9,,,,,,,,,,,,,,,,,,,,,,,,,,,,,,,,,
2015,7,14,15,30,323,216,40.82,4.4,24.6,75.78,331,5.2,,,,,,,,,,,,,,,,,,,,,,,,,,,,,,,,,
2015,7,14,16,30,315,78,51.7,4.4,23.5,81.29,340,5.4,,,,,,,,,,,,,,,,,,,,,,,,,,,,,,,,,
2015,7,14,17,30,134,1,62.77,4.3,22.5,86.16,349,5.4,,,,,,,,,,,,,,,,,,,,,,,,,,,,,,,,,
2015,7,14,18,30,76,0,73.67,4.2,21.6,90.97,179,5.300000000000001,,,,,,,,,,,,,,,,,,,,,,,,,,,,,,,,,
2015,7,14,19,30,37,181,84.05,4,20.6,95.2,7,5.5,,,,,,,,,,,,,,,,,,,,,,,,,,,,,,,,,
2015,7,14,20,30,0,0,93.88,3.7,19.8,97.86,11,5.7,,,,,,,,,,,,,,,,,,,,,,,,,,,,,,,,,
2015,7,14,21,30,0,0,102.43,3.4000000000000004,18.900000000000002,99.91,11,5.6000000000000005,,,,,,,,,,,,,,,,,,,,,,,,,,,,,,,,,
2015,7,14,22,30,0,0,109.35000000000001,3.1,17.7,100,11,5.300000000000001,,,,,,,,,,,,,,,,,,,,,,,,,,,,,,,,,
2015,7,14,23,30,0,0,114.07000000000001,2.9000000000000004,16.6,97.61,13,4.800000000000001,,,,,,,,,,,,,,,,,,,,,,,,,,,,,,,,,
2015,7,15,0,30,0,0,116.10000000000001,2.8000000000000003,15.700000000000001,94.76,14,4.3,,,,,,,,,,,,,,,,,,,,,,,,,,,,,,,,,
2015,7,15,1,30,0,0,115.15,2.7,15,92.81,13,3.9000000000000004,,,,,,,,,,,,,,,,,,,,,,,,,,,,,,,,,
2015,7,15,2,30,0,0,111.37,2.6,14.4,92.05,11,3.7,,,,,,,,,,,,,,,,,,,,,,,,,,,,,,,,,
2015,7,15,3,30,0,0,105.19,2.6,13.8,92.27,9,3.5,,,,,,,,,,,,,,,,,,,,,,,,,,,,,,,,,
2015,7,15,4,30,0,0,97.18,2.4000000000000004,13.3,92.21000000000001,8,3.5,,,,,,,,,,,,,,,,,,,,,,,,,,,,,,,,,
2015,7,15,5,30,13,0,87.59,2.2,13.5,89,10,3.8000000000000003,,,,,,,,,,,,,,,,,,,,,,,,,,,,,,,,,
2015,7,15,6,30,50,537,77.56,1.9000000000000001,14.4,83.35000000000001,18,4.4,,,,,,,,,,,,,,,,,,,,,,,,,,,,,,,,,
2015,7,15,7,30,68,726,66.82000000000001,1.7000000000000002,15.700000000000001,74.10000000000001,25,4.6000000000000005,,,,,,,,,,,,,,,,,,,,,,,,,,,,,,,,,
2015,7,15,8,30,80,836,55.78,1.4000000000000001,17.2,65.9,28,4.4,,,,,,,,,,,,,,,,,,,,,,,,,,,,,,,,,
2015,7,15,9,30,86,901,44.78,1.2000000000000002,18.6,60.42,29,4.2,,,,,,,,,,,,,,,,,,,,,,,,,,,,,,,,,
2015,7,15,10,30,89,943,34.34,1.1,20,56.11,30,3.9000000000000004,,,,,,,,,,,,,,,,,,,,,,,,,,,,,,,,,
2015,7,15,11,30,91,963,25.55,1.1,21.200000000000003,52.800000000000004,30,3.7,,,,,,,,,,,,,,,,,,,,,,,,,,,,,,,,,
2015,7,15,12,30,93,970,20.92,1.1,22,51.06,34,3.4000000000000004,,,,,,,,,,,,,,,,,,,,,,,,,,,,,,,,,
2015,7,15,13,30,93,966,23.21,1.1,22.6,49.27,37,3.2,,,,,,,,,,,,,,,,,,,,,,,,,,,,,,,,,
2015,7,15,14,30,90,949,30.87,1.2000000000000002,22.8,48.53,37,3,,,,,,,,,,,,,,,,,,,,,,,,,,,,,,,,,
2015,7,15,15,30,87,920,40.9,1.2000000000000002,22.700000000000003,48.45,34,2.9000000000000004,,,,,,,,,,,,,,,,,,,,,,,,,,,,,,,,,
2015,7,15,16,30,80,871,51.78,1.3,22.200000000000003,50.120000000000005,31,2.8000000000000003,,,,,,,,,,,,,,,,,,,,,,,,,,,,,,,,,
2015,7,15,17,30,70,790,62.85,1.4000000000000001,21.200000000000003,53.63,32,2.5,,,,,,,,,,,,,,,,,,,,,,,,,,,,,,,,,
2015,7,15,18,30,54,655,73.75,1.4000000000000001,19,66.33,35,1.9000000000000001,,,,,,,,,,,,,,,,,,,,,,,,,,,,,,,,,
2015,7,15,19,30,28,379,84.14,1.4000000000000001,16.400000000000002,82.11,43,1.6,,,,,,,,,,,,,,,,,,,,,,,,,,,,,,,,,
2015,7,15,20,30,0,0,93.99,1.5,14.700000000000001,83.79,53,1.7000000000000002,,,,,,,,,,,,,,,,,,,,,,,,,,,,,,,,,
2015,7,15,21,30,0,0,102.55,1.5,13.8,85.73,64,1.7000000000000002,,,,,,,,,,,,,,,,,,,,,,,,,,,,,,,,,
2015,7,15,22,30,0,0,109.48,1.5,13,87.79,72,1.6,,,,,,,,,,,,,,,,,,,,,,,,,,,,,,,,,
2015,7,15,23,30,0,0,114.22,1.5,12.4,89.96000000000001,76,1.4000000000000001,,,,,,,,,,,,,,,,,,,,,,,,,,,,,,,,,
2015,7,16,0,30,0,0,116.25,1.5,12,92,77,1.2000000000000002,,,,,,,,,,,,,,,,,,,,,,,,,,,,,,,,,
2015,7,16,1,30,0,0,115.31,1.5,11.700000000000001,93.67,78,1.1,,,,,,,,,,,,,,,,,,,,,,,,,,,,,,,,,
2015,7,16,2,30,0,0,111.52,1.6,11.4,95.60000000000001,81,1,,,,,,,,,,,,,,,,,,,,,,,,,,,,,,,,,
2015,7,16,3,30,0,0,105.34,1.6,11.200000000000001,97,88,0.9,,,,,,,,,,,,,,,,,,,,,,,,,,,,,,,,,
2015,7,16,4,30,0,0,97.32000000000001,1.6,11.3,96.53,94,0.9,,,,,,,,,,,,,,,,,,,,,,,,,,,,,,,,,
2015,7,16,5,30,15,185,87.71000000000001,1.7000000000000002,12.600000000000001,91.10000000000001,100,1.1,,,,,,,,,,,,,,,,,,,,,,,,,,,,,,,,,
2015,7,16,6,30,48,556,77.69,1.7000000000000002,14.8,83.22,113,1.4000000000000001,,,,,,,,,,,,,,,,,,,,,,,,,,,,,,,,,
2015,7,16,7,30,67,732,66.93,1.7000000000000002,17.3,72.63,134,1.6,,,,,,,,,,,,,,,,,,,,,,,,,,,,,,,,,
2015,7,16,8,30,80,826,55.89,1.7000000000000002,19.6,63.02,148,1.9000000000000001,,,,,,,,,,,,,,,,,,,,,,,,,,,,,,,,,
2015,7,16,9,30,212,595,44.9,1.7000000000000002,21.1,60.36,155,2.2,,,,,,,,,,,,,,,,,,,,,,,,,,,,,,,,,
2015,7,16,10,30,447,220,34.47,1.8,22.400000000000002,58.2,159,2.3000000000000003,,,,,,,,,,,,,,,,,,,,,,,,,,,,,,,,,
2015,7,16,11,30,361,539,25.7,1.8,23.3,56.68,157,2.7,,,,,,,,,,,,,,,,,,,,,,,,,,,,,,,,,
2015,7,16,12,30,433,428,21.09,1.8,23.8,55.82,160,3,,,,,,,,,,,,,,,,,,,,,,,,,,,,,,,,,
2015,7,16,13,30,254,646,23.35,2,24.200000000000003,54.660000000000004,172,3,,,,,,,,,,,,,,,,,,,,,,,,,,,,,,,,,
2015,7,16,14,30,314,415,30.98,2.1,24.200000000000003,54.25,178,3.1,,,,,,,,,,,,,,,,,,,,,,,,,,,,,,,,,
2015,7,16,15,30,310,274,40.99,2.4000000000000004,23.8,54.81,170,3.3000000000000003,,,,,,,,,,,,,,,,,,,,,,,,,,,,,,,,,
2015,7,16,16,30,303,59,51.86,2.7,23,56.75,158,3.2,,,,,,,,,,,,,,,,,,,,,,,,,,,,,,,,,
2015,7,16,17,30,171,5,62.93,3.1,21.700000000000003,61.800000000000004,152,2.6,,,,,,,,,,,,,,,,,,,,,,,,,,,,,,,,,
2015,7,16,18,30,115,25,73.84,3.3000000000000003,20,73.92,151,1.9000000000000001,,,,,,,,,,,,,,,,,,,,,,,,,,,,,,,,,
2015,7,16,19,30,24,1,84.23,3.3000000000000003,18.6,82.56,151,1.7000000000000002,,,,,,,,,,,,,,,,,,,,,,,,,,,,,,,,,
2015,7,16,20,30,0,0,94.10000000000001,3.4000000000000004,17.7,85.06,150,1.7000000000000002,,,,,,,,,,,,,,,,,,,,,,,,,,,,,,,,,
2015,7,16,21,30,0,0,102.67,3.6,17.3,87.42,149,1.6,,,,,,,,,,,,,,,,,,,,,,,,,,,,,,,,,
2015,7,16,22,30,0,0,109.62,3.8000000000000003,17.2,89.25,148,1.7000000000000002,,,,,,,,,,,,,,,,,,,,,,,,,,,,,,,,,
2015,7,16,23,30,0,0,114.38,3.9000000000000004,17.3,90.08,145,2.1,,,,,,,,,,,,,,,,,,,,,,,,,,,,,,,,,
2015,7,17,0,30,0,0,116.42,3.9000000000000004,17.400000000000002,90.78,144,2.6,,,,,,,,,,,,,,,,,,,,,,,,,,,,,,,,,
2015,7,17,1,30,0,0,115.48,4.2,17.3,93.09,147,2.9000000000000004,,,,,,,,,,,,,,,,,,,,,,,,,,,,,,,,,
2015,7,17,2,30,0,0,111.69,4.5,17.3,94.79,153,3.1,,,,,,,,,,,,,,,,,,,,,,,,,,,,,,,,,
2015,7,17,3,30,0,0,105.49000000000001,4.800000000000001,17.400000000000002,94.79,156,3.7,,,,,,,,,,,,,,,,,,,,,,,,,,,,,,,,,
2015,7,17,4,30,0,0,97.46000000000001,5.2,17.5,95.5,156,4.2,,,,,,,,,,,,,,,,,,,,,,,,,,,,,,,,,
2015,7,17,5,30,6,0,87.84,5.6000000000000005,18,95.27,158,4.3,,,,,,,,,,,,,,,,,,,,,,,,,,,,,,,,,
2015,7,17,6,30,66,3,77.81,5.800000000000001,19,94.45,169,4.2,,,,,,,,,,,,,,,,,,,,,,,,,,,,,,,,,
2015,7,17,7,30,11,0,67.05,5.4,20.400000000000002,93.91,193,4.2,,,,,,,,,,,,,,,,,,,,,,,,,,,,,,,,,
2015,7,17,8,30,162,6,56.01,4.6000000000000005,21.900000000000002,92.91,217,4.3,,,,,,,,,,,,,,,,,,,,,,,,,,,,,,,,,
2015,7,17,9,30,136,1,45.02,3.9000000000000004,23.5,91.37,230,4.4,,,,,,,,,,,,,,,,,,,,,,,,,,,,,,,,,
2015,7,17,10,30,374,180,34.6,3.6,25.1,89.34,236,4.3,,,,,,,,,,,,,,,,,,,,,,,,,,,,,,,,,
2015,7,17,11,30,259,0,25.85,3.5,26.5,86.33,239,4.2,,,,,,,,,,,,,,,,,,,,,,,,,,,,,,,,,
2015,7,17,12,30,329,1,21.26,3.5,27.6,82.74,241,4.2,,,,,,,,,,,,,,,,,,,,,,,,,,,,,,,,,
2015,7,17,13,30,304,1,23.490000000000002,3.7,28.3,80.48,242,4.2,,,,,,,,,,,,,,,,,,,,,,,,,,,,,,,,,
2015,7,17,14,30,457,158,31.09,3.9000000000000004,28.700000000000003,79.18,245,4.1000000000000005,,,,,,,,,,,,,,,,,,,,,,,,,,,,,,,,,
2015,7,17,15,30,130,780,41.08,4,28.8,78.79,247,3.9000000000000004,,,,,,,,,,,,,,,,,,,,,,,,,,,,,,,,,
2015,7,17,16,30,328,146,51.95,4.2,28.6,80.09,247,3.4000000000000004,,,,,,,,,,,,,,,,,,,,,,,,,,,,,,,,,
2015,7,17,17,30,168,397,63.02,4.3,28.1,84.12,245,2.6,,,,,,,,,,,,,,,,,,,,,,,,,,,,,,,,,
2015,7,17,18,30,121,261,73.93,4.5,26.900000000000002,92.95,245,1.8,,,,,,,,,,,,,,,,,,,,,,,,,,,,,,,,,
2015,7,17,19,30,35,0,84.34,4.6000000000000005,25.3,99.79,250,1.3,,,,,,,,,,,,,,,,,,,,,,,,,,,,,,,,,
2015,7,17,20,30,0,0,94.21000000000001,4.7,24.5,98.86,259,1.2000000000000002,,,,,,,,,,,,,,,,,,,,,,,,,,,,,,,,,
2015,7,17,21,30,0,0,102.8,4.800000000000001,24.1,99.21000000000001,268,1.1,,,,,,,,,,,,,,,,,,,,,,,,,,,,,,,,,
2015,7,17,22,30,0,0,109.77,4.800000000000001,23.6,100,278,1,,,,,,,,,,,,,,,,,,,,,,,,,,,,,,,,,
2015,7,17,23,30,0,0,114.54,4.7,23,100,290,1,,,,,,,,,,,,,,,,,,,,,,,,,,,,,,,,,
2015,7,18,0,30,0,0,116.59,4.5,22.400000000000002,100,300,1,,,,,,,,,,,,,,,,,,,,,,,,,,,,,,,,,
2015,7,18,1,30,0,0,115.65,4.1000000000000005,21.900000000000002,100,305,1,,,,,,,,,,,,,,,,,,,,,,,,,,,,,,,,,
2015,7,18,2,30,0,0,111.85000000000001,3.7,21.3,100,302,0.9,,,,,,,,,,,,,,,,,,,,,,,,,,,,,,,,,
2015,7,18,3,30,0,0,105.65,3.2,20.6,100,292,0.9,,,,,,,,,,,,,,,,,,,,,,,,,,,,,,,,,
2015,7,18,4,30,0,0,97.61,3,20.3,100,280,0.9,,,,,,,,,,,,,,,,,,,,,,,,,,,,,,,,,
2015,7,18,5,30,14,122,87.97,2.9000000000000004,21.400000000000002,97.45,265,1.1,,,,,,,,,,,,,,,,,,,,,,,,,,,,,,,,,
2015,7,18,6,30,51,490,77.94,3,23.3,93.69,246,1.4000000000000001,,,,,,,,,,,,,,,,,,,,,,,,,,,,,,,,,
2015,7,18,7,30,203,83,67.18,3.2,25,88.97,240,1.5,,,,,,,,,,,,,,,,,,,,,,,,,,,,,,,,,
2015,7,18,8,30,274,238,56.13,3.3000000000000003,26.700000000000003,83.65,241,1.6,,,,,,,,,,,,,,,,,,,,,,,,,,,,,,,,,
2015,7,18,9,30,194,617,45.15,3.4000000000000004,27.700000000000003,80.16,237,1.7000000000000002,,,,,,,,,,,,,,,,,,,,,,,,,,,,,,,,,
2015,7,18,10,30,210,624,34.74,3.5,28.200000000000003,78.44,231,1.7000000000000002,,,,,,,,,,,,,,,,,,,,,,,,,,,,,,,,,
2015,7,18,11,30,349,359,26.01,3.8000000000000003,28.400000000000002,77.41,219,1.9000000000000001,,,,,,,,,,,,,,,,,,,,,,,,,,,,,,,,,
2015,7,18,12,30,439,212,21.43,3.9000000000000004,28.5,77.05,205,2.3000000000000003,,,,,,,,,,,,,,,,,,,,,,,,,,,,,,,,,
2015,7,18,13,30,425,91,23.64,4,28.400000000000002,78.03,196,2.8000000000000003,,,,,,,,,,,,,,,,,,,,,,,,,,,,,,,,,
2015,7,18,14,30,288,464,31.21,4,28.400000000000002,78.27,193,3.2,,,,,,,,,,,,,,,,,,,,,,,,,,,,,,,,,
2015,7,18,15,30,286,372,41.18,4,28.200000000000003,79.51,195,3.3000000000000003,,,,,,,,,,,,,,,,,,,,,,,,,,,,,,,,,
2015,7,18,16,30,324,103,52.04,3.9000000000000004,27.6,83.67,198,3.2,,,,,,,,,,,,,,,,,,,,,,,,,,,,,,,,,
2015,7,18,17,30,199,269,63.11,3.8000000000000003,26.700000000000003,89.77,204,3.1,,,,,,,,,,,,,,,,,,,,,,,,,,,,,,,,,
2015,7,18,18,30,78,5,74.03,3.8000000000000003,25.6,95.25,212,3,,,,,,,,,,,,,,,,,,,,,,,,,,,,,,,,,
2015,7,18,19,30,13,0,84.44,4,24.5,99.97,218,2.8000000000000003,,,,,,,,,,,,,,,,,,,,,,,,,,,,,,,,,
2015,7,18,20,30,0,0,94.33,4.2,23.8,100,221,2.8000000000000003,,,,,,,,,,,,,,,,,,,,,,,,,,,,,,,,,
2015,7,18,21,30,0,0,102.94,4.5,23.5,100,221,2.8000000000000003,,,,,,,,,,,,,,,,,,,,,,,,,,,,,,,,,
2015,7,18,22,30,0,0,109.92,4.800000000000001,23.400000000000002,100,220,3,,,,,,,,,,,,,,,,,,,,,,,,,,,,,,,,,
2015,7,18,23,30,0,0,114.7,4.9,23.400000000000002,100,223,3.1,,,,,,,,,,,,,,,,,,,,,,,,,,,,,,,,,
2015,7,19,0,30,0,0,116.76,4.800000000000001,23.5,100,233,3.3000000000000003,,,,,,,,,,,,,,,,,,,,,,,,,,,,,,,,,
2015,7,19,1,30,0,0,115.83,4.5,23.5,100,245,3.3000000000000003,,,,,,,,,,,,,,,,,,,,,,,,,,,,,,,,,
2015,7,19,2,30,0,0,112.02,4.1000000000000005,23.3,100,254,3.1,,,,,,,,,,,,,,,,,,,,,,,,,,,,,,,,,
2015,7,19,3,30,0,0,105.81,3.8000000000000003,23,100,259,2.7,,,,,,,,,,,,,,,,,,,,,,,,,,,,,,,,,
2015,7,19,4,30,0,0,97.76,3.7,22.8,100,261,2.5,,,,,,,,,,,,,,,,,,,,,,,,,,,,,,,,,
2015,7,19,5,30,14,90,88.10000000000001,3.7,23.1,98.76,263,2.7,,,,,,,,,,,,,,,,,,,,,,,,,,,,,,,,,
2015,7,19,6,30,53,459,78.07000000000001,3.8000000000000003,24.1,96.41,270,3,,,,,,,,,,,,,,,,,,,,,,,,,,,,,,,,,
2015,7,19,7,30,74,657,67.3,3.7,25.3,93.36,281,3,,,,,,,,,,,,,,,,,,,,,,,,,,,,,,,,,
2015,7,19,8,30,84,768,56.25,3.8000000000000003,26.700000000000003,87.05,285,3.1,,,,,,,,,,,,,,,,,,,,,,,,,,,,,,,,,
2015,7,19,9,30,93,828,45.27,3.9000000000000004,28,79.51,281,3.3000000000000003,,,,,,,,,,,,,,,,,,,,,,,,,,,,,,,,,
2015,7,19,10,30,253,462,34.88,4,29,73.71000000000001,278,3.6,,,,,,,,,,,,,,,,,,,,,,,,,,,,,,,,,
2015,7,19,11,30,454,151,26.18,4,29.5,71.12,276,3.9000000000000004,,,,,,,,,,,,,,,,,,,,,,,,,,,,,,,,,
2015,7,19,12,30,481,219,21.61,4,29.6,70.11,278,4,,,,,,,,,,,,,,,,,,,,,,,,,,,,,,,,,
2015,7,19,13,30,303,468,23.8,4,29.400000000000002,69.26,281,4.2,,,,,,,,,,,,,,,,,,,,,,,,,,,,,,,,,
2015,7,19,14,30,394,96,31.34,4,29.1,68.11,287,4.3,,,,,,,,,,,,,,,,,,,,,,,,,,,,,,,,,
2015,7,19,15,30,304,292,41.29,3.8000000000000003,28.400000000000002,67.67,292,4.4,,,,,,,,,,,,,,,,,,,,,,,,,,,,,,,,,
2015,7,19,16,30,232,351,52.14,3.5,27.200000000000003,67.94,295,4.1000000000000005,,,,,,,,,,,,,,,,,,,,,,,,,,,,,,,,,
2015,7,19,17,30,81,706,63.21,3.2,25.700000000000003,69.5,297,3.5,,,,,,,,,,,,,,,,,,,,,,,,,,,,,,,,,
2015,7,19,18,30,130,190,74.13,2.8000000000000003,23.6,75.91,298,2.4000000000000004,,,,,,,,,,,,,,,,,,,,,,,,,,,,,,,,,
2015,7,19,19,30,27,319,84.55,2.4000000000000004,21.3,85.61,298,1.9000000000000001,,,,,,,,,,,,,,,,,,,,,,,,,,,,,,,,,
2015,7,19,20,30,0,0,94.46000000000001,2.1,19.8,86.53,299,2,,,,,,,,,,,,,,,,,,,,,,,,,,,,,,,,,
2015,7,19,21,30,0,0,103.08,1.8,18.900000000000002,86.60000000000001,300,2.2,,,,,,,,,,,,,,,,,,,,,,,,,,,,,,,,,
2015,7,19,22,30,0,0,110.08,1.7000000000000002,18,87.59,299,2.3000000000000003,,,,,,,,,,,,,,,,,,,,,,,,,,,,,,,,,
2015,7,19,23,30,0,0,114.88,1.7000000000000002,17.3,87.92,296,2.3000000000000003,,,,,,,,,,,,,,,,,,,,,,,,,,,,,,,,,
2015,7,20,0,30,0,0,116.95,1.6,16.6,88.26,292,2.3000000000000003,,,,,,,,,,,,,,,,,,,,,,,,,,,,,,,,,
2015,7,20,1,30,0,0,116.01,1.7000000000000002,16,88.19,289,2.2,,,,,,,,,,,,,,,,,,,,,,,,,,,,,,,,,
2015,7,20,2,30,0,0,112.2,1.7000000000000002,15.600000000000001,87.75,287,2.2,,,,,,,,,,,,,,,,,,,,,,,,,,,,,,,,,
2015,7,20,3,30,0,0,105.97,1.7000000000000002,15.200000000000001,88.44,287,2.1,,,,,,,,,,,,,,,,,,,,,,,,,,,,,,,,,
2015,7,20,4,30,0,0,97.91,1.7000000000000002,15,89.28,288,1.9000000000000001,,,,,,,,,,,,,,,,,,,,,,,,,,,,,,,,,
2015,7,20,5,30,12,190,88.23,1.7000000000000002,16.1,85.04,287,2.1,,,,,,,,,,,,,,,,,,,,,,,,,,,,,,,,,
2015,7,20,6,30,43,576,78.2,1.8,18.2,78.79,280,2.2,,,,,,,,,,,,,,,,,,,,,,,,,,,,,,,,,
2015,7,20,7,30,60,747,67.43,1.9000000000000001,20.5,73.8,268,1.9000000000000001,,,,,,,,,,,,,,,,,,,,,,,,,,,,,,,,,
2015,7,20,8,30,72,836,56.38,2,23.3,68.38,263,2.2,,,,,,,,,,,,,,,,,,,,,,,,,,,,,,,,,
2015,7,20,9,30,82,885,45.4,2.1,25.200000000000003,58.11,257,2.7,,,,,,,,,,,,,,,,,,,,,,,,,,,,,,,,,
2015,7,20,10,30,92,906,35.02,2.3000000000000003,26,56.370000000000005,246,3,,,,,,,,,,,,,,,,,,,,,,,,,,,,,,,,,
2015,7,20,11,30,277,672,26.34,2.4000000000000004,26.5,56.08,243,3.3000000000000003,,,,,,,,,,,,,,,,,,,,,,,,,,,,,,,,,
2015,7,20,12,30,459,342,21.8,2.6,26.8,57,244,3.4000000000000004,,,,,,,,,,,,,,,,,,,,,,,,,,,,,,,,,
2015,7,20,13,30,286,657,23.97,2.9000000000000004,26.900000000000002,57.980000000000004,246,3.6,,,,,,,,,,,,,,,,,,,,,,,,,,,,,,,,,
2015,7,20,14,30,385,412,31.470000000000002,3.2,26.900000000000002,59.46,249,3.7,,,,,,,,,,,,,,,,,,,,,,,,,,,,,,,,,
2015,7,20,15,30,218,594,41.4,3.4000000000000004,26.700000000000003,61.57,252,3.7,,,,,,,,,,,,,,,,,,,,,,,,,,,,,,,,,
2015,7,20,16,30,255,472,52.24,3.5,26.400000000000002,63.99,256,3.4000000000000004,,,,,,,,,,,,,,,,,,,,,,,,,,,,,,,,,
2015,7,20,17,30,194,438,63.32,3.6,25.5,68.88,259,2.7,,,,,,,,,,,,,,,,,,,,,,,,,,,,,,,,,
2015,7,20,18,30,117,289,74.24,3.8000000000000003,24,79,262,1.9000000000000001,,,,,,,,,,,,,,,,,,,,,,,,,,,,,,,,,
2015,7,20,19,30,23,0,84.67,3.9000000000000004,22.400000000000002,86.35000000000001,262,1.6,,,,,,,,,,,,,,,,,,,,,,,,,,,,,,,,,
2015,7,20,20,30,0,0,94.59,4,21.700000000000003,85.32000000000001,261,1.8,,,,,,,,,,,,,,,,,,,,,,,,,,,,,,,,,
2015,7,20,21,30,0,0,103.23,4,21.400000000000002,84.96000000000001,260,2,,,,,,,,,,,,,,,,,,,,,,,,,,,,,,,,,
2015,7,20,22,30,0,0,110.24000000000001,4,21,85.65,261,2.1,,,,,,,,,,,,,,,,,,,,,,,,,,,,,,,,,
2015,7,20,23,30,0,0,115.05,3.9000000000000004,20.700000000000003,87.05,265,2.1,,,,,,,,,,,,,,,,,,,,,,,,,,,,,,,,,
2015,7,21,0,30,0,0,117.13,3.7,20.3,89.47,274,2.3000000000000003,,,,,,,,,,,,,,,,,,,,,,,,,,,,,,,,,
2015,7,21,1,30,0,0,116.2,3.6,19.900000000000002,91.99,287,2.5,,,,,,,,,,,,,,,,,,,,,,,,,,,,,,,,,
2015,7,21,2,30,0,0,112.38,3.5,19.400000000000002,95.15,307,2.6,,,,,,,,,,,,,,,,,,,,,,,,,,,,,,,,,
2015,7,21,3,30,0,0,106.14,3.3000000000000003,18.900000000000002,97.8,330,2.5,,,,,,,,,,,,,,,,,,,,,,,,,,,,,,,,,
2015,7,21,4,30,0,0,98.06,3.1,18.400000000000002,99.57000000000001,351,2.5,,,,,,,,,,,,,,,,,,,,,,,,,,,,,,,,,
2015,7,21,5,30,12,71,88.36,2.7,18.400000000000002,97.38,184,2.8000000000000003,,,,,,,,,,,,,,,,,,,,,,,,,,,,,,,,,
2015,7,21,6,30,51,488,78.33,2.3000000000000003,19.1,91.60000000000001,7,3.1,,,,,,,,,,,,,,,,,,,,,,,,,,,,,,,,,
2015,7,21,7,30,65,716,67.55,2.1,20.3,79.73,182,3.2,,,,,,,,,,,,,,,,,,,,,,,,,,,,,,,,,
2015,7,21,8,30,73,829,56.51,2,21.8,66.82000000000001,350,3.3000000000000003,,,,,,,,,,,,,,,,,,,,,,,,,,,,,,,,,
2015,7,21,9,30,79,892,45.53,1.9000000000000001,23,59.15,337,3.4000000000000004,,,,,,,,,,,,,,,,,,,,,,,,,,,,,,,,,
2015,7,21,10,30,87,922,35.17,1.9000000000000001,24,54.85,327,3.6,,,,,,,,,,,,,,,,,,,,,,,,,,,,,,,,,
2015,7,21,11,30,89,942,26.51,1.9000000000000001,24.6,52.5,320,3.8000000000000003,,,,,,,,,,,,,,,,,,,,,,,,,,,,,,,,,
2015,7,21,12,30,89,951,21.990000000000002,1.9000000000000001,25,50.75,316,3.9000000000000004,,,,,,,,,,,,,,,,,,,,,,,,,,,,,,,,,
2015,7,21,13,30,89,947,24.14,1.9000000000000001,25.200000000000003,49.75,312,3.9000000000000004,,,,,,,,,,,,,,,,,,,,,,,,,,,,,,,,,
2015,7,21,14,30,86,934,31.61,1.9000000000000001,25.3,49.38,307,3.8000000000000003,,,,,,,,,,,,,,,,,,,,,,,,,,,,,,,,,
2015,7,21,15,30,81,908,41.52,1.9000000000000001,25,50.64,304,3.7,,,,,,,,,,,,,,,,,,,,,,,,,,,,,,,,,
2015,7,21,16,30,75,859,52.35,2,24.5,52.69,302,3.6,,,,,,,,,,,,,,,,,,,,,,,,,,,,,,,,,
2015,7,21,17,30,66,781,63.42,2,23.5,56.870000000000005,301,3.3000000000000003,,,,,,,,,,,,,,,,,,,,,,,,,,,,,,,,,
2015,7,21,18,30,52,641,74.36,1.9000000000000001,21.700000000000003,66.77,302,2.8000000000000003,,,,,,,,,,,,,,,,,,,,,,,,,,,,,,,,,
2015,7,21,19,30,26,350,84.79,1.9000000000000001,19.700000000000003,76.31,305,2.7,,,,,,,,,,,,,,,,,,,,,,,,,,,,,,,,,
2015,7,21,20,30,0,0,94.73,1.8,18.400000000000002,78.55,310,2.8000000000000003,,,,,,,,,,,,,,,,,,,,,,,,,,,,,,,,,
2015,7,21,21,30,0,0,103.38,1.7000000000000002,17.400000000000002,80.59,316,2.9000000000000004,,,,,,,,,,,,,,,,,,,,,,,,,,,,,,,,,
2015,7,21,22,30,0,0,110.41,1.6,16.6,82.68,325,2.7,,,,,,,,,,,,,,,,,,,,,,,,,,,,,,,,,
2015,7,21,23,30,0,0,115.24000000000001,1.6,15.700000000000001,86.7,334,2.4000000000000004,,,,,,,,,,,,,,,,,,,,,,,,,,,,,,,,,
2015,7,22,0,30,0,0,117.33,1.7000000000000002,15,90.31,341,2,,,,,,,,,,,,,,,,,,,,,,,,,,,,,,,,,
2015,7,22,1,30,0,0,116.39,1.7000000000000002,14.3,94.11,344,1.7000000000000002,,,,,,,,,,,,,,,,,,,,,,,,,,,,,,,,,
2015,7,22,2,30,0,0,112.57000000000001,1.7000000000000002,13.8,96.37,346,1.5,,,,,,,,,,,,,,,,,,,,,,,,,,,,,,,,,
2015,7,22,3,30,0,0,106.31,1.8,13.3,98.66,345,1.3,,,,,,,,,,,,,,,,,,,,,,,,,,,,,,,,,
2015,7,22,4,30,0,0,98.22,1.8,13.100000000000001,99.05,339,1.1,,,,,,,,,,,,,,,,,,,,,,,,,,,,,,,,,
2015,7,22,5,30,12,154,88.49,1.8,14.4,90.83,332,1.5,,,,,,,,,,,,,,,,,,,,,,,,,,,,,,,,,
2015,7,22,6,30,43,569,78.47,1.7000000000000002,16.6,82.18,327,1.8,,,,,,,,,,,,,,,,,,,,,,,,,,,,,,,,,
2015,7,22,7,30,61,749,67.68,1.7000000000000002,19.1,72.07000000000001,329,2,,,,,,,,,,,,,,,,,,,,,,,,,,,,,,,,,
2015,7,22,8,30,72,844,56.63,1.7000000000000002,21.400000000000002,57.84,330,2.4000000000000004,,,,,,,,,,,,,,,,,,,,,,,,,,,,,,,,,
2015,7,22,9,30,81,896,45.67,1.7000000000000002,22.8,52.7,326,2.7,,,,,,,,,,,,,,,,,,,,,,,,,,,,,,,,,
2015,7,22,10,30,105,896,35.32,1.8,23.700000000000003,50.88,323,2.8000000000000003,,,,,,,,,,,,,,,,,,,,,,,,,,,,,,,,,
2015,7,22,11,30,253,633,26.69,2,24.5,49.980000000000004,319,2.8000000000000003,,,,,,,,,,,,,,,,,,,,,,,,,,,,,,,,,
2015,7,22,12,30,310,526,22.19,2.1,24.900000000000002,50.1,314,2.8000000000000003,,,,,,,,,,,,,,,,,,,,,,,,,,,,,,,,,
2015,7,22,13,30,373,350,24.32,2.3000000000000003,25.1,50.5,311,2.8000000000000003,,,,,,,,,,,,,,,,,,,,,,,,,,,,,,,,,
2015,7,22,14,30,387,297,31.75,2.4000000000000004,24.900000000000002,51.45,310,2.6,,,,,,,,,,,,,,,,,,,,,,,,,,,,,,,,,
2015,7,22,15,30,347,227,41.64,2.5,24.400000000000002,53.19,310,2.5,,,,,,,,,,,,,,,,,,,,,,,,,,,,,,,,,
2015,7,22,16,30,286,157,52.47,2.6,23.700000000000003,55.89,312,2.3000000000000003,,,,,,,,,,,,,,,,,,,,,,,,,,,,,,,,,
2015,7,22,17,30,143,462,63.54,2.6,22.700000000000003,61.7,316,1.8,,,,,,,,,,,,,,,,,,,,,,,,,,,,,,,,,
2015,7,22,18,30,61,568,74.48,2.5,21.1,73.60000000000001,321,1.2000000000000002,,,,,,,,,,,,,,,,,,,,,,,,,,,,,,,,,
2015,7,22,19,30,27,281,84.92,2.5,19.3,84.21000000000001,324,1,,,,,,,,,,,,,,,,,,,,,,,,,,,,,,,,,
2015,7,22,20,30,0,0,94.87,2.4000000000000004,18.2,82.76,325,1.1,,,,,,,,,,,,,,,,,,,,,,,,,,,,,,,,,
2015,7,22,21,30,0,0,103.54,2.3000000000000003,17.7,81.52,324,1.1,,,,,,,,,,,,,,,,,,,,,,,,,,,,,,,,,
2015,7,22,22,30,0,0,110.59,2.2,17.3,80.96000000000001,321,1.1,,,,,,,,,,,,,,,,,,,,,,,,,,,,,,,,,
2015,7,22,23,30,0,0,115.43,2.2,16.7,81.81,316,1.1,,,,,,,,,,,,,,,,,,,,,,,,,,,,,,,,,
2015,7,23,0,30,0,0,117.53,2.2,15.9,83.76,313,1.1,,,,,,,,,,,,,,,,,,,,,,,,,,,,,,,,,
2015,7,23,1,30,0,0,116.59,2.1,15.100000000000001,86.91,314,1.1,,,,,,,,,,,,,,,,,,,,,,,,,,,,,,,,,
2015,7,23,2,30,0,0,112.76,2.1,14.4,90.36,317,1.2000000000000002,,,,,,,,,,,,,,,,,,,,,,,,,,,,,,,,,
2015,7,23,3,30,0,0,106.49000000000001,2.1,13.8,93.63,324,1.2000000000000002,,,,,,,,,,,,,,,,,,,,,,,,,,,,,,,,,
2015,7,23,4,30,0,0,98.38,2.2,13.600000000000001,94.45,334,1.2000000000000002,,,,,,,,,,,,,,,,,,,,,,,,,,,,,,,,,
2015,7,23,5,30,11,136,88.63,2.2,15,86.95,345,1.6,,,,,,,,,,,,,,,,,,,,,,,,,,,,,,,,,
2015,7,23,6,30,44,534,78.60000000000001,2.2,17.400000000000002,78.86,354,1.9000000000000001,,,,,,,,,,,,,,,,,,,,,,,,,,,,,,,,,
2015,7,23,7,30,64,717,67.82000000000001,2.2,20,69.06,357,1.8,,,,,,,,,,,,,,,,,,,,,,,,,,,,,,,,,
2015,7,23,8,30,77,810,56.76,2.3000000000000003,22.8,55.86,350,1.8,,,,,,,,,,,,,,,,,,,,,,,,,,,,,,,,,
2015,7,23,9,30,314,389,45.800000000000004,2.4000000000000004,24.5,49.43,337,1.8,,,,,,,,,,,,,,,,,,,,,,,,,,,,,,,,,
2015,7,23,10,30,98,888,35.47,2.5,25.6,47.84,323,1.7000000000000002,,,,,,,,,,,,,,,,,,,,,,,,,,,,,,,,,
2015,7,23,11,30,106,903,26.87,2.5,26.5,47.08,309,1.7000000000000002,,,,,,,,,,,,,,,,,,,,,,,,,,,,,,,,,
2015,7,23,12,30,466,142,22.39,2.6,27,47.480000000000004,297,1.8,,,,,,,,,,,,,,,,,,,,,,,,,,,,,,,,,
2015,7,23,13,30,106,907,24.51,2.6,27.3,48.22,290,2,,,,,,,,,,,,,,,,,,,,,,,,,,,,,,,,,
2015,7,23,14,30,109,883,31.91,2.6,27.400000000000002,49.13,291,2.1,,,,,,,,,,,,,,,,,,,,,,,,,,,,,,,,,
2015,7,23,15,30,105,849,41.77,2.6,27.200000000000003,50.5,297,2.3000000000000003,,,,,,,,,,,,,,,,,,,,,,,,,,,,,,,,,
2015,7,23,16,30,101,782,52.59,2.7,26.8,52.77,303,2.3000000000000003,,,,,,,,,,,,,,,,,,,,,,,,,,,,,,,,,
2015,7,23,17,30,93,673,63.660000000000004,2.7,26,57.18,307,2,,,,,,,,,,,,,,,,,,,,,,,,,,,,,,,,,
2015,7,23,18,30,139,25,74.60000000000001,2.7,24.200000000000003,67.53,308,1.3,,,,,,,,,,,,,,,,,,,,,,,,,,,,,,,,,
2015,7,23,19,30,22,0,85.05,2.7,22.400000000000002,82.56,306,1,,,,,,,,,,,,,,,,,,,,,,,,,,,,,,,,,
2015,7,23,20,30,0,0,95.02,2.6,21.400000000000002,82.41,306,1.1,,,,,,,,,,,,,,,,,,,,,,,,,,,,,,,,,
2015,7,23,21,30,0,0,103.71000000000001,2.6,20.6,85.29,307,1.3,,,,,,,,,,,,,,,,,,,,,,,,,,,,,,,,,
2015,7,23,22,30,0,0,110.77,2.5,19.700000000000003,88.2,311,1.5,,,,,,,,,,,,,,,,,,,,,,,,,,,,,,,,,
2015,7,23,23,30,0,0,115.63,2.5,19,90.58,316,1.9000000000000001,,,,,,,,,,,,,,,,,,,,,,,,,,,,,,,,,
2015,7,24,0,30,0,0,117.73,2.5,18.3,93.47,320,2.1,,,,,,,,,,,,,,,,,,,,,,,,,,,,,,,,,
2015,7,24,1,30,0,0,116.79,2.5,17.7,95.75,324,2.2,,,,,,,,,,,,,,,,,,,,,,,,,,,,,,,,,
2015,7,24,2,30,0,0,112.95,2.5,17,98.61,327,2.1,,,,,,,,,,,,,,,,,,,,,,,,,,,,,,,,,
2015,7,24,3,30,0,0,106.67,2.5,16.400000000000002,100,329,1.9000000000000001,,,,,,,,,,,,,,,,,,,,,,,,,,,,,,,,,
2015,7,24,4,30,0,0,98.55,2.5,16.1,100,331,1.7000000000000002,,,,,,,,,,,,,,,,,,,,,,,,,,,,,,,,,
2015,7,24,5,30,10,118,88.76,2.5,17.2,92.60000000000001,330,2,,,,,,,,,,,,,,,,,,,,,,,,,,,,,,,,,
2015,7,24,6,30,44,523,78.74,2.5,19.3,82.27,323,2.1,,,,,,,,,,,,,,,,,,,,,,,,,,,,,,,,,
2015,7,24,7,30,63,709,67.95,2.5,21.900000000000002,72.27,318,1.7000000000000002,,,,,,,,,,,,,,,,,,,,,,,,,,,,,,,,,
2015,7,24,8,30,76,809,56.9,2.5,24.900000000000002,60.79,323,1.3,,,,,,,,,,,,,,,,,,,,,,,,,,,,,,,,,
2015,7,24,9,30,84,864,45.94,2.6,27,51.49,303,0.8,,,,,,,,,,,,,,,,,,,,,,,,,,,,,,,,,
2015,7,24,10,30,96,889,35.62,2.6,28.1,49.27,266,0.8,,,,,,,,,,,,,,,,,,,,,,,,,,,,,,,,,
2015,7,24,11,30,102,905,27.05,2.7,28.900000000000002,47.62,254,1.5,,,,,,,,,,,,,,,,,,,,,,,,,,,,,,,,,
2015,7,24,12,30,237,722,22.6,2.8000000000000003,29.3,47.38,255,2,,,,,,,,,,,,,,,,,,,,,,,,,,,,,,,,,
2015,7,24,13,30,396,446,24.7,2.8000000000000003,29.400000000000002,47.68,254,2.2,,,,,,,,,,,,,,,,,,,,,,,,,,,,,,,,,
2015,7,24,14,30,108,879,32.06,2.8000000000000003,29.1,48.84,256,2.3000000000000003,,,,,,,,,,,,,,,,,,,,,,,,,,,,,,,,,
2015,7,24,15,30,104,841,41.910000000000004,2.9000000000000004,28.700000000000003,50.02,259,2.2,,,,,,,,,,,,,,,,,,,,,,,,,,,,,,,,,
2015,7,24,16,30,247,496,52.71,2.9000000000000004,28.1,53.34,260,2,,,,,,,,,,,,,,,,,,,,,,,,,,,,,,,,,
2015,7,24,17,30,161,444,63.79,2.9000000000000004,27.1,57.11,260,1.5,,,,,,,,,,,,,,,,,,,,,,,,,,,,,,,,,
2015,7,24,18,30,61,546,74.73,2.9000000000000004,25.200000000000003,69.9,264,1,,,,,,,,,,,,,,,,,,,,,,,,,,,,,,,,,
2015,7,24,19,30,33,1,85.19,2.9000000000000004,23.200000000000003,83.75,266,0.9,,,,,,,,,,,,,,,,,,,,,,,,,,,,,,,,,
2015,7,24,20,30,0,0,95.17,3.1,21.900000000000002,81.83,265,1,,,,,,,,,,,,,,,,,,,,,,,,,,,,,,,,,
2015,7,24,21,30,0,0,103.88,3.3000000000000003,21.200000000000003,83.64,261,1.1,,,,,,,,,,,,,,,,,,,,,,,,,,,,,,,,,
2015,7,24,22,30,0,0,110.96000000000001,3.5,20.8,84.34,253,1.2000000000000002,,,,,,,,,,,,,,,,,,,,,,,,,,,,,,,,,
2015,7,24,23,30,0,0,115.83,3.5,20.400000000000002,85.76,242,1.3,,,,,,,,,,,,,,,,,,,,,,,,,,,,,,,,,
2015,7,25,0,30,0,0,117.94,3.5,20.1,85.73,231,1.4000000000000001,,,,,,,,,,,,,,,,,,,,,,,,,,,,,,,,,
2015,7,25,1,30,0,0,117,3.4000000000000004,19.8,85.97,224,1.7000000000000002,,,,,,,,,,,,,,,,,,,,,,,,,,,,,,,,,
2015,7,25,2,30,0,0,113.15,3.4000000000000004,19.5,86.51,224,2,,,,,,,,,,,,,,,,,,,,,,,,,,,,,,,,,
2015,7,25,3,30,0,0,106.85000000000001,3.5,19.3,87.97,228,2.4000000000000004,,,,,,,,,,,,,,,,,,,,,,,,,,,,,,,,,
2015,7,25,4,30,0,0,98.72,3.5,19,90.89,232,2.3000000000000003,,,,,,,,,,,,,,,,,,,,,,,,,,,,,,,,,
2015,7,25,5,30,9,67,88.91,3.5,19.700000000000003,88.33,231,2.4000000000000004,,,,,,,,,,,,,,,,,,,,,,,,,,,,,,,,,
2015,7,25,6,30,51,440,78.89,3.5,21.400000000000002,81.60000000000001,228,2.9000000000000004,,,,,,,,,,,,,,,,,,,,,,,,,,,,,,,,,
2015,7,25,7,30,77,635,68.08,3.5,23.8,73.59,226,3.3000000000000003,,,,,,,,,,,,,,,,,,,,,,,,,,,,,,,,,
2015,7,25,8,30,94,740,57.03,3.6,26,64.89,228,4.2,,,,,,,,,,,,,,,,,,,,,,,,,,,,,,,,,
2015,7,25,9,30,268,537,46.08,3.7,27.3,59.47,230,4.9,,,,,,,,,,,,,,,,,,,,,,,,,,,,,,,,,
2015,7,25,10,30,349,164,35.78,3.8000000000000003,28.1,57.65,233,5.1000000000000005,,,,,,,,,,,,,,,,,,,,,,,,,,,,,,,,,
2015,7,25,11,30,137,832,27.240000000000002,3.9000000000000004,28.3,59.33,239,4.9,,,,,,,,,,,,,,,,,,,,,,,,,,,,,,,,,
2015,7,25,12,30,481,252,22.81,3.9000000000000004,28.5,61.99,245,4.6000000000000005,,,,,,,,,,,,,,,,,,,,,,,,,,,,,,,,,
2015,7,25,13,30,489,190,24.900000000000002,3.8000000000000003,28.6,64.97,254,4.3,,,,,,,,,,,,,,,,,,,,,,,,,,,,,,,,,
2015,7,25,14,30,155,787,32.230000000000004,3.7,28.700000000000003,66.48,264,4,,,,,,,,,,,,,,,,,,,,,,,,,,,,,,,,,
2015,7,25,15,30,133,774,42.050000000000004,3.6,28.6,67.11,275,3.6,,,,,,,,,,,,,,,,,,,,,,,,,,,,,,,,,
2015,7,25,16,30,113,732,52.85,3.5,28.3,67.75,284,3,,,,,,,,,,,,,,,,,,,,,,,,,,,,,,,,,
2015,7,25,17,30,215,237,63.92,3.3000000000000003,27.5,71.38,294,2.2,,,,,,,,,,,,,,,,,,,,,,,,,,,,,,,,,
2015,7,25,18,30,65,508,74.87,3.3000000000000003,25.900000000000002,80.33,308,1.4000000000000001,,,,,,,,,,,,,,,,,,,,,,,,,,,,,,,,,
2015,7,25,19,30,26,217,85.33,3.2,24,91.64,324,1,,,,,,,,,,,,,,,,,,,,,,,,,,,,,,,,,
2015,7,25,20,30,0,0,95.33,3.1,22.900000000000002,92.11,343,1,,,,,,,,,,,,,,,,,,,,,,,,,,,,,,,,,
2015,7,25,21,30,0,0,104.05,3.1,22.200000000000003,93.89,182,1,,,,,,,,,,,,,,,,,,,,,,,,,,,,,,,,,
2015,7,25,22,30,0,0,111.15,3,21.400000000000002,95.99000000000001,19,1.1,,,,,,,,,,,,,,,,,,,,,,,,,,,,,,,,,
2015,7,25,23,30,0,0,116.04,3,20.6,98.07000000000001,34,1.2000000000000002,,,,,,,,,,,,,,,,,,,,,,,,,,,,,,,,,
2015,7,26,0,30,0,0,118.16,3,19.8,100,44,1.3,,,,,,,,,,,,,,,,,,,,,,,,,,,,,,,,,
2015,7,26,1,30,0,0,117.22,2.9000000000000004,19.200000000000003,100,52,1.4000000000000001,,,,,,,,,,,,,,,,,,,,,,,,,,,,,,,,,
2015,7,26,2,30,0,0,113.35000000000001,2.8000000000000003,18.5,100,56,1.4000000000000001,,,,,,,,,,,,,,,,,,,,,,,,,,,,,,,,,
2015,7,26,3,30,0,0,107.04,2.7,17.900000000000002,100,59,1.3,,,,,,,,,,,,,,,,,,,,,,,,,,,,,,,,,
2015,7,26,4,30,0,0,98.89,2.6,17.5,99.25,59,1.2000000000000002,,,,,,,,,,,,,,,,,,,,,,,,,,,,,,,,,
2015,7,26,5,30,0,0,89.04,2.5,18.400000000000002,89.78,58,1.4000000000000001,,,,,,,,,,,,,,,,,,,,,,,,,,,,,,,,,
2015,7,26,6,30,43,526,79.03,2.4000000000000004,20,83.19,59,1.6,,,,,,,,,,,,,,,,,,,,,,,,,,,,,,,,,
2015,7,26,7,30,62,719,68.22,2.3000000000000003,22.1,73.11,64,1.7000000000000002,,,,,,,,,,,,,,,,,,,,,,,,,,,,,,,,,
2015,7,26,8,30,74,817,57.17,2.3000000000000003,24.6,60.88,72,1.7000000000000002,,,,,,,,,,,,,,,,,,,,,,,,,,,,,,,,,
2015,7,26,9,30,83,873,46.22,2.3000000000000003,26.6,51.01,76,1.7000000000000002,,,,,,,,,,,,,,,,,,,,,,,,,,,,,,,,,
2015,7,26,10,30,96,897,35.94,2.3000000000000003,27.8,47.95,73,1.5,,,,,,,,,,,,,,,,,,,,,,,,,,,,,,,,,
2015,7,26,11,30,101,915,27.43,2.3000000000000003,28.700000000000003,45.95,69,1.6,,,,,,,,,,,,,,,,,,,,,,,,,,,,,,,,,
2015,7,26,12,30,104,919,23.03,2.4000000000000004,29.3,44.5,67,1.9000000000000001,,,,,,,,,,,,,,,,,,,,,,,,,,,,,,,,,
2015,7,26,13,30,296,646,25.1,2.5,29.5,43.9,70,2.1,,,,,,,,,,,,,,,,,,,,,,,,,,,,,,,,,
2015,7,26,14,30,331,372,32.4,2.6,29.6,43.53,81,1.9000000000000001,,,,,,,,,,,,,,,,,,,,,,,,,,,,,,,,,
2015,7,26,15,30,339,120,42.2,2.7,29.3,44.2,94,1.6,,,,,,,,,,,,,,,,,,,,,,,,,,,,,,,,,
2015,7,26,16,30,186,507,52.980000000000004,2.8000000000000003,28.900000000000002,45.36,100,1.3,,,,,,,,,,,,,,,,,,,,,,,,,,,,,,,,,
2015,7,26,17,30,182,243,64.05,2.8000000000000003,28.3,47.82,101,1,,,,,,,,,,,,,,,,,,,,,,,,,,,,,,,,,
2015,7,26,18,30,82,9,75.01,2.8000000000000003,26.6,51.480000000000004,110,0.9,,,,,,,,,,,,,,,,,,,,,,,,,,,,,,,,,
2015,7,26,19,30,20,0,85.48,2.8000000000000003,24.400000000000002,68.58,127,0.8,,,,,,,,,,,,,,,,,,,,,,,,,,,,,,,,,
2015,7,26,20,30,0,0,95.5,2.8000000000000003,23.1,70.26,142,0.9,,,,,,,,,,,,,,,,,,,,,,,,,,,,,,,,,
2015,7,26,21,30,0,0,104.24000000000001,2.8000000000000003,22.3,72.81,153,0.9,,,,,,,,,,,,,,,,,,,,,,,,,,,,,,,,,
2015,7,26,22,30,0,0,111.35000000000001,2.7,21.700000000000003,73.57000000000001,162,0.9,,,,,,,,,,,,,,,,,,,,,,,,,,,,,,,,,
2015,7,26,23,30,0,0,116.25,2.6,21.200000000000003,73.76,172,0.8,,,,,,,,,,,,,,,,,,,,,,,,,,,,,,,,,
2015,7,27,0,30,0,0,118.38,2.5,20.8,73.64,183,0.7000000000000001,,,,,,,,,,,,,,,,,,,,,,,,,,,,,,,,,
2015,7,27,1,30,0,0,117.44,2.5,20.400000000000002,74.32000000000001,197,0.6000000000000001,,,,,,,,,,,,,,,,,,,,,,,,,,,,,,,,,
2015,7,27,2,30,0,0,113.56,2.4000000000000004,20,75.35000000000001,210,0.5,,,,,,,,,,,,,,,,,,,,,,,,,,,,,,,,,
2015,7,27,3,30,0,0,107.23,2.4000000000000004,19.5,77.23,226,0.5,,,,,,,,,,,,,,,,,,,,,,,,,,,,,,,,,
2015,7,27,4,30,0,0,99.06,2.4000000000000004,19.1,78.61,251,0.4,,,,,,,,,,,,,,,,,,,,,,,,,,,,,,,,,
2015,7,27,5,30,0,0,89.18,2.3000000000000003,19.5,76.78,279,0.4,,,,,,,,,,,,,,,,,,,,,,,,,,,,,,,,,
2015,7,27,6,30,47,482,79.17,2.3000000000000003,20.900000000000002,78.18,298,0.5,,,,,,,,,,,,,,,,,,,,,,,,,,,,,,,,,
2015,7,27,7,30,70,677,68.36,2.3000000000000003,23.1,66.65,175,0.8,,,,,,,,,,,,,,,,,,,,,,,,,,,,,,,,,
2015,7,27,8,30,86,781,57.31,2.3000000000000003,25.8,55.980000000000004,61,1.3,,,,,,,,,,,,,,,,,,,,,,,,,,,,,,,,,
2015,7,27,9,30,97,842,46.37,2.3000000000000003,27.6,48.89,82,1.8,,,,,,,,,,,,,,,,,,,,,,,,,,,,,,,,,
2015,7,27,10,30,107,876,36.1,2.3000000000000003,28.700000000000003,45.94,96,1.9000000000000001,,,,,,,,,,,,,,,,,,,,,,,,,,,,,,,,,
2015,7,27,11,30,113,893,27.62,2.4000000000000004,29.6,43.82,107,2,,,,,,,,,,,,,,,,,,,,,,,,,,,,,,,,,
2015,7,27,12,30,117,898,23.25,2.4000000000000004,30.200000000000003,42.59,116,2.1,,,,,,,,,,,,,,,,,,,,,,,,,,,,,,,,,
2015,7,27,13,30,112,898,25.310000000000002,2.5,30.5,42.21,122,2,,,,,,,,,,,,,,,,,,,,,,,,,,,,,,,,,
2015,7,27,14,30,111,876,32.57,2.6,30.6,42.35,125,1.9000000000000001,,,,,,,,,,,,,,,,,,,,,,,,,,,,,,,,,
2015,7,27,15,30,106,842,42.35,2.6,30.400000000000002,43.08,124,1.8,,,,,,,,,,,,,,,,,,,,,,,,,,,,,,,,,
2015,7,27,16,30,96,788,53.13,2.6,30.1,44.38,115,1.5,,,,,,,,,,,,,,,,,,,,,,,,,,,,,,,,,
2015,7,27,17,30,83,700,64.2,2.6,29.3,47.14,105,1.3,,,,,,,,,,,,,,,,,,,,,,,,,,,,,,,,,
2015,7,27,18,30,117,60,75.16,2.7,27.3,54.54,106,1,,,,,,,,,,,,,,,,,,,,,,,,,,,,,,,,,
2015,7,27,19,30,28,0,85.63,2.7,25.1,73.03,116,0.9,,,,,,,,,,,,,,,,,,,,,,,,,,,,,,,,,
2015,7,27,20,30,0,0,95.67,2.7,24.1,70.85000000000001,129,1,,,,,,,,,,,,,,,,,,,,,,,,,,,,,,,,,
2015,7,27,21,30,0,0,104.42,2.8000000000000003,23.5,72.47,143,1,,,,,,,,,,,,,,,,,,,,,,,,,,,,,,,,,
2015,7,27,22,30,0,0,111.56,2.7,22.8,74.96000000000001,157,1,,,,,,,,,,,,,,,,,,,,,,,,,,,,,,,,,
2015,7,27,23,30,0,0,116.47,2.6,22.1,77.14,168,1,,,,,,,,,,,,,,,,,,,,,,,,,,,,,,,,,
2015,7,28,0,30,0,0,118.61,2.5,21.5,78.42,179,0.9,,,,,,,,,,,,,,,,,,,,,,,,,,,,,,,,,
2015,7,28,1,30,0,0,117.66,2.5,21.200000000000003,78.05,192,0.9,,,,,,,,,,,,,,,,,,,,,,,,,,,,,,,,,
2015,7,28,2,30,0,0,113.77,2.4000000000000004,21.1,76.58,208,0.8,,,,,,,,,,,,,,,,,,,,,,,,,,,,,,,,,
2015,7,28,3,30,0,0,107.42,2.3000000000000003,20.900000000000002,76.2,230,0.6000000000000001,,,,,,,,,,,,,,,,,,,,,,,,,,,,,,,,,
2015,7,28,4,30,0,0,99.23,2.3000000000000003,20.700000000000003,76.32000000000001,266,0.5,,,,,,,,,,,,,,,,,,,,,,,,,,,,,,,,,
2015,7,28,5,30,0,0,89.33,2.2,21.200000000000003,74.29,317,0.5,,,,,,,,,,,,,,,,,,,,,,,,,,,,,,,,,
2015,7,28,6,30,47,482,79.32000000000001,2.2,22.6,76.45,178,0.6000000000000001,,,,,,,,,,,,,,,,,,,,,,,,,,,,,,,,,
2015,7,28,7,30,71,680,68.5,2.2,24.8,66.11,56,0.9,,,,,,,,,,,,,,,,,,,,,,,,,,,,,,,,,
2015,7,28,8,30,86,785,57.44,2.2,27.400000000000002,56.13,110,1.4000000000000001,,,,,,,,,,,,,,,,,,,,,,,,,,,,,,,,,
2015,7,28,9,30,98,843,46.52,2.3000000000000003,29.1,48.83,122,1.9000000000000001,,,,,,,,,,,,,,,,,,,,,,,,,,,,,,,,,
2015,7,28,10,30,109,871,36.26,2.4000000000000004,30,46.43,124,2,,,,,,,,,,,,,,,,,,,,,,,,,,,,,,,,,
2015,7,28,11,30,116,889,27.82,2.4000000000000004,30.700000000000003,45.1,127,2.2,,,,,,,,,,,,,,,,,,,,,,,,,,,,,,,,,
2015,7,28,12,30,120,893,23.48,2.5,31.200000000000003,44.13,132,2.3000000000000003,,,,,,,,,,,,,,,,,,,,,,,,,,,,,,,,,
2015,7,28,13,30,120,888,25.53,2.5,31.5,43.75,137,2.3000000000000003,,,,,,,,,,,,,,,,,,,,,,,,,,,,,,,,,
2015,7,28,14,30,117,868,32.76,2.6,31.5,43.93,143,2.2,,,,,,,,,,,,,,,,,,,,,,,,,,,,,,,,,
2015,7,28,15,30,305,347,42.51,2.6,31.200000000000003,44.76,148,2.1,,,,,,,,,,,,,,,,,,,,,,,,,,,,,,,,,
2015,7,28,16,30,251,155,53.28,2.6,30.700000000000003,45.62,148,2,,,,,,,,,,,,,,,,,,,,,,,,,,,,,,,,,
2015,7,28,17,30,196,221,64.34,2.6,29.6,48.47,146,1.8,,,,,,,,,,,,,,,,,,,,,,,,,,,,,,,,,
2015,7,28,18,30,120,40,75.31,2.6,26.900000000000002,57.730000000000004,148,1.5,,,,,,,,,,,,,,,,,,,,,,,,,,,,,,,,,
2015,7,28,19,30,28,0,85.79,2.5,24.3,73.89,152,1.4000000000000001,,,,,,,,,,,,,,,,,,,,,,,,,,,,,,,,,
2015,7,28,20,30,0,0,95.85000000000001,2.4000000000000004,22.900000000000002,74.43,159,1.4000000000000001,,,,,,,,,,,,,,,,,,,,,,,,,,,,,,,,,
2015,7,28,21,30,0,0,104.62,2.4000000000000004,22,76.2,168,1.3,,,,,,,,,,,,,,,,,,,,,,,,,,,,,,,,,
2015,7,28,22,30,0,0,111.77,2.5,21.5,77.73,180,1.2000000000000002,,,,,,,,,,,,,,,,,,,,,,,,,,,,,,,,,
2015,7,28,23,30,0,0,116.7,2.6,21.200000000000003,78.34,189,1.1,,,,,,,,,,,,,,,,,,,,,,,,,,,,,,,,,
2015,7,29,0,30,0,0,118.84,2.7,20.8,78.28,192,1,,,,,,,,,,,,,,,,,,,,,,,,,,,,,,,,,
2015,7,29,1,30,0,0,117.89,2.9000000000000004,20.400000000000002,77.95,189,1,,,,,,,,,,,,,,,,,,,,,,,,,,,,,,,,,
2015,7,29,2,30,0,0,113.98,3.1,20,79.3,183,1,,,,,,,,,,,,,,,,,,,,,,,,,,,,,,,,,
2015,7,29,3,30,0,0,107.62,3.4000000000000004,19.8,81.49,179,1.1,,,,,,,,,,,,,,,,,,,,,,,,,,,,,,,,,
2015,7,29,4,30,0,0,99.41,3.7,19.6,83.95,177,1.1,,,,,,,,,,,,,,,,,,,,,,,,,,,,,,,,,
2015,7,29,5,30,0,0,89.47,4,20.5,81.77,178,1.4000000000000001,,,,,,,,,,,,,,,,,,,,,,,,,,,,,,,,,
2015,7,29,6,30,57,349,79.47,4.3,21.900000000000002,80.82000000000001,180,2,,,,,,,,,,,,,,,,,,,,,,,,,,,,,,,,,
2015,7,29,7,30,161,47,68.64,4.5,23.400000000000002,75.76,183,2.4000000000000004,,,,,,,,,,,,,,,,,,,,,,,,,,,,,,,,,
2015,7,29,8,30,201,419,57.59,4.5,26,67.7,190,2.8000000000000003,,,,,,,,,,,,,,,,,,,,,,,,,,,,,,,,,
2015,7,29,9,30,238,497,46.660000000000004,4.5,28.8,56.32,198,3.2,,,,,,,,,,,,,,,,,,,,,,,,,,,,,,,,,
2015,7,29,10,30,261,534,36.43,4.6000000000000005,30.400000000000002,54.97,201,3.4000000000000004,,,,,,,,,,,,,,,,,,,,,,,,,,,,,,,,,
2015,7,29,11,30,325,390,28.02,4.9,30.900000000000002,56.65,200,3.5,,,,,,,,,,,,,,,,,,,,,,,,,,,,,,,,,
2015,7,29,12,30,400,275,23.71,5.300000000000001,30.400000000000002,60.42,196,3.5,,,,,,,,,,,,,,,,,,,,,,,,,,,,,,,,,
2015,7,29,13,30,347,431,25.75,5.7,29.400000000000002,66.56,192,3.5,,,,,,,,,,,,,,,,,,,,,,,,,,,,,,,,,
2015,7,29,14,30,108,0,32.94,6.1000000000000005,28.200000000000003,74.86,186,3.4000000000000004,,,,,,,,,,,,,,,,,,,,,,,,,,,,,,,,,
2015,7,29,15,30,106,0,42.68,6.300000000000001,26.900000000000002,84.79,196,3.1,,,,,,,,,,,,,,,,,,,,,,,,,,,,,,,,,
2015,7,29,16,30,347,120,53.43,6,25.8,92.55,227,2.8000000000000003,,,,,,,,,,,,,,,,,,,,,,,,,,,,,,,,,
2015,7,29,17,30,167,385,64.5,4.9,24.8,95.14,260,2.8000000000000003,,,,,,,,,,,,,,,,,,,,,,,,,,,,,,,,,
2015,7,29,18,30,53,0,75.47,3.5,23.400000000000002,93.95,284,3,,,,,,,,,,,,,,,,,,,,,,,,,,,,,,,,,
2015,7,29,19,30,27,130,85.95,2.5,21.5,90.22,291,2.8000000000000003,,,,,,,,,,,,,,,,,,,,,,,,,,,,,,,,,
2015,7,29,20,30,0,0,96.03,1.8,20,84.61,289,2.5,,,,,,,,,,,,,,,,,,,,,,,,,,,,,,,,,
2015,7,29,21,30,0,0,104.82000000000001,1.5,19.1,80.06,283,2.4000000000000004,,,,,,,,,,,,,,,,,,,,,,,,,,,,,,,,,
2015,7,29,22,30,0,0,111.99000000000001,1.5,18.5,77.82000000000001,279,2.5,,,,,,,,,,,,,,,,,,,,,,,,,,,,,,,,,
2015,7,29,23,30,0,0,116.93,1.6,18,77.62,279,2.6,,,,,,,,,,,,,,,,,,,,,,,,,,,,,,,,,
2015,7,30,0,30,0,0,119.08,1.7000000000000002,17.5,79.57000000000001,281,2.6,,,,,,,,,,,,,,,,,,,,,,,,,,,,,,,,,
2015,7,30,1,30,0,0,118.12,1.8,17,83.09,284,2.4000000000000004,,,,,,,,,,,,,,,,,,,,,,,,,,,,,,,,,
2015,7,30,2,30,0,0,114.2,1.9000000000000001,16.5,87.55,285,2.3000000000000003,,,,,,,,,,,,,,,,,,,,,,,,,,,,,,,,,
2015,7,30,3,30,0,0,107.82000000000001,1.9000000000000001,16.2,91.10000000000001,283,2.1,,,,,,,,,,,,,,,,,,,,,,,,,,,,,,,,,
2015,7,30,4,30,0,0,99.59,1.7000000000000002,16.1,93.49,278,2.1,,,,,,,,,,,,,,,,,,,,,,,,,,,,,,,,,
2015,7,30,5,30,0,0,89.60000000000001,1.6,17.2,89.41,274,2.7,,,,,,,,,,,,,,,,,,,,,,,,,,,,,,,,,
2015,7,30,6,30,40,546,79.62,1.6,19.400000000000002,82.21000000000001,272,3.3000000000000003,,,,,,,,,,,,,,,,,,,,,,,,,,,,,,,,,
2015,7,30,7,30,59,741,68.79,1.6,22,73.03,278,3.6,,,,,,,,,,,,,,,,,,,,,,,,,,,,,,,,,
2015,7,30,8,30,71,840,57.730000000000004,1.6,24.5,60.75,285,4,,,,,,,,,,,,,,,,,,,,,,,,,,,,,,,,,
2015,7,30,9,30,80,896,46.82,1.6,26.3,50.84,287,4.4,,,,,,,,,,,,,,,,,,,,,,,,,,,,,,,,,
2015,7,30,10,30,87,925,36.6,1.7000000000000002,27.3,45.730000000000004,287,4.7,,,,,,,,,,,,,,,,,,,,,,,,,,,,,,,,,
2015,7,30,11,30,90,945,28.23,1.7000000000000002,27.900000000000002,44.02,285,5,,,,,,,,,,,,,,,,,,,,,,,,,,,,,,,,,
2015,7,30,12,30,92,950,23.95,1.8,28.200000000000003,43.52,285,5.2,,,,,,,,,,,,,,,,,,,,,,,,,,,,,,,,,
2015,7,30,13,30,91,942,25.97,1.9000000000000001,28.3,43.24,285,5.4,,,,,,,,,,,,,,,,,,,,,,,,,,,,,,,,,
2015,7,30,14,30,88,929,33.14,1.9000000000000001,28.1,43.45,287,5.5,,,,,,,,,,,,,,,,,,,,,,,,,,,,,,,,,
2015,7,30,15,30,83,898,42.85,2,27.6,44.46,288,5.4,,,,,,,,,,,,,,,,,,,,,,,,,,,,,,,,,
2015,7,30,16,30,77,845,53.59,2.1,27,45.89,289,5.2,,,,,,,,,,,,,,,,,,,,,,,,,,,,,,,,,
2015,7,30,17,30,68,754,64.65,2.2,25.900000000000002,49.33,289,4.5,,,,,,,,,,,,,,,,,,,,,,,,,,,,,,,,,
2015,7,30,18,30,52,591,75.63,2.3000000000000003,23.900000000000002,57.36,288,3.3000000000000003,,,,,,,,,,,,,,,,,,,,,,,,,,,,,,,,,
2015,7,30,19,30,22,251,86.12,2.3000000000000003,21.700000000000003,67.88,287,2.4000000000000004,,,,,,,,,,,,,,,,,,,,,,,,,,,,,,,,,
2015,7,30,20,30,0,0,96.22,2.4000000000000004,20.5,73,288,2.1,,,,,,,,,,,,,,,,,,,,,,,,,,,,,,,,,
2015,7,30,21,30,0,0,105.02,2.5,19.900000000000002,75.79,288,2.1,,,,,,,,,,,,,,,,,,,,,,,,,,,,,,,,,
2015,7,30,22,30,0,0,112.21000000000001,2.5,19.200000000000003,78.85000000000001,288,2.1,,,,,,,,,,,,,,,,,,,,,,,,,,,,,,,,,
2015,7,30,23,30,0,0,117.17,2.4000000000000004,18.6,81.35000000000001,285,2,,,,,,,,,,,,,,,,,,,,,,,,,,,,,,,,,
2015,7,31,0,30,0,0,119.32000000000001,2.4000000000000004,18.1,83.3,282,2,,,,,,,,,,,,,,,,,,,,,,,,,,,,,,,,,
2015,7,31,1,30,0,0,118.36,2.4000000000000004,17.6,85.19,280,2.1,,,,,,,,,,,,,,,,,,,,,,,,,,,,,,,,,
2015,7,31,2,30,0,0,114.42,2.4000000000000004,17.2,86.62,278,2.1,,,,,,,,,,,,,,,,,,,,,,,,,,,,,,,,,
2015,7,31,3,30,0,0,108.02,2.4000000000000004,16.8,88.04,276,2,,,,,,,,,,,,,,,,,,,,,,,,,,,,,,,,,
2015,7,31,4,30,0,0,99.77,2.3000000000000003,16.6,88.51,275,2,,,,,,,,,,,,,,,,,,,,,,,,,,,,,,,,,
2015,7,31,5,30,0,0,89.75,2.3000000000000003,17.7,82.72,273,2.5,,,,,,,,,,,,,,,,,,,,,,,,,,,,,,,,,
2015,7,31,6,30,39,532,79.77,2.2,19.8,74.85000000000001,269,3.1,,,,,,,,,,,,,,,,,,,,,,,,,,,,,,,,,
2015,7,31,7,30,57,727,68.93,2.2,22.5,66.66,272,3.4000000000000004,,,,,,,,,,,,,,,,,,,,,,,,,,,,,,,,,
2015,7,31,8,30,68,828,57.870000000000005,2.2,25.200000000000003,57.14,278,4,,,,,,,,,,,,,,,,,,,,,,,,,,,,,,,,,
2015,7,31,9,30,77,885,46.97,2.2,27.1,47.730000000000004,280,4.6000000000000005,,,,,,,,,,,,,,,,,,,,,,,,,,,,,,,,,
2015,7,31,10,30,90,903,36.78,2.3000000000000003,28.200000000000003,43.69,279,4.9,,,,,,,,,,,,,,,,,,,,,,,,,,,,,,,,,
2015,7,31,11,30,96,918,28.44,2.4000000000000004,28.900000000000002,42.47,276,5.1000000000000005,,,,,,,,,,,,,,,,,,,,,,,,,,,,,,,,,
2015,7,31,12,30,330,580,24.19,2.6,29.3,42.15,273,5.300000000000001,,,,,,,,,,,,,,,,,,,,,,,,,,,,,,,,,
2015,7,31,13,30,212,0,26.21,2.7,29.3,42.62,272,5.6000000000000005,,,,,,,,,,,,,,,,,,,,,,,,,,,,,,,,,
2015,7,31,14,30,427,122,33.34,2.7,28.8,43.37,275,5.800000000000001,,,,,,,,,,,,,,,,,,,,,,,,,,,,,,,,,
2015,7,31,15,30,98,856,43.02,2.5,28.200000000000003,44.57,282,5.9,,,,,,,,,,,,,,,,,,,,,,,,,,,,,,,,,
2015,7,31,16,30,84,823,53.76,2.2,27.200000000000003,46.27,289,5.800000000000001,,,,,,,,,,,,,,,,,,,,,,,,,,,,,,,,,
2015,7,31,17,30,68,755,64.82000000000001,2,25.700000000000003,47.2,293,5.2,,,,,,,,,,,,,,,,,,,,,,,,,,,,,,,,,
2015,7,31,18,30,50,617,75.8,1.8,23.3,50.660000000000004,295,3.8000000000000003,,,,,,,,,,,,,,,,,,,,,,,,,,,,,,,,,
2015,7,31,19,30,21,270,86.29,1.9000000000000001,20.900000000000002,59.08,296,2.7,,,,,,,,,,,,,,,,,,,,,,,,,,,,,,,,,
2015,7,31,20,30,0,0,96.41,2,19.5,65.3,297,2.4000000000000004,,,,,,,,,,,,,,,,,,,,,,,,,,,,,,,,,
2015,7,31,21,30,0,0,105.23,2.1,18.7,69.89,299,2.3000000000000003,,,,,,,,,,,,,,,,,,,,,,,,,,,,,,,,,
2015,7,31,22,30,0,0,112.44,2.1,18,73.97,301,2.3000000000000003,,,,,,,,,,,,,,,,,,,,,,,,,,,,,,,,,
2015,7,31,23,30,0,0,117.41,2.2,17.400000000000002,77.55,302,2.2,,,,,,,,,,,,,,,,,,,,,,,,,,,,,,,,,
2015,8,1,0,30,0,0,119.57000000000001,2.2,16.900000000000002,80.49,303,2.1,,,,,,,,,,,,,,,,,,,,,,,,,,,,,,,,,
2015,8,1,1,30,0,0,118.60000000000001,2.2,16.3,83.83,304,2.1,,,,,,,,,,,,,,,,,,,,,,,,,,,,,,,,,
2015,8,1,2,30,0,0,114.65,2.2,15.8,86.76,304,2.2,,,,,,,,,,,,,,,,,,,,,,,,,,,,,,,,,
2015,8,1,3,30,0,0,108.22,2.3000000000000003,15.4,89.58,305,2.1,,,,,,,,,,,,,,,,,,,,,,,,,,,,,,,,,
2015,8,1,4,30,0,0,99.96000000000001,2.3000000000000003,15,92.85000000000001,302,2,,,,,,,,,,,,,,,,,,,,,,,,,,,,,,,,,
2015,8,1,5,30,0,0,89.88,2.2,15.8,89.69,296,2.4000000000000004,,,,,,,,,,,,,,,,,,,,,,,,,,,,,,,,,
2015,8,1,6,30,40,511,79.92,2.2,17.900000000000002,81.24,287,2.8000000000000003,,,,,,,,,,,,,,,,,,,,,,,,,,,,,,,,,
2015,8,1,7,30,60,711,69.08,2.2,20.900000000000002,70.10000000000001,287,3.1,,,,,,,,,,,,,,,,,,,,,,,,,,,,,,,,,
2015,8,1,8,30,74,813,58.02,2.2,23.700000000000003,54.7,290,3.8000000000000003,,,,,,,,,,,,,,,,,,,,,,,,,,,,,,,,,
2015,8,1,9,30,85,869,47.12,2.2,25.3,46.36,288,4.3,,,,,,,,,,,,,,,,,,,,,,,,,,,,,,,,,
2015,8,1,10,30,93,901,36.95,2.2,26.5,41.89,287,4.7,,,,,,,,,,,,,,,,,,,,,,,,,,,,,,,,,
2015,8,1,11,30,101,916,28.650000000000002,2.2,27.200000000000003,40.12,287,5,,,,,,,,,,,,,,,,,,,,,,,,,,,,,,,,,
2015,8,1,12,30,263,0,24.44,2.2,27.700000000000003,38.94,289,5.2,,,,,,,,,,,,,,,,,,,,,,,,,,,,,,,,,
2015,8,1,13,30,110,907,26.45,2.2,27.8,38.35,291,5.2,,,,,,,,,,,,,,,,,,,,,,,,,,,,,,,,,
2015,8,1,14,30,370,10,33.55,2.1,27.700000000000003,37.94,293,5.2,,,,,,,,,,,,,,,,,,,,,,,,,,,,,,,,,
2015,8,1,15,30,94,876,43.21,2,27.3,38.21,295,5,,,,,,,,,,,,,,,,,,,,,,,,,,,,,,,,,
2015,8,1,16,30,81,837,53.93,1.9000000000000001,26.5,39.54,295,4.7,,,,,,,,,,,,,,,,,,,,,,,,,,,,,,,,,
2015,8,1,17,30,67,766,64.99,1.8,25.200000000000003,42.52,294,3.9000000000000004,,,,,,,,,,,,,,,,,,,,,,,,,,,,,,,,,
2015,8,1,18,30,48,619,75.97,1.8,22.700000000000003,51.58,294,2.6,,,,,,,,,,,,,,,,,,,,,,,,,,,,,,,,,
2015,8,1,19,30,19,279,86.47,1.9000000000000001,20,65.23,293,1.7000000000000002,,,,,,,,,,,,,,,,,,,,,,,,,,,,,,,,,
2015,8,1,20,30,0,0,96.61,2.1,18.7,70.85000000000001,293,1.4000000000000001,,,,,,,,,,,,,,,,,,,,,,,,,,,,,,,,,
2015,8,1,21,30,0,0,105.45,2.3000000000000003,18.2,73.66,291,1.3,,,,,,,,,,,,,,,,,,,,,,,,,,,,,,,,,
2015,8,1,22,30,0,0,112.67,2.4000000000000004,17.8,75.56,284,1.2000000000000002,,,,,,,,,,,,,,,,,,,,,,,,,,,,,,,,,
2015,8,1,23,30,0,0,117.66,2.5,17.400000000000002,77.09,270,1.2000000000000002,,,,,,,,,,,,,,,,,,,,,,,,,,,,,,,,,
2015,8,2,0,30,0,0,119.82000000000001,2.5,16.900000000000002,79.58,255,1.2000000000000002,,,,,,,,,,,,,,,,,,,,,,,,,,,,,,,,,
2015,8,2,1,30,0,0,118.84,2.6,16.5,82.73,247,1.3,,,,,,,,,,,,,,,,,,,,,,,,,,,,,,,,,
2015,8,2,2,30,0,0,114.88,2.6,16.2,87.02,246,1.4000000000000001,,,,,,,,,,,,,,,,,,,,,,,,,,,,,,,,,
2015,8,2,3,30,0,0,108.43,2.6,15.9,92.58,251,1.5,,,,,,,,,,,,,,,,,,,,,,,,,,,,,,,,,
2015,8,2,4,30,0,0,100.14,2.6,15.600000000000001,99.18,252,1.5,,,,,,,,,,,,,,,,,,,,,,,,,,,,,,,,,
2015,8,2,5,30,0,0,90.03,2.7,16.900000000000002,95.54,247,2,,,,,,,,,,,,,,,,,,,,,,,,,,,,,,,,,
2015,8,2,6,30,77,39,80.08,2.8000000000000003,19.3,87.41,234,2.5,,,,,,,,,,,,,,,,,,,,,,,,,,,,,,,,,
2015,8,2,7,30,159,248,69.23,3,22,78.77,223,2.8000000000000003,,,,,,,,,,,,,,,,,,,,,,,,,,,,,,,,,
2015,8,2,8,30,278,84,58.17,3.2,25.1,68.79,226,3.5,,,,,,,,,,,,,,,,,,,,,,,,,,,,,,,,,
2015,8,2,9,30,98,817,47.28,3.2,27.3,61.72,232,4.3,,,,,,,,,,,,,,,,,,,,,,,,,,,,,,,,,
2015,8,2,10,30,100,867,37.13,3.2,28.5,60.54,235,4.9,,,,,,,,,,,,,,,,,,,,,,,,,,,,,,,,,
2015,8,2,11,30,107,884,28.87,3.2,29.1,59.68,237,5.5,,,,,,,,,,,,,,,,,,,,,,,,,,,,,,,,,
2015,8,2,12,30,113,887,24.69,3.2,29.200000000000003,59.28,235,5.9,,,,,,,,,,,,,,,,,,,,,,,,,,,,,,,,,
2015,8,2,13,30,111,889,26.69,3,29,59.660000000000004,231,6.300000000000001,,,,,,,,,,,,,,,,,,,,,,,,,,,,,,,,,
2015,8,2,14,30,107,874,33.76,2.9000000000000004,28.900000000000002,59.96,228,6.6000000000000005,,,,,,,,,,,,,,,,,,,,,,,,,,,,,,,,,
2015,8,2,15,30,101,841,43.4,2.9000000000000004,28.900000000000002,59.74,225,6.7,,,,,,,,,,,,,,,,,,,,,,,,,,,,,,,,,
2015,8,2,16,30,92,783,54.1,3.1,28.6,60.58,223,6.5,,,,,,,,,,,,,,,,,,,,,,,,,,,,,,,,,
2015,8,2,17,30,79,682,65.16,3.3000000000000003,27.8,63.53,221,6.1000000000000005,,,,,,,,,,,,,,,,,,,,,,,,,,,,,,,,,
2015,8,2,18,30,59,504,76.15,3.4000000000000004,26.6,70.09,219,5.7,,,,,,,,,,,,,,,,,,,,,,,,,,,,,,,,,
2015,8,2,19,30,22,1,86.66,3.5,25.3,77.49,219,5.800000000000001,,,,,,,,,,,,,,,,,,,,,,,,,,,,,,,,,
2015,8,2,20,30,0,0,96.81,3.5,24.6,81.49,219,6.1000000000000005,,,,,,,,,,,,,,,,,,,,,,,,,,,,,,,,,
2015,8,2,21,30,0,0,105.67,3.5,24,84.23,220,6.6000000000000005,,,,,,,,,,,,,,,,,,,,,,,,,,,,,,,,,
2015,8,2,22,30,0,0,112.91,3.5,23.3,87.43,222,7,,,,,,,,,,,,,,,,,,,,,,,,,,,,,,,,,
2015,8,2,23,30,0,0,117.91,3.6,22.6,90.71000000000001,225,7,,,,,,,,,,,,,,,,,,,,,,,,,,,,,,,,,
2015,8,3,0,30,0,0,120.08,4,22,94.02,227,6.300000000000001,,,,,,,,,,,,,,,,,,,,,,,,,,,,,,,,,
2015,8,3,1,30,0,0,119.09,4.4,21.6,96.88,235,5.300000000000001,,,,,,,,,,,,,,,,,,,,,,,,,,,,,,,,,
2015,8,3,2,30,0,0,115.11,4.4,21.400000000000002,98.4,256,4.7,,,,,,,,,,,,,,,,,,,,,,,,,,,,,,,,,
2015,8,3,3,30,0,0,108.64,3.6,21,100,285,4,,,,,,,,,,,,,,,,,,,,,,,,,,,,,,,,,
2015,8,3,4,30,0,0,100.33,2.6,20.1,100,305,3.3000000000000003,,,,,,,,,,,,,,,,,,,,,,,,,,,,,,,,,
2015,8,3,5,30,0,0,90.18,2,19.3,100,312,3.1,,,,,,,,,,,,,,,,,,,,,,,,,,,,,,,,,
2015,8,3,6,30,63,9,80.24,1.8,19.3,96.16,307,3,,,,,,,,,,,,,,,,,,,,,,,,,,,,,,,,,
2015,8,3,7,30,191,48,69.38,1.7000000000000002,20.1,88.83,298,2.9000000000000004,,,,,,,,,,,,,,,,,,,,,,,,,,,,,,,,,
2015,8,3,8,30,79,811,58.32,1.7000000000000002,21.5,79.01,288,2.9000000000000004,,,,,,,,,,,,,,,,,,,,,,,,,,,,,,,,,
2015,8,3,9,30,84,881,47.44,1.7000000000000002,23.200000000000003,66.87,284,3.1,,,,,,,,,,,,,,,,,,,,,,,,,,,,,,,,,
2015,8,3,10,30,87,923,37.31,1.7000000000000002,24.6,58.28,285,3.4000000000000004,,,,,,,,,,,,,,,,,,,,,,,,,,,,,,,,,
2015,8,3,11,30,89,943,29.09,1.8,25.6,52.57,287,3.6,,,,,,,,,,,,,,,,,,,,,,,,,,,,,,,,,
2015,8,3,12,30,90,948,24.95,1.9000000000000001,26.200000000000003,49.01,286,3.9000000000000004,,,,,,,,,,,,,,,,,,,,,,,,,,,,,,,,,
2015,8,3,13,30,101,925,26.94,2,26.400000000000002,47.65,285,4.2,,,,,,,,,,,,,,,,,,,,,,,,,,,,,,,,,
2015,8,3,14,30,99,905,33.980000000000004,2.1,26.3,47.67,284,4.4,,,,,,,,,,,,,,,,,,,,,,,,,,,,,,,,,
2015,8,3,15,30,92,876,43.59,2.1,25.8,48.74,285,4.6000000000000005,,,,,,,,,,,,,,,,,,,,,,,,,,,,,,,,,
2015,8,3,16,30,82,827,54.29,2.1,24.900000000000002,50.5,289,4.6000000000000005,,,,,,,,,,,,,,,,,,,,,,,,,,,,,,,,,
2015,8,3,17,30,68,748,65.34,2,23.6,53.46,293,4.2,,,,,,,,,,,,,,,,,,,,,,,,,,,,,,,,,
2015,8,3,18,30,49,599,76.33,1.9000000000000001,21.200000000000003,60.1,297,3.2,,,,,,,,,,,,,,,,,,,,,,,,,,,,,,,,,
2015,8,3,19,30,18,256,86.84,1.9000000000000001,18.7,69.65,300,2.1,,,,,,,,,,,,,,,,,,,,,,,,,,,,,,,,,
2015,8,3,20,30,0,0,97.02,2,17.2,75.98,299,1.5,,,,,,,,,,,,,,,,,,,,,,,,,,,,,,,,,
2015,8,3,21,30,0,0,105.9,2.1,16.5,79.26,294,1.3,,,,,,,,,,,,,,,,,,,,,,,,,,,,,,,,,
2015,8,3,22,30,0,0,113.15,2.2,16,80.65,285,1.2000000000000002,,,,,,,,,,,,,,,,,,,,,,,,,,,,,,,,,
2015,8,3,23,30,0,0,118.17,2.2,15.5,81.58,276,1.3,,,,,,,,,,,,,,,,,,,,,,,,,,,,,,,,,
2015,8,4,0,30,0,0,120.34,2.3000000000000003,15.200000000000001,81.33,272,1.6,,,,,,,,,,,,,,,,,,,,,,,,,,,,,,,,,
2015,8,4,1,30,0,0,119.35000000000001,2.3000000000000003,14.9,81.21000000000001,273,1.8,,,,,,,,,,,,,,,,,,,,,,,,,,,,,,,,,
2015,8,4,2,30,0,0,115.34,2.3000000000000003,14.600000000000001,82.2,276,1.9000000000000001,,,,,,,,,,,,,,,,,,,,,,,,,,,,,,,,,
2015,8,4,3,30,0,0,108.85000000000001,2.2,14.200000000000001,84.88,278,1.8,,,,,,,,,,,,,,,,,,,,,,,,,,,,,,,,,
2015,8,4,4,30,0,0,100.52,2.2,14,87.21000000000001,279,1.7000000000000002,,,,,,,,,,,,,,,,,,,,,,,,,,,,,,,,,
2015,8,4,5,30,0,0,90.92,2.1,14.9,84.29,280,2,,,,,,,,,,,,,,,,,,,,,,,,,,,,,,,,,
2015,8,4,6,30,38,507,80.39,2.1,16.900000000000002,78.92,278,2.5,,,,,,,,,,,,,,,,,,,,,,,,,,,,,,,,,
2015,8,4,7,30,58,713,69.53,2.1,19.400000000000002,72.79,274,2.8000000000000003,,,,,,,,,,,,,,,,,,,,,,,,,,,,,,,,,
2015,8,4,8,30,71,815,58.47,2.2,22.3,62.370000000000005,273,3.2,,,,,,,,,,,,,,,,,,,,,,,,,,,,,,,,,
2015,8,4,9,30,81,873,47.6,2.2,24.1,53.26,271,3.8000000000000003,,,,,,,,,,,,,,,,,,,,,,,,,,,,,,,,,
2015,8,4,10,30,98,889,37.5,2.3000000000000003,25,49.79,272,4.1000000000000005,,,,,,,,,,,,,,,,,,,,,,,,,,,,,,,,,
2015,8,4,11,30,455,269,29.310000000000002,2.4000000000000004,25.5,48.160000000000004,272,4.3,,,,,,,,,,,,,,,,,,,,,,,,,,,,,,,,,
2015,8,4,12,30,114,899,25.21,2.5,25.700000000000003,47.62,272,4.5,,,,,,,,,,,,,,,,,,,,,,,,,,,,,,,,,
2015,8,4,13,30,345,2,27.2,2.5,25.700000000000003,47.68,276,4.4,,,,,,,,,,,,,,,,,,,,,,,,,,,,,,,,,
2015,8,4,14,30,341,506,34.2,2.5,25.700000000000003,47.7,282,4.2,,,,,,,,,,,,,,,,,,,,,,,,,,,,,,,,,
2015,8,4,15,30,109,837,43.79,2.4000000000000004,25.5,47.92,289,4.1000000000000005,,,,,,,,,,,,,,,,,,,,,,,,,,,,,,,,,
2015,8,4,16,30,97,783,54.47,2.4000000000000004,25,48.75,295,3.8000000000000003,,,,,,,,,,,,,,,,,,,,,,,,,,,,,,,,,
2015,8,4,17,30,80,698,65.52,2.3000000000000003,24,52.51,300,3.2,,,,,,,,,,,,,,,,,,,,,,,,,,,,,,,,,
2015,8,4,18,30,55,538,76.52,2.3000000000000003,21.900000000000002,62.910000000000004,306,2.5,,,,,,,,,,,,,,,,,,,,,,,,,,,,,,,,,
2015,8,4,19,30,18,0,87.03,2.3000000000000003,19.700000000000003,72.61,309,2,,,,,,,,,,,,,,,,,,,,,,,,,,,,,,,,,
2015,8,4,20,30,0,0,97.23,2.3000000000000003,18.400000000000002,76.64,310,1.9000000000000001,,,,,,,,,,,,,,,,,,,,,,,,,,,,,,,,,
2015,8,4,21,30,0,0,106.13,2.2,17.6,79.33,311,1.8,,,,,,,,,,,,,,,,,,,,,,,,,,,,,,,,,
2015,8,4,22,30,0,0,113.4,2.1,16.900000000000002,81.77,315,1.8,,,,,,,,,,,,,,,,,,,,,,,,,,,,,,,,,
2015,8,4,23,30,0,0,118.43,2.1,16.3,84.2,321,1.7000000000000002,,,,,,,,,,,,,,,,,,,,,,,,,,,,,,,,,
2015,8,5,0,30,0,0,120.61,2.1,15.600000000000001,87.76,327,1.6,,,,,,,,,,,,,,,,,,,,,,,,,,,,,,,,,
2015,8,5,1,30,0,0,119.61,2.1,15,91.14,332,1.6,,,,,,,,,,,,,,,,,,,,,,,,,,,,,,,,,
2015,8,5,2,30,0,0,115.58,2.1,14.5,93.84,339,1.7000000000000002,,,,,,,,,,,,,,,,,,,,,,,,,,,,,,,,,
2015,8,5,3,30,0,0,109.07000000000001,2.1,14,97.18,346,1.7000000000000002,,,,,,,,,,,,,,,,,,,,,,,,,,,,,,,,,
2015,8,5,4,30,0,0,100.71000000000001,2.1,13.5,100,352,1.6,,,,,,,,,,,,,,,,,,,,,,,,,,,,,,,,,
2015,8,5,5,30,0,0,91.09,2.1,14.3,96.09,356,1.9000000000000001,,,,,,,,,,,,,,,,,,,,,,,,,,,,,,,,,
2015,8,5,6,30,40,482,80.55,2.1,16.400000000000002,85.53,180,2.4000000000000004,,,,,,,,,,,,,,,,,,,,,,,,,,,,,,,,,
2015,8,5,7,30,63,694,69.68,2.1,18.8,72.61,177,2.3000000000000003,,,,,,,,,,,,,,,,,,,,,,,,,,,,,,,,,
2015,8,5,8,30,78,799,58.620000000000005,2.1,21,61.28,345,2.3000000000000003,,,,,,,,,,,,,,,,,,,,,,,,,,,,,,,,,
2015,8,5,9,30,90,855,47.76,2.2,22.5,55.7,334,2.4000000000000004,,,,,,,,,,,,,,,,,,,,,,,,,,,,,,,,,
2015,8,5,10,30,90,904,37.69,2.2,23.700000000000003,51.82,328,2.6,,,,,,,,,,,,,,,,,,,,,,,,,,,,,,,,,
2015,8,5,11,30,96,922,29.54,2.2,24.5,49.24,327,2.8000000000000003,,,,,,,,,,,,,,,,,,,,,,,,,,,,,,,,,
2015,8,5,12,30,98,927,25.48,2.3000000000000003,25,47.42,328,3,,,,,,,,,,,,,,,,,,,,,,,,,,,,,,,,,
2015,8,5,13,30,475,247,27.46,2.3000000000000003,25.3,46.36,331,2.9000000000000004,,,,,,,,,,,,,,,,,,,,,,,,,,,,,,,,,
2015,8,5,14,30,351,483,34.43,2.3000000000000003,25.3,46.21,335,2.8000000000000003,,,,,,,,,,,,,,,,,,,,,,,,,,,,,,,,,
2015,8,5,15,30,386,209,43.99,2.3000000000000003,25.1,46.46,339,2.6,,,,,,,,,,,,,,,,,,,,,,,,,,,,,,,,,
2015,8,5,16,30,316,99,54.67,2.3000000000000003,24.6,47.59,342,2.4000000000000004,,,,,,,,,,,,,,,,,,,,,,,,,,,,,,,,,
2015,8,5,17,30,210,190,65.71000000000001,2.3000000000000003,23.6,50.370000000000005,347,1.9000000000000001,,,,,,,,,,,,,,,,,,,,,,,,,,,,,,,,,
2015,8,5,18,30,117,110,76.71000000000001,2.3000000000000003,21.6,59.78,182,1.3,,,,,,,,,,,,,,,,,,,,,,,,,,,,,,,,,
2015,8,5,19,30,17,0,87.22,2.3000000000000003,19.400000000000002,76.85000000000001,27,1.1,,,,,,,,,,,,,,,,,,,,,,,,,,,,,,,,,
2015,8,5,20,30,0,0,97.45,2.3000000000000003,18.1,78.34,54,1.3,,,,,,,,,,,,,,,,,,,,,,,,,,,,,,,,,
2015,8,5,21,30,0,0,106.36,2.2,17.2,80.31,75,1.5,,,,,,,,,,,,,,,,,,,,,,,,,,,,,,,,,
2015,8,5,22,30,0,0,113.66,2.3000000000000003,16.5,82.60000000000001,90,1.8,,,,,,,,,,,,,,,,,,,,,,,,,,,,,,,,,
2015,8,5,23,30,0,0,118.7,2.3000000000000003,16,85.19,99,2.1,,,,,,,,,,,,,,,,,,,,,,,,,,,,,,,,,
2015,8,6,0,30,0,0,120.88,2.3000000000000003,15.600000000000001,88.02,103,2.3000000000000003,,,,,,,,,,,,,,,,,,,,,,,,,,,,,,,,,
2015,8,6,1,30,0,0,119.87,2.3000000000000003,15.3,90.28,103,2.3000000000000003,,,,,,,,,,,,,,,,,,,,,,,,,,,,,,,,,
2015,8,6,2,30,0,0,115.83,2.4000000000000004,14.9,92.44,102,2.1,,,,,,,,,,,,,,,,,,,,,,,,,,,,,,,,,
2015,8,6,3,30,0,0,109.29,2.4000000000000004,14.600000000000001,93.66,102,1.8,,,,,,,,,,,,,,,,,,,,,,,,,,,,,,,,,
2015,8,6,4,30,0,0,100.91,2.4000000000000004,14.4,93.82000000000001,102,1.6,,,,,,,,,,,,,,,,,,,,,,,,,,,,,,,,,
2015,8,6,5,30,0,0,91.27,2.3000000000000003,15.100000000000001,88.66,102,1.9000000000000001,,,,,,,,,,,,,,,,,,,,,,,,,,,,,,,,,
2015,8,6,6,30,63,9,80.71000000000001,2.3000000000000003,16.900000000000002,79.52,99,2.4000000000000004,,,,,,,,,,,,,,,,,,,,,,,,,,,,,,,,,
2015,8,6,7,30,167,68,69.83,2.3000000000000003,19,68.09,97,2.8000000000000003,,,,,,,,,,,,,,,,,,,,,,,,,,,,,,,,,
2015,8,6,8,30,161,513,58.78,2.2,20.900000000000002,57.65,95,3.1,,,,,,,,,,,,,,,,,,,,,,,,,,,,,,,,,
2015,8,6,9,30,338,278,47.93,2.2,22.400000000000002,51.75,90,3.3000000000000003,,,,,,,,,,,,,,,,,,,,,,,,,,,,,,,,,
2015,8,6,10,30,209,560,37.88,2.3000000000000003,23.6,48.01,84,3.3000000000000003,,,,,,,,,,,,,,,,,,,,,,,,,,,,,,,,,
2015,8,6,11,30,238,590,29.77,2.3000000000000003,24.400000000000002,45.84,82,3.1,,,,,,,,,,,,,,,,,,,,,,,,,,,,,,,,,
2015,8,6,12,30,100,921,25.75,2.4000000000000004,25,44.37,83,3,,,,,,,,,,,,,,,,,,,,,,,,,,,,,,,,,
2015,8,6,13,30,106,908,27.73,2.4000000000000004,25.3,43.67,82,2.9000000000000004,,,,,,,,,,,,,,,,,,,,,,,,,,,,,,,,,
2015,8,6,14,30,104,886,34.67,2.5,25.3,43.72,74,2.8000000000000003,,,,,,,,,,,,,,,,,,,,,,,,,,,,,,,,,
2015,8,6,15,30,99,852,44.2,2.5,25,44.4,67,2.8000000000000003,,,,,,,,,,,,,,,,,,,,,,,,,,,,,,,,,
2015,8,6,16,30,90,796,54.86,2.5,24.3,46.39,65,2.9000000000000004,,,,,,,,,,,,,,,,,,,,,,,,,,,,,,,,,
2015,8,6,17,30,217,58,65.91,2.5,23.1,49.84,68,2.7,,,,,,,,,,,,,,,,,,,,,,,,,,,,,,,,,
2015,8,6,18,30,54,530,76.91,2.5,20.8,60.76,74,2.1,,,,,,,,,,,,,,,,,,,,,,,,,,,,,,,,,
2015,8,6,19,30,19,2,87.42,2.4000000000000004,18.5,75.02,80,1.6,,,,,,,,,,,,,,,,,,,,,,,,,,,,,,,,,
2015,8,6,20,30,0,0,97.68,2.4000000000000004,17.6,78.28,82,1.6,,,,,,,,,,,,,,,,,,,,,,,,,,,,,,,,,
2015,8,6,21,30,0,0,106.60000000000001,2.3000000000000003,17.2,80.68,81,1.7000000000000002,,,,,,,,,,,,,,,,,,,,,,,,,,,,,,,,,
2015,8,6,22,30,0,0,113.92,2.3000000000000003,16.8,82.87,80,1.7000000000000002,,,,,,,,,,,,,,,,,,,,,,,,,,,,,,,,,
2015,8,6,23,30,0,0,118.98,2.3000000000000003,16.2,85.7,78,1.7000000000000002,,,,,,,,,,,,,,,,,,,,,,,,,,,,,,,,,
2015,8,7,0,30,0,0,121.16,2.2,15.5,89.18,74,1.5,,,,,,,,,,,,,,,,,,,,,,,,,,,,,,,,,
2015,8,7,1,30,0,0,120.14,2.2,15,91.38,69,1.4000000000000001,,,,,,,,,,,,,,,,,,,,,,,,,,,,,,,,,
2015,8,7,2,30,0,0,116.07000000000001,2.2,14.5,93.57000000000001,64,1.3,,,,,,,,,,,,,,,,,,,,,,,,,,,,,,,,,
2015,8,7,3,30,0,0,109.51,2.2,13.9,96.55,57,1.2000000000000002,,,,,,,,,,,,,,,,,,,,,,,,,,,,,,,,,
2015,8,7,4,30,0,0,101.11,2.2,13.4,99.44,48,1.1,,,,,,,,,,,,,,,,,,,,,,,,,,,,,,,,,
2015,8,7,5,30,0,0,91.44,2.2,14.3,93.92,43,1.6,,,,,,,,,,,,,,,,,,,,,,,,,,,,,,,,,
2015,8,7,6,30,42,441,80.87,2.2,16.6,83.8,47,2.2,,,,,,,,,,,,,,,,,,,,,,,,,,,,,,,,,
2015,8,7,7,30,69,657,69.99,2.3000000000000003,19.200000000000003,71.81,60,2.5,,,,,,,,,,,,,,,,,,,,,,,,,,,,,,,,,
2015,8,7,8,30,88,766,58.93,2.3000000000000003,21.6,58.17,79,2.7,,,,,,,,,,,,,,,,,,,,,,,,,,,,,,,,,
2015,8,7,9,30,104,820,48.1,2.4000000000000004,23.200000000000003,52.64,94,2.8000000000000003,,,,,,,,,,,,,,,,,,,,,,,,,,,,,,,,,
2015,8,7,10,30,394,313,38.07,2.5,24.200000000000003,50.25,103,2.6,,,,,,,,,,,,,,,,,,,,,,,,,,,,,,,,,
2015,8,7,11,30,468,223,30.01,2.5,25,48.32,106,2.3000000000000003,,,,,,,,,,,,,,,,,,,,,,,,,,,,,,,,,
2015,8,7,12,30,382,488,26.02,2.6,25.8,46.42,109,2.4000000000000004,,,,,,,,,,,,,,,,,,,,,,,,,,,,,,,,,
2015,8,7,13,30,469,161,28,2.7,26.3,45.300000000000004,110,2.4000000000000004,,,,,,,,,,,,,,,,,,,,,,,,,,,,,,,,,
2015,8,7,14,30,419,288,34.910000000000004,2.8000000000000003,26.400000000000002,45.07,105,2.1,,,,,,,,,,,,,,,,,,,,,,,,,,,,,,,,,
2015,8,7,15,30,302,267,44.42,2.9000000000000004,26,45.67,97,1.9000000000000001,,,,,,,,,,,,,,,,,,,,,,,,,,,,,,,,,
2015,8,7,16,30,250,20,55.07,3.1,25.1,48.2,91,1.9000000000000001,,,,,,,,,,,,,,,,,,,,,,,,,,,,,,,,,
2015,8,7,17,30,125,1,66.11,3.2,23.700000000000003,54.39,85,1.6,,,,,,,,,,,,,,,,,,,,,,,,,,,,,,,,,
2015,8,7,18,30,62,450,77.11,3.4000000000000004,21.8,68.65,84,1.3,,,,,,,,,,,,,,,,,,,,,,,,,,,,,,,,,
2015,8,7,19,30,14,0,87.62,3.6,20.1,77.92,89,1.3,,,,,,,,,,,,,,,,,,,,,,,,,,,,,,,,,
2015,8,7,20,30,0,0,97.91,3.6,19.400000000000002,79.55,95,1.3,,,,,,,,,,,,,,,,,,,,,,,,,,,,,,,,,
2015,8,7,21,30,0,0,106.85000000000001,3.6,19.1,81.09,98,1.3,,,,,,,,,,,,,,,,,,,,,,,,,,,,,,,,,
2015,8,7,22,30,0,0,114.18,3.5,18.8,83.44,96,1.4000000000000001,,,,,,,,,,,,,,,,,,,,,,,,,,,,,,,,,
2015,8,7,23,30,0,0,119.25,3.5,18.1,86.72,93,1.4000000000000001,,,,,,,,,,,,,,,,,,,,,,,,,,,,,,,,,
2015,8,8,0,30,0,0,121.44,3.4000000000000004,17.5,88.79,89,1.3,,,,,,,,,,,,,,,,,,,,,,,,,,,,,,,,,
2015,8,8,1,30,0,0,120.41,3.4000000000000004,16.900000000000002,91.51,85,1.2000000000000002,,,,,,,,,,,,,,,,,,,,,,,,,,,,,,,,,
2015,8,8,2,30,0,0,116.32000000000001,3.4000000000000004,16.400000000000002,93.04,81,1.3,,,,,,,,,,,,,,,,,,,,,,,,,,,,,,,,,
2015,8,8,3,30,0,0,109.73,3.4000000000000004,16,94.61,76,1.2000000000000002,,,,,,,,,,,,,,,,,,,,,,,,,,,,,,,,,
2015,8,8,4,30,0,0,101.3,3.5,16.1,94.37,66,1,,,,,,,,,,,,,,,,,,,,,,,,,,,,,,,,,
2015,8,8,5,30,0,0,91.62,3.6,16.8,92.56,56,1.1,,,,,,,,,,,,,,,,,,,,,,,,,,,,,,,,,
2015,8,8,6,30,43,389,81.04,3.6,17.7,91,50,1.5,,,,,,,,,,,,,,,,,,,,,,,,,,,,,,,,,
2015,8,8,7,30,10,0,70.15,3.6,18.5,87.72,39,1.6,,,,,,,,,,,,,,,,,,,,,,,,,,,,,,,,,
2015,8,8,8,30,93,0,59.09,3.5,19.6,84.08,37,1.7000000000000002,,,,,,,,,,,,,,,,,,,,,,,,,,,,,,,,,
2015,8,8,9,30,149,0,48.26,3.4000000000000004,21.3,74.62,54,2,,,,,,,,,,,,,,,,,,,,,,,,,,,,,,,,,
2015,8,8,10,30,418,151,38.27,3.4000000000000004,23,65.41,72,2,,,,,,,,,,,,,,,,,,,,,,,,,,,,,,,,,
2015,8,8,11,30,213,0,30.25,3.4000000000000004,24.5,58.71,87,1.7000000000000002,,,,,,,,,,,,,,,,,,,,,,,,,,,,,,,,,
2015,8,8,12,30,447,125,26.3,3.4000000000000004,25.400000000000002,56.160000000000004,96,1.3,,,,,,,,,,,,,,,,,,,,,,,,,,,,,,,,,
2015,8,8,13,30,163,0,28.27,3.4000000000000004,25.8,55.45,95,1.1,,,,,,,,,,,,,,,,,,,,,,,,,,,,,,,,,
2015,8,8,14,30,271,1,35.15,3.4000000000000004,25.900000000000002,55.97,88,1,,,,,,,,,,,,,,,,,,,,,,,,,,,,,,,,,
2015,8,8,15,30,365,79,44.64,3.5,25.6,57.79,75,0.9,,,,,,,,,,,,,,,,,,,,,,,,,,,,,,,,,
2015,8,8,16,30,257,102,55.27,3.5,25,60.71,66,1.1,,,,,,,,,,,,,,,,,,,,,,,,,,,,,,,,,
2015,8,8,17,30,199,139,66.31,3.5,24,66.35,70,1.2000000000000002,,,,,,,,,,,,,,,,,,,,,,,,,,,,,,,,,
2015,8,8,18,30,112,111,77.32000000000001,3.5,22.400000000000002,77.56,78,1.2000000000000002,,,,,,,,,,,,,,,,,,,,,,,,,,,,,,,,,
2015,8,8,19,30,9,0,87.83,3.5,21.1,86.68,89,1.3,,,,,,,,,,,,,,,,,,,,,,,,,,,,,,,,,
2015,8,8,20,30,0,0,98.14,3.5,20.200000000000003,89.42,99,1.3,,,,,,,,,,,,,,,,,,,,,,,,,,,,,,,,,
2015,8,8,21,30,0,0,107.10000000000001,3.5,19.400000000000002,92.52,110,1.4000000000000001,,,,,,,,,,,,,,,,,,,,,,,,,,,,,,,,,
2015,8,8,22,30,0,0,114.45,3.4000000000000004,18.900000000000002,94.25,119,1.4000000000000001,,,,,,,,,,,,,,,,,,,,,,,,,,,,,,,,,
2015,8,8,23,30,0,0,119.54,3.3000000000000003,18.6,95.16,126,1.4000000000000001,,,,,,,,,,,,,,,,,,,,,,,,,,,,,,,,,
2015,8,9,0,30,0,0,121.72,3.2,18.2,96.86,130,1.3,,,,,,,,,,,,,,,,,,,,,,,,,,,,,,,,,
2015,8,9,1,30,0,0,120.68,3.2,18,97.44,131,1.2000000000000002,,,,,,,,,,,,,,,,,,,,,,,,,,,,,,,,,
2015,8,9,2,30,0,0,116.57000000000001,3.3000000000000003,18,97.09,128,1.2000000000000002,,,,,,,,,,,,,,,,,,,,,,,,,,,,,,,,,
2015,8,9,3,30,0,0,109.96000000000001,3.3000000000000003,18.1,96.45,121,1.3,,,,,,,,,,,,,,,,,,,,,,,,,,,,,,,,,
2015,8,9,4,30,0,0,101.5,3.3000000000000003,18,96.99000000000001,114,1.5,,,,,,,,,,,,,,,,,,,,,,,,,,,,,,,,,
2015,8,9,5,30,0,0,91.8,3.4000000000000004,18.3,95.10000000000001,109,1.9000000000000001,,,,,,,,,,,,,,,,,,,,,,,,,,,,,,,,,
2015,8,9,6,30,63,2,81.2,3.4000000000000004,19.400000000000002,90.09,108,2.2,,,,,,,,,,,,,,,,,,,,,,,,,,,,,,,,,
2015,8,9,7,30,157,143,70.31,3.4000000000000004,21.400000000000002,80.66,116,2.2,,,,,,,,,,,,,,,,,,,,,,,,,,,,,,,,,
2015,8,9,8,30,269,57,59.25,3.5,23.8,68.24,136,1.8,,,,,,,,,,,,,,,,,,,,,,,,,,,,,,,,,
2015,8,9,9,30,305,186,48.44,3.6,25.700000000000003,60.88,156,1.5,,,,,,,,,,,,,,,,,,,,,,,,,,,,,,,,,
2015,8,9,10,30,366,39,38.46,3.7,26.900000000000002,59.120000000000005,170,1.3,,,,,,,,,,,,,,,,,,,,,,,,,,,,,,,,,
2015,8,9,11,30,374,155,30.490000000000002,3.9000000000000004,27.700000000000003,58.36,169,1.2000000000000002,,,,,,,,,,,,,,,,,,,,,,,,,,,,,,,,,
2015,8,9,12,30,420,188,26.59,4,28.3,57.64,156,1.3,,,,,,,,,,,,,,,,,,,,,,,,,,,,,,,,,
2015,8,9,13,30,403,156,28.55,4.1000000000000005,28.6,57.42,147,1.5,,,,,,,,,,,,,,,,,,,,,,,,,,,,,,,,,
2015,8,9,14,30,367,226,35.4,4.3,28.5,58.25,146,1.8,,,,,,,,,,,,,,,,,,,,,,,,,,,,,,,,,
2015,8,9,15,30,282,359,44.87,4.3,28.1,59.96,149,2,,,,,,,,,,,,,,,,,,,,,,,,,,,,,,,,,
2015,8,9,16,30,295,58,55.49,4.4,27.200000000000003,63.38,152,2,,,,,,,,,,,,,,,,,,,,,,,,,,,,,,,,,
2015,8,9,17,30,54,0,66.52,4.4,26,69.2,155,1.9000000000000001,,,,,,,,,,,,,,,,,,,,,,,,,,,,,,,,,
2015,8,9,18,30,61,0,77.54,4.4,24.3,79.4,158,1.6,,,,,,,,,,,,,,,,,,,,,,,,,,,,,,,,,
2015,8,9,19,30,6,0,88.04,4.4,22.900000000000002,88.16,164,1.5,,,,,,,,,,,,,,,,,,,,,,,,,,,,,,,,,
2015,8,9,20,30,0,0,98.38,4.3,22.1,91.07000000000001,173,1.4000000000000001,,,,,,,,,,,,,,,,,,,,,,,,,,,,,,,,,
2015,8,9,21,30,0,0,107.36,4.2,21.5,93.77,183,1.3,,,,,,,,,,,,,,,,,,,,,,,,,,,,,,,,,
2015,8,9,22,30,0,0,114.73,4.1000000000000005,21.1,95.37,192,1.1,,,,,,,,,,,,,,,,,,,,,,,,,,,,,,,,,
2015,8,9,23,30,0,0,119.82000000000001,4,20.700000000000003,96.98,196,0.9,,,,,,,,,,,,,,,,,,,,,,,,,,,,,,,,,
2015,8,10,0,30,0,0,122.01,3.9000000000000004,20.200000000000003,98.89,194,0.8,,,,,,,,,,,,,,,,,,,,,,,,,,,,,,,,,
2015,8,10,1,30,0,0,120.96000000000001,3.9000000000000004,19.700000000000003,100,184,0.8,,,,,,,,,,,,,,,,,,,,,,,,,,,,,,,,,
2015,8,10,2,30,0,0,116.83,3.9000000000000004,19.3,100,172,0.8,,,,,,,,,,,,,,,,,,,,,,,,,,,,,,,,,
2015,8,10,3,30,0,0,110.18,4,18.900000000000002,100,162,0.8,,,,,,,,,,,,,,,,,,,,,,,,,,,,,,,,,
2015,8,10,4,30,0,0,101.71000000000001,4.2,18.900000000000002,100,163,0.8,,,,,,,,,,,,,,,,,,,,,,,,,,,,,,,,,
2015,8,10,5,30,0,0,91.98,4.4,19.6,98.74000000000001,166,0.8,,,,,,,,,,,,,,,,,,,,,,,,,,,,,,,,,
2015,8,10,6,30,38,0,81.37,4.5,20.6,96.99000000000001,144,1.1,,,,,,,,,,,,,,,,,,,,,,,,,,,,,,,,,
2015,8,10,7,30,68,0,70.46000000000001,4.6000000000000005,21.5,94.38,119,1.7000000000000002,,,,,,,,,,,,,,,,,,,,,,,,,,,,,,,,,
2015,8,10,8,30,266,100,59.410000000000004,4.6000000000000005,22.5,91.3,107,1.9000000000000001,,,,,,,,,,,,,,,,,,,,,,,,,,,,,,,,,
2015,8,10,9,30,228,25,48.61,4.7,23.200000000000003,88.78,96,2.1,,,,,,,,,,,,,,,,,,,,,,,,,,,,,,,,,
2015,8,10,10,30,291,35,38.67,4.7,23.700000000000003,85.58,90,2.4000000000000004,,,,,,,,,,,,,,,,,,,,,,,,,,,,,,,,,
2015,8,10,11,30,139,0,30.73,4.800000000000001,24.200000000000003,81.61,87,2.6,,,,,,,,,,,,,,,,,,,,,,,,,,,,,,,,,
2015,8,10,12,30,172,1,26.87,4.800000000000001,24.6,78.43,76,2.4000000000000004,,,,,,,,,,,,,,,,,,,,,,,,,,,,,,,,,
2015,8,10,13,30,37,0,28.84,4.7,24.6,77.08,54,2.1,,,,,,,,,,,,,,,,,,,,,,,,,,,,,,,,,
2015,8,10,14,30,36,0,35.660000000000004,4.5,24.5,76.46000000000001,192,2.1,,,,,,,,,,,,,,,,,,,,,,,,,,,,,,,,,
2015,8,10,15,30,291,346,45.1,4.3,24.400000000000002,76.36,330,2.4000000000000004,,,,,,,,,,,,,,,,,,,,,,,,,,,,,,,,,
2015,8,10,16,30,146,4,55.7,4.1000000000000005,24.5,76.12,313,2.7,,,,,,,,,,,,,,,,,,,,,,,,,,,,,,,,,
2015,8,10,17,30,167,28,66.74,4,24,79.60000000000001,315,2.5,,,,,,,,,,,,,,,,,,,,,,,,,,,,,,,,,
2015,8,10,18,30,95,36,77.75,4,22.6,89.33,319,1.7000000000000002,,,,,,,,,,,,,,,,,,,,,,,,,,,,,,,,,
2015,8,10,19,30,12,49,88.25,4,21.200000000000003,96.69,320,1.3,,,,,,,,,,,,,,,,,,,,,,,,,,,,,,,,,
2015,8,10,20,30,0,0,98.62,3.9000000000000004,20.400000000000002,99.60000000000001,320,1.4000000000000001,,,,,,,,,,,,,,,,,,,,,,,,,,,,,,,,,
2015,8,10,21,30,0,0,107.62,3.8000000000000003,20,100,320,1.7000000000000002,,,,,,,,,,,,,,,,,,,,,,,,,,,,,,,,,
2015,8,10,22,30,0,0,115.01,3.6,19.700000000000003,100,322,2.1,,,,,,,,,,,,,,,,,,,,,,,,,,,,,,,,,
2015,8,10,23,30,0,0,120.12,3.4000000000000004,19.400000000000002,100,327,2.4000000000000004,,,,,,,,,,,,,,,,,,,,,,,,,,,,,,,,,
2015,8,11,0,30,0,0,122.31,3.3000000000000003,19,100,333,2.6,,,,,,,,,,,,,,,,,,,,,,,,,,,,,,,,,
2015,8,11,1,30,0,0,121.24000000000001,3.1,18.6,100,339,2.6,,,,,,,,,,,,,,,,,,,,,,,,,,,,,,,,,
2015,8,11,2,30,0,0,117.08,3,18.2,100,343,2.5,,,,,,,,,,,,,,,,,,,,,,,,,,,,,,,,,
2015,8,11,3,30,0,0,110.41,2.9000000000000004,17.8,100,341,2.4000000000000004,,,,,,,,,,,,,,,,,,,,,,,,,,,,,,,,,
2015,8,11,4,30,0,0,101.91,2.7,17.3,100,336,2.3000000000000003,,,,,,,,,,,,,,,,,,,,,,,,,,,,,,,,,
2015,8,11,5,30,0,0,92.16,2.5,17.5,98.46000000000001,329,2.7,,,,,,,,,,,,,,,,,,,,,,,,,,,,,,,,,
2015,8,11,6,30,38,436,81.53,2.3000000000000003,18.5,92.68,326,3.3000000000000003,,,,,,,,,,,,,,,,,,,,,,,,,,,,,,,,,
2015,8,11,7,30,58,692,70.63,2.2,20,84.03,328,3.8000000000000003,,,,,,,,,,,,,,,,,,,,,,,,,,,,,,,,,
2015,8,11,8,30,68,814,59.57,2.2,21.8,71.5,328,4.2,,,,,,,,,,,,,,,,,,,,,,,,,,,,,,,,,
2015,8,11,9,30,75,877,48.78,2.3000000000000003,23.400000000000002,61.480000000000004,328,4.4,,,,,,,,,,,,,,,,,,,,,,,,,,,,,,,,,
2015,8,11,10,30,87,900,38.87,2.4000000000000004,24.6,56.78,327,4.5,,,,,,,,,,,,,,,,,,,,,,,,,,,,,,,,,
2015,8,11,11,30,89,924,30.98,2.4000000000000004,25.5,54.4,326,4.6000000000000005,,,,,,,,,,,,,,,,,,,,,,,,,,,,,,,,,
2015,8,11,12,30,304,616,27.16,2.5,26,53.31,325,4.6000000000000005,,,,,,,,,,,,,,,,,,,,,,,,,,,,,,,,,
2015,8,11,13,30,453,138,29.13,2.5,26.1,53.07,325,4.6000000000000005,,,,,,,,,,,,,,,,,,,,,,,,,,,,,,,,,
2015,8,11,14,30,105,878,35.92,2.6,26,53.13,325,4.6000000000000005,,,,,,,,,,,,,,,,,,,,,,,,,,,,,,,,,
2015,8,11,15,30,96,846,45.34,2.7,25.6,53.83,326,4.5,,,,,,,,,,,,,,,,,,,,,,,,,,,,,,,,,
2015,8,11,16,30,84,795,55.93,2.7,25,55.21,326,4.4,,,,,,,,,,,,,,,,,,,,,,,,,,,,,,,,,
2015,8,11,17,30,193,28,66.95,2.7,23.900000000000002,58.54,328,4,,,,,,,,,,,,,,,,,,,,,,,,,,,,,,,,,
2015,8,11,18,30,81,2,77.97,2.7,22.1,66,330,3.3000000000000003,,,,,,,,,,,,,,,,,,,,,,,,,,,,,,,,,
2015,8,11,19,30,12,140,88.46000000000001,2.6,20.3,74.46000000000001,330,3,,,,,,,,,,,,,,,,,,,,,,,,,,,,,,,,,
2015,8,11,20,30,0,0,98.87,2.5,19.200000000000003,78.69,330,3.2,,,,,,,,,,,,,,,,,,,,,,,,,,,,,,,,,
2015,8,11,21,30,0,0,107.88,2.4000000000000004,18.3,81.84,331,3.3000000000000003,,,,,,,,,,,,,,,,,,,,,,,,,,,,,,,,,
2015,8,11,22,30,0,0,115.29,2.3000000000000003,17.400000000000002,85.52,332,3.2,,,,,,,,,,,,,,,,,,,,,,,,,,,,,,,,,
2015,8,11,23,30,0,0,120.41,2.2,16.5,89.74,334,3,,,,,,,,,,,,,,,,,,,,,,,,,,,,,,,,,
2015,8,12,0,30,0,0,122.61,2.1,15.700000000000001,93.26,335,2.8000000000000003,,,,,,,,,,,,,,,,,,,,,,,,,,,,,,,,,
2015,8,12,1,30,0,0,121.53,2.1,15.100000000000001,95.53,336,2.7,,,,,,,,,,,,,,,,,,,,,,,,,,,,,,,,,
2015,8,12,2,30,0,0,117.34,2,14.5,97.74000000000001,338,2.7,,,,,,,,,,,,,,,,,,,,,,,,,,,,,,,,,
2015,8,12,3,30,0,0,110.64,2,14,99.60000000000001,339,2.6,,,,,,,,,,,,,,,,,,,,,,,,,,,,,,,,,
2015,8,12,4,30,0,0,102.11,2,13.600000000000001,100,339,2.5,,,,,,,,,,,,,,,,,,,,,,,,,,,,,,,,,
2015,8,12,5,30,0,0,92.35000000000001,1.9000000000000001,14,96.28,338,2.7,,,,,,,,,,,,,,,,,,,,,,,,,,,,,,,,,
2015,8,12,6,30,36,470,81.7,1.9000000000000001,15.700000000000001,86.55,343,3.3000000000000003,,,,,,,,,,,,,,,,,,,,,,,,,,,,,,,,,
2015,8,12,7,30,56,709,70.79,1.9000000000000001,17.900000000000002,77.63,350,3.5,,,,,,,,,,,,,,,,,,,,,,,,,,,,,,,,,
2015,8,12,8,30,241,281,59.74,2,19.900000000000002,68.31,350,3.8000000000000003,,,,,,,,,,,,,,,,,,,,,,,,,,,,,,,,,
2015,8,12,9,30,75,886,48.96,2,21.5,61.2,350,3.9000000000000004,,,,,,,,,,,,,,,,,,,,,,,,,,,,,,,,,
2015,8,12,10,30,81,921,39.08,2,22.6,57.370000000000005,350,3.9000000000000004,,,,,,,,,,,,,,,,,,,,,,,,,,,,,,,,,
2015,8,12,11,30,455,239,31.240000000000002,2,23.400000000000002,54.86,348,3.8000000000000003,,,,,,,,,,,,,,,,,,,,,,,,,,,,,,,,,
2015,8,12,12,30,440,86,27.46,2,23.900000000000002,52.910000000000004,344,3.6,,,,,,,,,,,,,,,,,,,,,,,,,,,,,,,,,
2015,8,12,13,30,476,197,29.43,1.9000000000000001,24.200000000000003,51.02,339,3.4000000000000004,,,,,,,,,,,,,,,,,,,,,,,,,,,,,,,,,
2015,8,12,14,30,394,53,36.19,1.9000000000000001,24.3,49.660000000000004,334,3.3000000000000003,,,,,,,,,,,,,,,,,,,,,,,,,,,,,,,,,
2015,8,12,15,30,93,871,45.58,1.9000000000000001,24.1,48.74,328,3.2,,,,,,,,,,,,,,,,,,,,,,,,,,,,,,,,,
2015,8,12,16,30,83,820,56.15,1.8,23.6,48.75,323,2.9000000000000004,,,,,,,,,,,,,,,,,,,,,,,,,,,,,,,,,
2015,8,12,17,30,68,728,67.18,1.8,22.6,50.88,318,2.2,,,,,,,,,,,,,,,,,,,,,,,,,,,,,,,,,
2015,8,12,18,30,47,551,78.2,1.8,20.3,64.63,309,1.4000000000000001,,,,,,,,,,,,,,,,,,,,,,,,,,,,,,,,,
2015,8,12,19,30,11,130,88.67,1.8,18.2,77.34,299,1.1,,,,,,,,,,,,,,,,,,,,,,,,,,,,,,,,,
2015,8,12,20,30,0,0,99.12,1.9000000000000001,17.2,78.98,291,1.2000000000000002,,,,,,,,,,,,,,,,,,,,,,,,,,,,,,,,,
2015,8,12,21,30,0,0,108.15,2,16.6,81.71000000000001,286,1.3,,,,,,,,,,,,,,,,,,,,,,,,,,,,,,,,,
2015,8,12,22,30,0,0,115.58,2.2,16.1,83.95,285,1.5,,,,,,,,,,,,,,,,,,,,,,,,,,,,,,,,,
2015,8,12,23,30,0,0,120.72,2.5,15.700000000000001,86.10000000000001,284,1.6,,,,,,,,,,,,,,,,,,,,,,,,,,,,,,,,,
2015,8,13,0,30,0,0,122.91,2.8000000000000003,15.5,87.05,279,1.6,,,,,,,,,,,,,,,,,,,,,,,,,,,,,,,,,
2015,8,13,1,30,0,0,121.81,3,15.5,86.74,273,1.7000000000000002,,,,,,,,,,,,,,,,,,,,,,,,,,,,,,,,,
2015,8,13,2,30,0,0,117.61,3.2,15.600000000000001,85.78,266,1.8,,,,,,,,,,,,,,,,,,,,,,,,,,,,,,,,,
2015,8,13,3,30,0,0,110.88,3.3000000000000003,15.700000000000001,84.79,258,1.9000000000000001,,,,,,,,,,,,,,,,,,,,,,,,,,,,,,,,,
2015,8,13,4,30,0,0,102.32000000000001,3.3000000000000003,15.600000000000001,85.08,252,2.1,,,,,,,,,,,,,,,,,,,,,,,,,,,,,,,,,
2015,8,13,5,30,0,0,92.53,3.2,15.8,83.3,245,2.6,,,,,,,,,,,,,,,,,,,,,,,,,,,,,,,,,
2015,8,13,6,30,58,11,81.87,3.1,16.8,78.27,239,3.2,,,,,,,,,,,,,,,,,,,,,,,,,,,,,,,,,
2015,8,13,7,30,78,575,70.95,3.1,19,70.43,237,3.6,,,,,,,,,,,,,,,,,,,,,,,,,,,,,,,,,
2015,8,13,8,30,97,708,59.9,3.1,22,59.76,243,4.3,,,,,,,,,,,,,,,,,,,,,,,,,,,,,,,,,
2015,8,13,9,30,111,784,49.14,3.1,24.5,50.56,251,4.7,,,,,,,,,,,,,,,,,,,,,,,,,,,,,,,,,
2015,8,13,10,30,118,831,39.28,3.1,26,49.42,255,4.6000000000000005,,,,,,,,,,,,,,,,,,,,,,,,,,,,,,,,,
2015,8,13,11,30,122,856,31.490000000000002,3.2,26.700000000000003,50.34,258,4.6000000000000005,,,,,,,,,,,,,,,,,,,,,,,,,,,,,,,,,
2015,8,13,12,30,124,863,27.76,3.3000000000000003,26.900000000000002,51.550000000000004,260,4.6000000000000005,,,,,,,,,,,,,,,,,,,,,,,,,,,,,,,,,
2015,8,13,13,30,123,859,29.73,3.3000000000000003,26.900000000000002,52.620000000000005,261,4.6000000000000005,,,,,,,,,,,,,,,,,,,,,,,,,,,,,,,,,
2015,8,13,14,30,117,842,36.46,3.3000000000000003,27,52.97,261,4.5,,,,,,,,,,,,,,,,,,,,,,,,,,,,,,,,,
2015,8,13,15,30,107,811,45.82,3.3000000000000003,27.200000000000003,52.84,259,4.3,,,,,,,,,,,,,,,,,,,,,,,,,,,,,,,,,
2015,8,13,16,30,95,752,56.39,3.4000000000000004,27,53.81,258,3.9000000000000004,,,,,,,,,,,,,,,,,,,,,,,,,,,,,,,,,
2015,8,13,17,30,80,639,67.41,3.6,26,57.99,260,3,,,,,,,,,,,,,,,,,,,,,,,,,,,,,,,,,
2015,8,13,18,30,91,223,78.43,3.8000000000000003,23.8,70.21000000000001,267,2,,,,,,,,,,,,,,,,,,,,,,,,,,,,,,,,,
2015,8,13,19,30,4,0,88.89,4,21.900000000000002,80.79,263,1.5,,,,,,,,,,,,,,,,,,,,,,,,,,,,,,,,,
2015,8,13,20,30,0,0,99.37,4,21.3,84.72,236,1.6,,,,,,,,,,,,,,,,,,,,,,,,,,,,,,,,,
2015,8,13,21,30,0,0,108.43,3.9000000000000004,21.1,85.89,213,2.1,,,,,,,,,,,,,,,,,,,,,,,,,,,,,,,,,
2015,8,13,22,30,0,0,115.87,3.7,21,84.97,214,2.9000000000000004,,,,,,,,,,,,,,,,,,,,,,,,,,,,,,,,,
2015,8,13,23,30,0,0,121.02,3.6,20.700000000000003,84.67,224,3.3000000000000003,,,,,,,,,,,,,,,,,,,,,,,,,,,,,,,,,
2015,8,14,0,30,0,0,123.22,3.6,20.3,85.18,232,3.4000000000000004,,,,,,,,,,,,,,,,,,,,,,,,,,,,,,,,,
2015,8,14,1,30,0,0,122.11,3.6,19.900000000000002,86.28,235,3.4000000000000004,,,,,,,,,,,,,,,,,,,,,,,,,,,,,,,,,
2015,8,14,2,30,0,0,117.87,3.6,19.400000000000002,88.36,235,3.4000000000000004,,,,,,,,,,,,,,,,,,,,,,,,,,,,,,,,,
2015,8,14,3,30,0,0,111.11,3.7,18.900000000000002,90.79,234,3.3000000000000003,,,,,,,,,,,,,,,,,,,,,,,,,,,,,,,,,
2015,8,14,4,30,0,0,102.53,3.8000000000000003,18.5,92.8,234,3.3000000000000003,,,,,,,,,,,,,,,,,,,,,,,,,,,,,,,,,
2015,8,14,5,30,0,0,92.72,3.8000000000000003,18.400000000000002,93.34,233,3.5,,,,,,,,,,,,,,,,,,,,,,,,,,,,,,,,,
2015,8,14,6,30,38,2,82.04,3.8000000000000003,19.400000000000002,88.38,229,3.7,,,,,,,,,,,,,,,,,,,,,,,,,,,,,,,,,
2015,8,14,7,30,131,335,71.11,3.7,21.400000000000002,81.06,234,3.9000000000000004,,,,,,,,,,,,,,,,,,,,,,,,,,,,,,,,,
2015,8,14,8,30,50,575,60.07,3.7,23.5,76.36,245,4.3,,,,,,,,,,,,,,,,,,,,,,,,,,,,,,,,,
2015,8,14,9,30,298,222,49.32,3.8000000000000003,24.8,75.45,251,4.5,,,,,,,,,,,,,,,,,,,,,,,,,,,,,,,,,
2015,8,14,10,30,237,559,39.5,3.8000000000000003,25.5,74.95,253,4.4,,,,,,,,,,,,,,,,,,,,,,,,,,,,,,,,,
2015,8,14,11,30,350,297,31.75,3.8000000000000003,25.900000000000002,74.23,255,4.2,,,,,,,,,,,,,,,,,,,,,,,,,,,,,,,,,
2015,8,14,12,30,412,241,28.060000000000002,3.8000000000000003,26.1,73.87,257,4,,,,,,,,,,,,,,,,,,,,,,,,,,,,,,,,,
2015,8,14,13,30,285,523,30.03,3.8000000000000003,26.5,72.64,260,3.7,,,,,,,,,,,,,,,,,,,,,,,,,,,,,,,,,
2015,8,14,14,30,420,247,36.74,3.8000000000000003,27,71.11,262,3.3000000000000003,,,,,,,,,,,,,,,,,,,,,,,,,,,,,,,,,
2015,8,14,15,30,130,757,46.08,3.8000000000000003,27.400000000000002,69.86,264,2.9000000000000004,,,,,,,,,,,,,,,,,,,,,,,,,,,,,,,,,
2015,8,14,16,30,114,692,56.63,3.7,27.5,69.76,266,2.4000000000000004,,,,,,,,,,,,,,,,,,,,,,,,,,,,,,,,,
2015,8,14,17,30,158,302,67.64,3.7,26.700000000000003,74.43,265,1.6,,,,,,,,,,,,,,,,,,,,,,,,,,,,,,,,,
2015,8,14,18,30,98,152,78.66,3.6,25,88.14,260,1.1,,,,,,,,,,,,,,,,,,,,,,,,,,,,,,,,,
2015,8,14,19,30,0,0,89.12,3.6,23.5,91.33,258,1.1,,,,,,,,,,,,,,,,,,,,,,,,,,,,,,,,,
2015,8,14,20,30,0,0,99.63,3.5,22.8,92.22,263,1.2000000000000002,,,,,,,,,,,,,,,,,,,,,,,,,,,,,,,,,
2015,8,14,21,30,0,0,108.71000000000001,3.5,22.200000000000003,94.11,271,1.3,,,,,,,,,,,,,,,,,,,,,,,,,,,,,,,,,
2015,8,14,22,30,0,0,116.17,3.6,21.400000000000002,96.66,279,1.2000000000000002,,,,,,,,,,,,,,,,,,,,,,,,,,,,,,,,,
2015,8,14,23,30,0,0,121.33,3.7,20.8,97.82000000000001,285,1.2000000000000002,,,,,,,,,,,,,,,,,,,,,,,,,,,,,,,,,
2015,8,15,0,30,0,0,123.53,3.8000000000000003,20.200000000000003,98.95,292,1.2000000000000002,,,,,,,,,,,,,,,,,,,,,,,,,,,,,,,,,
2015,8,15,1,30,0,0,122.4,3.8000000000000003,19.6,100,300,1.3,,,,,,,,,,,,,,,,,,,,,,,,,,,,,,,,,
2015,8,15,2,30,0,0,118.14,3.8000000000000003,19,100,308,1.3,,,,,,,,,,,,,,,,,,,,,,,,,,,,,,,,,
2015,8,15,3,30,0,0,111.35000000000001,3.8000000000000003,18.5,100,314,1.2000000000000002,,,,,,,,,,,,,,,,,,,,,,,,,,,,,,,,,
2015,8,15,4,30,0,0,102.74000000000001,3.6,18.1,100,315,1.2000000000000002,,,,,,,,,,,,,,,,,,,,,,,,,,,,,,,,,
2015,8,15,5,30,0,0,92.91,3.5,18.400000000000002,98.35000000000001,312,1.3,,,,,,,,,,,,,,,,,,,,,,,,,,,,,,,,,
2015,8,15,6,30,45,3,82.21000000000001,3.3000000000000003,19.5,95.31,307,1.5,,,,,,,,,,,,,,,,,,,,,,,,,,,,,,,,,
2015,8,15,7,30,170,92,71.28,3.2,21.200000000000003,89.96000000000001,307,1.4000000000000001,,,,,,,,,,,,,,,,,,,,,,,,,,,,,,,,,
2015,8,15,8,30,107,671,60.24,3.2,23.6,78.58,320,1.2000000000000002,,,,,,,,,,,,,,,,,,,,,,,,,,,,,,,,,
2015,8,15,9,30,122,755,49.51,3.1,25.8,63.99,335,0.7000000000000001,,,,,,,,,,,,,,,,,,,,,,,,,,,,,,,,,
2015,8,15,10,30,132,803,39.71,3.1,27.6,55.39,290,0.30000000000000004,,,,,,,,,,,,,,,,,,,,,,,,,,,,,,,,,
2015,8,15,11,30,140,826,32.01,3.1,28.8,51.120000000000005,226,0.4,,,,,,,,,,,,,,,,,,,,,,,,,,,,,,,,,
2015,8,15,12,30,143,832,28.37,3.2,29.5,49.11,209,0.7000000000000001,,,,,,,,,,,,,,,,,,,,,,,,,,,,,,,,,
2015,8,15,13,30,113,873,30.34,3.2,29.900000000000002,47.97,198,0.9,,,,,,,,,,,,,,,,,,,,,,,,,,,,,,,,,
2015,8,15,14,30,109,855,37.02,3.2,30,47.58,191,1.2000000000000002,,,,,,,,,,,,,,,,,,,,,,,,,,,,,,,,,
2015,8,15,15,30,265,554,46.33,3.1,29.700000000000003,48.26,191,1.5,,,,,,,,,,,,,,,,,,,,,,,,,,,,,,,,,
2015,8,15,16,30,92,758,56.870000000000005,3.1,29.200000000000003,49.81,194,1.5,,,,,,,,,,,,,,,,,,,,,,,,,,,,,,,,,
2015,8,15,17,30,76,651,67.88,3,28.1,53.9,194,1.3,,,,,,,,,,,,,,,,,,,,,,,,,,,,,,,,,
2015,8,15,18,30,51,448,78.9,3,25.6,66.53,192,1.1,,,,,,,,,,,,,,,,,,,,,,,,,,,,,,,,,
2015,8,15,19,30,0,0,89.34,2.9000000000000004,23.200000000000003,80.02,195,1.2000000000000002,,,,,,,,,,,,,,,,,,,,,,,,,,,,,,,,,
2015,8,15,20,30,0,0,99.9,2.9000000000000004,22,83.23,204,1.4000000000000001,,,,,,,,,,,,,,,,,,,,,,,,,,,,,,,,,
2015,8,15,21,30,0,0,108.99000000000001,2.8000000000000003,21.1,87.94,214,1.6,,,,,,,,,,,,,,,,,,,,,,,,,,,,,,,,,
2015,8,15,22,30,0,0,116.47,2.8000000000000003,20.5,91.53,219,1.7000000000000002,,,,,,,,,,,,,,,,,,,,,,,,,,,,,,,,,
2015,8,15,23,30,0,0,121.65,2.7,19.8,95.75,221,1.7000000000000002,,,,,,,,,,,,,,,,,,,,,,,,,,,,,,,,,
2015,8,16,0,30,0,0,123.84,2.6,19.3,98.48,222,1.6,,,,,,,,,,,,,,,,,,,,,,,,,,,,,,,,,
2015,8,16,1,30,0,0,122.7,2.6,18.7,100,224,1.5,,,,,,,,,,,,,,,,,,,,,,,,,,,,,,,,,
2015,8,16,2,30,0,0,118.41,2.6,18.2,100,227,1.5,,,,,,,,,,,,,,,,,,,,,,,,,,,,,,,,,
2015,8,16,3,30,0,0,111.59,2.6,17.8,100,231,1.5,,,,,,,,,,,,,,,,,,,,,,,,,,,,,,,,,
2015,8,16,4,30,0,0,102.95,2.6,17.400000000000002,100,232,1.4000000000000001,,,,,,,,,,,,,,,,,,,,,,,,,,,,,,,,,
2015,8,16,5,30,0,0,93.09,2.7,18,100,229,1.7000000000000002,,,,,,,,,,,,,,,,,,,,,,,,,,,,,,,,,
2015,8,16,6,30,39,339,82.38,2.7,19.900000000000002,90.3,219,2.2,,,,,,,,,,,,,,,,,,,,,,,,,,,,,,,,,
2015,8,16,7,30,72,594,71.45,2.7,22.6,78.48,212,2.4000000000000004,,,,,,,,,,,,,,,,,,,,,,,,,,,,,,,,,
2015,8,16,8,30,91,725,60.410000000000004,2.7,25.6,67.26,214,2.6,,,,,,,,,,,,,,,,,,,,,,,,,,,,,,,,,
2015,8,16,9,30,105,799,49.69,2.7,27.6,60.64,215,2.6,,,,,,,,,,,,,,,,,,,,,,,,,,,,,,,,,
2015,8,16,10,30,354,405,39.93,2.7,28.900000000000002,56.300000000000004,215,2.7,,,,,,,,,,,,,,,,,,,,,,,,,,,,,,,,,
2015,8,16,11,30,348,520,32.28,2.7,29.8,53.2,215,2.8000000000000003,,,,,,,,,,,,,,,,,,,,,,,,,,,,,,,,,
2015,8,16,12,30,136,850,28.68,2.8000000000000003,30.400000000000002,51.410000000000004,215,2.9000000000000004,,,,,,,,,,,,,,,,,,,,,,,,,,,,,,,,,
2015,8,16,13,30,147,827,30.66,2.8000000000000003,30.700000000000003,50.45,217,3,,,,,,,,,,,,,,,,,,,,,,,,,,,,,,,,,
2015,8,16,14,30,146,796,37.31,2.9000000000000004,30.700000000000003,50.49,218,3.1,,,,,,,,,,,,,,,,,,,,,,,,,,,,,,,,,
2015,8,16,15,30,139,747,46.59,3,30.3,51.76,219,3.1,,,,,,,,,,,,,,,,,,,,,,,,,,,,,,,,,
2015,8,16,16,30,126,671,57.11,3,29.6,54.2,221,3,,,,,,,,,,,,,,,,,,,,,,,,,,,,,,,,,
2015,8,16,17,30,104,540,68.12,3.1,28.3,60.34,220,2.5,,,,,,,,,,,,,,,,,,,,,,,,,,,,,,,,,
2015,8,16,18,30,62,339,79.15,3.1,26.1,72.64,214,2,,,,,,,,,,,,,,,,,,,,,,,,,,,,,,,,,
2015,8,16,19,30,0,0,89.56,3.1,24.3,80.69,211,1.9000000000000001,,,,,,,,,,,,,,,,,,,,,,,,,,,,,,,,,
2015,8,16,20,30,0,0,100.17,3.1,23.5,83.42,212,2.2,,,,,,,,,,,,,,,,,,,,,,,,,,,,,,,,,
2015,8,16,21,30,0,0,109.28,3.1,22.900000000000002,86.55,216,2.3000000000000003,,,,,,,,,,,,,,,,,,,,,,,,,,,,,,,,,
2015,8,16,22,30,0,0,116.77,3.2,22.400000000000002,89.04,222,2.3000000000000003,,,,,,,,,,,,,,,,,,,,,,,,,,,,,,,,,
2015,8,16,23,30,0,0,121.96000000000001,3.2,21.900000000000002,91.24,227,2.3000000000000003,,,,,,,,,,,,,,,,,,,,,,,,,,,,,,,,,
2015,8,17,0,30,0,0,124.16,3.1,21.400000000000002,93.24,232,2.3000000000000003,,,,,,,,,,,,,,,,,,,,,,,,,,,,,,,,,
2015,8,17,1,30,0,0,123,3.1,20.900000000000002,95.13,237,2.3000000000000003,,,,,,,,,,,,,,,,,,,,,,,,,,,,,,,,,
2015,8,17,2,30,0,0,118.68,3.1,20.5,96.48,242,2.2,,,,,,,,,,,,,,,,,,,,,,,,,,,,,,,,,
2015,8,17,3,30,0,0,111.83,3,20,98.63,246,2,,,,,,,,,,,,,,,,,,,,,,,,,,,,,,,,,
2015,8,17,4,30,0,0,103.16,3,19.5,100,249,1.8,,,,,,,,,,,,,,,,,,,,,,,,,,,,,,,,,
2015,8,17,5,30,0,0,93.28,3.1,20,97.92,250,2,,,,,,,,,,,,,,,,,,,,,,,,,,,,,,,,,
2015,8,17,6,30,44,266,82.55,3.1,21.6,89.63,246,2.4000000000000004,,,,,,,,,,,,,,,,,,,,,,,,,,,,,,,,,
2015,8,17,7,30,87,512,71.61,3.2,24.1,79.19,245,2.4000000000000004,,,,,,,,,,,,,,,,,,,,,,,,,,,,,,,,,
2015,8,17,8,30,114,651,60.58,3.2,27,69.15,255,2.6,,,,,,,,,,,,,,,,,,,,,,,,,,,,,,,,,
2015,8,17,9,30,132,729,49.88,3.3000000000000003,28.900000000000002,60.93,257,2.9000000000000004,,,,,,,,,,,,,,,,,,,,,,,,,,,,,,,,,
2015,8,17,10,30,144,777,40.15,3.4000000000000004,29.900000000000002,56.31,248,3,,,,,,,,,,,,,,,,,,,,,,,,,,,,,,,,,
2015,8,17,11,30,450,137,32.55,3.5,30.6,52.59,240,3.2,,,,,,,,,,,,,,,,,,,,,,,,,,,,,,,,,
2015,8,17,12,30,332,567,29,3.7,30.8,50.6,235,3.4000000000000004,,,,,,,,,,,,,,,,,,,,,,,,,,,,,,,,,
2015,8,17,13,30,315,10,30.98,3.9000000000000004,30.3,50.78,233,3.6,,,,,,,,,,,,,,,,,,,,,,,,,,,,,,,,,
2015,8,17,14,30,217,5,37.6,4,29.1,53.83,232,3.5,,,,,,,,,,,,,,,,,,,,,,,,,,,,,,,,,
2015,8,17,15,30,18,0,46.86,4.1000000000000005,27.8,59.58,231,3.1,,,,,,,,,,,,,,,,,,,,,,,,,,,,,,,,,
2015,8,17,16,30,258,204,57.36,4.2,26.5,68.18,227,2.7,,,,,,,,,,,,,,,,,,,,,,,,,,,,,,,,,
2015,8,17,17,30,15,0,68.36,4.2,25.200000000000003,78.23,223,2.2,,,,,,,,,,,,,,,,,,,,,,,,,,,,,,,,,
2015,8,17,18,30,66,8,79.39,4.2,23.900000000000002,87.39,219,1.8,,,,,,,,,,,,,,,,,,,,,,,,,,,,,,,,,
2015,8,17,19,30,0,0,89.78,4.3,23,92.51,215,1.8,,,,,,,,,,,,,,,,,,,,,,,,,,,,,,,,,
2015,8,17,20,30,0,0,100.44,4.3,22.5,95.15,209,1.8,,,,,,,,,,,,,,,,,,,,,,,,,,,,,,,,,
2015,8,17,21,30,0,0,109.57000000000001,4.3,22.200000000000003,96.44,203,1.8,,,,,,,,,,,,,,,,,,,,,,,,,,,,,,,,,
2015,8,17,22,30,0,0,117.08,4.3,21.700000000000003,98.39,199,1.8,,,,,,,,,,,,,,,,,,,,,,,,,,,,,,,,,
2015,8,17,23,30,0,0,122.29,4.2,21.200000000000003,100,200,1.7000000000000002,,,,,,,,,,,,,,,,,,,,,,,,,,,,,,,,,
2015,8,18,0,30,0,0,124.48,4.2,20.6,100,205,1.6,,,,,,,,,,,,,,,,,,,,,,,,,,,,,,,,,
2015,8,18,1,30,0,0,123.3,4.2,20.1,100,211,1.5,,,,,,,,,,,,,,,,,,,,,,,,,,,,,,,,,
2015,8,18,2,30,0,0,118.95,4.2,19.700000000000003,100,217,1.4000000000000001,,,,,,,,,,,,,,,,,,,,,,,,,,,,,,,,,
2015,8,18,3,30,0,0,112.07000000000001,4.1000000000000005,19.3,100,222,1.3,,,,,,,,,,,,,,,,,,,,,,,,,,,,,,,,,
2015,8,18,4,30,0,0,103.37,4,19,100,223,1.2000000000000002,,,,,,,,,,,,,,,,,,,,,,,,,,,,,,,,,
2015,8,18,5,30,0,0,93.47,3.9000000000000004,19.3,100,221,1.4000000000000001,,,,,,,,,,,,,,,,,,,,,,,,,,,,,,,,,
2015,8,18,6,30,51,6,82.72,3.9000000000000004,20.5,94.24,216,1.7000000000000002,,,,,,,,,,,,,,,,,,,,,,,,,,,,,,,,,
2015,8,18,7,30,65,2,71.78,3.8000000000000003,22.3,86.54,214,1.9000000000000001,,,,,,,,,,,,,,,,,,,,,,,,,,,,,,,,,
2015,8,18,8,30,233,124,60.75,3.8000000000000003,24.1,78.44,207,2,,,,,,,,,,,,,,,,,,,,,,,,,,,,,,,,,
2015,8,18,9,30,146,693,50.07,3.8000000000000003,25.5,70.35000000000001,193,2.2,,,,,,,,,,,,,,,,,,,,,,,,,,,,,,,,,
2015,8,18,10,30,145,770,40.37,3.8000000000000003,26.700000000000003,63.13,184,2.6,,,,,,,,,,,,,,,,,,,,,,,,,,,,,,,,,
2015,8,18,11,30,339,524,32.82,3.9000000000000004,27.6,58,181,3,,,,,,,,,,,,,,,,,,,,,,,,,,,,,,,,,
2015,8,18,12,30,320,2,29.310000000000002,4,28.200000000000003,54.71,182,3.3000000000000003,,,,,,,,,,,,,,,,,,,,,,,,,,,,,,,,,
2015,8,18,13,30,144,813,31.3,4,28.5,53.160000000000004,183,3.3000000000000003,,,,,,,,,,,,,,,,,,,,,,,,,,,,,,,,,
2015,8,18,14,30,420,202,37.9,4.1000000000000005,28.400000000000002,53.19,180,3.3000000000000003,,,,,,,,,,,,,,,,,,,,,,,,,,,,,,,,,
2015,8,18,15,30,126,756,47.13,4.1000000000000005,28,54.61,177,3.3000000000000003,,,,,,,,,,,,,,,,,,,,,,,,,,,,,,,,,
2015,8,18,16,30,112,685,57.620000000000005,4.1000000000000005,27.3,58.02,175,3.2,,,,,,,,,,,,,,,,,,,,,,,,,,,,,,,,,
2015,8,18,17,30,92,561,68.61,4.1000000000000005,26.200000000000003,63.93,172,2.9000000000000004,,,,,,,,,,,,,,,,,,,,,,,,,,,,,,,,,
2015,8,18,18,30,57,343,79.65,4.1000000000000005,24.5,74.69,165,2.3000000000000003,,,,,,,,,,,,,,,,,,,,,,,,,,,,,,,,,
2015,8,18,19,30,0,0,90,4.1000000000000005,23.1,84.37,157,2.3000000000000003,,,,,,,,,,,,,,,,,,,,,,,,,,,,,,,,,
2015,8,18,20,30,0,0,100.72,4.1000000000000005,22.5,88.46000000000001,151,2.7,,,,,,,,,,,,,,,,,,,,,,,,,,,,,,,,,
2015,8,18,21,30,0,0,109.86,4.2,22.200000000000003,91.27,148,2.9000000000000004,,,,,,,,,,,,,,,,,,,,,,,,,,,,,,,,,
2015,8,18,22,30,0,0,117.4,4.3,21.900000000000002,93.55,149,3,,,,,,,,,,,,,,,,,,,,,,,,,,,,,,,,,
2015,8,18,23,30,0,0,122.61,4.3,21.6,95.23,154,2.9000000000000004,,,,,,,,,,,,,,,,,,,,,,,,,,,,,,,,,
2015,8,19,0,30,0,0,124.81,4.3,21.3,96.58,162,3,,,,,,,,,,,,,,,,,,,,,,,,,,,,,,,,,
2015,8,19,1,30,0,0,123.61,4.2,21,97.04,166,2.9000000000000004,,,,,,,,,,,,,,,,,,,,,,,,,,,,,,,,,
2015,8,19,2,30,0,0,119.23,4.1000000000000005,20.6,98.77,165,2.9000000000000004,,,,,,,,,,,,,,,,,,,,,,,,,,,,,,,,,
2015,8,19,3,30,0,0,112.31,4.1000000000000005,20.400000000000002,99.3,169,2.9000000000000004,,,,,,,,,,,,,,,,,,,,,,,,,,,,,,,,,
2015,8,19,4,30,0,0,103.58,4.1000000000000005,20.200000000000003,99.96000000000001,175,2.9000000000000004,,,,,,,,,,,,,,,,,,,,,,,,,,,,,,,,,
2015,8,19,5,30,0,0,93.66,4.2,20.5,97.76,177,3.1,,,,,,,,,,,,,,,,,,,,,,,,,,,,,,,,,
2015,8,19,6,30,43,239,82.9,4.2,21.400000000000002,93.29,174,3.5,,,,,,,,,,,,,,,,,,,,,,,,,,,,,,,,,
2015,8,19,7,30,85,501,71.95,4.2,23.1,87.17,176,3.8000000000000003,,,,,,,,,,,,,,,,,,,,,,,,,,,,,,,,,
2015,8,19,8,30,197,361,60.92,4.2,25.3,78.47,179,4.3,,,,,,,,,,,,,,,,,,,,,,,,,,,,,,,,,
2015,8,19,9,30,202,571,50.26,4.2,27.3,67.37,177,4.800000000000001,,,,,,,,,,,,,,,,,,,,,,,,,,,,,,,,,
2015,8,19,10,30,126,797,40.6,4.3,28.700000000000003,59.89,176,5.300000000000001,,,,,,,,,,,,,,,,,,,,,,,,,,,,,,,,,
2015,8,19,11,30,447,175,33.1,4.4,29.400000000000002,56.64,179,5.5,,,,,,,,,,,,,,,,,,,,,,,,,,,,,,,,,
2015,8,19,12,30,353,337,29.64,4.5,29.8,55.75,183,5.6000000000000005,,,,,,,,,,,,,,,,,,,,,,,,,,,,,,,,,
2015,8,19,13,30,309,442,31.62,4.6000000000000005,29.900000000000002,56.230000000000004,187,5.5,,,,,,,,,,,,,,,,,,,,,,,,,,,,,,,,,
2015,8,19,14,30,402,94,38.2,4.7,29.900000000000002,56.980000000000004,190,5.300000000000001,,,,,,,,,,,,,,,,,,,,,,,,,,,,,,,,,
2015,8,19,15,30,286,11,47.410000000000004,4.800000000000001,29.400000000000002,59.46,193,5.1000000000000005,,,,,,,,,,,,,,,,,,,,,,,,,,,,,,,,,
2015,8,19,16,30,128,633,57.88,4.9,28.5,63.82,197,4.6000000000000005,,,,,,,,,,,,,,,,,,,,,,,,,,,,,,,,,
2015,8,19,17,30,94,538,68.87,4.9,27.200000000000003,71.08,199,3.7,,,,,,,,,,,,,,,,,,,,,,,,,,,,,,,,,
2015,8,19,18,30,88,32,79.9,4.9,25.5,82.07000000000001,195,2.7,,,,,,,,,,,,,,,,,,,,,,,,,,,,,,,,,
2015,8,19,19,30,0,0,90.23,4.800000000000001,24.200000000000003,91.32000000000001,189,2.2,,,,,,,,,,,,,,,,,,,,,,,,,,,,,,,,,
2015,8,19,20,30,0,0,101,4.7,23.6,96.33,178,1.9000000000000001,,,,,,,,,,,,,,,,,,,,,,,,,,,,,,,,,
2015,8,19,21,30,0,0,110.16,4.800000000000001,23.200000000000003,99.3,161,2.2,,,,,,,,,,,,,,,,,,,,,,,,,,,,,,,,,
2015,8,19,22,30,0,0,117.71000000000001,5.1000000000000005,23,100,145,2.6,,,,,,,,,,,,,,,,,,,,,,,,,,,,,,,,,
2015,8,19,23,30,0,0,122.94,5.5,22.700000000000003,100,133,2.4000000000000004,,,,,,,,,,,,,,,,,,,,,,,,,,,,,,,,,
2015,8,20,0,30,0,0,125.14,5.5,22.200000000000003,100,183,2.7,,,,,,,,,,,,,,,,,,,,,,,,,,,,,,,,,
2015,8,20,1,30,0,0,123.92,5,20.400000000000002,100,254,4.7,,,,,,,,,,,,,,,,,,,,,,,,,,,,,,,,,
2015,8,20,2,30,0,0,119.51,4.4,17.6,100,273,5.4,,,,,,,,,,,,,,,,,,,,,,,,,,,,,,,,,
2015,8,20,3,30,0,0,112.55,3.9000000000000004,16,96.64,267,3.8000000000000003,,,,,,,,,,,,,,,,,,,,,,,,,,,,,,,,,
2015,8,20,4,30,0,0,103.8,3.5,15.600000000000001,96.01,245,2.8000000000000003,,,,,,,,,,,,,,,,,,,,,,,,,,,,,,,,,
2015,8,20,5,30,0,0,93.85000000000001,2.9000000000000004,15.600000000000001,95.81,228,3,,,,,,,,,,,,,,,,,,,,,,,,,,,,,,,,,
2015,8,20,6,30,34,371,83.07000000000001,2.3000000000000003,16.3,92.60000000000001,225,3.9000000000000004,,,,,,,,,,,,,,,,,,,,,,,,,,,,,,,,,
2015,8,20,7,30,63,648,72.12,1.9000000000000001,17.5,87.14,230,4.800000000000001,,,,,,,,,,,,,,,,,,,,,,,,,,,,,,,,,
2015,8,20,8,30,79,781,61.1,1.8,19.1,77.63,232,5.4,,,,,,,,,,,,,,,,,,,,,,,,,,,,,,,,,
2015,8,20,9,30,346,170,50.45,2,20.6,67.67,233,5.800000000000001,,,,,,,,,,,,,,,,,,,,,,,,,,,,,,,,,
2015,8,20,10,30,359,47,40.82,2.2,21.700000000000003,61.29,234,6,,,,,,,,,,,,,,,,,,,,,,,,,,,,,,,,,
2015,8,20,11,30,444,157,33.38,2.2,22.400000000000002,57.65,236,6.300000000000001,,,,,,,,,,,,,,,,,,,,,,,,,,,,,,,,,
2015,8,20,12,30,451,149,29.96,2.2,22.900000000000002,54.97,239,6.4,,,,,,,,,,,,,,,,,,,,,,,,,,,,,,,,,
2015,8,20,13,30,457,224,31.95,2.1,23.1,53.21,242,6.5,,,,,,,,,,,,,,,,,,,,,,,,,,,,,,,,,
2015,8,20,14,30,426,156,38.5,2,22.900000000000002,52.7,247,6.4,,,,,,,,,,,,,,,,,,,,,,,,,,,,,,,,,
2015,8,20,15,30,362,103,47.69,2.1,22.200000000000003,53.910000000000004,252,6.2,,,,,,,,,,,,,,,,,,,,,,,,,,,,,,,,,
2015,8,20,16,30,192,2,58.14,2.1,21.3,55.71,258,5.800000000000001,,,,,,,,,,,,,,,,,,,,,,,,,,,,,,,,,
2015,8,20,17,30,101,0,69.13,2,20.200000000000003,58.35,264,5,,,,,,,,,,,,,,,,,,,,,,,,,,,,,,,,,
2015,8,20,18,30,83,11,80.16,1.9000000000000001,18.8,63.24,267,3.7,,,,,,,,,,,,,,,,,,,,,,,,,,,,,,,,,
2015,8,20,19,30,0,0,91.07000000000001,1.9000000000000001,17.400000000000002,70.75,267,2.5,,,,,,,,,,,,,,,,,,,,,,,,,,,,,,,,,
2015,8,20,20,30,0,0,101.28,1.8,16.3,78.13,264,1.8,,,,,,,,,,,,,,,,,,,,,,,,,,,,,,,,,
2015,8,20,21,30,0,0,110.46000000000001,1.7000000000000002,15.5,83.27,259,1.6,,,,,,,,,,,,,,,,,,,,,,,,,,,,,,,,,
2015,8,20,22,30,0,0,118.04,1.7000000000000002,14.8,86.48,254,1.7000000000000002,,,,,,,,,,,,,,,,,,,,,,,,,,,,,,,,,
2015,8,20,23,30,0,0,123.28,1.6,14.4,87.68,255,1.8,,,,,,,,,,,,,,,,,,,,,,,,,,,,,,,,,
2015,8,21,0,30,0,0,125.47,1.4000000000000001,14,89.34,262,2,,,,,,,,,,,,,,,,,,,,,,,,,,,,,,,,,
2015,8,21,1,30,0,0,124.23,1.3,13.5,91.53,271,2,,,,,,,,,,,,,,,,,,,,,,,,,,,,,,,,,
2015,8,21,2,30,0,0,119.79,1.2000000000000002,12.9,93.88,278,1.8,,,,,,,,,,,,,,,,,,,,,,,,,,,,,,,,,
2015,8,21,3,30,0,0,112.8,1.2000000000000002,12.3,95.59,282,1.6,,,,,,,,,,,,,,,,,,,,,,,,,,,,,,,,,
2015,8,21,4,30,0,0,104.01,1.2000000000000002,11.9,96.05,285,1.5,,,,,,,,,,,,,,,,,,,,,,,,,,,,,,,,,
2015,8,21,5,30,0,0,94.04,1.2000000000000002,12.600000000000001,90.03,289,1.6,,,,,,,,,,,,,,,,,,,,,,,,,,,,,,,,,
2015,8,21,6,30,31,444,83.24,1.3,14.700000000000001,80.99,290,2.1,,,,,,,,,,,,,,,,,,,,,,,,,,,,,,,,,
2015,8,21,7,30,54,702,72.29,1.4000000000000001,17.7,68.02,293,2.6,,,,,,,,,,,,,,,,,,,,,,,,,,,,,,,,,
2015,8,21,8,30,69,822,61.28,1.4000000000000001,20.400000000000002,55.13,299,3.1,,,,,,,,,,,,,,,,,,,,,,,,,,,,,,,,,
2015,8,21,9,30,79,883,50.65,1.5,22,47.410000000000004,300,3.2,,,,,,,,,,,,,,,,,,,,,,,,,,,,,,,,,
2015,8,21,10,30,82,924,41.050000000000004,1.6,23.200000000000003,44,298,3.1,,,,,,,,,,,,,,,,,,,,,,,,,,,,,,,,,
2015,8,21,11,30,86,944,33.660000000000004,1.6,24.1,41.93,295,2.8000000000000003,,,,,,,,,,,,,,,,,,,,,,,,,,,,,,,,,
2015,8,21,12,30,87,950,30.29,1.7000000000000002,24.8,40.43,293,2.6,,,,,,,,,,,,,,,,,,,,,,,,,,,,,,,,,
2015,8,21,13,30,89,942,32.29,1.7000000000000002,25.200000000000003,39.59,292,2.3000000000000003,,,,,,,,,,,,,,,,,,,,,,,,,,,,,,,,,
2015,8,21,14,30,86,925,38.81,1.7000000000000002,25.400000000000002,38.97,293,2,,,,,,,,,,,,,,,,,,,,,,,,,,,,,,,,,
2015,8,21,15,30,80,888,47.97,1.8,25.200000000000003,39.15,295,1.8,,,,,,,,,,,,,,,,,,,,,,,,,,,,,,,,,
2015,8,21,16,30,72,831,58.410000000000004,1.8,24.700000000000003,40.36,295,1.5,,,,,,,,,,,,,,,,,,,,,,,,,,,,,,,,,
2015,8,21,17,30,59,723,69.39,1.9000000000000001,23.700000000000003,43.660000000000004,294,1,,,,,,,,,,,,,,,,,,,,,,,,,,,,,,,,,
2015,8,21,18,30,39,512,80.42,1.9000000000000001,22.1,57.480000000000004,289,0.7000000000000001,,,,,,,,,,,,,,,,,,,,,,,,,,,,,,,,,
2015,8,21,19,30,0,0,91.34,2,20.900000000000002,56.51,247,0.6000000000000001,,,,,,,,,,,,,,,,,,,,,,,,,,,,,,,,,
2015,8,21,20,30,0,0,101.57000000000001,2,19.700000000000003,59.15,201,0.7000000000000001,,,,,,,,,,,,,,,,,,,,,,,,,,,,,,,,,
2015,8,21,21,30,0,0,110.77,2.1,18.2,67.22,196,0.9,,,,,,,,,,,,,,,,,,,,,,,,,,,,,,,,,
2015,8,21,22,30,0,0,118.36,2.1,17,73.89,205,1,,,,,,,,,,,,,,,,,,,,,,,,,,,,,,,,,
2015,8,21,23,30,0,0,123.61,2.2,16.2,78.68,214,1,,,,,,,,,,,,,,,,,,,,,,,,,,,,,,,,,
2015,8,22,0,30,0,0,125.8,2.3000000000000003,15.600000000000001,81.96000000000001,221,1,,,,,,,,,,,,,,,,,,,,,,,,,,,,,,,,,
2015,8,22,1,30,0,0,124.55,2.3000000000000003,15.200000000000001,84.12,226,1,,,,,,,,,,,,,,,,,,,,,,,,,,,,,,,,,
2015,8,22,2,30,0,0,120.07000000000001,2.4000000000000004,14.8,86.05,228,1,,,,,,,,,,,,,,,,,,,,,,,,,,,,,,,,,
2015,8,22,3,30,0,0,113.04,2.5,14.600000000000001,86.68,230,1,,,,,,,,,,,,,,,,,,,,,,,,,,,,,,,,,
2015,8,22,4,30,0,0,104.23,2.5,14.4,87.10000000000001,231,1,,,,,,,,,,,,,,,,,,,,,,,,,,,,,,,,,
2015,8,22,5,30,0,0,94.24,2.5,15,83.04,230,0.9,,,,,,,,,,,,,,,,,,,,,,,,,,,,,,,,,
2015,8,22,6,30,34,335,83.42,2.5,16.8,79.17,224,1.2000000000000002,,,,,,,,,,,,,,,,,,,,,,,,,,,,,,,,,
2015,8,22,7,30,66,602,72.46000000000001,2.6,19.400000000000002,65.63,209,1.4000000000000001,,,,,,,,,,,,,,,,,,,,,,,,,,,,,,,,,
2015,8,22,8,30,86,734,61.45,2.6,22.400000000000002,56.25,184,1.4000000000000001,,,,,,,,,,,,,,,,,,,,,,,,,,,,,,,,,
2015,8,22,9,30,237,2,50.84,2.6,24.5,49.76,157,1.5,,,,,,,,,,,,,,,,,,,,,,,,,,,,,,,,,
2015,8,22,10,30,119,831,41.28,2.6,25.6,48.15,139,1.9000000000000001,,,,,,,,,,,,,,,,,,,,,,,,,,,,,,,,,
2015,8,22,11,30,125,855,33.94,2.6,26.400000000000002,46.980000000000004,132,2.3000000000000003,,,,,,,,,,,,,,,,,,,,,,,,,,,,,,,,,
2015,8,22,12,30,127,867,30.62,2.5,26.8,46.57,134,2.7,,,,,,,,,,,,,,,,,,,,,,,,,,,,,,,,,
2015,8,22,13,30,137,845,32.62,2.5,26.900000000000002,46.44,139,2.8000000000000003,,,,,,,,,,,,,,,,,,,,,,,,,,,,,,,,,
2015,8,22,14,30,130,828,39.12,2.5,26.700000000000003,46.68,142,2.9000000000000004,,,,,,,,,,,,,,,,,,,,,,,,,,,,,,,,,
2015,8,22,15,30,114,800,48.26,2.4000000000000004,26.200000000000003,47.36,139,2.9000000000000004,,,,,,,,,,,,,,,,,,,,,,,,,,,,,,,,,
2015,8,22,16,30,98,744,58.69,2.3000000000000003,25.400000000000002,48.86,135,2.9000000000000004,,,,,,,,,,,,,,,,,,,,,,,,,,,,,,,,,
2015,8,22,17,30,76,638,69.65,2.2,23.8,53.49,136,2.5,,,,,,,,,,,,,,,,,,,,,,,,,,,,,,,,,
2015,8,22,18,30,77,152,80.69,2.2,21.1,67.08,141,1.9000000000000001,,,,,,,,,,,,,,,,,,,,,,,,,,,,,,,,,
2015,8,22,19,30,0,0,91.62,2.1,19,75.56,144,1.8,,,,,,,,,,,,,,,,,,,,,,,,,,,,,,,,,
2015,8,22,20,30,0,0,101.86,2,18.1,77.24,146,1.8,,,,,,,,,,,,,,,,,,,,,,,,,,,,,,,,,
2015,8,22,21,30,0,0,111.08,1.9000000000000001,17.5,79.37,146,1.8,,,,,,,,,,,,,,,,,,,,,,,,,,,,,,,,,
2015,8,22,22,30,0,0,118.69,1.9000000000000001,17,81.91,145,1.7000000000000002,,,,,,,,,,,,,,,,,,,,,,,,,,,,,,,,,
2015,8,22,23,30,0,0,123.96000000000001,1.9000000000000001,16.8,83.01,143,1.8,,,,,,,,,,,,,,,,,,,,,,,,,,,,,,,,,
2015,8,23,0,30,0,0,126.14,1.8,16.900000000000002,82.67,142,1.9000000000000001,,,,,,,,,,,,,,,,,,,,,,,,,,,,,,,,,
2015,8,23,1,30,0,0,124.86,1.8,16.8,84.17,144,1.9000000000000001,,,,,,,,,,,,,,,,,,,,,,,,,,,,,,,,,
2015,8,23,2,30,0,0,120.35000000000001,1.8,16.5,87.60000000000001,152,1.6,,,,,,,,,,,,,,,,,,,,,,,,,,,,,,,,,
2015,8,23,3,30,0,0,113.29,1.8,15.9,92.5,157,1.4000000000000001,,,,,,,,,,,,,,,,,,,,,,,,,,,,,,,,,
2015,8,23,4,30,0,0,104.44,1.9000000000000001,15.200000000000001,96.8,156,1.3,,,,,,,,,,,,,,,,,,,,,,,,,,,,,,,,,
2015,8,23,5,30,0,0,94.43,2,15.3,96.76,158,1.6,,,,,,,,,,,,,,,,,,,,,,,,,,,,,,,,,
2015,8,23,6,30,35,304,83.59,2.2,17,88.48,164,2.3000000000000003,,,,,,,,,,,,,,,,,,,,,,,,,,,,,,,,,
2015,8,23,7,30,71,573,72.64,2.5,19.200000000000003,77.7,171,2.8000000000000003,,,,,,,,,,,,,,,,,,,,,,,,,,,,,,,,,
2015,8,23,8,30,94,702,61.63,2.8000000000000003,21.900000000000002,61.93,181,3.1,,,,,,,,,,,,,,,,,,,,,,,,,,,,,,,,,
2015,8,23,9,30,111,770,51.04,3.1,23.900000000000002,48.57,182,3.5,,,,,,,,,,,,,,,,,,,,,,,,,,,,,,,,,
2015,8,23,10,30,351,43,41.52,3.3000000000000003,25.200000000000003,45.800000000000004,178,3.8000000000000003,,,,,,,,,,,,,,,,,,,,,,,,,,,,,,,,,
2015,8,23,11,30,407,99,34.230000000000004,3.4000000000000004,26.3,44.89,179,4.2,,,,,,,,,,,,,,,,,,,,,,,,,,,,,,,,,
2015,8,23,12,30,399,407,30.95,3.6,27.1,45.78,182,4.6000000000000005,,,,,,,,,,,,,,,,,,,,,,,,,,,,,,,,,
2015,8,23,13,30,176,756,32.97,3.9000000000000004,27.3,49.46,188,5.1000000000000005,,,,,,,,,,,,,,,,,,,,,,,,,,,,,,,,,
2015,8,23,14,30,350,111,39.44,4,27.1,54.84,195,5.4,,,,,,,,,,,,,,,,,,,,,,,,,,,,,,,,,
2015,8,23,15,30,261,15,48.550000000000004,4,26.700000000000003,60.120000000000005,199,5.6000000000000005,,,,,,,,,,,,,,,,,,,,,,,,,,,,,,,,,
2015,8,23,16,30,101,0,58.96,4,25.8,66.78,203,5.2,,,,,,,,,,,,,,,,,,,,,,,,,,,,,,,,,
2015,8,23,17,30,51,0,69.92,3.9000000000000004,24.400000000000002,77.15,219,4.2,,,,,,,,,,,,,,,,,,,,,,,,,,,,,,,,,
2015,8,23,18,30,3,0,80.96000000000001,3.5,22.5,90.52,252,3.6,,,,,,,,,,,,,,,,,,,,,,,,,,,,,,,,,
2015,8,23,19,30,0,0,91.9,2.9000000000000004,20.5,98.88,283,3.6,,,,,,,,,,,,,,,,,,,,,,,,,,,,,,,,,
2015,8,23,20,30,0,0,102.16,2.3000000000000003,18.2,100,297,3.3000000000000003,,,,,,,,,,,,,,,,,,,,,,,,,,,,,,,,,
2015,8,23,21,30,0,0,111.39,1.8,16.400000000000002,97.91,294,2.7,,,,,,,,,,,,,,,,,,,,,,,,,,,,,,,,,
2015,8,23,22,30,0,0,119.02,1.6,15.3,94.78,288,2.6,,,,,,,,,,,,,,,,,,,,,,,,,,,,,,,,,
2015,8,23,23,30,0,0,124.3,1.5,14.700000000000001,94.87,287,2.5,,,,,,,,,,,,,,,,,,,,,,,,,,,,,,,,,
2015,8,24,0,30,0,0,126.48,1.4000000000000001,14.200000000000001,96.98,286,2.1,,,,,,,,,,,,,,,,,,,,,,,,,,,,,,,,,
2015,8,24,1,30,0,0,125.18,1.4000000000000001,13.600000000000001,99.79,283,1.7000000000000002,,,,,,,,,,,,,,,,,,,,,,,,,,,,,,,,,
2015,8,24,2,30,0,0,120.64,1.4000000000000001,13,100,274,1.5,,,,,,,,,,,,,,,,,,,,,,,,,,,,,,,,,
2015,8,24,3,30,0,0,113.54,1.4000000000000001,12.600000000000001,100,262,1.4000000000000001,,,,,,,,,,,,,,,,,,,,,,,,,,,,,,,,,
2015,8,24,4,30,0,0,104.66,1.5,12.4,100,249,1.6,,,,,,,,,,,,,,,,,,,,,,,,,,,,,,,,,
2015,8,24,5,30,0,0,94.62,1.6,12.9,99.45,241,2.3000000000000003,,,,,,,,,,,,,,,,,,,,,,,,,,,,,,,,,
2015,8,24,6,30,34,332,83.77,1.6,14.3,93.29,240,3.2,,,,,,,,,,,,,,,,,,,,,,,,,,,,,,,,,
2015,8,24,7,30,67,614,72.81,1.7000000000000002,16.3,86,242,3.8000000000000003,,,,,,,,,,,,,,,,,,,,,,,,,,,,,,,,,
2015,8,24,8,30,81,774,61.81,1.6,18.6,74.64,247,4.5,,,,,,,,,,,,,,,,,,,,,,,,,,,,,,,,,
2015,8,24,9,30,84,867,51.24,1.6,20.6,58.63,251,5.300000000000001,,,,,,,,,,,,,,,,,,,,,,,,,,,,,,,,,
2015,8,24,10,30,88,913,41.76,1.6,21.900000000000002,49.53,253,5.6000000000000005,,,,,,,,,,,,,,,,,,,,,,,,,,,,,,,,,
2015,8,24,11,30,347,507,34.52,1.6,22.700000000000003,46.51,255,5.7,,,,,,,,,,,,,,,,,,,,,,,,,,,,,,,,,
2015,8,24,12,30,427,120,31.29,1.7000000000000002,23.3,44.77,258,5.9,,,,,,,,,,,,,,,,,,,,,,,,,,,,,,,,,
2015,8,24,13,30,459,186,33.31,1.7000000000000002,23.5,44.14,261,6,,,,,,,,,,,,,,,,,,,,,,,,,,,,,,,,,
2015,8,24,14,30,92,912,39.76,1.7000000000000002,23.3,44.04,264,6.1000000000000005,,,,,,,,,,,,,,,,,,,,,,,,,,,,,,,,,
2015,8,24,15,30,87,872,48.85,1.8,22.700000000000003,44.76,267,5.9,,,,,,,,,,,,,,,,,,,,,,,,,,,,,,,,,
2015,8,24,16,30,282,95,59.24,1.9000000000000001,21.700000000000003,46.65,270,5.5,,,,,,,,,,,,,,,,,,,,,,,,,,,,,,,,,
2015,8,24,17,30,72,0,70.2,1.9000000000000001,20.3,50.43,275,4.5,,,,,,,,,,,,,,,,,,,,,,,,,,,,,,,,,
2015,8,24,18,30,29,0,81.23,2,18.7,56.35,283,3.3000000000000003,,,,,,,,,,,,,,,,,,,,,,,,,,,,,,,,,
2015,8,24,19,30,0,0,92.18,2.1,17.2,64.35,296,2.7,,,,,,,,,,,,,,,,,,,,,,,,,,,,,,,,,
2015,8,24,20,30,0,0,102.46000000000001,2.2,16.2,69.7,307,2.7,,,,,,,,,,,,,,,,,,,,,,,,,,,,,,,,,
2015,8,24,21,30,0,0,111.71000000000001,2.3000000000000003,15.200000000000001,73.64,311,2.9000000000000004,,,,,,,,,,,,,,,,,,,,,,,,,,,,,,,,,
2015,8,24,22,30,0,0,119.36,2.2,14.100000000000001,78.10000000000001,305,2.5,,,,,,,,,,,,,,,,,,,,,,,,,,,,,,,,,
2015,8,24,23,30,0,0,124.65,2.1,13,83.45,291,2,,,,,,,,,,,,,,,,,,,,,,,,,,,,,,,,,
2015,8,25,0,30,0,0,126.83,2,12,88.43,276,1.6,,,,,,,,,,,,,,,,,,,,,,,,,,,,,,,,,
2015,8,25,1,30,0,0,125.5,2,11.5,90.67,265,1.6,,,,,,,,,,,,,,,,,,,,,,,,,,,,,,,,,
2015,8,25,2,30,0,0,120.92,2,11.200000000000001,92.09,259,1.9000000000000001,,,,,,,,,,,,,,,,,,,,,,,,,,,,,,,,,
2015,8,25,3,30,0,0,113.79,2,11,93.74,255,2.1,,,,,,,,,,,,,,,,,,,,,,,,,,,,,,,,,
2015,8,25,4,30,0,0,104.88,2.1,10.9,95.34,255,2.2,,,,,,,,,,,,,,,,,,,,,,,,,,,,,,,,,
2015,8,25,5,30,0,0,94.82000000000001,2.1,11.3,94.03,259,2.5,,,,,,,,,,,,,,,,,,,,,,,,,,,,,,,,,
2015,8,25,6,30,33,0,83.94,2.2,12.700000000000001,87.64,266,3,,,,,,,,,,,,,,,,,,,,,,,,,,,,,,,,,
2015,8,25,7,30,90,1,72.98,2.2,14.700000000000001,79.18,276,3.5,,,,,,,,,,,,,,,,,,,,,,,,,,,,,,,,,
2015,8,25,8,30,91,722,61.99,2.2,16.400000000000002,69.62,282,3.8000000000000003,,,,,,,,,,,,,,,,,,,,,,,,,,,,,,,,,
2015,8,25,9,30,292,48,51.44,2.2,17.400000000000002,63.14,280,3.9000000000000004,,,,,,,,,,,,,,,,,,,,,,,,,,,,,,,,,
2015,8,25,10,30,346,27,42,2.2,18,60,277,3.8000000000000003,,,,,,,,,,,,,,,,,,,,,,,,,,,,,,,,,
2015,8,25,11,30,431,127,34.81,2.2,18.5,58.27,275,3.9000000000000004,,,,,,,,,,,,,,,,,,,,,,,,,,,,,,,,,
2015,8,25,12,30,359,5,31.63,2.2,18.7,57.870000000000005,277,3.9000000000000004,,,,,,,,,,,,,,,,,,,,,,,,,,,,,,,,,
2015,8,25,13,30,159,0,33.660000000000004,2.3000000000000003,18.7,58.36,281,3.9000000000000004,,,,,,,,,,,,,,,,,,,,,,,,,,,,,,,,,
2015,8,25,14,30,276,1,40.09,2.3000000000000003,18.6,59.54,286,3.9000000000000004,,,,,,,,,,,,,,,,,,,,,,,,,,,,,,,,,
2015,8,25,15,30,318,61,49.15,2.4000000000000004,18.3,61.67,290,3.9000000000000004,,,,,,,,,,,,,,,,,,,,,,,,,,,,,,,,,
2015,8,25,16,30,181,2,59.53,2.4000000000000004,17.8,64.39,295,3.7,,,,,,,,,,,,,,,,,,,,,,,,,,,,,,,,,
2015,8,25,17,30,170,29,70.47,2.5,17,68.41,298,3.3000000000000003,,,,,,,,,,,,,,,,,,,,,,,,,,,,,,,,,
2015,8,25,18,30,26,0,81.51,2.5,15.9,74.60000000000001,299,2.5,,,,,,,,,,,,,,,,,,,,,,,,,,,,,,,,,
2015,8,25,19,30,0,0,92.47,2.6,15,81.35000000000001,299,2,,,,,,,,,,,,,,,,,,,,,,,,,,,,,,,,,
2015,8,25,20,30,0,0,102.76,2.6,14.4,85.29,298,1.9000000000000001,,,,,,,,,,,,,,,,,,,,,,,,,,,,,,,,,
2015,8,25,21,30,0,0,112.03,2.6,13.9,88.2,299,1.9000000000000001,,,,,,,,,,,,,,,,,,,,,,,,,,,,,,,,,
2015,8,25,22,30,0,0,119.7,2.6,13.5,90.32000000000001,300,2,,,,,,,,,,,,,,,,,,,,,,,,,,,,,,,,,
2015,8,25,23,30,0,0,125,2.7,13,93.18,302,2,,,,,,,,,,,,,,,,,,,,,,,,,,,,,,,,,
2015,8,26,0,30,0,0,127.17,2.7,12.600000000000001,95.38,303,1.9000000000000001,,,,,,,,,,,,,,,,,,,,,,,,,,,,,,,,,
2015,8,26,1,30,0,0,125.83,2.7,12.3,97.15,303,1.8,,,,,,,,,,,,,,,,,,,,,,,,,,,,,,,,,
2015,8,26,2,30,0,0,121.21000000000001,2.7,12,98.98,300,1.7000000000000002,,,,,,,,,,,,,,,,,,,,,,,,,,,,,,,,,
2015,8,26,3,30,0,0,114.04,2.7,11.8,100,296,1.5,,,,,,,,,,,,,,,,,,,,,,,,,,,,,,,,,
2015,8,26,4,30,0,0,105.09,2.6,11.600000000000001,100,292,1.5,,,,,,,,,,,,,,,,,,,,,,,,,,,,,,,,,
2015,8,26,5,30,0,0,95.01,2.6,11.9,99.07000000000001,290,1.8,,,,,,,,,,,,,,,,,,,,,,,,,,,,,,,,,
2015,8,26,6,30,21,0,84.12,2.6,13.5,89.78,295,2.5,,,,,,,,,,,,,,,,,,,,,,,,,,,,,,,,,
2015,8,26,7,30,77,0,73.16,2.6,15.5,80.5,303,3.1,,,,,,,,,,,,,,,,,,,,,,,,,,,,,,,,,
2015,8,26,8,30,211,21,62.18,2.5,17.1,72.85000000000001,309,3.2,,,,,,,,,,,,,,,,,,,,,,,,,,,,,,,,,
2015,8,26,9,30,335,89,51.65,2.5,18.400000000000002,66.43,310,3.3000000000000003,,,,,,,,,,,,,,,,,,,,,,,,,,,,,,,,,
2015,8,26,10,30,374,87,42.24,2.6,19.8,61.44,309,3.4000000000000004,,,,,,,,,,,,,,,,,,,,,,,,,,,,,,,,,
2015,8,26,11,30,212,0,35.11,2.6,20.700000000000003,58.59,309,3.5,,,,,,,,,,,,,,,,,,,,,,,,,,,,,,,,,
2015,8,26,12,30,403,39,31.970000000000002,2.6,20.900000000000002,57.78,311,3.5,,,,,,,,,,,,,,,,,,,,,,,,,,,,,,,,,
2015,8,26,13,30,209,0,34.01,2.6,20.6,58.78,315,3.5,,,,,,,,,,,,,,,,,,,,,,,,,,,,,,,,,
2015,8,26,14,30,197,0,40.42,2.6,20.1,60.77,318,3.4000000000000004,,,,,,,,,,,,,,,,,,,,,,,,,,,,,,,,,
2015,8,26,15,30,301,36,49.45,2.6,19.700000000000003,62.63,320,3.2,,,,,,,,,,,,,,,,,,,,,,,,,,,,,,,,,
2015,8,26,16,30,75,0,59.81,2.5,19.200000000000003,64.95,320,2.8000000000000003,,,,,,,,,,,,,,,,,,,,,,,,,,,,,,,,,
2015,8,26,17,30,89,0,70.75,2.5,18.400000000000002,68.78,319,2.3000000000000003,,,,,,,,,,,,,,,,,,,,,,,,,,,,,,,,,
2015,8,26,18,30,21,0,81.79,2.4000000000000004,17.3,76.10000000000001,319,1.5,,,,,,,,,,,,,,,,,,,,,,,,,,,,,,,,,
2015,8,26,19,30,0,0,92.76,2.4000000000000004,16.400000000000002,84.58,320,1.2000000000000002,,,,,,,,,,,,,,,,,,,,,,,,,,,,,,,,,
2015,8,26,20,30,0,0,103.06,2.3000000000000003,15.9,87.25,321,1.2000000000000002,,,,,,,,,,,,,,,,,,,,,,,,,,,,,,,,,
2015,8,26,21,30,0,0,112.35000000000001,2.3000000000000003,15.4,89.51,322,1.3,,,,,,,,,,,,,,,,,,,,,,,,,,,,,,,,,
2015,8,26,22,30,0,0,120.04,2.2,15,90.79,326,1.4000000000000001,,,,,,,,,,,,,,,,,,,,,,,,,,,,,,,,,
2015,8,26,23,30,0,0,125.35000000000001,2.2,14.3,93.56,332,1.4000000000000001,,,,,,,,,,,,,,,,,,,,,,,,,,,,,,,,,
2015,8,27,0,30,0,0,127.52,2.2,13.700000000000001,95.49,339,1.4000000000000001,,,,,,,,,,,,,,,,,,,,,,,,,,,,,,,,,
2015,8,27,1,30,0,0,126.15,2.2,13.100000000000001,97.7,345,1.4000000000000001,,,,,,,,,,,,,,,,,,,,,,,,,,,,,,,,,
2015,8,27,2,30,0,0,121.5,2.2,12.700000000000001,99.01,349,1.3,,,,,,,,,,,,,,,,,,,,,,,,,,,,,,,,,
2015,8,27,3,30,0,0,114.29,2.2,12.3,100,349,1.3,,,,,,,,,,,,,,,,,,,,,,,,,,,,,,,,,
2015,8,27,4,30,0,0,105.31,2.1,12,100,348,1.2000000000000002,,,,,,,,,,,,,,,,,,,,,,,,,,,,,,,,,
2015,8,27,5,30,0,0,95.21000000000001,2,12.200000000000001,99.46000000000001,348,1.4000000000000001,,,,,,,,,,,,,,,,,,,,,,,,,,,,,,,,,
2015,8,27,6,30,30,329,84.3,2,13.600000000000001,90.54,350,1.8,,,,,,,,,,,,,,,,,,,,,,,,,,,,,,,,,
2015,8,27,7,30,62,626,73.34,1.9000000000000001,15.8,77.61,346,2.1,,,,,,,,,,,,,,,,,,,,,,,,,,,,,,,,,
2015,8,27,8,30,83,756,62.36,1.9000000000000001,17.7,67.36,338,2,,,,,,,,,,,,,,,,,,,,,,,,,,,,,,,,,
2015,8,27,9,30,335,83,51.85,1.9000000000000001,19.3,60.910000000000004,331,1.9000000000000001,,,,,,,,,,,,,,,,,,,,,,,,,,,,,,,,,
2015,8,27,10,30,403,112,42.480000000000004,1.9000000000000001,20.6,56.94,326,1.8,,,,,,,,,,,,,,,,,,,,,,,,,,,,,,,,,
2015,8,27,11,30,255,0,35.410000000000004,2,21.6,54.480000000000004,324,1.7000000000000002,,,,,,,,,,,,,,,,,,,,,,,,,,,,,,,,,
2015,8,27,12,30,469,168,32.32,2,22.400000000000002,52.550000000000004,325,1.6,,,,,,,,,,,,,,,,,,,,,,,,,,,,,,,,,
2015,8,27,13,30,332,399,34.36,2,22.900000000000002,51.29,328,1.4000000000000001,,,,,,,,,,,,,,,,,,,,,,,,,,,,,,,,,
2015,8,27,14,30,426,151,40.75,2,23.1,50.800000000000004,339,1.2000000000000002,,,,,,,,,,,,,,,,,,,,,,,,,,,,,,,,,
2015,8,27,15,30,301,27,49.76,2.1,22.900000000000002,51.26,175,1.1,,,,,,,,,,,,,,,,,,,,,,,,,,,,,,,,,
2015,8,27,16,30,168,1,60.11,2.1,22.3,52.6,9,1.1,,,,,,,,,,,,,,,,,,,,,,,,,,,,,,,,,
2015,8,27,17,30,89,0,71.04,2.1,21.1,56.18,21,0.9,,,,,,,,,,,,,,,,,,,,,,,,,,,,,,,,,
2015,8,27,18,30,33,0,82.07000000000001,2,19.200000000000003,68.83,44,0.7000000000000001,,,,,,,,,,,,,,,,,,,,,,,,,,,,,,,,,
2015,8,27,19,30,0,0,93.06,2,17.1,80.10000000000001,71,0.8,,,,,,,,,,,,,,,,,,,,,,,,,,,,,,,,,
2015,8,27,20,30,0,0,103.37,1.9000000000000001,15.600000000000001,85.26,91,1,,,,,,,,,,,,,,,,,,,,,,,,,,,,,,,,,
2015,8,27,21,30,0,0,112.68,1.9000000000000001,14.600000000000001,89.63,106,1.1,,,,,,,,,,,,,,,,,,,,,,,,,,,,,,,,,
2015,8,27,22,30,0,0,120.38,1.9000000000000001,13.9,93.11,119,1.3,,,,,,,,,,,,,,,,,,,,,,,,,,,,,,,,,
2015,8,27,23,30,0,0,125.71000000000001,1.9000000000000001,13.5,95.91,131,1.3,,,,,,,,,,,,,,,,,,,,,,,,,,,,,,,,,
2015,8,28,0,30,0,0,127.88000000000001,1.9000000000000001,13.100000000000001,99.22,145,1.2000000000000002,,,,,,,,,,,,,,,,,,,,,,,,,,,,,,,,,
2015,8,28,1,30,0,0,126.48,2,12.700000000000001,100,163,1.1,,,,,,,,,,,,,,,,,,,,,,,,,,,,,,,,,
2015,8,28,2,30,0,0,121.79,2,12.4,100,175,1,,,,,,,,,,,,,,,,,,,,,,,,,,,,,,,,,
2015,8,28,3,30,0,0,114.54,2,12.100000000000001,100,179,1,,,,,,,,,,,,,,,,,,,,,,,,,,,,,,,,,
2015,8,28,4,30,0,0,105.53,1.9000000000000001,11.700000000000001,100,180,1,,,,,,,,,,,,,,,,,,,,,,,,,,,,,,,,,
2015,8,28,5,30,0,0,95.4,1.9000000000000001,12,100,179,1.2000000000000002,,,,,,,,,,,,,,,,,,,,,,,,,,,,,,,,,
2015,8,28,6,30,34,213,84.48,1.9000000000000001,13.700000000000001,94.09,181,1.8,,,,,,,,,,,,,,,,,,,,,,,,,,,,,,,,,
2015,8,28,7,30,149,20,73.51,1.9000000000000001,16.400000000000002,80.10000000000001,192,2.3000000000000003,,,,,,,,,,,,,,,,,,,,,,,,,,,,,,,,,
2015,8,28,8,30,227,23,62.550000000000004,1.9000000000000001,19.200000000000003,66.7,210,2.4000000000000004,,,,,,,,,,,,,,,,,,,,,,,,,,,,,,,,,
2015,8,28,9,30,343,82,52.06,2,21.400000000000002,57.26,222,2.2,,,,,,,,,,,,,,,,,,,,,,,,,,,,,,,,,
2015,8,28,10,30,144,793,42.730000000000004,2,22.900000000000002,52.53,224,1.9000000000000001,,,,,,,,,,,,,,,,,,,,,,,,,,,,,,,,,
2015,8,28,11,30,150,821,35.71,2.1,24.1,49.32,223,1.8,,,,,,,,,,,,,,,,,,,,,,,,,,,,,,,,,
2015,8,28,12,30,477,197,32.67,2.2,25.1,46.92,222,1.8,,,,,,,,,,,,,,,,,,,,,,,,,,,,,,,,,
2015,8,28,13,30,393,277,34.72,2.3000000000000003,25.6,45.72,221,1.9000000000000001,,,,,,,,,,,,,,,,,,,,,,,,,,,,,,,,,
2015,8,28,14,30,338,306,41.09,2.4000000000000004,25.6,45.93,223,1.9000000000000001,,,,,,,,,,,,,,,,,,,,,,,,,,,,,,,,,
2015,8,28,15,30,302,293,50.07,2.5,25,47.78,225,1.8,,,,,,,,,,,,,,,,,,,,,,,,,,,,,,,,,
2015,8,28,16,30,255,104,60.4,2.6,23.700000000000003,53.54,219,1.3,,,,,,,,,,,,,,,,,,,,,,,,,,,,,,,,,
2015,8,28,17,30,131,14,71.33,2.7,22,68.67,205,1,,,,,,,,,,,,,,,,,,,,,,,,,,,,,,,,,
2015,8,28,18,30,49,203,82.36,2.8000000000000003,20.3,79.68,193,1,,,,,,,,,,,,,,,,,,,,,,,,,,,,,,,,,
2015,8,28,19,30,0,0,93.35000000000001,2.9000000000000004,19.200000000000003,81.25,188,1.3,,,,,,,,,,,,,,,,,,,,,,,,,,,,,,,,,
2015,8,28,20,30,0,0,103.68,2.9000000000000004,18.5,83.94,190,1.5,,,,,,,,,,,,,,,,,,,,,,,,,,,,,,,,,
2015,8,28,21,30,0,0,113.01,3,17.8,87.28,195,1.6,,,,,,,,,,,,,,,,,,,,,,,,,,,,,,,,,
2015,8,28,22,30,0,0,120.73,3,17.2,89.94,199,1.6,,,,,,,,,,,,,,,,,,,,,,,,,,,,,,,,,
2015,8,28,23,30,0,0,126.07000000000001,3,16.900000000000002,90.29,201,1.5,,,,,,,,,,,,,,,,,,,,,,,,,,,,,,,,,
2015,8,29,0,30,0,0,128.23,3,16.7,90.75,200,1.3,,,,,,,,,,,,,,,,,,,,,,,,,,,,,,,,,
2015,8,29,1,30,0,0,126.81,3,16.6,91.39,198,1.1,,,,,,,,,,,,,,,,,,,,,,,,,,,,,,,,,
2015,8,29,2,30,0,0,122.08,2.9000000000000004,16.3,93.13,199,1,,,,,,,,,,,,,,,,,,,,,,,,,,,,,,,,,
2015,8,29,3,30,0,0,114.79,2.8000000000000003,15.9,95.16,203,0.9,,,,,,,,,,,,,,,,,,,,,,,,,,,,,,,,,
2015,8,29,4,30,0,0,105.75,2.7,15.8,95.33,204,0.8,,,,,,,,,,,,,,,,,,,,,,,,,,,,,,,,,
2015,8,29,5,30,0,0,95.60000000000001,2.6,16,94.17,173,0.5,,,,,,,,,,,,,,,,,,,,,,,,,,,,,,,,,
2015,8,29,6,30,23,0,84.66,2.7,16.900000000000002,90.52,107,0.7000000000000001,,,,,,,,,,,,,,,,,,,,,,,,,,,,,,,,,
2015,8,29,7,30,69,0,73.69,2.9000000000000004,18.6,84.69,77,1.2000000000000002,,,,,,,,,,,,,,,,,,,,,,,,,,,,,,,,,
2015,8,29,8,30,131,0,62.730000000000004,3.1,20.700000000000003,74.19,93,1.7000000000000002,,,,,,,,,,,,,,,,,,,,,,,,,,,,,,,,,
2015,8,29,9,30,306,185,52.27,3.3000000000000003,22.6,64.37,110,2,,,,,,,,,,,,,,,,,,,,,,,,,,,,,,,,,
2015,8,29,10,30,313,30,42.980000000000004,3.5,23.700000000000003,59.14,124,2.2,,,,,,,,,,,,,,,,,,,,,,,,,,,,,,,,,
2015,8,29,11,30,246,6,36.01,3.7,24.1,58.22,138,2.4000000000000004,,,,,,,,,,,,,,,,,,,,,,,,,,,,,,,,,
2015,8,29,12,30,245,3,33.02,3.8000000000000003,24,59.59,151,2.3000000000000003,,,,,,,,,,,,,,,,,,,,,,,,,,,,,,,,,
2015,8,29,13,30,392,184,35.08,3.9000000000000004,23.700000000000003,62.9,157,2.2,,,,,,,,,,,,,,,,,,,,,,,,,,,,,,,,,
2015,8,29,14,30,180,3,41.42,3.8000000000000003,23.400000000000002,67.42,164,1.9000000000000001,,,,,,,,,,,,,,,,,,,,,,,,,,,,,,,,,
2015,8,29,15,30,324,145,50.38,3.8000000000000003,23.3,71.55,176,1.5,,,,,,,,,,,,,,,,,,,,,,,,,,,,,,,,,
2015,8,29,16,30,50,0,60.7,3.9000000000000004,23.1,75.86,184,1.3,,,,,,,,,,,,,,,,,,,,,,,,,,,,,,,,,
2015,8,29,17,30,123,9,71.62,3.9000000000000004,22.400000000000002,81.54,179,0.9,,,,,,,,,,,,,,,,,,,,,,,,,,,,,,,,,
2015,8,29,18,30,61,7,82.64,3.9000000000000004,21.1,91.87,159,0.7000000000000001,,,,,,,,,,,,,,,,,,,,,,,,,,,,,,,,,
2015,8,29,19,30,0,0,93.65,3.9000000000000004,19.900000000000002,91.9,143,0.9,,,,,,,,,,,,,,,,,,,,,,,,,,,,,,,,,
2015,8,29,20,30,0,0,104,3.9000000000000004,19.200000000000003,94.58,140,1,,,,,,,,,,,,,,,,,,,,,,,,,,,,,,,,,
2015,8,29,21,30,0,0,113.34,3.9000000000000004,18.8,96.10000000000001,145,1,,,,,,,,,,,,,,,,,,,,,,,,,,,,,,,,,
2015,8,29,22,30,0,0,121.08,3.8000000000000003,18.6,96.62,153,1,,,,,,,,,,,,,,,,,,,,,,,,,,,,,,,,,
2015,8,29,23,30,0,0,126.43,3.7,18.3,98.10000000000001,156,0.9,,,,,,,,,,,,,,,,,,,,,,,,,,,,,,,,,
2015,8,30,0,30,0,0,128.59,3.7,18.2,98.77,159,0.9,,,,,,,,,,,,,,,,,,,,,,,,,,,,,,,,,
2015,8,30,1,30,0,0,127.14,3.6,18,100,169,1,,,,,,,,,,,,,,,,,,,,,,,,,,,,,,,,,
2015,8,30,2,30,0,0,122.37,3.6,18,100,182,1.1,,,,,,,,,,,,,,,,,,,,,,,,,,,,,,,,,
2015,8,30,3,30,0,0,115.04,3.6,18,100,194,1.2000000000000002,,,,,,,,,,,,,,,,,,,,,,,,,,,,,,,,,
2015,8,30,4,30,0,0,105.97,3.6,17.900000000000002,100,204,1.2000000000000002,,,,,,,,,,,,,,,,,,,,,,,,,,,,,,,,,
2015,8,30,5,30,0,0,95.79,3.6,18,100,215,1.2000000000000002,,,,,,,,,,,,,,,,,,,,,,,,,,,,,,,,,
2015,8,30,6,30,15,0,84.84,3.5,18.900000000000002,96.19,226,1.6,,,,,,,,,,,,,,,,,,,,,,,,,,,,,,,,,
2015,8,30,7,30,8,0,73.87,3.3000000000000003,20.400000000000002,92.88,232,2.1,,,,,,,,,,,,,,,,,,,,,,,,,,,,,,,,,
2015,8,30,8,30,166,2,62.92,3.2,22.200000000000003,85.12,233,2.3000000000000003,,,,,,,,,,,,,,,,,,,,,,,,,,,,,,,,,
2015,8,30,9,30,257,8,52.480000000000004,3.2,24.200000000000003,74.23,230,2.3000000000000003,,,,,,,,,,,,,,,,,,,,,,,,,,,,,,,,,
2015,8,30,10,30,388,232,43.230000000000004,3.2,26.1,64.4,227,2.3000000000000003,,,,,,,,,,,,,,,,,,,,,,,,,,,,,,,,,
2015,8,30,11,30,391,59,36.32,3.2,27.400000000000002,59.6,228,2.3000000000000003,,,,,,,,,,,,,,,,,,,,,,,,,,,,,,,,,
2015,8,30,12,30,447,230,33.38,3.3000000000000003,28.200000000000003,56.9,230,2.5,,,,,,,,,,,,,,,,,,,,,,,,,,,,,,,,,
2015,8,30,13,30,255,1,35.45,3.3000000000000003,28.6,55.57,234,2.7,,,,,,,,,,,,,,,,,,,,,,,,,,,,,,,,,
2015,8,30,14,30,411,216,41.77,3.3000000000000003,28.6,55.59,237,2.8000000000000003,,,,,,,,,,,,,,,,,,,,,,,,,,,,,,,,,
2015,8,30,15,30,350,174,50.7,3.3000000000000003,28.3,56.47,240,2.8000000000000003,,,,,,,,,,,,,,,,,,,,,,,,,,,,,,,,,
2015,8,30,16,30,114,649,61,3.3000000000000003,27.6,58.97,244,2.4000000000000004,,,,,,,,,,,,,,,,,,,,,,,,,,,,,,,,,
2015,8,30,17,30,86,515,71.91,3.3000000000000003,26.1,65.94,247,1.6,,,,,,,,,,,,,,,,,,,,,,,,,,,,,,,,,
2015,8,30,18,30,42,255,82.94,3.3000000000000003,24.200000000000003,80.94,249,1,,,,,,,,,,,,,,,,,,,,,,,,,,,,,,,,,
2015,8,30,19,30,0,0,93.96000000000001,3.2,22.6,86.87,248,0.9,,,,,,,,,,,,,,,,,,,,,,,,,,,,,,,,,
2015,8,30,20,30,0,0,104.31,3,21.700000000000003,89.58,249,0.9,,,,,,,,,,,,,,,,,,,,,,,,,,,,,,,,,
2015,8,30,21,30,0,0,113.68,2.9000000000000004,20.8,92.99,255,1,,,,,,,,,,,,,,,,,,,,,,,,,,,,,,,,,
2015,8,30,22,30,0,0,121.44,2.8000000000000003,20,96.60000000000001,263,1.2000000000000002,,,,,,,,,,,,,,,,,,,,,,,,,,,,,,,,,
2015,8,30,23,30,0,0,126.8,2.8000000000000003,19.400000000000002,99.45,273,1.3,,,,,,,,,,,,,,,,,,,,,,,,,,,,,,,,,
2015,8,31,0,30,0,0,128.95,2.8000000000000003,18.7,100,283,1.3,,,,,,,,,,,,,,,,,,,,,,,,,,,,,,,,,
2015,8,31,1,30,0,0,127.47,2.8000000000000003,18,100,293,1.2000000000000002,,,,,,,,,,,,,,,,,,,,,,,,,,,,,,,,,
2015,8,31,2,30,0,0,122.67,2.8000000000000003,17.400000000000002,100,299,1.1,,,,,,,,,,,,,,,,,,,,,,,,,,,,,,,,,
2015,8,31,3,30,0,0,115.3,2.8000000000000003,16.900000000000002,100,300,1.1,,,,,,,,,,,,,,,,,,,,,,,,,,,,,,,,,
2015,8,31,4,30,0,0,106.19,2.8000000000000003,16.400000000000002,100,298,1,,,,,,,,,,,,,,,,,,,,,,,,,,,,,,,,,
2015,8,31,5,30,0,0,95.99000000000001,2.8000000000000003,16.5,100,296,1.1,,,,,,,,,,,,,,,,,,,,,,,,,,,,,,,,,
2015,8,31,6,30,30,115,85.02,2.7,17.7,95.94,293,1.6,,,,,,,,,,,,,,,,,,,,,,,,,,,,,,,,,
2015,8,31,7,30,103,345,74.05,2.7,20,84.23,288,2.2,,,,,,,,,,,,,,,,,,,,,,,,,,,,,,,,,
2015,8,31,8,30,155,487,63.11,2.6,22.400000000000002,75.61,283,2.5,,,,,,,,,,,,,,,,,,,,,,,,,,,,,,,,,
2015,8,31,9,30,195,569,52.69,2.6,24.400000000000002,67.54,278,2.6,,,,,,,,,,,,,,,,,,,,,,,,,,,,,,,,,
2015,8,31,10,30,217,623,43.480000000000004,2.7,26,61.33,272,2.5,,,,,,,,,,,,,,,,,,,,,,,,,,,,,,,,,
2015,8,31,11,30,234,648,36.63,2.8000000000000003,27.3,56.730000000000004,269,2.4000000000000004,,,,,,,,,,,,,,,,,,,,,,,,,,,,,,,,,
2015,8,31,12,30,243,656,33.730000000000004,2.9000000000000004,28.400000000000002,52.9,267,2.4000000000000004,,,,,,,,,,,,,,,,,,,,,,,,,,,,,,,,,
2015,8,31,13,30,243,639,35.81,3,29,50.85,267,2.4000000000000004,,,,,,,,,,,,,,,,,,,,,,,,,,,,,,,,,
2015,8,31,14,30,231,609,42.11,3,29.200000000000003,50.120000000000005,267,2.4000000000000004,,,,,,,,,,,,,,,,,,,,,,,,,,,,,,,,,
2015,8,31,15,30,207,554,51.02,3.1,29.1,50.56,268,2.2,,,,,,,,,,,,,,,,,,,,,,,,,,,,,,,,,
2015,8,31,16,30,170,470,61.31,3.1,28.400000000000002,53.02,270,1.9000000000000001,,,,,,,,,,,,,,,,,,,,,,,,,,,,,,,,,
2015,8,31,17,30,116,337,72.21000000000001,3.1,26.700000000000003,61.26,276,1.2000000000000002,,,,,,,,,,,,,,,,,,,,,,,,,,,,,,,,,
2015,8,31,18,30,41,138,83.23,3.1,24.8,76.79,287,0.8,,,,,,,,,,,,,,,,,,,,,,,,,,,,,,,,,
2015,8,31,19,30,0,0,94.51,2.1,19.3,74.52,155,1.4000000000000001,,,,,,,,,,,,,,,,,,,,,,,,,,,,,,,,,
2015,8,31,20,30,0,0,104.88,2.2,18.7,76.89,154,1.6,,,,,,,,,,,,,,,,,,,,,,,,,,,,,,,,,
2015,8,31,21,30,0,0,114.28,2.3000000000000003,18.2,79.99,156,1.7000000000000002,,,,,,,,,,,,,,,,,,,,,,,,,,,,,,,,,
2015,8,31,22,30,0,0,122.07000000000001,2.4000000000000004,17.8,83.01,161,1.7000000000000002,,,,,,,,,,,,,,,,,,,,,,,,,,,,,,,,,
2015,8,31,23,30,0,0,127.45,2.4000000000000004,17.400000000000002,86,168,1.6,,,,,,,,,,,,,,,,,,,,,,,,,,,,,,,,,
2020,9,1,0,30,0,0,129.59,2.5,17,88.86,178,1.5,,,,,,,,,,,,,,,,,,,,,,,,,,,,,,,,,
2020,9,1,1,30,0,0,128.06,2.5,16.7,91.2,193,1.5,,,,,,,,,,,,,,,,,,,,,,,,,,,,,,,,,
2020,9,1,2,30,0,0,123.18,2.6,16.5,93.16,207,1.4000000000000001,,,,,,,,,,,,,,,,,,,,,,,,,,,,,,,,,
2020,9,1,3,30,0,0,115.74000000000001,2.9000000000000004,16.3,95.97,215,1.3,,,,,,,,,,,,,,,,,,,,,,,,,,,,,,,,,
2020,9,1,4,30,0,0,106.57000000000001,3.2,16.400000000000002,98.09,221,1.3,,,,,,,,,,,,,,,,,,,,,,,,,,,,,,,,,
2020,9,1,5,30,0,0,96.34,3.5,16.900000000000002,98.32000000000001,222,1.2000000000000002,,,,,,,,,,,,,,,,,,,,,,,,,,,,,,,,,
2020,9,1,6,30,30,149,85.33,3.7,18,95.53,217,1.6,,,,,,,,,,,,,,,,,,,,,,,,,,,,,,,,,
2020,9,1,7,30,80,444,74.37,3.9000000000000004,19.400000000000002,92.17,210,2.1,,,,,,,,,,,,,,,,,,,,,,,,,,,,,,,,,
2020,9,1,8,30,140,417,63.45,3.9000000000000004,21.700000000000003,84.82000000000001,205,2.5,,,,,,,,,,,,,,,,,,,,,,,,,,,,,,,,,
2020,9,1,9,30,155,630,53.08,3.7,24.6,75.35000000000001,201,2.9000000000000004,,,,,,,,,,,,,,,,,,,,,,,,,,,,,,,,,
2020,9,1,10,30,140,755,43.95,3.6,26.8,66.35,198,3.2,,,,,,,,,,,,,,,,,,,,,,,,,,,,,,,,,
2020,9,1,11,30,348,328,37.2,3.6,27.900000000000002,62.07,195,3.3000000000000003,,,,,,,,,,,,,,,,,,,,,,,,,,,,,,,,,
2020,9,1,12,30,316,398,34.39,3.7,28.400000000000002,60.35,189,3.5,,,,,,,,,,,,,,,,,,,,,,,,,,,,,,,,,
2020,9,1,13,30,348,244,36.480000000000004,4,28.6,59.92,191,3.8000000000000003,,,,,,,,,,,,,,,,,,,,,,,,,,,,,,,,,
2020,9,1,14,30,183,668,42.75,4.3,28.3,61.410000000000004,202,3.7,,,,,,,,,,,,,,,,,,,,,,,,,,,,,,,,,
2020,9,1,15,30,232,31,51.620000000000005,4.5,27.200000000000003,66.89,206,3,,,,,,,,,,,,,,,,,,,,,,,,,,,,,,,,,
2020,9,1,16,30,122,7,61.86,4.6000000000000005,25.8,77.36,207,2.1,,,,,,,,,,,,,,,,,,,,,,,,,,,,,,,,,
2020,9,1,17,30,40,1,72.75,4.5,24.5,88.62,214,1.4000000000000001,,,,,,,,,,,,,,,,,,,,,,,,,,,,,,,,,
2020,9,1,18,30,22,0,83.76,4.4,23.3,95.67,228,1.1,,,,,,,,,,,,,,,,,,,,,,,,,,,,,,,,,
2020,9,1,19,30,0,0,94.82000000000001,4.3,22.5,97.8,238,0.9,,,,,,,,,,,,,,,,,,,,,,,,,,,,,,,,,
2020,9,1,20,30,0,0,105.21000000000001,4.4,22.1,98.57000000000001,227,1,,,,,,,,,,,,,,,,,,,,,,,,,,,,,,,,,
2020,9,1,21,30,0,0,114.62,4.4,22,97.92,210,1.8,,,,,,,,,,,,,,,,,,,,,,,,,,,,,,,,,
2020,9,1,22,30,0,0,122.43,4.4,22.1,97.58,210,2.9000000000000004,,,,,,,,,,,,,,,,,,,,,,,,,,,,,,,,,
2020,9,1,23,30,0,0,127.82000000000001,4.3,21.8,99.04,216,3.3000000000000003,,,,,,,,,,,,,,,,,,,,,,,,,,,,,,,,,
2020,9,2,0,30,0,0,129.95,4.1000000000000005,21.5,99.58,222,3.1,,,,,,,,,,,,,,,,,,,,,,,,,,,,,,,,,
2020,9,2,1,30,0,0,128.4,4.1000000000000005,21.1,100,223,2.8000000000000003,,,,,,,,,,,,,,,,,,,,,,,,,,,,,,,,,
2020,9,2,2,30,0,0,123.48,4.1000000000000005,20.8,100,223,2.4000000000000004,,,,,,,,,,,,,,,,,,,,,,,,,,,,,,,,,
2020,9,2,3,30,0,0,115.99000000000001,4.1000000000000005,20.5,100,222,2.2,,,,,,,,,,,,,,,,,,,,,,,,,,,,,,,,,
2020,9,2,4,30,0,0,106.8,4.2,20.200000000000003,100,220,2.1,,,,,,,,,,,,,,,,,,,,,,,,,,,,,,,,,
2020,9,2,5,30,0,0,96.53,4.2,20.200000000000003,100,219,2.2,,,,,,,,,,,,,,,,,,,,,,,,,,,,,,,,,
2020,9,2,6,30,25,2,85.52,4.2,20.900000000000002,97.48,221,2.7,,,,,,,,,,,,,,,,,,,,,,,,,,,,,,,,,
2020,9,2,7,30,73,72,74.56,4.1000000000000005,22.1,95,234,3.4000000000000004,,,,,,,,,,,,,,,,,,,,,,,,,,,,,,,,,
2020,9,2,8,30,82,1,63.65,4,23.3,91.13,256,4.2,,,,,,,,,,,,,,,,,,,,,,,,,,,,,,,,,
2020,9,2,9,30,202,21,53.300000000000004,4,24.6,82.84,273,4.9,,,,,,,,,,,,,,,,,,,,,,,,,,,,,,,,,
2020,9,2,10,30,131,2,44.21,3.8000000000000003,25.8,72.52,282,5.2,,,,,,,,,,,,,,,,,,,,,,,,,,,,,,,,,
2020,9,2,11,30,340,156,37.51,3.3000000000000003,26.5,64.04,288,5.300000000000001,,,,,,,,,,,,,,,,,,,,,,,,,,,,,,,,,
2020,9,2,12,30,230,534,34.75,2.7,27,55.550000000000004,290,5.4,,,,,,,,,,,,,,,,,,,,,,,,,,,,,,,,,
2020,9,2,13,30,289,420,36.86,2.1,27.1,47.81,292,5.300000000000001,,,,,,,,,,,,,,,,,,,,,,,,,,,,,,,,,
2020,9,2,14,30,301,294,43.1,1.7000000000000002,26.700000000000003,42.27,292,5.2,,,,,,,,,,,,,,,,,,,,,,,,,,,,,,,,,
2020,9,2,15,30,286,205,51.94,1.5,25.900000000000002,39.81,292,4.9,,,,,,,,,,,,,,,,,,,,,,,,,,,,,,,,,
2020,9,2,16,30,219,90,62.18,1.5,24.700000000000003,41.96,293,3.9000000000000004,,,,,,,,,,,,,,,,,,,,,,,,,,,,,,,,,
2020,9,2,17,30,144,132,73.05,1.5,22.700000000000003,51.620000000000005,294,2.5,,,,,,,,,,,,,,,,,,,,,,,,,,,,,,,,,
2020,9,2,18,30,47,11,84.06,1.5,20.5,67.25,293,1.6,,,,,,,,,,,,,,,,,,,,,,,,,,,,,,,,,
2020,9,2,19,30,0,0,95.13,1.6,19.200000000000003,75,289,1.3,,,,,,,,,,,,,,,,,,,,,,,,,,,,,,,,,
2020,9,2,20,30,0,0,105.53,1.7000000000000002,18.6,79.58,283,1.1,,,,,,,,,,,,,,,,,,,,,,,,,,,,,,,,,
2020,9,2,21,30,0,0,114.97,1.7000000000000002,18.2,82.22,273,1,,,,,,,,,,,,,,,,,,,,,,,,,,,,,,,,,
2020,9,2,22,30,0,0,122.79,1.8,17.8,83.79,260,1,,,,,,,,,,,,,,,,,,,,,,,,,,,,,,,,,
2020,9,2,23,30,0,0,128.2,1.9000000000000001,17.400000000000002,84.58,246,1,,,,,,,,,,,,,,,,,,,,,,,,,,,,,,,,,
2020,9,3,0,30,0,0,130.32,1.9000000000000001,17.1,84.48,234,1.1,,,,,,,,,,,,,,,,,,,,,,,,,,,,,,,,,
2020,9,3,1,30,0,0,128.74,2,16.8,84.42,227,1.1,,,,,,,,,,,,,,,,,,,,,,,,,,,,,,,,,
2020,9,3,2,30,0,0,123.77,2,16.5,84.3,221,1.2000000000000002,,,,,,,,,,,,,,,,,,,,,,,,,,,,,,,,,
2020,9,3,3,30,0,0,116.25,2,16.3,83.42,214,1.5,,,,,,,,,,,,,,,,,,,,,,,,,,,,,,,,,
2020,9,3,4,30,0,0,107.02,1.9000000000000001,16,83.22,208,1.8,,,,,,,,,,,,,,,,,,,,,,,,,,,,,,,,,
2020,9,3,5,30,0,0,96.73,1.9000000000000001,16,82.31,205,2.3000000000000003,,,,,,,,,,,,,,,,,,,,,,,,,,,,,,,,,
2020,9,3,6,30,31,96,85.69,1.9000000000000001,16.7,78.79,203,3,,,,,,,,,,,,,,,,,,,,,,,,,,,,,,,,,
2020,9,3,7,30,57,616,74.74,1.9000000000000001,18,73.92,200,3.5,,,,,,,,,,,,,,,,,,,,,,,,,,,,,,,,,
2020,9,3,8,30,74,767,63.84,1.9000000000000001,20.400000000000002,65.55,200,3.9000000000000004,,,,,,,,,,,,,,,,,,,,,,,,,,,,,,,,,
2020,9,3,9,30,83,848,53.52,2,23.6,53.76,208,4.800000000000001,,,,,,,,,,,,,,,,,,,,,,,,,,,,,,,,,
2020,9,3,10,30,86,896,44.47,2.1,26.200000000000003,43.45,221,5.6000000000000005,,,,,,,,,,,,,,,,,,,,,,,,,,,,,,,,,
2020,9,3,11,30,88,919,37.83,2.2,27.8,39.37,232,5.9,,,,,,,,,,,,,,,,,,,,,,,,,,,,,,,,,
2020,9,3,12,30,91,919,35.11,2.4000000000000004,28.700000000000003,37.800000000000004,240,6.1000000000000005,,,,,,,,,,,,,,,,,,,,,,,,,,,,,,,,,
2020,9,3,13,30,94,905,37.230000000000004,2.5,29.200000000000003,36.86,245,6.300000000000001,,,,,,,,,,,,,,,,,,,,,,,,,,,,,,,,,
2020,9,3,14,30,97,866,43.46,2.7,29.400000000000002,36.26,249,6.4,,,,,,,,,,,,,,,,,,,,,,,,,,,,,,,,,
2020,9,3,15,30,109,775,52.28,3,28.8,37.63,257,6.2,,,,,,,,,,,,,,,,,,,,,,,,,,,,,,,,,
2020,9,3,16,30,125,6,62.49,3.3000000000000003,27.5,42.51,272,6,,,,,,,,,,,,,,,,,,,,,,,,,,,,,,,,,
2020,9,3,17,30,68,93,73.36,3.1,25.3,53.9,293,5.800000000000001,,,,,,,,,,,,,,,,,,,,,,,,,,,,,,,,,
2020,9,3,18,30,21,0,84.37,2.5,22.400000000000002,65.93,308,5.4,,,,,,,,,,,,,,,,,,,,,,,,,,,,,,,,,
2020,9,3,19,30,0,0,95.44,1.8,19.6,70.13,314,4.5,,,,,,,,,,,,,,,,,,,,,,,,,,,,,,,,,
2020,9,3,20,30,0,0,105.86,1.4000000000000001,17.6,71.3,316,3.5,,,,,,,,,,,,,,,,,,,,,,,,,,,,,,,,,
2020,9,3,21,30,0,0,115.31,1.3,16.3,76.08,316,2.9000000000000004,,,,,,,,,,,,,,,,,,,,,,,,,,,,,,,,,
2020,9,3,22,30,0,0,123.16,1.4000000000000001,15.5,80.09,315,2.7,,,,,,,,,,,,,,,,,,,,,,,,,,,,,,,,,
2020,9,3,23,30,0,0,128.57,1.4000000000000001,14.9,82.85000000000001,314,2.6,,,,,,,,,,,,,,,,,,,,,,,,,,,,,,,,,
2020,9,4,0,30,0,0,130.69,1.4000000000000001,14.4,85.41,310,2.5,,,,,,,,,,,,,,,,,,,,,,,,,,,,,,,,,
2020,9,4,1,30,0,0,129.08,1.4000000000000001,14.100000000000001,86.97,305,2.6,,,,,,,,,,,,,,,,,,,,,,,,,,,,,,,,,
2020,9,4,2,30,0,0,124.07000000000001,1.4000000000000001,13.600000000000001,89.94,303,2.7,,,,,,,,,,,,,,,,,,,,,,,,,,,,,,,,,
2020,9,4,3,30,0,0,116.5,1.3,13,92.83,303,2.5,,,,,,,,,,,,,,,,,,,,,,,,,,,,,,,,,
2020,9,4,4,30,0,0,107.24000000000001,1.3,12.200000000000001,95.9,301,2.2,,,,,,,,,,,,,,,,,,,,,,,,,,,,,,,,,
2020,9,4,5,30,0,0,96.93,1.2000000000000002,11.9,94.75,296,2,,,,,,,,,,,,,,,,,,,,,,,,,,,,,,,,,
2020,9,4,6,30,25,338,85.87,1.2000000000000002,13.100000000000001,85.33,289,2.4000000000000004,,,,,,,,,,,,,,,,,,,,,,,,,,,,,,,,,
2020,9,4,7,30,49,686,74.92,1.2000000000000002,15.9,70.99,284,3.1,,,,,,,,,,,,,,,,,,,,,,,,,,,,,,,,,
2020,9,4,8,30,62,824,64.04,1.3,18.400000000000002,54.730000000000004,283,3.7,,,,,,,,,,,,,,,,,,,,,,,,,,,,,,,,,
2020,9,4,9,30,70,897,53.74,1.3,20.1,44.96,281,4.2,,,,,,,,,,,,,,,,,,,,,,,,,,,,,,,,,
2020,9,4,10,30,76,937,44.74,1.3,21.400000000000002,40.19,281,4.6000000000000005,,,,,,,,,,,,,,,,,,,,,,,,,,,,,,,,,
2020,9,4,11,30,80,954,38.15,1.4000000000000001,22.400000000000002,37.9,282,4.9,,,,,,,,,,,,,,,,,,,,,,,,,,,,,,,,,
2020,9,4,12,30,80,959,35.480000000000004,1.5,23.200000000000003,36.92,284,5.1000000000000005,,,,,,,,,,,,,,,,,,,,,,,,,,,,,,,,,
2020,9,4,13,30,80,951,37.61,1.6,23.6,36.58,286,5.2,,,,,,,,,,,,,,,,,,,,,,,,,,,,,,,,,
2020,9,4,14,30,77,930,43.82,1.6,23.5,36.94,289,5.2,,,,,,,,,,,,,,,,,,,,,,,,,,,,,,,,,
2020,9,4,15,30,71,892,52.61,1.6,23,37.99,291,5.1000000000000005,,,,,,,,,,,,,,,,,,,,,,,,,,,,,,,,,
2020,9,4,16,30,64,825,62.81,1.5,22,39.97,291,4.7,,,,,,,,,,,,,,,,,,,,,,,,,,,,,,,,,
2020,9,4,17,30,51,692,73.67,1.5,20.200000000000003,44.25,289,3.6,,,,,,,,,,,,,,,,,,,,,,,,,,,,,,,,,
2020,9,4,18,30,28,386,84.66,1.4000000000000001,17.400000000000002,56.53,283,2.2,,,,,,,,,,,,,,,,,,,,,,,,,,,,,,,,,
2020,9,4,19,30,0,0,95.76,1.4000000000000001,15.4,68.5,272,1.7000000000000002,,,,,,,,,,,,,,,,,,,,,,,,,,,,,,,,,
2020,9,4,20,30,0,0,106.19,1.5,14.700000000000001,71.81,260,1.7000000000000002,,,,,,,,,,,,,,,,,,,,,,,,,,,,,,,,,
2020,9,4,21,30,0,0,115.66,1.6,14.4,72.57000000000001,254,2,,,,,,,,,,,,,,,,,,,,,,,,,,,,,,,,,
2020,9,4,22,30,0,0,123.53,1.7000000000000002,14.200000000000001,72.99,255,2.5,,,,,,,,,,,,,,,,,,,,,,,,,,,,,,,,,
2020,9,4,23,30,0,0,128.95,1.8,14,74.74,260,2.7,,,,,,,,,,,,,,,,,,,,,,,,,,,,,,,,,
2020,9,5,0,30,0,0,131.06,1.8,13.700000000000001,78.41,265,2.7,,,,,,,,,,,,,,,,,,,,,,,,,,,,,,,,,
2020,9,5,1,30,0,0,129.42000000000002,1.9000000000000001,13.3,83.16,269,2.5,,,,,,,,,,,,,,,,,,,,,,,,,,,,,,,,,
2020,9,5,2,30,0,0,124.37,1.9000000000000001,12.8,88.24,269,2.2,,,,,,,,,,,,,,,,,,,,,,,,,,,,,,,,,
2020,9,5,3,30,0,0,116.76,2,12.4,91.99,267,1.9000000000000001,,,,,,,,,,,,,,,,,,,,,,,,,,,,,,,,,
2020,9,5,4,30,0,0,107.46000000000001,2,11.9,95.7,262,1.7000000000000002,,,,,,,,,,,,,,,,,,,,,,,,,,,,,,,,,
2020,9,5,5,30,0,0,97.13,2.2,12.100000000000001,94.61,258,1.7000000000000002,,,,,,,,,,,,,,,,,,,,,,,,,,,,,,,,,
2020,9,5,6,30,10,0,86.05,2.3000000000000003,13.8,85.59,256,2.1,,,,,,,,,,,,,,,,,,,,,,,,,,,,,,,,,
2020,9,5,7,30,36,230,75.11,2.4000000000000004,16.400000000000002,74.73,246,2.1,,,,,,,,,,,,,,,,,,,,,,,,,,,,,,,,,
2020,9,5,8,30,157,13,64.24,2.3000000000000003,19.6,63.53,237,2.1,,,,,,,,,,,,,,,,,,,,,,,,,,,,,,,,,
2020,9,5,9,30,198,35,53.97,2.4000000000000004,22.5,52.46,233,2.9000000000000004,,,,,,,,,,,,,,,,,,,,,,,,,,,,,,,,,
2020,9,5,10,30,266,74,45.01,2.4000000000000004,24.3,47.62,232,3.9000000000000004,,,,,,,,,,,,,,,,,,,,,,,,,,,,,,,,,
2020,9,5,11,30,162,762,38.480000000000004,2.5,25.6,44.04,241,4.7,,,,,,,,,,,,,,,,,,,,,,,,,,,,,,,,,
2020,9,5,12,30,296,40,35.85,2.5,26.6,40.79,251,5.300000000000001,,,,,,,,,,,,,,,,,,,,,,,,,,,,,,,,,
2020,9,5,13,30,317,59,37.99,2.6,26.900000000000002,39.47,258,5.5,,,,,,,,,,,,,,,,,,,,,,,,,,,,,,,,,
2020,9,5,14,30,186,5,44.18,2.6,26.5,40.96,271,5.1000000000000005,,,,,,,,,,,,,,,,,,,,,,,,,,,,,,,,,
2020,9,5,15,30,253,130,52.95,2.7,25.6,44.96,293,4.5,,,,,,,,,,,,,,,,,,,,,,,,,,,,,,,,,
2020,9,5,16,30,138,291,63.13,2.7,24.200000000000003,51.59,320,4.2,,,,,,,,,,,,,,,,,,,,,,,,,,,,,,,,,
2020,9,5,17,30,72,541,73.98,2.6,22.200000000000003,61.02,342,3.8000000000000003,,,,,,,,,,,,,,,,,,,,,,,,,,,,,,,,,
2020,9,5,18,30,32,247,84.97,2.5,19.700000000000003,73.68,178,3,,,,,,,,,,,,,,,,,,,,,,,,,,,,,,,,,
2020,9,5,19,30,0,0,96.08,2.3000000000000003,17.7,85.72,8,2.2,,,,,,,,,,,,,,,,,,,,,,,,,,,,,,,,,
2020,9,5,20,30,0,0,106.52,2.1,16.400000000000002,93.86,12,1.7000000000000002,,,,,,,,,,,,,,,,,,,,,,,,,,,,,,,,,
2020,9,5,21,30,0,0,116.01,2,15.3,100,14,1.3,,,,,,,,,,,,,,,,,,,,,,,,,,,,,,,,,
2020,9,5,22,30,0,0,123.9,1.8,14.4,100,14,1.2000000000000002,,,,,,,,,,,,,,,,,,,,,,,,,,,,,,,,,
2020,9,5,23,30,0,0,129.34,1.7000000000000002,13.600000000000001,100,18,1.1,,,,,,,,,,,,,,,,,,,,,,,,,,,,,,,,,
2020,9,6,0,30,0,0,131.44,1.7000000000000002,13,100,27,1,,,,,,,,,,,,,,,,,,,,,,,,,,,,,,,,,
2020,9,6,1,30,0,0,129.76,1.6,12.5,100,40,1,,,,,,,,,,,,,,,,,,,,,,,,,,,,,,,,,
2020,9,6,2,30,0,0,124.66,1.6,12.3,100,53,1,,,,,,,,,,,,,,,,,,,,,,,,,,,,,,,,,
2020,9,6,3,30,0,0,117.01,1.6,12.3,100,63,1,,,,,,,,,,,,,,,,,,,,,,,,,,,,,,,,,
2020,9,6,4,30,0,0,107.68,1.7000000000000002,12.200000000000001,100,79,1,,,,,,,,,,,,,,,,,,,,,,,,,,,,,,,,,
2020,9,6,5,30,0,0,97.33,1.7000000000000002,12,100,103,0.9,,,,,,,,,,,,,,,,,,,,,,,,,,,,,,,,,
2020,9,6,6,30,19,0,86.23,1.8,13.700000000000001,98.61,131,1.4000000000000001,,,,,,,,,,,,,,,,,,,,,,,,,,,,,,,,,
2020,9,6,7,30,89,10,75.3,2,16.7,83.59,155,2.2,,,,,,,,,,,,,,,,,,,,,,,,,,,,,,,,,
2020,9,6,8,30,116,6,64.44,2.2,19.200000000000003,69.37,163,2.8000000000000003,,,,,,,,,,,,,,,,,,,,,,,,,,,,,,,,,
2020,9,6,9,30,236,34,54.19,2.3000000000000003,20.700000000000003,56.85,173,2.9000000000000004,,,,,,,,,,,,,,,,,,,,,,,,,,,,,,,,,
2020,9,6,10,30,322,85,45.28,2.4000000000000004,21.3,51.72,180,3,,,,,,,,,,,,,,,,,,,,,,,,,,,,,,,,,
2020,9,6,11,30,340,66,38.800000000000004,2.5,21.700000000000003,49.74,180,3.6,,,,,,,,,,,,,,,,,,,,,,,,,,,,,,,,,
2020,9,6,12,30,88,0,36.22,2.7,22.1,48.28,182,4.3,,,,,,,,,,,,,,,,,,,,,,,,,,,,,,,,,
2020,9,6,13,30,132,1,38.37,2.8000000000000003,22.1,48.56,182,4.800000000000001,,,,,,,,,,,,,,,,,,,,,,,,,,,,,,,,,
2020,9,6,14,30,217,30,44.54,3.1,21.900000000000002,50.84,180,5.1000000000000005,,,,,,,,,,,,,,,,,,,,,,,,,,,,,,,,,
2020,9,6,15,30,162,592,53.29,3.2,21.3,55.99,181,5.4,,,,,,,,,,,,,,,,,,,,,,,,,,,,,,,,,
2020,9,6,16,30,113,617,63.45,3.1,20.6,62.29,182,5.5,,,,,,,,,,,,,,,,,,,,,,,,,,,,,,,,,
2020,9,6,17,30,137,116,74.29,3,19.8,68.52,177,5,,,,,,,,,,,,,,,,,,,,,,,,,,,,,,,,,
2020,9,6,18,30,32,127,85.28,2.9000000000000004,19,74.24,166,4.4,,,,,,,,,,,,,,,,,,,,,,,,,,,,,,,,,
2020,9,6,19,30,0,0,96.4,3.1,18.8,77.15,162,4.3,,,,,,,,,,,,,,,,,,,,,,,,,,,,,,,,,
2020,9,6,20,30,0,0,106.86,3.5,19.200000000000003,77.72,171,4.6000000000000005,,,,,,,,,,,,,,,,,,,,,,,,,,,,,,,,,
2020,9,6,21,30,0,0,116.36,3.8000000000000003,19.8,77.75,184,5.2,,,,,,,,,,,,,,,,,,,,,,,,,,,,,,,,,
2020,9,6,22,30,0,0,124.27,4.1000000000000005,20,79.33,195,5.800000000000001,,,,,,,,,,,,,,,,,,,,,,,,,,,,,,,,,
2020,9,6,23,30,0,0,129.72,4.4,19.8,80.8,206,6.6000000000000005,,,,,,,,,,,,,,,,,,,,,,,,,,,,,,,,,
2020,9,7,0,30,0,0,131.81,4.6000000000000005,19.3,82.12,216,7.1000000000000005,,,,,,,,,,,,,,,,,,,,,,,,,,,,,,,,,
2020,9,7,1,30,0,0,130.1,4.800000000000001,19,84.32000000000001,224,7.2,,,,,,,,,,,,,,,,,,,,,,,,,,,,,,,,,
2020,9,7,2,30,0,0,124.96000000000001,4.800000000000001,19,85.96000000000001,228,7,,,,,,,,,,,,,,,,,,,,,,,,,,,,,,,,,
2020,9,7,3,30,0,0,117.27,4.5,19.1,88.36,230,6.5,,,,,,,,,,,,,,,,,,,,,,,,,,,,,,,,,
2020,9,7,4,30,0,0,107.9,4.1000000000000005,19.1,90.99,234,6,,,,,,,,,,,,,,,,,,,,,,,,,,,,,,,,,
2020,9,7,5,30,0,0,97.53,3.7,19.1,93.97,239,5.2,,,,,,,,,,,,,,,,,,,,,,,,,,,,,,,,,
2020,9,7,6,30,23,83,86.42,3.4000000000000004,19.6,93.86,247,4.4,,,,,,,,,,,,,,,,,,,,,,,,,,,,,,,,,
2020,9,7,7,30,89,340,75.49,3.2,20.700000000000003,91.21000000000001,257,3.9000000000000004,,,,,,,,,,,,,,,,,,,,,,,,,,,,,,,,,
2020,9,7,8,30,130,527,64.64,3.1,22.1,84.72,272,3.7,,,,,,,,,,,,,,,,,,,,,,,,,,,,,,,,,
2020,9,7,9,30,231,250,54.42,3.1,23.6,72.54,287,3.7,,,,,,,,,,,,,,,,,,,,,,,,,,,,,,,,,
2020,9,7,10,30,133,772,45.550000000000004,3.1,25.1,59.370000000000005,292,3.6,,,,,,,,,,,,,,,,,,,,,,,,,,,,,,,,,
2020,9,7,11,30,356,327,39.13,3.1,26.1,50.83,293,3.2,,,,,,,,,,,,,,,,,,,,,,,,,,,,,,,,,
2020,9,7,12,30,273,537,36.6,3,26.6,46.64,294,2.9000000000000004,,,,,,,,,,,,,,,,,,,,,,,,,,,,,,,,,
2020,9,7,13,30,157,751,38.75,3,27,44.35,293,2.6,,,,,,,,,,,,,,,,,,,,,,,,,,,,,,,,,
2020,9,7,14,30,244,450,44.910000000000004,3,27.1,43.57,297,2.3000000000000003,,,,,,,,,,,,,,,,,,,,,,,,,,,,,,,,,
2020,9,7,15,30,230,347,53.63,3.1,26.8,43.87,307,1.9000000000000001,,,,,,,,,,,,,,,,,,,,,,,,,,,,,,,,,
2020,9,7,16,30,209,174,63.78,3.2,26.1,45.54,327,1.3,,,,,,,,,,,,,,,,,,,,,,,,,,,,,,,,,
2020,9,7,17,30,126,49,74.61,3.4000000000000004,24.200000000000003,53.97,172,1,,,,,,,,,,,,,,,,,,,,,,,,,,,,,,,,,
2020,9,7,18,30,28,1,85.58,3.6,21.6,73.49,11,1.1,,,,,,,,,,,,,,,,,,,,,,,,,,,,,,,,,
2020,9,7,19,30,0,0,96.72,3.7,19.8,77.13,25,1.9000000000000001,,,,,,,,,,,,,,,,,,,,,,,,,,,,,,,,,
2020,9,7,20,30,0,0,107.19,3.8000000000000003,18.6,80.17,38,2.8000000000000003,,,,,,,,,,,,,,,,,,,,,,,,,,,,,,,,,
2020,9,7,21,30,0,0,116.71000000000001,3.8000000000000003,17.5,85.35000000000001,46,3.3000000000000003,,,,,,,,,,,,,,,,,,,,,,,,,,,,,,,,,
2020,9,7,22,30,0,0,124.64,3.8000000000000003,16.5,93.06,46,3.6,,,,,,,,,,,,,,,,,,,,,,,,,,,,,,,,,
2020,9,7,23,30,0,0,130.1,3.9000000000000004,15.9,97.64,46,3.9000000000000004,,,,,,,,,,,,,,,,,,,,,,,,,,,,,,,,,
2020,9,8,0,30,0,0,132.19,3.9000000000000004,15.5,98.49000000000001,48,4.2,,,,,,,,,,,,,,,,,,,,,,,,,,,,,,,,,
2020,9,8,1,30,0,0,130.45,3.8000000000000003,15,97.99000000000001,57,4.3,,,,,,,,,,,,,,,,,,,,,,,,,,,,,,,,,
2020,9,8,2,30,0,0,125.26,3.8000000000000003,14.600000000000001,96.74000000000001,70,4.5,,,,,,,,,,,,,,,,,,,,,,,,,,,,,,,,,
2020,9,8,3,30,0,0,117.53,4,14.4,95.78,79,4.1000000000000005,,,,,,,,,,,,,,,,,,,,,,,,,,,,,,,,,
2020,9,8,4,30,0,0,108.12,4.5,14.5,95.42,61,2.8000000000000003,,,,,,,,,,,,,,,,,,,,,,,,,,,,,,,,,
2020,9,8,5,30,0,0,97.73,4.9,14.600000000000001,97.22,195,2.8000000000000003,,,,,,,,,,,,,,,,,,,,,,,,,,,,,,,,,
2020,9,8,6,30,4,0,86.60000000000001,4.7,14.5,98.33,177,3.9000000000000004,,,,,,,,,,,,,,,,,,,,,,,,,,,,,,,,,
2020,9,8,7,30,5,0,75.67,4.4,14.4,97.53,18,4.5,,,,,,,,,,,,,,,,,,,,,,,,,,,,,,,,,
2020,9,8,8,30,33,0,64.84,4.1000000000000005,14.9,91.66,39,4.6000000000000005,,,,,,,,,,,,,,,,,,,,,,,,,,,,,,,,,
2020,9,8,9,30,95,0,54.65,4,16.1,84.17,48,4.3,,,,,,,,,,,,,,,,,,,,,,,,,,,,,,,,,
2020,9,8,10,30,208,5,45.82,3.9000000000000004,17.5,78.43,49,3.8000000000000003,,,,,,,,,,,,,,,,,,,,,,,,,,,,,,,,,
2020,9,8,11,30,171,2,39.46,3.9000000000000004,18.7,74.97,47,3.3000000000000003,,,,,,,,,,,,,,,,,,,,,,,,,,,,,,,,,
2020,9,8,12,30,162,0,36.97,3.9000000000000004,19.8,72.65,46,2.9000000000000004,,,,,,,,,,,,,,,,,,,,,,,,,,,,,,,,,
2020,9,8,13,30,155,1,39.14,3.8000000000000003,20.6,71.5,42,2.7,,,,,,,,,,,,,,,,,,,,,,,,,,,,,,,,,
2020,9,8,14,30,194,0,45.27,3.6,20.700000000000003,72.60000000000001,38,2.6,,,,,,,,,,,,,,,,,,,,,,,,,,,,,,,,,
2020,9,8,15,30,129,0,53.980000000000004,3.5,20.5,74.16,42,2.8000000000000003,,,,,,,,,,,,,,,,,,,,,,,,,,,,,,,,,
2020,9,8,16,30,121,30,64.1,3.4000000000000004,19.900000000000002,76.95,49,3.1,,,,,,,,,,,,,,,,,,,,,,,,,,,,,,,,,
2020,9,8,17,30,61,50,74.92,3.4000000000000004,18.6,82.41,49,3.2,,,,,,,,,,,,,,,,,,,,,,,,,,,,,,,,,
2020,9,8,18,30,28,97,85.89,3.4000000000000004,16.900000000000002,89.38,46,3.2,,,,,,,,,,,,,,,,,,,,,,,,,,,,,,,,,
2020,9,8,19,30,0,0,97.04,3.5,15.600000000000001,93.55,43,3.3000000000000003,,,,,,,,,,,,,,,,,,,,,,,,,,,,,,,,,
2020,9,8,20,30,0,0,107.53,3.5,14.8,95.27,41,3.3000000000000003,,,,,,,,,,,,,,,,,,,,,,,,,,,,,,,,,
2020,9,8,21,30,0,0,117.07000000000001,3.5,14.3,95.65,39,3.2,,,,,,,,,,,,,,,,,,,,,,,,,,,,,,,,,
2020,9,8,22,30,0,0,125.02,3.4000000000000004,14,95.88,39,3,,,,,,,,,,,,,,,,,,,,,,,,,,,,,,,,,
2020,9,8,23,30,0,0,130.49,3.4000000000000004,13.9,95.99000000000001,41,2.7,,,,,,,,,,,,,,,,,,,,,,,,,,,,,,,,,
2020,9,9,0,30,0,0,132.56,3.4000000000000004,13.8,96.58,42,2.5,,,,,,,,,,,,,,,,,,,,,,,,,,,,,,,,,
2020,9,9,1,30,0,0,130.79,3.5,13.700000000000001,97.4,42,2.5,,,,,,,,,,,,,,,,,,,,,,,,,,,,,,,,,
2020,9,9,2,30,0,0,125.56,3.6,13.700000000000001,97.56,38,2.7,,,,,,,,,,,,,,,,,,,,,,,,,,,,,,,,,
2020,9,9,3,30,0,0,117.78,3.8000000000000003,13.600000000000001,98.26,30,2.8000000000000003,,,,,,,,,,,,,,,,,,,,,,,,,,,,,,,,,
2020,9,9,4,30,0,0,108.35000000000001,3.9000000000000004,13.5,98.69,27,2.9000000000000004,,,,,,,,,,,,,,,,,,,,,,,,,,,,,,,,,
2020,9,9,5,30,0,0,97.93,3.9000000000000004,13.5,97.83,36,2.9000000000000004,,,,,,,,,,,,,,,,,,,,,,,,,,,,,,,,,
2020,9,9,6,30,20,51,86.78,3.8000000000000003,13.8,95.82000000000001,50,2.9000000000000004,,,,,,,,,,,,,,,,,,,,,,,,,,,,,,,,,
2020,9,9,7,30,93,263,75.86,3.8000000000000003,14.8,91.98,62,3.1,,,,,,,,,,,,,,,,,,,,,,,,,,,,,,,,,
2020,9,9,8,30,87,0,65.04,3.8000000000000003,16.3,86.95,72,3.1,,,,,,,,,,,,,,,,,,,,,,,,,,,,,,,,,
2020,9,9,9,30,180,3,54.88,3.8000000000000003,18,81.86,82,2.9000000000000004,,,,,,,,,,,,,,,,,,,,,,,,,,,,,,,,,
2020,9,9,10,30,164,0,46.1,3.7,19.5,78.45,94,2.6,,,,,,,,,,,,,,,,,,,,,,,,,,,,,,,,,
2020,9,9,11,30,191,0,39.79,3.6,20.700000000000003,76.74,109,2.1,,,,,,,,,,,,,,,,,,,,,,,,,,,,,,,,,
2020,9,9,12,30,238,0,37.35,3.6,21.8,75.57000000000001,129,1.6,,,,,,,,,,,,,,,,,,,,,,,,,,,,,,,,,
2020,9,9,13,30,271,1,39.52,3.5,22.900000000000002,73.92,151,1.2000000000000002,,,,,,,,,,,,,,,,,,,,,,,,,,,,,,,,,
2020,9,9,14,30,253,1,45.64,3.5,23.700000000000003,72.93,164,0.9,,,,,,,,,,,,,,,,,,,,,,,,,,,,,,,,,
2020,9,9,15,30,175,0,54.32,3.5,24,72.75,149,0.7000000000000001,,,,,,,,,,,,,,,,,,,,,,,,,,,,,,,,,
2020,9,9,16,30,119,66,64.43,3.4000000000000004,23.6,74.63,104,0.8,,,,,,,,,,,,,,,,,,,,,,,,,,,,,,,,,
2020,9,9,17,30,98,331,75.24,3.3000000000000003,22.1,82.77,74,1.1,,,,,,,,,,,,,,,,,,,,,,,,,,,,,,,,,
2020,9,9,18,30,25,86,86.2,3.2,20,95.63,74,1.4000000000000001,,,,,,,,,,,,,,,,,,,,,,,,,,,,,,,,,
2020,9,9,19,30,0,0,97.37,3.1,18.5,99.27,76,1.7000000000000002,,,,,,,,,,,,,,,,,,,,,,,,,,,,,,,,,
2020,9,9,20,30,0,0,107.87,3,17.6,100,73,1.6,,,,,,,,,,,,,,,,,,,,,,,,,,,,,,,,,
2020,9,9,21,30,0,0,117.43,3,17,100,71,1.5,,,,,,,,,,,,,,,,,,,,,,,,,,,,,,,,,
2020,9,9,22,30,0,0,125.39,3,16.6,100,74,1.5,,,,,,,,,,,,,,,,,,,,,,,,,,,,,,,,,
2020,9,9,23,30,0,0,130.88,3,16.1,100,76,1.4000000000000001,,,,,,,,,,,,,,,,,,,,,,,,,,,,,,,,,
2020,9,10,0,30,0,0,132.94,3.1,15.700000000000001,100,66,1.3,,,,,,,,,,,,,,,,,,,,,,,,,,,,,,,,,
2020,9,10,1,30,0,0,131.14000000000001,3.1,15.3,100,50,1.3,,,,,,,,,,,,,,,,,,,,,,,,,,,,,,,,,
2020,9,10,2,30,0,0,125.86,3.1,15,100,31,1.4000000000000001,,,,,,,,,,,,,,,,,,,,,,,,,,,,,,,,,
2020,9,10,3,30,0,0,118.04,3.1,14.700000000000001,100,14,1.8,,,,,,,,,,,,,,,,,,,,,,,,,,,,,,,,,
2020,9,10,4,30,0,0,108.57000000000001,3.1,14.4,100,183,2.2,,,,,,,,,,,,,,,,,,,,,,,,,,,,,,,,,
2020,9,10,5,30,0,0,98.13,3.1,14.200000000000001,98.71000000000001,358,2.5,,,,,,,,,,,,,,,,,,,,,,,,,,,,,,,,,
2020,9,10,6,30,21,64,86.96000000000001,3.1,14.4,95.44,357,2.8000000000000003,,,,,,,,,,,,,,,,,,,,,,,,,,,,,,,,,
2020,9,10,7,30,78,214,76.05,3.2,15.100000000000001,91.26,180,3.1,,,,,,,,,,,,,,,,,,,,,,,,,,,,,,,,,
2020,9,10,8,30,80,0,65.25,3.2,16.1,85.92,4,3.3000000000000003,,,,,,,,,,,,,,,,,,,,,,,,,,,,,,,,,
2020,9,10,9,30,147,5,55.120000000000005,3.2,17.3,80.61,11,3.4000000000000004,,,,,,,,,,,,,,,,,,,,,,,,,,,,,,,,,
2020,9,10,10,30,122,2,46.38,3.3000000000000003,18.5,75.95,17,3.3000000000000003,,,,,,,,,,,,,,,,,,,,,,,,,,,,,,,,,
2020,9,10,11,30,211,4,40.12,3.3000000000000003,19.5,72.72,22,3,,,,,,,,,,,,,,,,,,,,,,,,,,,,,,,,,
2020,9,10,12,30,195,3,37.730000000000004,3.3000000000000003,20.200000000000003,71.24,24,2.8000000000000003,,,,,,,,,,,,,,,,,,,,,,,,,,,,,,,,,
2020,9,10,13,30,193,3,39.910000000000004,3.4000000000000004,20.5,71.11,22,2.6,,,,,,,,,,,,,,,,,,,,,,,,,,,,,,,,,
2020,9,10,14,30,140,4,46.01,3.5,20.400000000000002,72.04,17,2.6,,,,,,,,,,,,,,,,,,,,,,,,,,,,,,,,,
2020,9,10,15,30,187,14,54.67,3.5,19.900000000000002,73.75,16,2.7,,,,,,,,,,,,,,,,,,,,,,,,,,,,,,,,,
2020,9,10,16,30,87,3,64.76,3.5,19,76.58,18,2.8000000000000003,,,,,,,,,,,,,,,,,,,,,,,,,,,,,,,,,
2020,9,10,17,30,41,1,75.56,3.6,17.8,80.61,22,2.8000000000000003,,,,,,,,,,,,,,,,,,,,,,,,,,,,,,,,,
2020,9,10,18,30,7,0,86.5,3.7,16.5,85.4,26,2.8000000000000003,,,,,,,,,,,,,,,,,,,,,,,,,,,,,,,,,
2020,9,10,19,30,0,0,97.69,3.7,15.5,88.47,31,3.1,,,,,,,,,,,,,,,,,,,,,,,,,,,,,,,,,
2020,9,10,20,30,0,0,108.2,3.8000000000000003,14.5,89.46000000000001,36,3.4000000000000004,,,,,,,,,,,,,,,,,,,,,,,,,,,,,,,,,
2020,9,10,21,30,0,0,117.78,3.9000000000000004,13.700000000000001,89.57000000000001,40,3.3000000000000003,,,,,,,,,,,,,,,,,,,,,,,,,,,,,,,,,
2020,9,10,22,30,0,0,125.77,3.8000000000000003,13.200000000000001,89.18,43,3,,,,,,,,,,,,,,,,,,,,,,,,,,,,,,,,,
2020,9,10,23,30,0,0,131.27,3.8000000000000003,12.9,89.29,41,2.6,,,,,,,,,,,,,,,,,,,,,,,,,,,,,,,,,
2020,9,11,0,30,0,0,133.33,3.7,12.5,91.21000000000001,37,2.3000000000000003,,,,,,,,,,,,,,,,,,,,,,,,,,,,,,,,,
2020,9,11,1,30,0,0,131.48,3.7,12.200000000000001,92.51,35,2.3000000000000003,,,,,,,,,,,,,,,,,,,,,,,,,,,,,,,,,
2020,9,11,2,30,0,0,126.16,3.6,11.9,93.51,36,2.2,,,,,,,,,,,,,,,,,,,,,,,,,,,,,,,,,
2020,9,11,3,30,0,0,118.29,3.5,11.600000000000001,94.27,36,2.2,,,,,,,,,,,,,,,,,,,,,,,,,,,,,,,,,
2020,9,11,4,30,0,0,108.79,3.4000000000000004,11.4,94.42,36,2.3000000000000003,,,,,,,,,,,,,,,,,,,,,,,,,,,,,,,,,
2020,9,11,5,30,0,0,98.33,3.3000000000000003,11.200000000000001,94.62,37,2.5,,,,,,,,,,,,,,,,,,,,,,,,,,,,,,,,,
2020,9,11,6,30,19,134,87.14,3.2,12,89.01,43,3.1,,,,,,,,,,,,,,,,,,,,,,,,,,,,,,,,,
2020,9,11,7,30,64,493,76.24,3.1,13.600000000000001,79.67,52,3.9000000000000004,,,,,,,,,,,,,,,,,,,,,,,,,,,,,,,,,
2020,9,11,8,30,87,657,65.45,3,15.4,69.69,60,4.1000000000000005,,,,,,,,,,,,,,,,,,,,,,,,,,,,,,,,,
2020,9,11,9,30,93,788,55.35,2.9000000000000004,16.900000000000002,62.78,63,4,,,,,,,,,,,,,,,,,,,,,,,,,,,,,,,,,
2020,9,11,10,30,117,799,46.660000000000004,2.8000000000000003,18.2,57.82,66,3.9000000000000004,,,,,,,,,,,,,,,,,,,,,,,,,,,,,,,,,
2020,9,11,11,30,101,877,40.46,2.7,19.3,53.83,69,3.7,,,,,,,,,,,,,,,,,,,,,,,,,,,,,,,,,
2020,9,11,12,30,98,893,38.1,2.7,20.200000000000003,50.910000000000004,73,3.6,,,,,,,,,,,,,,,,,,,,,,,,,,,,,,,,,
2020,9,11,13,30,94,893,40.300000000000004,2.6,20.6,49.42,74,3.4000000000000004,,,,,,,,,,,,,,,,,,,,,,,,,,,,,,,,,
2020,9,11,14,30,117,802,46.39,2.5,20.700000000000003,48.47,75,3.3000000000000003,,,,,,,,,,,,,,,,,,,,,,,,,,,,,,,,,
2020,9,11,15,30,94,786,55.02,2.4000000000000004,20.3,49.07,75,3.2,,,,,,,,,,,,,,,,,,,,,,,,,,,,,,,,,
2020,9,11,16,30,116,565,65.09,2.4000000000000004,19.5,50.9,77,2.9000000000000004,,,,,,,,,,,,,,,,,,,,,,,,,,,,,,,,,
2020,9,11,17,30,89,348,75.88,2.3000000000000003,17.6,57.81,76,2.1,,,,,,,,,,,,,,,,,,,,,,,,,,,,,,,,,
2020,9,11,18,30,23,2,86.81,2.4000000000000004,15.3,74.91,75,1.5,,,,,,,,,,,,,,,,,,,,,,,,,,,,,,,,,
2020,9,11,19,30,0,0,98.02,2.4000000000000004,14.3,79.23,76,1.7000000000000002,,,,,,,,,,,,,,,,,,,,,,,,,,,,,,,,,
2020,9,11,20,30,0,0,108.54,2.6,14.200000000000001,79.38,80,2.1,,,,,,,,,,,,,,,,,,,,,,,,,,,,,,,,,
2020,9,11,21,30,0,0,118.14,2.7,14.100000000000001,80.75,86,2.4000000000000004,,,,,,,,,,,,,,,,,,,,,,,,,,,,,,,,,
2020,9,11,22,30,0,0,126.15,2.9000000000000004,13.9,84,93,2.5,,,,,,,,,,,,,,,,,,,,,,,,,,,,,,,,,
2020,9,11,23,30,0,0,131.66,3.1,13.8,86.97,99,2.5,,,,,,,,,,,,,,,,,,,,,,,,,,,,,,,,,
2020,9,12,0,30,0,0,133.71,3.2,13.700000000000001,89.81,104,2.5,,,,,,,,,,,,,,,,,,,,,,,,,,,,,,,,,
2020,9,12,1,30,0,0,131.83,3.4000000000000004,13.8,91.76,106,2.3000000000000003,,,,,,,,,,,,,,,,,,,,,,,,,,,,,,,,,
2020,9,12,2,30,0,0,126.46000000000001,3.6,14,93.46000000000001,105,2.3000000000000003,,,,,,,,,,,,,,,,,,,,,,,,,,,,,,,,,
2020,9,12,3,30,0,0,118.55,3.7,14.100000000000001,95.74000000000001,103,2,,,,,,,,,,,,,,,,,,,,,,,,,,,,,,,,,
2020,9,12,4,30,0,0,109.01,3.8000000000000003,13.9,98.83,101,1.8,,,,,,,,,,,,,,,,,,,,,,,,,,,,,,,,,
2020,9,12,5,30,0,0,98.53,3.8000000000000003,13.9,99.54,100,1.8,,,,,,,,,,,,,,,,,,,,,,,,,,,,,,,,,
2020,9,12,6,30,18,130,87.32000000000001,3.8000000000000003,14.9,94.03,101,2.3000000000000003,,,,,,,,,,,,,,,,,,,,,,,,,,,,,,,,,
2020,9,12,7,30,98,175,76.44,3.7,17,84.36,112,2.9000000000000004,,,,,,,,,,,,,,,,,,,,,,,,,,,,,,,,,
2020,9,12,8,30,148,383,65.66,3.6,19.1,75.77,133,3.1,,,,,,,,,,,,,,,,,,,,,,,,,,,,,,,,,
2020,9,12,9,30,215,430,55.59,3.5,21,70.11,149,3.2,,,,,,,,,,,,,,,,,,,,,,,,,,,,,,,,,
2020,9,12,10,30,147,736,46.94,3.4000000000000004,22.5,66.86,157,3.2,,,,,,,,,,,,,,,,,,,,,,,,,,,,,,,,,
2020,9,12,11,30,307,402,40.800000000000004,3.3000000000000003,23.900000000000002,63.47,159,3.3000000000000003,,,,,,,,,,,,,,,,,,,,,,,,,,,,,,,,,
2020,9,12,12,30,175,750,38.49,3.3000000000000003,24.900000000000002,60.88,161,3.5,,,,,,,,,,,,,,,,,,,,,,,,,,,,,,,,,
2020,9,12,13,30,197,697,40.69,3.3000000000000003,25.400000000000002,59.39,166,3.7,,,,,,,,,,,,,,,,,,,,,,,,,,,,,,,,,
2020,9,12,14,30,185,662,46.76,3.5,25.5,58.9,170,3.5,,,,,,,,,,,,,,,,,,,,,,,,,,,,,,,,,
2020,9,12,15,30,176,561,55.370000000000005,3.6,25.3,59.730000000000004,172,3.1,,,,,,,,,,,,,,,,,,,,,,,,,,,,,,,,,
2020,9,12,16,30,187,209,65.43,3.8000000000000003,24.6,64.54,170,2.3000000000000003,,,,,,,,,,,,,,,,,,,,,,,,,,,,,,,,,
2020,9,12,17,30,118,26,76.21000000000001,3.9000000000000004,23,77.51,163,1.5,,,,,,,,,,,,,,,,,,,,,,,,,,,,,,,,,
2020,9,12,18,30,15,0,87.12,4,21.6,85.9,159,1.4000000000000001,,,,,,,,,,,,,,,,,,,,,,,,,,,,,,,,,
2020,9,12,19,30,0,0,98.35000000000001,4.1000000000000005,21.1,87.3,165,1.7000000000000002,,,,,,,,,,,,,,,,,,,,,,,,,,,,,,,,,
2020,9,12,20,30,0,0,108.89,4.1000000000000005,20.900000000000002,90.04,177,1.9000000000000001,,,,,,,,,,,,,,,,,,,,,,,,,,,,,,,,,
2020,9,12,21,30,0,0,118.5,4.1000000000000005,20.6,93.26,190,2.1,,,,,,,,,,,,,,,,,,,,,,,,,,,,,,,,,
2020,9,12,22,30,0,0,126.53,4.1000000000000005,20.400000000000002,94.8,201,2.6,,,,,,,,,,,,,,,,,,,,,,,,,,,,,,,,,
2020,9,12,23,30,0,0,132.05,4.2,20.1,96.19,209,3,,,,,,,,,,,,,,,,,,,,,,,,,,,,,,,,,
2020,9,13,0,30,0,0,134.09,4.4,20,96.75,221,3.2,,,,,,,,,,,,,,,,,,,,,,,,,,,,,,,,,
2020,9,13,1,30,0,0,132.18,4.5,19.700000000000003,99.06,241,3,,,,,,,,,,,,,,,,,,,,,,,,,,,,,,,,,
2020,9,13,2,30,0,0,126.76,4.5,19.200000000000003,100,262,2.7,,,,,,,,,,,,,,,,,,,,,,,,,,,,,,,,,
2020,9,13,3,30,0,0,118.8,4.2,18.6,100,277,2.6,,,,,,,,,,,,,,,,,,,,,,,,,,,,,,,,,
2020,9,13,4,30,0,0,109.23,3.6,17.900000000000002,100,278,2.1,,,,,,,,,,,,,,,,,,,,,,,,,,,,,,,,,
2020,9,13,5,30,0,0,98.73,2.9000000000000004,17.3,100,269,1.8,,,,,,,,,,,,,,,,,,,,,,,,,,,,,,,,,
2020,9,13,6,30,17,132,87.51,2.5,17.3,97.44,265,2.5,,,,,,,,,,,,,,,,,,,,,,,,,,,,,,,,,
2020,9,13,7,30,58,532,76.63,2.2,18.1,94.96000000000001,270,3.6,,,,,,,,,,,,,,,,,,,,,,,,,,,,,,,,,
2020,9,13,8,30,76,724,65.87,2.1,19.200000000000003,87.11,277,4.2,,,,,,,,,,,,,,,,,,,,,,,,,,,,,,,,,
2020,9,13,9,30,107,741,55.83,2,20.700000000000003,75.25,281,4.6000000000000005,,,,,,,,,,,,,,,,,,,,,,,,,,,,,,,,,
2020,9,13,10,30,93,875,47.230000000000004,2,22.1,64.82000000000001,281,4.7,,,,,,,,,,,,,,,,,,,,,,,,,,,,,,,,,
2020,9,13,11,30,97,901,41.14,1.9000000000000001,23.1,60.17,282,4.7,,,,,,,,,,,,,,,,,,,,,,,,,,,,,,,,,
2020,9,13,12,30,373,271,38.87,2,23.700000000000003,58.1,283,4.6000000000000005,,,,,,,,,,,,,,,,,,,,,,,,,,,,,,,,,
2020,9,13,13,30,207,665,41.09,2,23.900000000000002,57.09,284,4.5,,,,,,,,,,,,,,,,,,,,,,,,,,,,,,,,,
2020,9,13,14,30,161,718,47.14,2.1,23.700000000000003,57.07,286,4.3,,,,,,,,,,,,,,,,,,,,,,,,,,,,,,,,,
2020,9,13,15,30,124,723,55.72,2.1,23.1,58.09,289,4.2,,,,,,,,,,,,,,,,,,,,,,,,,,,,,,,,,
2020,9,13,16,30,111,601,65.76,2.1,22.1,60.35,296,4,,,,,,,,,,,,,,,,,,,,,,,,,,,,,,,,,
2020,9,13,17,30,81,376,76.53,2,20.3,66.74,304,3.4000000000000004,,,,,,,,,,,,,,,,,,,,,,,,,,,,,,,,,
2020,9,13,18,30,15,66,87.43,2,18.2,77.38,310,2.8000000000000003,,,,,,,,,,,,,,,,,,,,,,,,,,,,,,,,,
2020,9,13,19,30,0,0,98.68,2.1,16.7,85.74,313,2.7,,,,,,,,,,,,,,,,,,,,,,,,,,,,,,,,,
2020,9,13,20,30,0,0,109.23,2.1,15.8,91.11,316,2.7,,,,,,,,,,,,,,,,,,,,,,,,,,,,,,,,,
2020,9,13,21,30,0,0,118.86,2.1,15,95.5,320,2.7,,,,,,,,,,,,,,,,,,,,,,,,,,,,,,,,,
2020,9,13,22,30,0,0,126.91,2.2,14.4,97.88,325,2.6,,,,,,,,,,,,,,,,,,,,,,,,,,,,,,,,,
2020,9,13,23,30,0,0,132.44,2.3000000000000003,13.9,99.34,332,2.4000000000000004,,,,,,,,,,,,,,,,,,,,,,,,,,,,,,,,,
2020,9,14,0,30,0,0,134.47,2.3000000000000003,13.5,100,343,2.3000000000000003,,,,,,,,,,,,,,,,,,,,,,,,,,,,,,,,,
2020,9,14,1,30,0,0,132.53,2.4000000000000004,13.3,100,176,2.4000000000000004,,,,,,,,,,,,,,,,,,,,,,,,,,,,,,,,,
2020,9,14,2,30,0,0,127.06,2.3000000000000003,13,100,7,2.2,,,,,,,,,,,,,,,,,,,,,,,,,,,,,,,,,
2020,9,14,3,30,0,0,119.06,2.2,12.5,100,16,2,,,,,,,,,,,,,,,,,,,,,,,,,,,,,,,,,
2020,9,14,4,30,0,0,109.46000000000001,2,11.8,100,21,1.8,,,,,,,,,,,,,,,,,,,,,,,,,,,,,,,,,
2020,9,14,5,30,0,0,98.93,1.9000000000000001,11.3,100,23,1.7000000000000002,,,,,,,,,,,,,,,,,,,,,,,,,,,,,,,,,
2020,9,14,6,30,18,126,87.68,1.7000000000000002,11.9,96.85000000000001,21,2.3000000000000003,,,,,,,,,,,,,,,,,,,,,,,,,,,,,,,,,
2020,9,14,7,30,62,528,76.83,1.6,13.600000000000001,86.94,22,3,,,,,,,,,,,,,,,,,,,,,,,,,,,,,,,,,
2020,9,14,8,30,113,554,66.08,1.6,15.700000000000001,71.82000000000001,26,3.2,,,,,,,,,,,,,,,,,,,,,,,,,,,,,,,,,
2020,9,14,9,30,110,770,56.07,1.5,17.6,58.07,25,3.2,,,,,,,,,,,,,,,,,,,,,,,,,,,,,,,,,
2020,9,14,10,30,208,621,47.51,1.5,18.900000000000002,52.33,18,3.1,,,,,,,,,,,,,,,,,,,,,,,,,,,,,,,,,
2020,9,14,11,30,165,776,41.480000000000004,1.5,19.8,50.53,10,3,,,,,,,,,,,,,,,,,,,,,,,,,,,,,,,,,
2020,9,14,12,30,176,770,39.25,1.5,20.3,49.7,6,3,,,,,,,,,,,,,,,,,,,,,,,,,,,,,,,,,
2020,9,14,13,30,181,744,41.480000000000004,1.5,20.400000000000002,49.56,5,2.9000000000000004,,,,,,,,,,,,,,,,,,,,,,,,,,,,,,,,,
2020,9,14,14,30,170,717,47.51,1.5,20.3,49.620000000000005,7,2.8000000000000003,,,,,,,,,,,,,,,,,,,,,,,,,,,,,,,,,
2020,9,14,15,30,152,660,56.08,1.5,19.8,50.85,10,2.7,,,,,,,,,,,,,,,,,,,,,,,,,,,,,,,,,
2020,9,14,16,30,123,557,66.1,1.5,18.8,53.64,14,2.4000000000000004,,,,,,,,,,,,,,,,,,,,,,,,,,,,,,,,,
2020,9,14,17,30,80,376,76.85000000000001,1.5,16.7,62.190000000000005,21,1.7000000000000002,,,,,,,,,,,,,,,,,,,,,,,,,,,,,,,,,
2020,9,14,18,30,15,72,87.73,1.5,14.200000000000001,80.71000000000001,32,1.2000000000000002,,,,,,,,,,,,,,,,,,,,,,,,,,,,,,,,,
2020,9,14,19,30,0,0,99.01,1.4000000000000001,12.9,84.10000000000001,46,1.4000000000000001,,,,,,,,,,,,,,,,,,,,,,,,,,,,,,,,,
2020,9,14,20,30,0,0,109.57000000000001,1.4000000000000001,12.100000000000001,86.63,60,1.5,,,,,,,,,,,,,,,,,,,,,,,,,,,,,,,,,
2020,9,14,21,30,0,0,119.22,1.3,11.4,89.33,73,1.6,,,,,,,,,,,,,,,,,,,,,,,,,,,,,,,,,
2020,9,14,22,30,0,0,127.29,1.3,10.8,91.98,85,1.6,,,,,,,,,,,,,,,,,,,,,,,,,,,,,,,,,
2020,9,14,23,30,0,0,132.84,1.3,10.200000000000001,95.11,95,1.5,,,,,,,,,,,,,,,,,,,,,,,,,,,,,,,,,
2020,9,15,0,30,0,0,134.86,1.2000000000000002,9.8,97.2,105,1.4000000000000001,,,,,,,,,,,,,,,,,,,,,,,,,,,,,,,,,
2020,9,15,1,30,0,0,132.88,1.2000000000000002,9.4,99.27,115,1.3,,,,,,,,,,,,,,,,,,,,,,,,,,,,,,,,,
2020,9,15,2,30,0,0,127.36,1.2000000000000002,9.200000000000001,100,123,1.3,,,,,,,,,,,,,,,,,,,,,,,,,,,,,,,,,
2020,9,15,3,30,0,0,119.31,1.2000000000000002,9,100,130,1.3,,,,,,,,,,,,,,,,,,,,,,,,,,,,,,,,,
2020,9,15,4,30,0,0,109.68,1.3,8.8,100,140,1.2000000000000002,,,,,,,,,,,,,,,,,,,,,,,,,,,,,,,,,
2020,9,15,5,30,0,0,99.13,1.4000000000000001,8.9,100,151,1.3,,,,,,,,,,,,,,,,,,,,,,,,,,,,,,,,,
2020,9,15,6,30,14,56,87.86,1.5,10.4,94.2,165,1.7000000000000002,,,,,,,,,,,,,,,,,,,,,,,,,,,,,,,,,
2020,9,15,7,30,85,310,77.02,1.7000000000000002,13.100000000000001,83.01,179,2.6,,,,,,,,,,,,,,,,,,,,,,,,,,,,,,,,,
2020,9,15,8,30,144,464,66.29,1.9000000000000001,15.600000000000001,72.59,190,3.2,,,,,,,,,,,,,,,,,,,,,,,,,,,,,,,,,
2020,9,15,9,30,183,560,56.31,2.1,17.6,63.910000000000004,198,3.4000000000000004,,,,,,,,,,,,,,,,,,,,,,,,,,,,,,,,,
2020,9,15,10,30,205,625,47.800000000000004,2.2,19.1,57.83,200,3.4000000000000004,,,,,,,,,,,,,,,,,,,,,,,,,,,,,,,,,
2020,9,15,11,30,212,667,41.82,2.2,20.3,53.09,202,3.4000000000000004,,,,,,,,,,,,,,,,,,,,,,,,,,,,,,,,,
2020,9,15,12,30,231,649,39.64,2.2,21.200000000000003,50.13,204,3.3000000000000003,,,,,,,,,,,,,,,,,,,,,,,,,,,,,,,,,
2020,9,15,13,30,248,598,41.87,2.2,21.8,48.61,207,3.3000000000000003,,,,,,,,,,,,,,,,,,,,,,,,,,,,,,,,,
2020,9,15,14,30,227,573,47.89,2.2,22,48.68,209,3.2,,,,,,,,,,,,,,,,,,,,,,,,,,,,,,,,,
2020,9,15,15,30,195,518,56.43,2.2,21.8,49.86,212,2.9000000000000004,,,,,,,,,,,,,,,,,,,,,,,,,,,,,,,,,
2020,9,15,16,30,150,423,66.43,2.1,20.900000000000002,53.370000000000005,210,2.2,,,,,,,,,,,,,,,,,,,,,,,,,,,,,,,,,
2020,9,15,17,30,85,271,77.18,2,18.5,69.01,203,1.5,,,,,,,,,,,,,,,,,,,,,,,,,,,,,,,,,
2020,9,15,18,30,11,47,88.03,1.9000000000000001,16.2,79.72,197,1.5,,,,,,,,,,,,,,,,,,,,,,,,,,,,,,,,,
2020,9,15,19,30,0,0,99.34,1.8,15.100000000000001,79.08,196,1.9000000000000001,,,,,,,,,,,,,,,,,,,,,,,,,,,,,,,,,
2020,9,15,20,30,0,0,109.91,1.7000000000000002,14.700000000000001,77.91,196,2.4000000000000004,,,,,,,,,,,,,,,,,,,,,,,,,,,,,,,,,
2020,9,15,21,30,0,0,119.58,1.7000000000000002,14.3,77.8,199,2.9000000000000004,,,,,,,,,,,,,,,,,,,,,,,,,,,,,,,,,
2020,9,15,22,30,0,0,127.67,1.6,13.9,78.45,203,3.2,,,,,,,,,,,,,,,,,,,,,,,,,,,,,,,,,
2020,9,15,23,30,0,0,133.23,1.6,13.4,80.08,207,3.3000000000000003,,,,,,,,,,,,,,,,,,,,,,,,,,,,,,,,,
2020,9,16,0,30,0,0,135.24,1.6,12.9,82.13,211,3.2,,,,,,,,,,,,,,,,,,,,,,,,,,,,,,,,,
2020,9,16,1,30,0,0,133.22,1.6,12.4,84.53,215,3.1,,,,,,,,,,,,,,,,,,,,,,,,,,,,,,,,,
2020,9,16,2,30,0,0,127.66,1.6,12,86.47,220,3,,,,,,,,,,,,,,,,,,,,,,,,,,,,,,,,,
2020,9,16,3,30,0,0,119.57000000000001,1.6,11.600000000000001,88.35000000000001,223,2.9000000000000004,,,,,,,,,,,,,,,,,,,,,,,,,,,,,,,,,
2020,9,16,4,30,0,0,109.9,1.6,11.200000000000001,89.95,224,2.9000000000000004,,,,,,,,,,,,,,,,,,,,,,,,,,,,,,,,,
2020,9,16,5,30,0,0,99.33,1.6,10.700000000000001,91.69,224,3,,,,,,,,,,,,,,,,,,,,,,,,,,,,,,,,,
2020,9,16,6,30,10,45,88.04,1.6,10.9,89.05,224,3.3000000000000003,,,,,,,,,,,,,,,,,,,,,,,,,,,,,,,,,
2020,9,16,7,30,86,271,77.22,1.6,12.200000000000001,81.02,223,3.5,,,,,,,,,,,,,,,,,,,,,,,,,,,,,,,,,
2020,9,16,8,30,149,434,66.51,1.5,14.700000000000001,70.07000000000001,221,3.5,,,,,,,,,,,,,,,,,,,,,,,,,,,,,,,,,
2020,9,16,9,30,197,523,56.56,1.5,18,60.160000000000004,226,3.8000000000000003,,,,,,,,,,,,,,,,,,,,,,,,,,,,,,,,,
2020,9,16,10,30,232,572,48.09,1.5,21.1,52.58,238,4.2,,,,,,,,,,,,,,,,,,,,,,,,,,,,,,,,,
2020,9,16,11,30,243,618,42.17,1.5,23.200000000000003,49.7,242,4.3,,,,,,,,,,,,,,,,,,,,,,,,,,,,,,,,,
2020,9,16,12,30,253,616,40.02,1.6,24.400000000000002,47.46,239,4.4,,,,,,,,,,,,,,,,,,,,,,,,,,,,,,,,,
2020,9,16,13,30,259,581,42.27,1.6,25,45.92,237,4.4,,,,,,,,,,,,,,,,,,,,,,,,,,,,,,,,,
2020,9,16,14,30,239,549,48.27,1.7000000000000002,25.200000000000003,45.47,240,4.2,,,,,,,,,,,,,,,,,,,,,,,,,,,,,,,,,
2020,9,16,15,30,204,493,56.79,1.8,24.8,47.49,247,3.7,,,,,,,,,,,,,,,,,,,,,,,,,,,,,,,,,
2020,9,16,16,30,153,402,66.77,2,23.5,55.17,253,2.6,,,,,,,,,,,,,,,,,,,,,,,,,,,,,,,,,
2020,9,16,17,30,86,249,77.51,2.2,21,71.36,260,1.8,,,,,,,,,,,,,,,,,,,,,,,,,,,,,,,,,
2020,9,16,18,30,9,32,88.34,2.4000000000000004,18.900000000000002,79.71000000000001,271,1.6,,,,,,,,,,,,,,,,,,,,,,,,,,,,,,,,,
2020,9,16,19,30,0,0,99.67,2.7,18.1,83.59,289,1.5,,,,,,,,,,,,,,,,,,,,,,,,,,,,,,,,,
2020,9,16,20,30,0,0,110.26,2.9000000000000004,17.8,87.91,318,1.6,,,,,,,,,,,,,,,,,,,,,,,,,,,,,,,,,
2020,9,16,21,30,0,0,119.95,3,17.6,91.98,168,2.2,,,,,,,,,,,,,,,,,,,,,,,,,,,,,,,,,
2020,9,16,22,30,0,0,128.06,3,17.5,94.66,9,3,,,,,,,,,,,,,,,,,,,,,,,,,,,,,,,,,
2020,9,16,23,30,0,0,133.63,2.9000000000000004,16.900000000000002,97.32000000000001,22,3.7,,,,,,,,,,,,,,,,,,,,,,,,,,,,,,,,,
2020,9,17,0,30,0,0,135.63,2.8000000000000003,16,98.13,28,4.1000000000000005,,,,,,,,,,,,,,,,,,,,,,,,,,,,,,,,,
2020,9,17,1,30,0,0,133.57,2.7,14.9,95.97,28,4,,,,,,,,,,,,,,,,,,,,,,,,,,,,,,,,,
2020,9,17,2,30,0,0,127.96000000000001,2.5,13.8,93.60000000000001,24,3.8000000000000003,,,,,,,,,,,,,,,,,,,,,,,,,,,,,,,,,
2020,9,17,3,30,0,0,119.82000000000001,2.3000000000000003,12.9,92.27,22,3.6,,,,,,,,,,,,,,,,,,,,,,,,,,,,,,,,,
2020,9,17,4,30,0,0,110.12,2.1,12,92.83,21,3.4000000000000004,,,,,,,,,,,,,,,,,,,,,,,,,,,,,,,,,
2020,9,17,5,30,0,0,99.54,1.9000000000000001,11.3,93.16,19,3.2,,,,,,,,,,,,,,,,,,,,,,,,,,,,,,,,,
2020,9,17,6,30,13,48,88.22,1.6,11.200000000000001,89.24,18,3.4000000000000004,,,,,,,,,,,,,,,,,,,,,,,,,,,,,,,,,
2020,9,17,7,30,79,328,77.42,1.4000000000000001,12.5,78.63,22,3.8000000000000003,,,,,,,,,,,,,,,,,,,,,,,,,,,,,,,,,
2020,9,17,8,30,99,645,66.72,1.2000000000000002,14.5,62.97,27,4.1000000000000005,,,,,,,,,,,,,,,,,,,,,,,,,,,,,,,,,
2020,9,17,9,30,100,803,56.81,1.1,16.5,49.67,26,4,,,,,,,,,,,,,,,,,,,,,,,,,,,,,,,,,
2020,9,17,10,30,97,887,48.38,1.1,18.1,43.35,22,3.8000000000000003,,,,,,,,,,,,,,,,,,,,,,,,,,,,,,,,,
2020,9,17,11,30,94,929,42.51,1.1,19.3,40.13,18,3.6,,,,,,,,,,,,,,,,,,,,,,,,,,,,,,,,,
2020,9,17,12,30,92,943,40.410000000000004,1.1,20.1,37.85,15,3.5,,,,,,,,,,,,,,,,,,,,,,,,,,,,,,,,,
2020,9,17,13,30,90,936,42.660000000000004,1.1,20.400000000000002,36.97,13,3.5,,,,,,,,,,,,,,,,,,,,,,,,,,,,,,,,,
2020,9,17,14,30,83,914,48.65,1.2000000000000002,20.200000000000003,37.47,11,3.7,,,,,,,,,,,,,,,,,,,,,,,,,,,,,,,,,
2020,9,17,15,30,75,866,57.14,1.3,19.6,39.25,11,3.8000000000000003,,,,,,,,,,,,,,,,,,,,,,,,,,,,,,,,,
2020,9,17,16,30,65,780,67.11,1.3,18.400000000000002,42.800000000000004,13,3.8000000000000003,,,,,,,,,,,,,,,,,,,,,,,,,,,,,,,,,
2020,9,17,17,30,48,599,77.83,1.4000000000000001,16.2,50.7,18,3.3000000000000003,,,,,,,,,,,,,,,,,,,,,,,,,,,,,,,,,
2020,9,17,18,30,14,137,88.63,1.4000000000000001,13.8,64.39,25,3,,,,,,,,,,,,,,,,,,,,,,,,,,,,,,,,,
2020,9,17,19,30,0,0,100,1.4000000000000001,12.3,72.79,33,3.3000000000000003,,,,,,,,,,,,,,,,,,,,,,,,,,,,,,,,,
2020,9,17,20,30,0,0,110.60000000000001,1.5,11.100000000000001,79.82000000000001,38,3.2,,,,,,,,,,,,,,,,,,,,,,,,,,,,,,,,,
2020,9,17,21,30,0,0,120.31,1.5,10.200000000000001,84.2,38,2.9000000000000004,,,,,,,,,,,,,,,,,,,,,,,,,,,,,,,,,
2020,9,17,22,30,0,0,128.44,1.5,9.5,86.16,34,2.8000000000000003,,,,,,,,,,,,,,,,,,,,,,,,,,,,,,,,,
2020,9,17,23,30,0,0,134.03,1.4000000000000001,9,86.11,30,2.8000000000000003,,,,,,,,,,,,,,,,,,,,,,,,,,,,,,,,,
2020,9,18,0,30,0,0,136.02,1.4000000000000001,8.6,85.51,25,2.9000000000000004,,,,,,,,,,,,,,,,,,,,,,,,,,,,,,,,,
2020,9,18,1,30,0,0,133.92000000000002,1.4000000000000001,8.200000000000001,85.31,18,3,,,,,,,,,,,,,,,,,,,,,,,,,,,,,,,,,
2020,9,18,2,30,0,0,128.26,1.4000000000000001,7.800000000000001,86.26,12,3.1,,,,,,,,,,,,,,,,,,,,,,,,,,,,,,,,,
2020,9,18,3,30,0,0,120.08,1.4000000000000001,7.300000000000001,88.37,6,3.2,,,,,,,,,,,,,,,,,,,,,,,,,,,,,,,,,
2020,9,18,4,30,0,0,110.34,1.4000000000000001,6.9,89.7,2,3.2,,,,,,,,,,,,,,,,,,,,,,,,,,,,,,,,,
2020,9,18,5,30,0,0,99.74000000000001,1.3,6.4,90.64,179,3.2,,,,,,,,,,,,,,,,,,,,,,,,,,,,,,,,,
2020,9,18,6,30,15,153,88.39,1.2000000000000002,6.800000000000001,85.46000000000001,357,3.6,,,,,,,,,,,,,,,,,,,,,,,,,,,,,,,,,
2020,9,18,7,30,47,631,77.61,1,8.9,72.59,180,4.3,,,,,,,,,,,,,,,,,,,,,,,,,,,,,,,,,
2020,9,18,8,30,62,809,66.94,0.9,11.5,58.19,7,4.800000000000001,,,,,,,,,,,,,,,,,,,,,,,,,,,,,,,,,
2020,9,18,9,30,71,897,57.050000000000004,0.8,13.4,49.45,10,4.800000000000001,,,,,,,,,,,,,,,,,,,,,,,,,,,,,,,,,
2020,9,18,10,30,78,940,48.68,0.8,14.9,43.93,10,4.800000000000001,,,,,,,,,,,,,,,,,,,,,,,,,,,,,,,,,
2020,9,18,11,30,116,868,42.86,0.8,16,41.04,10,4.800000000000001,,,,,,,,,,,,,,,,,,,,,,,,,,,,,,,,,
2020,9,18,12,30,97,932,40.800000000000004,0.9,16.7,39.77,11,4.800000000000001,,,,,,,,,,,,,,,,,,,,,,,,,,,,,,,,,
2020,9,18,13,30,83,956,43.06,0.9,16.900000000000002,39.46,14,4.7,,,,,,,,,,,,,,,,,,,,,,,,,,,,,,,,,
2020,9,18,14,30,79,932,49.03,0.9,16.7,39.57,18,4.6000000000000005,,,,,,,,,,,,,,,,,,,,,,,,,,,,,,,,,
2020,9,18,15,30,73,886,57.5,0.9,16,40.6,23,4.5,,,,,,,,,,,,,,,,,,,,,,,,,,,,,,,,,
2020,9,18,16,30,62,801,67.45,0.9,14.8,42.61,28,4.2,,,,,,,,,,,,,,,,,,,,,,,,,,,,,,,,,
2020,9,18,17,30,45,632,78.16,0.8,12.600000000000001,47.77,32,3.3000000000000003,,,,,,,,,,,,,,,,,,,,,,,,,,,,,,,,,
2020,9,18,18,30,13,147,88.92,0.8,10.200000000000001,58.68,38,2.6,,,,,,,,,,,,,,,,,,,,,,,,,,,,,,,,,
2020,9,18,19,30,0,0,100.33,0.7000000000000001,8.6,66.08,44,2.5,,,,,,,,,,,,,,,,,,,,,,,,,,,,,,,,,
2020,9,18,20,30,0,0,110.94,0.7000000000000001,7.5,70.82000000000001,49,2.3000000000000003,,,,,,,,,,,,,,,,,,,,,,,,,,,,,,,,,
2020,9,18,21,30,0,0,120.67,0.7000000000000001,6.6000000000000005,75.92,52,1.9000000000000001,,,,,,,,,,,,,,,,,,,,,,,,,,,,,,,,,
2020,9,18,22,30,0,0,128.83,0.7000000000000001,5.800000000000001,80.35000000000001,54,1.7000000000000002,,,,,,,,,,,,,,,,,,,,,,,,,,,,,,,,,
2020,9,18,23,30,0,0,134.43,0.8,5.300000000000001,82.75,58,1.6,,,,,,,,,,,,,,,,,,,,,,,,,,,,,,,,,
2020,9,19,0,30,0,0,136.4,0.8,4.9,84.37,62,1.5,,,,,,,,,,,,,,,,,,,,,,,,,,,,,,,,,
2020,9,19,1,30,0,0,134.27,0.8,4.7,84.75,67,1.5,,,,,,,,,,,,,,,,,,,,,,,,,,,,,,,,,
2020,9,19,2,30,0,0,128.56,0.7000000000000001,4.4,86.10000000000001,71,1.4000000000000001,,,,,,,,,,,,,,,,,,,,,,,,,,,,,,,,,
2020,9,19,3,30,0,0,120.33,0.7000000000000001,4.1000000000000005,86.99,74,1.4000000000000001,,,,,,,,,,,,,,,,,,,,,,,,,,,,,,,,,
2020,9,19,4,30,0,0,110.57000000000001,0.7000000000000001,3.7,88.48,77,1.3,,,,,,,,,,,,,,,,,,,,,,,,,,,,,,,,,
2020,9,19,5,30,0,0,99.94,0.7000000000000001,3.5,88.72,77,1.3,,,,,,,,,,,,,,,,,,,,,,,,,,,,,,,,,
2020,9,19,6,30,14,169,88.57000000000001,0.7000000000000001,5.1000000000000005,78.89,75,1.6,,,,,,,,,,,,,,,,,,,,,,,,,,,,,,,,,
2020,9,19,7,30,44,652,77.81,0.7000000000000001,8.200000000000001,67.03,77,2.1,,,,,,,,,,,,,,,,,,,,,,,,,,,,,,,,,
2020,9,19,8,30,61,819,67.16,0.7000000000000001,10.8,52.83,83,2.3000000000000003,,,,,,,,,,,,,,,,,,,,,,,,,,,,,,,,,
2020,9,19,9,30,72,898,57.300000000000004,0.7000000000000001,12.8,45.11,91,2,,,,,,,,,,,,,,,,,,,,,,,,,,,,,,,,,
2020,9,19,10,30,79,937,48.97,0.8,14.4,40.31,101,1.7000000000000002,,,,,,,,,,,,,,,,,,,,,,,,,,,,,,,,,
2020,9,19,11,30,82,959,43.21,0.8,15.700000000000001,37.07,113,1.4000000000000001,,,,,,,,,,,,,,,,,,,,,,,,,,,,,,,,,
2020,9,19,12,30,84,964,41.19,0.9,16.7,35.050000000000004,124,1.2000000000000002,,,,,,,,,,,,,,,,,,,,,,,,,,,,,,,,,
2020,9,19,13,30,81,955,43.46,0.9,17.3,34.13,132,1.1,,,,,,,,,,,,,,,,,,,,,,,,,,,,,,,,,
2020,9,19,14,30,78,928,49.410000000000004,1,17.5,33.85,136,1.1,,,,,,,,,,,,,,,,,,,,,,,,,,,,,,,,,
2020,9,19,15,30,71,881,57.86,1,17.400000000000002,34.230000000000004,134,1.1,,,,,,,,,,,,,,,,,,,,,,,,,,,,,,,,,
2020,9,19,16,30,61,791,67.79,1.1,16.7,35.99,123,1.1,,,,,,,,,,,,,,,,,,,,,,,,,,,,,,,,,
2020,9,19,17,30,49,574,78.49,1.1,14.5,46.22,110,1,,,,,,,,,,,,,,,,,,,,,,,,,,,,,,,,,
2020,9,19,18,30,10,110,89.21000000000001,1.1,11.700000000000001,66.11,106,1.1,,,,,,,,,,,,,,,,,,,,,,,,,,,,,,,,,
2020,9,19,19,30,0,0,100.66,1.2000000000000002,10.100000000000001,70.04,113,1.3,,,,,,,,,,,,,,,,,,,,,,,,,,,,,,,,,
2020,9,19,20,30,0,0,111.29,1.2000000000000002,9.200000000000001,75.42,122,1.3,,,,,,,,,,,,,,,,,,,,,,,,,,,,,,,,,
2020,9,19,21,30,0,0,121.03,1.2000000000000002,8.700000000000001,80.02,129,1.4000000000000001,,,,,,,,,,,,,,,,,,,,,,,,,,,,,,,,,
2020,9,19,22,30,0,0,129.21,1.2000000000000002,8.3,85.18,134,1.4000000000000001,,,,,,,,,,,,,,,,,,,,,,,,,,,,,,,,,
2020,9,19,23,30,0,0,134.82,1.2000000000000002,8,90.51,136,1.4000000000000001,,,,,,,,,,,,,,,,,,,,,,,,,,,,,,,,,
2020,9,20,0,30,0,0,136.79,1.2000000000000002,7.9,94.38,134,1.4000000000000001,,,,,,,,,,,,,,,,,,,,,,,,,,,,,,,,,
2020,9,20,1,30,0,0,134.62,1.2000000000000002,7.7,97.85000000000001,131,1.4000000000000001,,,,,,,,,,,,,,,,,,,,,,,,,,,,,,,,,
2020,9,20,2,30,0,0,128.85,1.2000000000000002,7.5,99.33,126,1.4000000000000001,,,,,,,,,,,,,,,,,,,,,,,,,,,,,,,,,
2020,9,20,3,30,0,0,120.58,1.2000000000000002,7.300000000000001,99.7,120,1.3,,,,,,,,,,,,,,,,,,,,,,,,,,,,,,,,,
2020,9,20,4,30,0,0,110.79,1.2000000000000002,7,100,116,1.3,,,,,,,,,,,,,,,,,,,,,,,,,,,,,,,,,
2020,9,20,5,30,0,0,100.14,1.2000000000000002,6.800000000000001,100,110,1.2000000000000002,,,,,,,,,,,,,,,,,,,,,,,,,,,,,,,,,
2020,9,20,6,30,13,121,88.75,1.1,8.3,89.44,104,1.4000000000000001,,,,,,,,,,,,,,,,,,,,,,,,,,,,,,,,,
2020,9,20,7,30,50,578,78.01,1.1,11.5,75.87,102,2,,,,,,,,,,,,,,,,,,,,,,,,,,,,,,,,,
2020,9,20,8,30,69,765,67.38,1.1,14.4,60.24,105,2.7,,,,,,,,,,,,,,,,,,,,,,,,,,,,,,,,,
2020,9,20,9,30,79,860,57.56,1.1,16.5,49.04,107,3.2,,,,,,,,,,,,,,,,,,,,,,,,,,,,,,,,,
2020,9,20,10,30,84,913,49.27,1.1,17.900000000000002,44.1,107,3.5,,,,,,,,,,,,,,,,,,,,,,,,,,,,,,,,,
2020,9,20,11,30,86,940,43.56,1.1,18.900000000000002,40.95,110,3.7,,,,,,,,,,,,,,,,,,,,,,,,,,,,,,,,,
2020,9,20,12,30,86,951,41.58,1.1,19.5,39.01,114,3.9000000000000004,,,,,,,,,,,,,,,,,,,,,,,,,,,,,,,,,
2020,9,20,13,30,83,946,43.85,1.1,19.8,37.980000000000004,118,4,,,,,,,,,,,,,,,,,,,,,,,,,,,,,,,,,
2020,9,20,14,30,78,923,49.79,1.1,19.6,38.14,122,4,,,,,,,,,,,,,,,,,,,,,,,,,,,,,,,,,
2020,9,20,15,30,72,880,58.22,1,18.900000000000002,39.480000000000004,125,3.8000000000000003,,,,,,,,,,,,,,,,,,,,,,,,,,,,,,,,,
2020,9,20,16,30,61,791,68.13,1,17.7,42.050000000000004,126,3.4000000000000004,,,,,,,,,,,,,,,,,,,,,,,,,,,,,,,,,
2020,9,20,17,30,43,606,78.81,1,15,51.59,127,2.4000000000000004,,,,,,,,,,,,,,,,,,,,,,,,,,,,,,,,,
2020,9,20,18,30,10,103,89.49,1,12.200000000000001,68.33,127,1.8,,,,,,,,,,,,,,,,,,,,,,,,,,,,,,,,,
2020,9,20,19,30,0,0,100.99000000000001,1,11,73.24,125,2,,,,,,,,,,,,,,,,,,,,,,,,,,,,,,,,,
2020,9,20,20,30,0,0,111.63,1,10.4,76.55,123,2.1,,,,,,,,,,,,,,,,,,,,,,,,,,,,,,,,,
2020,9,20,21,30,0,0,121.4,1,9.9,80.53,120,2.1,,,,,,,,,,,,,,,,,,,,,,,,,,,,,,,,,
2020,9,20,22,30,0,0,129.59,1,9.600000000000001,84.09,119,2.1,,,,,,,,,,,,,,,,,,,,,,,,,,,,,,,,,
2020,9,20,23,30,0,0,135.22,1,9.5,87.11,120,2.1,,,,,,,,,,,,,,,,,,,,,,,,,,,,,,,,,
2020,9,21,0,30,0,0,137.18,1,9.5,90.27,123,1.9000000000000001,,,,,,,,,,,,,,,,,,,,,,,,,,,,,,,,,
2020,9,21,1,30,0,0,134.97,1,9.600000000000001,92.73,128,1.7000000000000002,,,,,,,,,,,,,,,,,,,,,,,,,,,,,,,,,
2020,9,21,2,30,0,0,129.15,1,9.700000000000001,94.3,135,1.6,,,,,,,,,,,,,,,,,,,,,,,,,,,,,,,,,
2020,9,21,3,30,0,0,120.84,1,9.5,96.08,143,1.5,,,,,,,,,,,,,,,,,,,,,,,,,,,,,,,,,
2020,9,21,4,30,0,0,111.01,1,8.6,100,150,1.4000000000000001,,,,,,,,,,,,,,,,,,,,,,,,,,,,,,,,,
2020,9,21,5,30,0,0,100.35000000000001,1,7.7,100,154,1.3,,,,,,,,,,,,,,,,,,,,,,,,,,,,,,,,,
2020,9,21,6,30,13,125,88.92,1,8.8,95.77,158,1.6,,,,,,,,,,,,,,,,,,,,,,,,,,,,,,,,,
2020,9,21,7,30,49,582,78.21000000000001,1,11.4,81.32000000000001,162,2.2,,,,,,,,,,,,,,,,,,,,,,,,,,,,,,,,,
2020,9,21,8,30,70,760,67.6,1,14.100000000000001,66.39,170,2.6,,,,,,,,,,,,,,,,,,,,,,,,,,,,,,,,,
2020,9,21,9,30,90,830,57.81,1,17.1,49.49,179,2.7,,,,,,,,,,,,,,,,,,,,,,,,,,,,,,,,,
2020,9,21,10,30,108,852,49.57,1.1,19.400000000000002,39.08,177,2.6,,,,,,,,,,,,,,,,,,,,,,,,,,,,,,,,,
2020,9,21,11,30,117,875,43.910000000000004,1.1,20.8,35.69,168,2.6,,,,,,,,,,,,,,,,,,,,,,,,,,,,,,,,,
2020,9,21,12,30,123,871,41.97,1.2000000000000002,21.5,35.18,159,2.7,,,,,,,,,,,,,,,,,,,,,,,,,,,,,,,,,
2020,9,21,13,30,127,847,44.25,1.2000000000000002,21.900000000000002,35.28,153,2.8000000000000003,,,,,,,,,,,,,,,,,,,,,,,,,,,,,,,,,
2020,9,21,14,30,123,810,50.17,1.2000000000000002,21.8,36.18,151,2.9000000000000004,,,,,,,,,,,,,,,,,,,,,,,,,,,,,,,,,
2020,9,21,15,30,110,748,58.58,1.3,21.200000000000003,37.92,150,3,,,,,,,,,,,,,,,,,,,,,,,,,,,,,,,,,
2020,9,21,16,30,91,640,68.47,1.3,19.8,41.69,147,2.6,,,,,,,,,,,,,,,,,,,,,,,,,,,,,,,,,
2020,9,21,17,30,60,420,79.14,1.3,16.8,57.13,141,2,,,,,,,,,,,,,,,,,,,,,,,,,,,,,,,,,
2020,9,21,18,30,7,41,89.77,1.4000000000000001,14,71.42,138,2,,,,,,,,,,,,,,,,,,,,,,,,,,,,,,,,,
2020,9,21,19,30,0,0,101.32000000000001,1.4000000000000001,12.8,75.75,139,2.3000000000000003,,,,,,,,,,,,,,,,,,,,,,,,,,,,,,,,,
2020,9,21,20,30,0,0,111.97,1.4000000000000001,12,81.31,140,2.2,,,,,,,,,,,,,,,,,,,,,,,,,,,,,,,,,
2020,9,21,21,30,0,0,121.76,1.4000000000000001,11.200000000000001,87.73,143,1.9000000000000001,,,,,,,,,,,,,,,,,,,,,,,,,,,,,,,,,
2020,9,21,22,30,0,0,129.98,1.5,10.8,91.5,149,1.7000000000000002,,,,,,,,,,,,,,,,,,,,,,,,,,,,,,,,,
2020,9,21,23,30,0,0,135.62,1.5,10.4,95.23,160,1.6,,,,,,,,,,,,,,,,,,,,,,,,,,,,,,,,,
2020,9,22,0,30,0,0,137.57,1.5,10.100000000000001,98.25,172,1.6,,,,,,,,,,,,,,,,,,,,,,,,,,,,,,,,,
2020,9,22,1,30,0,0,135.32,1.5,9.8,99.79,184,1.7000000000000002,,,,,,,,,,,,,,,,,,,,,,,,,,,,,,,,,
2020,9,22,2,30,0,0,129.45,1.5,9.3,99.93,196,1.7000000000000002,,,,,,,,,,,,,,,,,,,,,,,,,,,,,,,,,
2020,9,22,3,30,0,0,121.09,1.5,8.8,98.17,211,1.6,,,,,,,,,,,,,,,,,,,,,,,,,,,,,,,,,
2020,9,22,4,30,0,0,111.23,1.6,8.200000000000001,96.63,224,1.5,,,,,,,,,,,,,,,,,,,,,,,,,,,,,,,,,
2020,9,22,5,30,0,0,100.55,1.6,7.9,93.37,229,1.5,,,,,,,,,,,,,,,,,,,,,,,,,,,,,,,,,
2020,9,22,6,30,7,33,89.10000000000001,1.6,8.9,83.63,231,1.7000000000000002,,,,,,,,,,,,,,,,,,,,,,,,,,,,,,,,,
2020,9,22,7,30,74,314,78.42,1.6,11.3,72.11,232,2.3000000000000003,,,,,,,,,,,,,,,,,,,,,,,,,,,,,,,,,
2020,9,22,8,30,129,488,67.82000000000001,1.6,14,60.08,229,2.4000000000000004,,,,,,,,,,,,,,,,,,,,,,,,,,,,,,,,,
2020,9,22,9,30,172,577,58.06,1.6,17.5,51.36,230,2.3000000000000003,,,,,,,,,,,,,,,,,,,,,,,,,,,,,,,,,
2020,9,22,10,30,202,624,49.870000000000005,1.7000000000000002,20.900000000000002,41.6,247,2.5,,,,,,,,,,,,,,,,,,,,,,,,,,,,,,,,,
2020,9,22,11,30,218,652,44.26,1.8,22.900000000000002,34.63,264,2.5,,,,,,,,,,,,,,,,,,,,,,,,,,,,,,,,,
2020,9,22,12,30,294,508,42.36,1.8,23.8,33.92,263,2.4000000000000004,,,,,,,,,,,,,,,,,,,,,,,,,,,,,,,,,
2020,9,22,13,30,306,459,44.65,1.8,24.3,33.83,254,2.3000000000000003,,,,,,,,,,,,,,,,,,,,,,,,,,,,,,,,,
2020,9,22,14,30,239,290,50.56,1.9000000000000001,24.400000000000002,34.24,251,2.4000000000000004,,,,,,,,,,,,,,,,,,,,,,,,,,,,,,,,,
2020,9,22,15,30,233,359,58.94,1.8,23.900000000000002,36.050000000000004,253,2.3000000000000003,,,,,,,,,,,,,,,,,,,,,,,,,,,,,,,,,
2020,9,22,16,30,124,464,68.81,1.9000000000000001,22.5,42.13,254,1.7000000000000002,,,,,,,,,,,,,,,,,,,,,,,,,,,,,,,,,
2020,9,22,17,30,62,362,79.47,2,19.5,66,255,1.1,,,,,,,,,,,,,,,,,,,,,,,,,,,,,,,,,
2020,9,22,18,30,4,22,90.06,2,16.900000000000002,73.62,256,1.2000000000000002,,,,,,,,,,,,,,,,,,,,,,,,,,,,,,,,,
2020,9,22,19,30,0,0,101.65,1.9000000000000001,15.700000000000001,75.69,259,1.3,,,,,,,,,,,,,,,,,,,,,,,,,,,,,,,,,
2020,9,22,20,30,0,0,112.32000000000001,1.8,14.8,79.65,265,1.3,,,,,,,,,,,,,,,,,,,,,,,,,,,,,,,,,
2020,9,22,21,30,0,0,122.12,1.6,14.100000000000001,82.94,273,1.4000000000000001,,,,,,,,,,,,,,,,,,,,,,,,,,,,,,,,,
2020,9,22,22,30,0,0,130.36,1.5,13.4,86.09,283,1.5,,,,,,,,,,,,,,,,,,,,,,,,,,,,,,,,,
2020,9,22,23,30,0,0,136.02,1.4000000000000001,12.8,88.86,289,1.6,,,,,,,,,,,,,,,,,,,,,,,,,,,,,,,,,
2020,9,23,0,30,0,0,137.96,1.5,12.200000000000001,91.94,292,1.6,,,,,,,,,,,,,,,,,,,,,,,,,,,,,,,,,
2020,9,23,1,30,0,0,135.67000000000002,1.6,11.700000000000001,94.62,292,1.6,,,,,,,,,,,,,,,,,,,,,,,,,,,,,,,,,
2020,9,23,2,30,0,0,129.75,1.7000000000000002,11.4,96.52,292,1.7000000000000002,,,,,,,,,,,,,,,,,,,,,,,,,,,,,,,,,
2020,9,23,3,30,0,0,121.34,1.8,11.100000000000001,99.3,292,1.7000000000000002,,,,,,,,,,,,,,,,,,,,,,,,,,,,,,,,,
2020,9,23,4,30,0,0,111.45,1.9000000000000001,10.8,100,293,1.6,,,,,,,,,,,,,,,,,,,,,,,,,,,,,,,,,
2020,9,23,5,30,0,0,100.75,2,10.600000000000001,100,292,1.5,,,,,,,,,,,,,,,,,,,,,,,,,,,,,,,,,
2020,9,23,6,30,8,34,89.28,2,11.700000000000001,100,289,1.9000000000000001,,,,,,,,,,,,,,,,,,,,,,,,,,,,,,,,,
2020,9,23,7,30,70,343,78.62,1.9000000000000001,14.200000000000001,89.87,281,2.3000000000000003,,,,,,,,,,,,,,,,,,,,,,,,,,,,,,,,,
2020,9,23,8,30,115,538,68.04,1.9000000000000001,17.1,77.91,269,2.3000000000000003,,,,,,,,,,,,,,,,,,,,,,,,,,,,,,,,,
2020,9,23,9,30,142,646,58.32,2,20.900000000000002,64.49,267,2.5,,,,,,,,,,,,,,,,,,,,,,,,,,,,,,,,,
2020,9,23,10,30,160,706,50.17,2,23.8,53.5,267,2.9000000000000004,,,,,,,,,,,,,,,,,,,,,,,,,,,,,,,,,
2020,9,23,11,30,178,718,44.62,2.1,25.1,50.13,264,3.2,,,,,,,,,,,,,,,,,,,,,,,,,,,,,,,,,
2020,9,23,12,30,171,748,42.75,2.2,25.900000000000002,47.68,266,3.4000000000000004,,,,,,,,,,,,,,,,,,,,,,,,,,,,,,,,,
2020,9,23,13,30,193,670,45.050000000000004,2.3000000000000003,26.3,46.28,271,3.5,,,,,,,,,,,,,,,,,,,,,,,,,,,,,,,,,
2020,9,23,14,30,230,481,50.94,2.4000000000000004,26.3,46.34,278,3.4000000000000004,,,,,,,,,,,,,,,,,,,,,,,,,,,,,,,,,
2020,9,23,15,30,158,571,59.300000000000004,2.4000000000000004,25.8,48.47,285,3.1,,,,,,,,,,,,,,,,,,,,,,,,,,,,,,,,,
2020,9,23,16,30,162,296,69.15,2.4000000000000004,24.3,55.08,289,2.2,,,,,,,,,,,,,,,,,,,,,,,,,,,,,,,,,
2020,9,23,17,30,92,45,79.8,2.4000000000000004,21.700000000000003,73.19,289,1.4000000000000001,,,,,,,,,,,,,,,,,,,,,,,,,,,,,,,,,
2020,9,23,18,30,3,0,90.94,2.4000000000000004,19.5,82.73,290,1.2000000000000002,,,,,,,,,,,,,,,,,,,,,,,,,,,,,,,,,
2020,9,23,19,30,0,0,101.99000000000001,2.4000000000000004,18.5,85.64,292,1.4000000000000001,,,,,,,,,,,,,,,,,,,,,,,,,,,,,,,,,
2020,9,23,20,30,0,0,112.66,2.4000000000000004,17.8,88.73,293,1.5,,,,,,,,,,,,,,,,,,,,,,,,,,,,,,,,,
2020,9,23,21,30,0,0,122.48,2.4000000000000004,17,92.02,292,1.4000000000000001,,,,,,,,,,,,,,,,,,,,,,,,,,,,,,,,,
2020,9,23,22,30,0,0,130.75,2.3000000000000003,16.400000000000002,93.23,290,1.4000000000000001,,,,,,,,,,,,,,,,,,,,,,,,,,,,,,,,,
2020,9,23,23,30,0,0,136.42000000000002,2.3000000000000003,15.9,93.44,289,1.5,,,,,,,,,,,,,,,,,,,,,,,,,,,,,,,,,
2020,9,24,0,30,0,0,138.34,2.2,15.5,93.41,289,1.6,,,,,,,,,,,,,,,,,,,,,,,,,,,,,,,,,
2020,9,24,1,30,0,0,136.01,2.2,14.9,95.3,287,1.5,,,,,,,,,,,,,,,,,,,,,,,,,,,,,,,,,
2020,9,24,2,30,0,0,130.04,2.2,14.200000000000001,98.71000000000001,277,1.4000000000000001,,,,,,,,,,,,,,,,,,,,,,,,,,,,,,,,,
2020,9,24,3,30,0,0,121.59,2.2,13.5,100,263,1.4000000000000001,,,,,,,,,,,,,,,,,,,,,,,,,,,,,,,,,
2020,9,24,4,30,0,0,111.67,2.2,13,100,255,1.6,,,,,,,,,,,,,,,,,,,,,,,,,,,,,,,,,
2020,9,24,5,30,0,0,100.95,2.1,12.600000000000001,100,254,1.8,,,,,,,,,,,,,,,,,,,,,,,,,,,,,,,,,
2020,9,24,6,30,6,15,89.46000000000001,2.1,13.100000000000001,94.95,253,2.3000000000000003,,,,,,,,,,,,,,,,,,,,,,,,,,,,,,,,,
2020,9,24,7,30,101,82,78.82000000000001,1.9000000000000001,14.8,82.04,247,2.7,,,,,,,,,,,,,,,,,,,,,,,,,,,,,,,,,
2020,9,24,8,30,121,504,68.27,1.8,17.2,70.22,237,2.5,,,,,,,,,,,,,,,,,,,,,,,,,,,,,,,,,
2020,9,24,9,30,176,556,58.58,1.7000000000000002,20.400000000000002,59.02,233,2.5,,,,,,,,,,,,,,,,,,,,,,,,,,,,,,,,,
2020,9,24,10,30,172,685,50.480000000000004,1.7000000000000002,22.700000000000003,48.69,234,2.7,,,,,,,,,,,,,,,,,,,,,,,,,,,,,,,,,
2020,9,24,11,30,188,713,44.97,1.7000000000000002,23.700000000000003,45.33,236,2.8000000000000003,,,,,,,,,,,,,,,,,,,,,,,,,,,,,,,,,
2020,9,24,12,30,174,754,43.14,1.7000000000000002,24.3,43.18,240,2.9000000000000004,,,,,,,,,,,,,,,,,,,,,,,,,,,,,,,,,
2020,9,24,13,30,148,786,45.45,1.8,24.6,41.82,245,2.9000000000000004,,,,,,,,,,,,,,,,,,,,,,,,,,,,,,,,,
2020,9,24,14,30,138,756,51.32,1.8,24.700000000000003,41.08,250,2.8000000000000003,,,,,,,,,,,,,,,,,,,,,,,,,,,,,,,,,
2020,9,24,15,30,121,690,59.660000000000004,1.9000000000000001,24.400000000000002,41.94,255,2.5,,,,,,,,,,,,,,,,,,,,,,,,,,,,,,,,,
2020,9,24,16,30,98,574,69.5,1.9000000000000001,23.200000000000003,47.14,259,1.7000000000000002,,,,,,,,,,,,,,,,,,,,,,,,,,,,,,,,,
2020,9,24,17,30,58,356,80.13,1.9000000000000001,20.900000000000002,67.87,263,1,,,,,,,,,,,,,,,,,,,,,,,,,,,,,,,,,
2020,9,24,18,30,2,12,91.26,1.9000000000000001,19.1,71.3,266,1,,,,,,,,,,,,,,,,,,,,,,,,,,,,,,,,,
2020,9,24,19,30,0,0,102.32000000000001,2,18.400000000000002,71.2,263,1,,,,,,,,,,,,,,,,,,,,,,,,,,,,,,,,,
2020,9,24,20,30,0,0,113,2,17.8,74.12,256,1,,,,,,,,,,,,,,,,,,,,,,,,,,,,,,,,,
2020,9,24,21,30,0,0,122.84,2,17.2,77.5,245,1,,,,,,,,,,,,,,,,,,,,,,,,,,,,,,,,,
2020,9,24,22,30,0,0,131.13,2,16.400000000000002,81.75,236,1,,,,,,,,,,,,,,,,,,,,,,,,,,,,,,,,,
2020,9,24,23,30,0,0,136.82,2,15.5,86.38,229,1,,,,,,,,,,,,,,,,,,,,,,,,,,,,,,,,,
2020,9,25,0,30,0,0,138.73,2,14.8,90.03,223,1.1,,,,,,,,,,,,,,,,,,,,,,,,,,,,,,,,,
2020,9,25,1,30,0,0,136.36,2,14,94.29,219,1.1,,,,,,,,,,,,,,,,,,,,,,,,,,,,,,,,,
2020,9,25,2,30,0,0,130.34,2,13.3,97.85000000000001,217,1.1,,,,,,,,,,,,,,,,,,,,,,,,,,,,,,,,,
2020,9,25,3,30,0,0,121.84,2,12.8,100,218,1.1,,,,,,,,,,,,,,,,,,,,,,,,,,,,,,,,,
2020,9,25,4,30,0,0,111.89,1.9000000000000001,12.4,100,221,1.1,,,,,,,,,,,,,,,,,,,,,,,,,,,,,,,,,
2020,9,25,5,30,0,0,101.16,1.9000000000000001,12,100,223,1.1,,,,,,,,,,,,,,,,,,,,,,,,,,,,,,,,,
2020,9,25,6,30,7,37,89.62,1.9000000000000001,12.9,94.76,225,1.1,,,,,,,,,,,,,,,,,,,,,,,,,,,,,,,,,
2020,9,25,7,30,63,383,79.03,1.9000000000000001,15.4,82.89,227,1.3,,,,,,,,,,,,,,,,,,,,,,,,,,,,,,,,,
2020,9,25,8,30,99,591,68.49,1.8,18.2,69.41,224,1.2000000000000002,,,,,,,,,,,,,,,,,,,,,,,,,,,,,,,,,
2020,9,25,9,30,124,696,58.83,1.8,21.700000000000003,58.370000000000005,199,1.1,,,,,,,,,,,,,,,,,,,,,,,,,,,,,,,,,
2020,9,25,10,30,141,750,50.78,1.8,24.5,45.12,170,1.8,,,,,,,,,,,,,,,,,,,,,,,,,,,,,,,,,
2020,9,25,11,30,148,784,45.32,1.8,25.700000000000003,41.5,159,2.4000000000000004,,,,,,,,,,,,,,,,,,,,,,,,,,,,,,,,,
2020,9,25,12,30,144,803,43.53,1.9000000000000001,26.3,39.92,157,3,,,,,,,,,,,,,,,,,,,,,,,,,,,,,,,,,
2020,9,25,13,30,134,804,45.84,2,26.5,38.93,157,3.5,,,,,,,,,,,,,,,,,,,,,,,,,,,,,,,,,
2020,9,25,14,30,125,773,51.7,2,26.200000000000003,39.1,156,3.7,,,,,,,,,,,,,,,,,,,,,,,,,,,,,,,,,
2020,9,25,15,30,110,713,60.02,2.1,25.5,40.87,155,3.6,,,,,,,,,,,,,,,,,,,,,,,,,,,,,,,,,
2020,9,25,16,30,87,606,69.84,2.1,23.900000000000002,46.72,151,2.9000000000000004,,,,,,,,,,,,,,,,,,,,,,,,,,,,,,,,,
2020,9,25,17,30,53,389,80.46000000000001,2.2,21,62.22,147,2,,,,,,,,,,,,,,,,,,,,,,,,,,,,,,,,,
2020,9,25,18,30,2,12,91.59,2.2,18.400000000000002,76.48,143,1.8,,,,,,,,,,,,,,,,,,,,,,,,,,,,,,,,,
2020,9,25,19,30,0,0,102.65,2.3000000000000003,17.400000000000002,82.39,142,2,,,,,,,,,,,,,,,,,,,,,,,,,,,,,,,,,
2020,9,25,20,30,0,0,113.34,2.3000000000000003,16.8,88.3,144,2.1,,,,,,,,,,,,,,,,,,,,,,,,,,,,,,,,,
2020,9,25,21,30,0,0,123.21000000000001,2.3000000000000003,16.3,94.15,149,2,,,,,,,,,,,,,,,,,,,,,,,,,,,,,,,,,
2020,9,25,22,30,0,0,131.51,2.4000000000000004,15.8,99.55,161,1.8,,,,,,,,,,,,,,,,,,,,,,,,,,,,,,,,,
2020,9,25,23,30,0,0,137.21,2.4000000000000004,15.3,100,178,1.5,,,,,,,,,,,,,,,,,,,,,,,,,,,,,,,,,
2020,9,26,0,30,0,0,139.12,2.5,15.100000000000001,100,190,1.5,,,,,,,,,,,,,,,,,,,,,,,,,,,,,,,,,
2020,9,26,1,30,0,0,136.71,2.5,15.100000000000001,100,194,1.9000000000000001,,,,,,,,,,,,,,,,,,,,,,,,,,,,,,,,,
2020,9,26,2,30,0,0,130.63,2.5,15.100000000000001,99.02,200,2.1,,,,,,,,,,,,,,,,,,,,,,,,,,,,,,,,,
2020,9,26,3,30,0,0,122.09,2.6,14.600000000000001,100,209,2.1,,,,,,,,,,,,,,,,,,,,,,,,,,,,,,,,,
2020,9,26,4,30,0,0,112.11,2.6,14.100000000000001,100,214,1.9000000000000001,,,,,,,,,,,,,,,,,,,,,,,,,,,,,,,,,
2020,9,26,5,30,0,0,101.36,2.6,13.8,100,213,1.8,,,,,,,,,,,,,,,,,,,,,,,,,,,,,,,,,
2020,9,26,6,30,3,0,89.8,2.6,14.600000000000001,100,209,2.4000000000000004,,,,,,,,,,,,,,,,,,,,,,,,,,,,,,,,,
2020,9,26,7,30,91,53,79.23,2.6,16.6,90.64,204,3,,,,,,,,,,,,,,,,,,,,,,,,,,,,,,,,,
2020,9,26,8,30,96,581,68.72,2.6,19.3,77.61,206,3.4000000000000004,,,,,,,,,,,,,,,,,,,,,,,,,,,,,,,,,
2020,9,26,9,30,138,633,59.09,2.7,22.1,65.13,210,4,,,,,,,,,,,,,,,,,,,,,,,,,,,,,,,,,
2020,9,26,10,30,144,719,51.09,2.9000000000000004,24,57.39,206,4.5,,,,,,,,,,,,,,,,,,,,,,,,,,,,,,,,,
2020,9,26,11,30,235,540,45.68,3,25.200000000000003,54.06,202,5,,,,,,,,,,,,,,,,,,,,,,,,,,,,,,,,,
2020,9,26,12,30,173,723,43.92,3.1,25.8,52.910000000000004,201,5.300000000000001,,,,,,,,,,,,,,,,,,,,,,,,,,,,,,,,,
2020,9,26,13,30,202,601,46.24,3.1,26,52.65,202,5.4,,,,,,,,,,,,,,,,,,,,,,,,,,,,,,,,,
2020,9,26,14,30,236,395,52.09,3.1,26.400000000000002,51.79,204,5.4,,,,,,,,,,,,,,,,,,,,,,,,,,,,,,,,,
2020,9,26,15,30,223,138,60.38,3.1,26.5,52.1,205,5.300000000000001,,,,,,,,,,,,,,,,,,,,,,,,,,,,,,,,,
2020,9,26,16,30,165,192,70.18,3.1,25.400000000000002,56.160000000000004,203,4.7,,,,,,,,,,,,,,,,,,,,,,,,,,,,,,,,,
2020,9,26,17,30,76,18,80.78,3.1,23.3,65.01,196,3.7,,,,,,,,,,,,,,,,,,,,,,,,,,,,,,,,,
2020,9,26,18,30,1,0,91.91,3,21.5,73.5,189,3.7,,,,,,,,,,,,,,,,,,,,,,,,,,,,,,,,,
2020,9,26,19,30,0,0,102.97,3,20.6,77.42,187,4.2,,,,,,,,,,,,,,,,,,,,,,,,,,,,,,,,,
2020,9,26,20,30,0,0,113.68,3,19.8,81.87,189,4.4,,,,,,,,,,,,,,,,,,,,,,,,,,,,,,,,,
2020,9,26,21,30,0,0,123.56,2.9000000000000004,19,86.55,192,4.5,,,,,,,,,,,,,,,,,,,,,,,,,,,,,,,,,
2020,9,26,22,30,0,0,131.9,2.8000000000000003,18.400000000000002,89.76,197,4.5,,,,,,,,,,,,,,,,,,,,,,,,,,,,,,,,,
2020,9,26,23,30,0,0,137.61,2.7,17.900000000000002,91.84,206,4.3,,,,,,,,,,,,,,,,,,,,,,,,,,,,,,,,,
2020,9,27,0,30,0,0,139.51,2.5,17.400000000000002,93.82000000000001,210,4.2,,,,,,,,,,,,,,,,,,,,,,,,,,,,,,,,,
2020,9,27,1,30,0,0,137.05,2.4000000000000004,16.900000000000002,96.31,205,4.4,,,,,,,,,,,,,,,,,,,,,,,,,,,,,,,,,
2020,9,27,2,30,0,0,130.93,2.3000000000000003,16.6,98.18,202,4.800000000000001,,,,,,,,,,,,,,,,,,,,,,,,,,,,,,,,,
2020,9,27,3,30,0,0,122.34,2.3000000000000003,16.6,97.75,206,5.1000000000000005,,,,,,,,,,,,,,,,,,,,,,,,,,,,,,,,,
2020,9,27,4,30,0,0,112.33,2.3000000000000003,16.6,97.42,210,5.1000000000000005,,,,,,,,,,,,,,,,,,,,,,,,,,,,,,,,,
2020,9,27,5,30,0,0,101.56,2.3000000000000003,16.5,97.3,211,4.9,,,,,,,,,,,,,,,,,,,,,,,,,,,,,,,,,
2020,9,27,6,30,4,9,89.97,2.4000000000000004,16.7,95.31,213,5,,,,,,,,,,,,,,,,,,,,,,,,,,,,,,,,,
2020,9,27,7,30,70,290,79.44,2.5,17.8,88.63,219,5.300000000000001,,,,,,,,,,,,,,,,,,,,,,,,,,,,,,,,,
2020,9,27,8,30,124,454,68.95,2.5,19.6,79.37,225,5.5,,,,,,,,,,,,,,,,,,,,,,,,,,,,,,,,,
2020,9,27,9,30,136,625,59.36,2.6,21.8,69.73,227,5.300000000000001,,,,,,,,,,,,,,,,,,,,,,,,,,,,,,,,,
2020,9,27,10,30,315,52,51.39,2.6,23.6,62.43,226,5,,,,,,,,,,,,,,,,,,,,,,,,,,,,,,,,,
2020,9,27,11,30,289,293,46.03,2.7,25,57.4,226,4.9,,,,,,,,,,,,,,,,,,,,,,,,,,,,,,,,,
2020,9,27,12,30,325,27,44.31,2.8000000000000003,26.1,54.21,228,4.800000000000001,,,,,,,,,,,,,,,,,,,,,,,,,,,,,,,,,
2020,9,27,13,30,364,82,46.64,2.9000000000000004,26.700000000000003,53.04,233,4.6000000000000005,,,,,,,,,,,,,,,,,,,,,,,,,,,,,,,,,
2020,9,27,14,30,194,542,52.47,3,26.700000000000003,53.910000000000004,240,4.2,,,,,,,,,,,,,,,,,,,,,,,,,,,,,,,,,
2020,9,27,15,30,183,443,60.74,3.1,26.1,56.6,251,3.5,,,,,,,,,,,,,,,,,,,,,,,,,,,,,,,,,
2020,9,27,16,30,79,2,70.52,3.1,24.700000000000003,62.57,269,2.2,,,,,,,,,,,,,,,,,,,,,,,,,,,,,,,,,
2020,9,27,17,30,35,0,81.11,3.1,22.700000000000003,76.72,300,1.2000000000000002,,,,,,,,,,,,,,,,,,,,,,,,,,,,,,,,,
2020,9,27,18,30,0,0,92.24,3.1,21,86.60000000000001,332,1.2000000000000002,,,,,,,,,,,,,,,,,,,,,,,,,,,,,,,,,
2020,9,27,19,30,0,0,103.3,3.1,20,88.94,349,1.7000000000000002,,,,,,,,,,,,,,,,,,,,,,,,,,,,,,,,,
2020,9,27,20,30,0,0,114.02,3.2,19,91.23,177,1.9000000000000001,,,,,,,,,,,,,,,,,,,,,,,,,,,,,,,,,
2020,9,27,21,30,0,0,123.92,3.2,18.1,93.84,180,1.8,,,,,,,,,,,,,,,,,,,,,,,,,,,,,,,,,
2020,9,27,22,30,0,0,132.28,3.3000000000000003,17.5,94.74,181,1.6,,,,,,,,,,,,,,,,,,,,,,,,,,,,,,,,,
2020,9,27,23,30,0,0,138.01,3.3000000000000003,17,95.52,6,1.6,,,,,,,,,,,,,,,,,,,,,,,,,,,,,,,,,
2020,9,28,0,30,0,0,139.89000000000001,3.3000000000000003,16.5,96.5,16,1.6,,,,,,,,,,,,,,,,,,,,,,,,,,,,,,,,,
2020,9,28,1,30,0,0,137.4,3.3000000000000003,16.1,97,23,1.6,,,,,,,,,,,,,,,,,,,,,,,,,,,,,,,,,
2020,9,28,2,30,0,0,131.22,3.3000000000000003,15.9,97.60000000000001,21,1.3,,,,,,,,,,,,,,,,,,,,,,,,,,,,,,,,,
2020,9,28,3,30,0,0,122.59,3.4000000000000004,15.8,98.4,11,1.1,,,,,,,,,,,,,,,,,,,,,,,,,,,,,,,,,
2020,9,28,4,30,0,0,112.55,3.4000000000000004,15.600000000000001,99.26,181,1.3,,,,,,,,,,,,,,,,,,,,,,,,,,,,,,,,,
2020,9,28,5,30,0,0,101.76,3.4000000000000004,15.3,99.9,357,1.5,,,,,,,,,,,,,,,,,,,,,,,,,,,,,,,,,
2020,9,28,6,30,1,0,90.14,3.3000000000000003,15.200000000000001,98.72,353,1.7000000000000002,,,,,,,,,,,,,,,,,,,,,,,,,,,,,,,,,
2020,9,28,7,30,16,0,79.65,3.3000000000000003,15.3,97.42,351,1.8,,,,,,,,,,,,,,,,,,,,,,,,,,,,,,,,,
2020,9,28,8,30,16,0,69.17,3.4000000000000004,15.700000000000001,94.58,349,1.6,,,,,,,,,,,,,,,,,,,,,,,,,,,,,,,,,
2020,9,28,9,30,73,0,59.620000000000005,3.4000000000000004,16.3,91.17,343,1.3,,,,,,,,,,,,,,,,,,,,,,,,,,,,,,,,,
2020,9,28,10,30,47,0,51.7,3.5,17,88.33,346,1.1,,,,,,,,,,,,,,,,,,,,,,,,,,,,,,,,,
2020,9,28,11,30,30,0,46.39,3.5,17.6,85.99,316,1.1,,,,,,,,,,,,,,,,,,,,,,,,,,,,,,,,,
2020,9,28,12,30,34,0,44.7,3.5,17.6,86.42,285,2,,,,,,,,,,,,,,,,,,,,,,,,,,,,,,,,,
2020,9,28,13,30,68,0,47.03,3.4000000000000004,16.8,88.82000000000001,302,3.6,,,,,,,,,,,,,,,,,,,,,,,,,,,,,,,,,
2020,9,28,14,30,102,1,52.85,3.3000000000000003,15.600000000000001,88.37,316,4.800000000000001,,,,,,,,,,,,,,,,,,,,,,,,,,,,,,,,,
2020,9,28,15,30,53,1,61.1,3.2,14.4,86.09,314,5.2,,,,,,,,,,,,,,,,,,,,,,,,,,,,,,,,,
2020,9,28,16,30,23,0,70.85000000000001,3,13.600000000000001,84.31,305,4.7,,,,,,,,,,,,,,,,,,,,,,,,,,,,,,,,,
2020,9,28,17,30,11,0,81.43,2.6,12.700000000000001,87.41,296,3,,,,,,,,,,,,,,,,,,,,,,,,,,,,,,,,,
2020,9,28,18,30,0,0,92.56,2.2,11.700000000000001,94.25,279,1.7000000000000002,,,,,,,,,,,,,,,,,,,,,,,,,,,,,,,,,
2020,9,28,19,30,0,0,103.63,1.9000000000000001,11.100000000000001,96.16,252,1.8,,,,,,,,,,,,,,,,,,,,,,,,,,,,,,,,,
2020,9,28,20,30,0,0,114.36,1.6,10.700000000000001,96.94,233,2.3000000000000003,,,,,,,,,,,,,,,,,,,,,,,,,,,,,,,,,
2020,9,28,21,30,0,0,124.28,1.5,10.4,97.92,225,2.8000000000000003,,,,,,,,,,,,,,,,,,,,,,,,,,,,,,,,,
2020,9,28,22,30,0,0,132.66,1.5,10.200000000000001,98.94,227,3,,,,,,,,,,,,,,,,,,,,,,,,,,,,,,,,,
2020,9,28,23,30,0,0,138.41,1.6,10.100000000000001,99.66,234,3.2,,,,,,,,,,,,,,,,,,,,,,,,,,,,,,,,,
2020,9,29,0,30,0,0,140.28,1.6,10.100000000000001,99.95,242,3.1,,,,,,,,,,,,,,,,,,,,,,,,,,,,,,,,,
2020,9,29,1,30,0,0,137.74,1.6,10,100,249,3,,,,,,,,,,,,,,,,,,,,,,,,,,,,,,,,,
2020,9,29,2,30,0,0,131.51,1.6,9.9,100,255,2.9000000000000004,,,,,,,,,,,,,,,,,,,,,,,,,,,,,,,,,
2020,9,29,3,30,0,0,122.84,1.6,9.700000000000001,100,258,2.6,,,,,,,,,,,,,,,,,,,,,,,,,,,,,,,,,
2020,9,29,4,30,0,0,112.76,1.6,9.5,100,254,2.3000000000000003,,,,,,,,,,,,,,,,,,,,,,,,,,,,,,,,,
2020,9,29,5,30,0,0,101.97,1.5,9.3,100,248,2.2,,,,,,,,,,,,,,,,,,,,,,,,,,,,,,,,,
2020,9,29,6,30,6,55,90.9,1.5,9.700000000000001,97.93,245,2.5,,,,,,,,,,,,,,,,,,,,,,,,,,,,,,,,,
2020,9,29,7,30,41,562,79.85000000000001,1.5,11.100000000000001,91.59,243,3,,,,,,,,,,,,,,,,,,,,,,,,,,,,,,,,,
2020,9,29,8,30,57,767,69.4,1.5,13,84.74,244,3.3000000000000003,,,,,,,,,,,,,,,,,,,,,,,,,,,,,,,,,
2020,9,29,9,30,65,864,59.88,1.5,14.9,71.49,245,3.6,,,,,,,,,,,,,,,,,,,,,,,,,,,,,,,,,
2020,9,29,10,30,233,354,52.01,1.5,16.400000000000002,60.28,246,3.7,,,,,,,,,,,,,,,,,,,,,,,,,,,,,,,,,
2020,9,29,11,30,301,191,46.75,1.5,17.400000000000002,54.27,246,3.7,,,,,,,,,,,,,,,,,,,,,,,,,,,,,,,,,
2020,9,29,12,30,294,178,45.09,1.6,17.900000000000002,51.04,242,3.6,,,,,,,,,,,,,,,,,,,,,,,,,,,,,,,,,
2020,9,29,13,30,255,23,47.43,1.6,18.1,49.410000000000004,240,3.6,,,,,,,,,,,,,,,,,,,,,,,,,,,,,,,,,
2020,9,29,14,30,196,15,53.230000000000004,1.7000000000000002,17.6,50.5,238,3.6,,,,,,,,,,,,,,,,,,,,,,,,,,,,,,,,,
2020,9,29,15,30,213,63,61.46,1.7000000000000002,16.5,54.050000000000004,241,2.9000000000000004,,,,,,,,,,,,,,,,,,,,,,,,,,,,,,,,,
2020,9,29,16,30,134,168,71.19,1.7000000000000002,15.3,61.85,247,2,,,,,,,,,,,,,,,,,,,,,,,,,,,,,,,,,
2020,9,29,17,30,62,14,81.76,1.7000000000000002,14.100000000000001,73.95,251,1.5,,,,,,,,,,,,,,,,,,,,,,,,,,,,,,,,,
2020,9,29,18,30,0,0,92.88,1.7000000000000002,13,81.34,255,1.4000000000000001,,,,,,,,,,,,,,,,,,,,,,,,,,,,,,,,,
2020,9,29,19,30,0,0,103.95,1.6,12.200000000000001,83.93,263,1.6,,,,,,,,,,,,,,,,,,,,,,,,,,,,,,,,,
2020,9,29,20,30,0,0,114.7,1.6,11.600000000000001,85.63,272,2.1,,,,,,,,,,,,,,,,,,,,,,,,,,,,,,,,,
2020,9,29,21,30,0,0,124.64,1.5,10.9,88.42,276,2.3000000000000003,,,,,,,,,,,,,,,,,,,,,,,,,,,,,,,,,
2020,9,29,22,30,0,0,133.04,1.4000000000000001,10.100000000000001,91.77,272,2.3000000000000003,,,,,,,,,,,,,,,,,,,,,,,,,,,,,,,,,
2020,9,29,23,30,0,0,138.8,1.3,9.200000000000001,95.24,265,2.1,,,,,,,,,,,,,,,,,,,,,,,,,,,,,,,,,
2020,9,30,0,30,0,0,140.67000000000002,1.4000000000000001,8.700000000000001,96.5,254,2.2,,,,,,,,,,,,,,,,,,,,,,,,,,,,,,,,,
2020,9,30,1,30,0,0,138.09,1.5,8.5,96.58,243,2.5,,,,,,,,,,,,,,,,,,,,,,,,,,,,,,,,,
2020,9,30,2,30,0,0,131.8,1.7000000000000002,8.5,96.57000000000001,236,3,,,,,,,,,,,,,,,,,,,,,,,,,,,,,,,,,
2020,9,30,3,30,0,0,123.08,1.8,8.700000000000001,95.86,234,3.5,,,,,,,,,,,,,,,,,,,,,,,,,,,,,,,,,
2020,9,30,4,30,0,0,112.98,1.9000000000000001,8.9,96.49000000000001,231,3.9000000000000004,,,,,,,,,,,,,,,,,,,,,,,,,,,,,,,,,
2020,9,30,5,30,0,0,102.17,1.8,8.8,97.89,224,4,,,,,,,,,,,,,,,,,,,,,,,,,,,,,,,,,
2020,9,30,6,30,2,0,91.10000000000001,1.8,8.9,96.34,219,4.4,,,,,,,,,,,,,,,,,,,,,,,,,,,,,,,,,
2020,9,30,7,30,37,0,80.06,1.9000000000000001,9.600000000000001,92.34,217,5.2,,,,,,,,,,,,,,,,,,,,,,,,,,,,,,,,,
2020,9,30,8,30,31,0,69.63,2,10.700000000000001,88.51,211,5.6000000000000005,,,,,,,,,,,,,,,,,,,,,,,,,,,,,,,,,
2020,9,30,9,30,111,3,60.15,1.9000000000000001,12.200000000000001,81.9,207,6.1000000000000005,,,,,,,,,,,,,,,,,,,,,,,,,,,,,,,,,
2020,9,30,10,30,262,308,52.32,1.8,14.3,72.05,216,7,,,,,,,,,,,,,,,,,,,,,,,,,,,,,,,,,
2020,9,30,11,30,244,144,47.1,1.7000000000000002,16.2,63.730000000000004,237,7.4,,,,,,,,,,,,,,,,,,,,,,,,,,,,,,,,,
2020,9,30,12,30,305,313,45.480000000000004,1.7000000000000002,17.5,59.72,255,7.7,,,,,,,,,,,,,,,,,,,,,,,,,,,,,,,,,
2020,9,30,13,30,126,0,47.83,1.7000000000000002,18.1,54.480000000000004,263,7.6000000000000005,,,,,,,,,,,,,,,,,,,,,,,,,,,,,,,,,
2020,9,30,14,30,67,0,53.61,1.8,17.5,54.28,265,6.800000000000001,,,,,,,,,,,,,,,,,,,,,,,,,,,,,,,,,
2020,9,30,15,30,79,36,61.81,1.9000000000000001,16.3,60.99,266,5.6000000000000005,,,,,,,,,,,,,,,,,,,,,,,,,,,,,,,,,
2020,9,30,16,30,90,552,71.53,1.9000000000000001,15.100000000000001,70.05,268,4.5,,,,,,,,,,,,,,,,,,,,,,,,,,,,,,,,,
2020,9,30,17,30,43,18,82.08,1.8,13.700000000000001,80.45,271,4,,,,,,,,,,,,,,,,,,,,,,,,,,,,,,,,,
2020,9,30,18,30,0,0,93.21000000000001,1.8,12.3,89.35000000000001,275,4.1000000000000005,,,,,,,,,,,,,,,,,,,,,,,,,,,,,,,,,
2020,9,30,19,30,0,0,104.15,1,13,62.1,204,2.7,,,,,,,,,,,,,,,,,,,,,,,,,,,,,,,,,
2020,9,30,20,30,0,0,114.91,1.1,12.3,68.31,206,2.7,,,,,,,,,,,,,,,,,,,,,,,,,,,,,,,,,
2020,9,30,21,30,0,0,124.86,1.2000000000000002,11.5,75,207,2.6,,,,,,,,,,,,,,,,,,,,,,,,,,,,,,,,,
2020,9,30,22,30,0,0,133.28,1.2000000000000002,10.9,79.82000000000001,208,2.5,,,,,,,,,,,,,,,,,,,,,,,,,,,,,,,,,
2020,9,30,23,30,0,0,139.06,1.3,10.4,82.92,209,2.4000000000000004,,,,,,,,,,,,,,,,,,,,,,,,,,,,,,,,,
2005,10,1,0,30,0,0,140.92000000000002,1.5,10,84.85000000000001,210,2.4000000000000004,,,,,,,,,,,,,,,,,,,,,,,,,,,,,,,,,
2005,10,1,1,30,0,0,138.32,1.6,9.600000000000001,86.54,211,2.3000000000000003,,,,,,,,,,,,,,,,,,,,,,,,,,,,,,,,,
2005,10,1,2,30,0,0,132,1.9000000000000001,9.3,87.61,211,2.2,,,,,,,,,,,,,,,,,,,,,,,,,,,,,,,,,
2005,10,1,3,30,0,0,123.25,2,9.4,86.22,212,2.2,,,,,,,,,,,,,,,,,,,,,,,,,,,,,,,,,
2005,10,1,4,30,0,0,113.13,2.2,9.700000000000001,83.99,210,2.2,,,,,,,,,,,,,,,,,,,,,,,,,,,,,,,,,
2005,10,1,5,30,0,0,102.31,2.2,10,81.86,208,2.3000000000000003,,,,,,,,,,,,,,,,,,,,,,,,,,,,,,,,,
2005,10,1,6,30,0,0,91.24,2.2,10.4,79.14,210,2.8000000000000003,,,,,,,,,,,,,,,,,,,,,,,,,,,,,,,,,
2005,10,1,7,30,42,517,80.2,2.1,11.8,71.84,211,3,,,,,,,,,,,,,,,,,,,,,,,,,,,,,,,,,
2005,10,1,8,30,61,732,69.78,2,14.600000000000001,60.6,210,3,,,,,,,,,,,,,,,,,,,,,,,,,,,,,,,,,
2005,10,1,9,30,71,837,60.31,1.9000000000000001,18.400000000000002,48.14,214,3.3000000000000003,,,,,,,,,,,,,,,,,,,,,,,,,,,,,,,,,
2005,10,1,10,30,76,894,52.51,1.8,21.400000000000002,37.74,216,3.8000000000000003,,,,,,,,,,,,,,,,,,,,,,,,,,,,,,,,,
2005,10,1,11,30,80,919,47.32,1.8,23,34.17,213,3.9000000000000004,,,,,,,,,,,,,,,,,,,,,,,,,,,,,,,,,
2005,10,1,12,30,81,926,45.72,1.8,24.1,31.87,215,4,,,,,,,,,,,,,,,,,,,,,,,,,,,,,,,,,
2005,10,1,13,30,80,915,48.06,1.8,24.900000000000002,30.51,218,3.9000000000000004,,,,,,,,,,,,,,,,,,,,,,,,,,,,,,,,,
2005,10,1,14,30,76,882,53.84,1.9000000000000001,25.1,30.38,219,3.5,,,,,,,,,,,,,,,,,,,,,,,,,,,,,,,,,
2005,10,1,15,30,69,826,62.03,1.9000000000000001,24.8,31.560000000000002,216,2.9000000000000004,,,,,,,,,,,,,,,,,,,,,,,,,,,,,,,,,
2005,10,1,16,30,57,715,71.74,1.9000000000000001,23.1,37.46,207,2,,,,,,,,,,,,,,,,,,,,,,,,,,,,,,,,,
2005,10,1,17,30,35,473,82.27,2,19.700000000000003,59.58,196,1.4000000000000001,,,,,,,,,,,,,,,,,,,,,,,,,,,,,,,,,
2005,10,1,18,30,0,0,93.4,2,17.1,66.8,192,1.5,,,,,,,,,,,,,,,,,,,,,,,,,,,,,,,,,
2005,10,1,19,30,0,0,104.48,2.1,16.2,68.29,195,1.7000000000000002,,,,,,,,,,,,,,,,,,,,,,,,,,,,,,,,,
2005,10,1,20,30,0,0,115.24000000000001,2.1,15.5,71.01,198,1.7000000000000002,,,,,,,,,,,,,,,,,,,,,,,,,,,,,,,,,
2005,10,1,21,30,0,0,125.21000000000001,2.1,14.9,74.10000000000001,202,1.6,,,,,,,,,,,,,,,,,,,,,,,,,,,,,,,,,
2005,10,1,22,30,0,0,133.66,2.1,14.3,77.65,203,1.5,,,,,,,,,,,,,,,,,,,,,,,,,,,,,,,,,
2005,10,1,23,30,0,0,139.46,2.2,13.9,79.97,202,1.3,,,,,,,,,,,,,,,,,,,,,,,,,,,,,,,,,
2005,10,2,0,30,0,0,141.31,2.2,13.5,82.07000000000001,194,1.3,,,,,,,,,,,,,,,,,,,,,,,,,,,,,,,,,
2005,10,2,1,30,0,0,138.66,2.2,13.100000000000001,84.44,182,1.2000000000000002,,,,,,,,,,,,,,,,,,,,,,,,,,,,,,,,,
2005,10,2,2,30,0,0,132.29,2.2,12.700000000000001,87.58,171,1.3,,,,,,,,,,,,,,,,,,,,,,,,,,,,,,,,,
2005,10,2,3,30,0,0,123.5,2.2,12.4,91.03,164,1.3,,,,,,,,,,,,,,,,,,,,,,,,,,,,,,,,,
2005,10,2,4,30,0,0,113.35000000000001,2.2,12,95.38,164,1.4000000000000001,,,,,,,,,,,,,,,,,,,,,,,,,,,,,,,,,
2005,10,2,5,30,0,0,102.51,2.2,11.700000000000001,98.73,170,1.4000000000000001,,,,,,,,,,,,,,,,,,,,,,,,,,,,,,,,,
2005,10,2,6,30,0,0,91.44,2.3000000000000003,12.5,94.02,177,1.6,,,,,,,,,,,,,,,,,,,,,,,,,,,,,,,,,
2005,10,2,7,30,81,11,80.41,2.4000000000000004,14.700000000000001,82.15,179,2.2,,,,,,,,,,,,,,,,,,,,,,,,,,,,,,,,,
2005,10,2,8,30,185,99,70.01,2.6,17.5,69.27,173,2.5,,,,,,,,,,,,,,,,,,,,,,,,,,,,,,,,,
2005,10,2,9,30,92,748,60.58,2.8000000000000003,21.1,58.28,179,2.7,,,,,,,,,,,,,,,,,,,,,,,,,,,,,,,,,
2005,10,2,10,30,323,219,52.82,3.1,24.400000000000002,54.6,195,3.1,,,,,,,,,,,,,,,,,,,,,,,,,,,,,,,,,
2005,10,2,11,30,355,258,47.68,3.2,26.200000000000003,55.07,199,3.4000000000000004,,,,,,,,,,,,,,,,,,,,,,,,,,,,,,,,,
2005,10,2,12,30,251,463,46.1,3.2,27.1,54.94,196,3.6,,,,,,,,,,,,,,,,,,,,,,,,,,,,,,,,,
2005,10,2,13,30,367,182,48.46,3.3000000000000003,27.400000000000002,56.03,193,3.7,,,,,,,,,,,,,,,,,,,,,,,,,,,,,,,,,
2005,10,2,14,30,210,482,54.21,3.4000000000000004,27.1,58.71,188,3.6,,,,,,,,,,,,,,,,,,,,,,,,,,,,,,,,,
2005,10,2,15,30,195,387,62.38,3.4000000000000004,26.400000000000002,63.04,181,3.4000000000000004,,,,,,,,,,,,,,,,,,,,,,,,,,,,,,,,,
2005,10,2,16,30,143,9,72.07000000000001,3.4000000000000004,25.1,70.47,172,2.8000000000000003,,,,,,,,,,,,,,,,,,,,,,,,,,,,,,,,,
2005,10,2,17,30,64,23,82.59,3.5,23.200000000000003,81.44,165,2.3000000000000003,,,,,,,,,,,,,,,,,,,,,,,,,,,,,,,,,
2005,10,2,18,30,0,0,93.72,3.6,21.900000000000002,86.89,163,2.5,,,,,,,,,,,,,,,,,,,,,,,,,,,,,,,,,
2005,10,2,19,30,0,0,104.8,3.8000000000000003,21.200000000000003,89.76,164,2.8000000000000003,,,,,,,,,,,,,,,,,,,,,,,,,,,,,,,,,
2005,10,2,20,30,0,0,115.57000000000001,4.1000000000000005,20.700000000000003,92.28,172,2.9000000000000004,,,,,,,,,,,,,,,,,,,,,,,,,,,,,,,,,
2005,10,2,21,30,0,0,125.56,4.3,20.5,93.4,187,3.3000000000000003,,,,,,,,,,,,,,,,,,,,,,,,,,,,,,,,,
2005,10,2,22,30,0,0,134.03,4.3,20.3,93.95,198,3.2,,,,,,,,,,,,,,,,,,,,,,,,,,,,,,,,,
2005,10,2,23,30,0,0,139.85,4.2,19.900000000000002,95.59,199,2.5,,,,,,,,,,,,,,,,,,,,,,,,,,,,,,,,,
2005,10,3,0,30,0,0,141.69,4.1000000000000005,19.6,95.89,194,2.2,,,,,,,,,,,,,,,,,,,,,,,,,,,,,,,,,
2005,10,3,1,30,0,0,139,4.1000000000000005,19.3,95.74000000000001,190,2.4000000000000004,,,,,,,,,,,,,,,,,,,,,,,,,,,,,,,,,
2005,10,3,2,30,0,0,132.57,4.1000000000000005,19,95.89,192,2.4000000000000004,,,,,,,,,,,,,,,,,,,,,,,,,,,,,,,,,
2005,10,3,3,30,0,0,123.74000000000001,4.2,18.6,96.77,195,2.2,,,,,,,,,,,,,,,,,,,,,,,,,,,,,,,,,
2005,10,3,4,30,0,0,113.56,4.2,18.2,98.02,196,2.1,,,,,,,,,,,,,,,,,,,,,,,,,,,,,,,,,
2005,10,3,5,30,0,0,102.71000000000001,4.2,17.900000000000002,98.76,194,2.1,,,,,,,,,,,,,,,,,,,,,,,,,,,,,,,,,
2005,10,3,6,30,0,0,91.64,4.2,18,97.22,191,2.5,,,,,,,,,,,,,,,,,,,,,,,,,,,,,,,,,
2005,10,3,7,30,43,0,80.62,4.2,18.8,92.74,186,2.9000000000000004,,,,,,,,,,,,,,,,,,,,,,,,,,,,,,,,,
2005,10,3,8,30,183,80,70.25,4.1000000000000005,20.5,85,180,3.1,,,,,,,,,,,,,,,,,,,,,,,,,,,,,,,,,
2005,10,3,9,30,113,663,60.85,4,23.200000000000003,73.95,185,3.3000000000000003,,,,,,,,,,,,,,,,,,,,,,,,,,,,,,,,,
2005,10,3,10,30,248,357,53.13,4,26.200000000000003,61.58,200,3.7,,,,,,,,,,,,,,,,,,,,,,,,,,,,,,,,,
2005,10,3,11,30,257,388,48.04,4,28.1,53.300000000000004,207,3.9000000000000004,,,,,,,,,,,,,,,,,,,,,,,,,,,,,,,,,
2005,10,3,12,30,263,438,46.49,4,28.8,50.13,206,3.9000000000000004,,,,,,,,,,,,,,,,,,,,,,,,,,,,,,,,,
2005,10,3,13,30,267,343,48.85,4.1000000000000005,28.8,49.18,205,3.8000000000000003,,,,,,,,,,,,,,,,,,,,,,,,,,,,,,,,,
2005,10,3,14,30,268,246,54.59,4.2,28.3,49.95,204,3.6,,,,,,,,,,,,,,,,,,,,,,,,,,,,,,,,,
2005,10,3,15,30,208,268,62.74,4.2,27.5,52.56,203,2.9000000000000004,,,,,,,,,,,,,,,,,,,,,,,,,,,,,,,,,
2005,10,3,16,30,90,481,72.41,4.2,26,60.120000000000005,200,2.1,,,,,,,,,,,,,,,,,,,,,,,,,,,,,,,,,
2005,10,3,17,30,45,227,82.91,4.2,24.1,72.45,195,1.6,,,,,,,,,,,,,,,,,,,,,,,,,,,,,,,,,
2005,10,3,18,30,0,0,94.04,4.2,22.8,77.43,189,1.7000000000000002,,,,,,,,,,,,,,,,,,,,,,,,,,,,,,,,,
2005,10,3,19,30,0,0,105.12,4.2,22.3,79.11,186,1.9000000000000001,,,,,,,,,,,,,,,,,,,,,,,,,,,,,,,,,
2005,10,3,20,30,0,0,115.9,4.1000000000000005,21.900000000000002,80.93,189,2.1,,,,,,,,,,,,,,,,,,,,,,,,,,,,,,,,,
2005,10,3,21,30,0,0,125.91,4.1000000000000005,21.3,84.17,195,2,,,,,,,,,,,,,,,,,,,,,,,,,,,,,,,,,
2005,10,3,22,30,0,0,134.41,4,20.700000000000003,87.11,200,1.8,,,,,,,,,,,,,,,,,,,,,,,,,,,,,,,,,
2005,10,3,23,30,0,0,140.24,3.9000000000000004,20.200000000000003,88.77,202,1.7000000000000002,,,,,,,,,,,,,,,,,,,,,,,,,,,,,,,,,
2005,10,4,0,30,0,0,142.08,3.7,19.8,89.06,203,1.8,,,,,,,,,,,,,,,,,,,,,,,,,,,,,,,,,
2005,10,4,1,30,0,0,139.34,3.6,19.400000000000002,89.34,206,1.9000000000000001,,,,,,,,,,,,,,,,,,,,,,,,,,,,,,,,,
2005,10,4,2,30,0,0,132.86,3.6,19,89.75,208,1.9000000000000001,,,,,,,,,,,,,,,,,,,,,,,,,,,,,,,,,
2005,10,4,3,30,0,0,123.99000000000001,3.5,18.5,90.91,210,1.8,,,,,,,,,,,,,,,,,,,,,,,,,,,,,,,,,
2005,10,4,4,30,0,0,113.78,3.5,18.1,91.8,210,1.6,,,,,,,,,,,,,,,,,,,,,,,,,,,,,,,,,
2005,10,4,5,30,0,0,102.92,3.5,17.8,92.23,208,1.5,,,,,,,,,,,,,,,,,,,,,,,,,,,,,,,,,
2005,10,4,6,30,0,0,91.85000000000001,3.5,17.900000000000002,90.36,205,1.8,,,,,,,,,,,,,,,,,,,,,,,,,,,,,,,,,
2005,10,4,7,30,53,338,80.83,3.5,19.1,83.29,200,2.2,,,,,,,,,,,,,,,,,,,,,,,,,,,,,,,,,
2005,10,4,8,30,88,565,70.48,3.5,21.3,72.9,193,2.2,,,,,,,,,,,,,,,,,,,,,,,,,,,,,,,,,
2005,10,4,9,30,108,685,61.120000000000005,3.4000000000000004,24.700000000000003,61.38,201,2.1,,,,,,,,,,,,,,,,,,,,,,,,,,,,,,,,,
2005,10,4,10,30,122,743,53.45,3.4000000000000004,27.700000000000003,52.24,205,2,,,,,,,,,,,,,,,,,,,,,,,,,,,,,,,,,
2005,10,4,11,30,127,781,48.4,3.3000000000000003,29.1,47.9,187,2.2,,,,,,,,,,,,,,,,,,,,,,,,,,,,,,,,,
2005,10,4,12,30,127,792,46.88,3.3000000000000003,29.8,45.160000000000004,173,2.7,,,,,,,,,,,,,,,,,,,,,,,,,,,,,,,,,
2005,10,4,13,30,140,748,49.24,3.2,29.900000000000002,44.03,167,3.2,,,,,,,,,,,,,,,,,,,,,,,,,,,,,,,,,
2005,10,4,14,30,129,713,54.97,3.2,29.6,43.86,164,3.5,,,,,,,,,,,,,,,,,,,,,,,,,,,,,,,,,
2005,10,4,15,30,113,642,63.09,3.2,28.8,45.28,163,3.6,,,,,,,,,,,,,,,,,,,,,,,,,,,,,,,,,
2005,10,4,16,30,86,513,72.74,3.1,27,50.49,161,3.1,,,,,,,,,,,,,,,,,,,,,,,,,,,,,,,,,
2005,10,4,17,30,42,258,83.23,3.1,24.200000000000003,62.85,158,2.4000000000000004,,,,,,,,,,,,,,,,,,,,,,,,,,,,,,,,,
2005,10,4,18,30,0,0,94.35000000000001,3.1,22,72.53,158,2.2,,,,,,,,,,,,,,,,,,,,,,,,,,,,,,,,,
2005,10,4,19,30,0,0,105.43,3,21,76.18,160,2.2,,,,,,,,,,,,,,,,,,,,,,,,,,,,,,,,,
2005,10,4,20,30,0,0,116.23,3,20.1,80.53,163,2.2,,,,,,,,,,,,,,,,,,,,,,,,,,,,,,,,,
2005,10,4,21,30,0,0,126.26,3,19.5,83.67,167,2.2,,,,,,,,,,,,,,,,,,,,,,,,,,,,,,,,,
2005,10,4,22,30,0,0,134.78,2.9000000000000004,18.900000000000002,86.69,173,2,,,,,,,,,,,,,,,,,,,,,,,,,,,,,,,,,
2005,10,4,23,30,0,0,140.63,2.8000000000000003,18.3,89.17,179,1.9000000000000001,,,,,,,,,,,,,,,,,,,,,,,,,,,,,,,,,
2005,10,5,0,30,0,0,142.46,2.7,17.8,90.54,183,1.8,,,,,,,,,,,,,,,,,,,,,,,,,,,,,,,,,
2005,10,5,1,30,0,0,139.68,2.6,17.2,92.04,185,1.7000000000000002,,,,,,,,,,,,,,,,,,,,,,,,,,,,,,,,,
2005,10,5,2,30,0,0,133.15,2.5,16.7,92.82000000000001,186,1.7000000000000002,,,,,,,,,,,,,,,,,,,,,,,,,,,,,,,,,
2005,10,5,3,30,0,0,124.23,2.5,16.1,94.25,186,1.7000000000000002,,,,,,,,,,,,,,,,,,,,,,,,,,,,,,,,,
2005,10,5,4,30,0,0,114,2.4000000000000004,15.600000000000001,95.24,186,1.8,,,,,,,,,,,,,,,,,,,,,,,,,,,,,,,,,
2005,10,5,5,30,0,0,103.12,2.4000000000000004,15.100000000000001,96.42,187,1.9000000000000001,,,,,,,,,,,,,,,,,,,,,,,,,,,,,,,,,
2005,10,5,6,30,0,0,92.05,2.4000000000000004,15.4,92.94,188,2.3000000000000003,,,,,,,,,,,,,,,,,,,,,,,,,,,,,,,,,
2005,10,5,7,30,52,355,81.04,2.4000000000000004,16.900000000000002,83.74,187,2.8000000000000003,,,,,,,,,,,,,,,,,,,,,,,,,,,,,,,,,
2005,10,5,8,30,89,578,70.72,2.4000000000000004,19.5,71.52,184,2.8000000000000003,,,,,,,,,,,,,,,,,,,,,,,,,,,,,,,,,
2005,10,5,9,30,111,695,61.39,2.4000000000000004,23,59.11,190,2.9000000000000004,,,,,,,,,,,,,,,,,,,,,,,,,,,,,,,,,
2005,10,5,10,30,141,718,53.76,2.4000000000000004,26.3,48.85,199,3.1,,,,,,,,,,,,,,,,,,,,,,,,,,,,,,,,,
2005,10,5,11,30,148,757,48.75,2.3000000000000003,28,44.63,194,3.1,,,,,,,,,,,,,,,,,,,,,,,,,,,,,,,,,
2005,10,5,12,30,147,774,47.27,2.3000000000000003,28.700000000000003,42.51,186,3.3000000000000003,,,,,,,,,,,,,,,,,,,,,,,,,,,,,,,,,
2005,10,5,13,30,164,717,49.63,2.3000000000000003,28.8,41.160000000000004,181,3.5,,,,,,,,,,,,,,,,,,,,,,,,,,,,,,,,,
2005,10,5,14,30,151,679,55.34,2.3000000000000003,28.5,40.72,178,3.7,,,,,,,,,,,,,,,,,,,,,,,,,,,,,,,,,
2005,10,5,15,30,130,602,63.440000000000005,2.3000000000000003,27.6,42.300000000000004,175,3.7,,,,,,,,,,,,,,,,,,,,,,,,,,,,,,,,,
2005,10,5,16,30,104,434,73.07000000000001,2.2,25.900000000000002,47.230000000000004,172,3,,,,,,,,,,,,,,,,,,,,,,,,,,,,,,,,,
2005,10,5,17,30,45,191,83.54,2.2,23.200000000000003,59.79,170,2.4000000000000004,,,,,,,,,,,,,,,,,,,,,,,,,,,,,,,,,
2005,10,5,18,30,0,0,94.66,2.2,21.200000000000003,67.86,174,2.5,,,,,,,,,,,,,,,,,,,,,,,,,,,,,,,,,
2005,10,5,19,30,0,0,105.75,2.2,20.5,70.51,179,2.7,,,,,,,,,,,,,,,,,,,,,,,,,,,,,,,,,
2005,10,5,20,30,0,0,116.56,2.1,19.8,74.07000000000001,183,2.9000000000000004,,,,,,,,,,,,,,,,,,,,,,,,,,,,,,,,,
2005,10,5,21,30,0,0,126.61,2.1,19.1,77.85000000000001,187,3.2,,,,,,,,,,,,,,,,,,,,,,,,,,,,,,,,,
2005,10,5,22,30,0,0,135.15,2,18.6,80.36,190,3.4000000000000004,,,,,,,,,,,,,,,,,,,,,,,,,,,,,,,,,
2005,10,5,23,30,0,0,141.02,1.9000000000000001,18,83.07000000000001,195,3.5,,,,,,,,,,,,,,,,,,,,,,,,,,,,,,,,,
2005,10,6,0,30,0,0,142.84,1.9000000000000001,17.400000000000002,85.43,202,3.5,,,,,,,,,,,,,,,,,,,,,,,,,,,,,,,,,
2005,10,6,1,30,0,0,140.02,1.9000000000000001,16.900000000000002,86.73,206,3.3000000000000003,,,,,,,,,,,,,,,,,,,,,,,,,,,,,,,,,
2005,10,6,2,30,0,0,133.44,2,16.400000000000002,87.63,206,3.2,,,,,,,,,,,,,,,,,,,,,,,,,,,,,,,,,
2005,10,6,3,30,0,0,124.48,2.1,16,87.97,203,3.3000000000000003,,,,,,,,,,,,,,,,,,,,,,,,,,,,,,,,,
2005,10,6,4,30,0,0,114.22,2.2,15.700000000000001,88.43,202,3.4000000000000004,,,,,,,,,,,,,,,,,,,,,,,,,,,,,,,,,
2005,10,6,5,30,0,0,103.33,2.2,15.3,90.35000000000001,206,3.5,,,,,,,,,,,,,,,,,,,,,,,,,,,,,,,,,
2005,10,6,6,30,0,0,92.25,2.3000000000000003,15.3,90.56,214,3.6,,,,,,,,,,,,,,,,,,,,,,,,,,,,,,,,,
2005,10,6,7,30,50,366,81.26,2.3000000000000003,16.6,84.09,224,3.7,,,,,,,,,,,,,,,,,,,,,,,,,,,,,,,,,
2005,10,6,8,30,151,10,70.96000000000001,2.4000000000000004,19.3,72.43,235,3.8000000000000003,,,,,,,,,,,,,,,,,,,,,,,,,,,,,,,,,
2005,10,6,9,30,99,725,61.660000000000004,2.5,22,62.27,244,4.1000000000000005,,,,,,,,,,,,,,,,,,,,,,,,,,,,,,,,,
2005,10,6,10,30,113,780,54.07,2.5,23.8,57.53,249,4.5,,,,,,,,,,,,,,,,,,,,,,,,,,,,,,,,,
2005,10,6,11,30,120,806,49.11,2.7,24.700000000000003,55.480000000000004,251,4.9,,,,,,,,,,,,,,,,,,,,,,,,,,,,,,,,,
2005,10,6,12,30,338,64,47.65,2.8000000000000003,24.8,55.1,255,5.1000000000000005,,,,,,,,,,,,,,,,,,,,,,,,,,,,,,,,,
2005,10,6,13,30,230,1,50.02,2.9000000000000004,24.200000000000003,55.79,260,5.2,,,,,,,,,,,,,,,,,,,,,,,,,,,,,,,,,
2005,10,6,14,30,264,30,55.71,3,22.900000000000002,58.07,265,5.2,,,,,,,,,,,,,,,,,,,,,,,,,,,,,,,,,
2005,10,6,15,30,124,0,63.79,3.1,21.1,60.78,271,5.1000000000000005,,,,,,,,,,,,,,,,,,,,,,,,,,,,,,,,,
2005,10,6,16,30,70,574,73.4,3.1,18.900000000000002,63.25,277,4.9,,,,,,,,,,,,,,,,,,,,,,,,,,,,,,,,,
2005,10,6,17,30,48,2,83.85000000000001,3.1,16.6,64.09,286,4.6000000000000005,,,,,,,,,,,,,,,,,,,,,,,,,,,,,,,,,
2005,10,6,18,30,0,0,94.98,3,14.700000000000001,61.82,297,4.7,,,,,,,,,,,,,,,,,,,,,,,,,,,,,,,,,
2005,10,6,19,30,0,0,106.06,2.9000000000000004,13.200000000000001,59.64,309,4.9,,,,,,,,,,,,,,,,,,,,,,,,,,,,,,,,,
2005,10,6,20,30,0,0,116.88,2.8000000000000003,11.8,60.72,318,4.7,,,,,,,,,,,,,,,,,,,,,,,,,,,,,,,,,
2005,10,6,21,30,0,0,126.95,2.7,10.700000000000001,62.77,326,4.6000000000000005,,,,,,,,,,,,,,,,,,,,,,,,,,,,,,,,,
2005,10,6,22,30,0,0,135.52,2.6,9.9,64.58,335,4.4,,,,,,,,,,,,,,,,,,,,,,,,,,,,,,,,,
2005,10,6,23,30,0,0,141.41,2.5,9.3,66.57000000000001,342,4,,,,,,,,,,,,,,,,,,,,,,,,,,,,,,,,,
2005,10,7,0,30,0,0,143.22,2.4000000000000004,8.9,69.38,348,3.4000000000000004,,,,,,,,,,,,,,,,,,,,,,,,,,,,,,,,,
2005,10,7,1,30,0,0,140.36,2.3000000000000003,8.6,72.73,354,2.7,,,,,,,,,,,,,,,,,,,,,,,,,,,,,,,,,
2005,10,7,2,30,0,0,133.72,2.3000000000000003,8.4,75.9,179,2.2,,,,,,,,,,,,,,,,,,,,,,,,,,,,,,,,,
2005,10,7,3,30,0,0,124.72,2.3000000000000003,8.4,77.85000000000001,2,2,,,,,,,,,,,,,,,,,,,,,,,,,,,,,,,,,
2005,10,7,4,30,0,0,114.43,2.3000000000000003,8.3,80.17,1,2.1,,,,,,,,,,,,,,,,,,,,,,,,,,,,,,,,,
2005,10,7,5,30,0,0,103.53,2.2,8.1,82,180,2.4000000000000004,,,,,,,,,,,,,,,,,,,,,,,,,,,,,,,,,
2005,10,7,6,30,0,0,92.46000000000001,2,8.3,81.43,182,2.9000000000000004,,,,,,,,,,,,,,,,,,,,,,,,,,,,,,,,,
2005,10,7,7,30,62,11,81.47,1.9000000000000001,9.5,75.91,10,3.8000000000000003,,,,,,,,,,,,,,,,,,,,,,,,,,,,,,,,,
2005,10,7,8,30,152,59,71.19,1.8,11.4,67.44,19,4.5,,,,,,,,,,,,,,,,,,,,,,,,,,,,,,,,,
2005,10,7,9,30,214,122,61.93,1.7000000000000002,13.100000000000001,59.86,21,4.6000000000000005,,,,,,,,,,,,,,,,,,,,,,,,,,,,,,,,,
2005,10,7,10,30,263,16,54.39,1.7000000000000002,14.5,54.45,19,4.4,,,,,,,,,,,,,,,,,,,,,,,,,,,,,,,,,
2005,10,7,11,30,284,8,49.47,1.8,15.600000000000001,50.620000000000005,17,4.3,,,,,,,,,,,,,,,,,,,,,,,,,,,,,,,,,
2005,10,7,12,30,289,51,48.04,1.8,16,49.17,14,4.4,,,,,,,,,,,,,,,,,,,,,,,,,,,,,,,,,
2005,10,7,13,30,218,15,50.410000000000004,1.9000000000000001,15.8,49.52,13,4.6000000000000005,,,,,,,,,,,,,,,,,,,,,,,,,,,,,,,,,
2005,10,7,14,30,260,24,56.08,2,15,51.410000000000004,12,5,,,,,,,,,,,,,,,,,,,,,,,,,,,,,,,,,
2005,10,7,15,30,150,1,64.14,2.1,13.700000000000001,54.83,12,5.300000000000001,,,,,,,,,,,,,,,,,,,,,,,,,,,,,,,,,
2005,10,7,16,30,62,0,73.73,2.2,12.100000000000001,59.17,13,5.5,,,,,,,,,,,,,,,,,,,,,,,,,,,,,,,,,
2005,10,7,17,30,23,0,84.16,2.2,10.4,64.3,13,5.5,,,,,,,,,,,,,,,,,,,,,,,,,,,,,,,,,
2005,10,7,18,30,0,0,95.28,2.2,9.1,68.43,14,5.4,,,,,,,,,,,,,,,,,,,,,,,,,,,,,,,,,
2005,10,7,19,30,0,0,106.37,2.1,8.3,71.26,13,5.2,,,,,,,,,,,,,,,,,,,,,,,,,,,,,,,,,
2005,10,7,20,30,0,0,117.2,2,7.800000000000001,73.62,11,4.7,,,,,,,,,,,,,,,,,,,,,,,,,,,,,,,,,
2005,10,7,21,30,0,0,127.29,1.9000000000000001,7.6000000000000005,75.28,11,4.3,,,,,,,,,,,,,,,,,,,,,,,,,,,,,,,,,
2005,10,7,22,30,0,0,135.89000000000001,1.8,7.6000000000000005,76.03,15,3.9000000000000004,,,,,,,,,,,,,,,,,,,,,,,,,,,,,,,,,
2005,10,7,23,30,0,0,141.8,1.7000000000000002,7.7,76.48,19,3.6,,,,,,,,,,,,,,,,,,,,,,,,,,,,,,,,,
2005,10,8,0,30,0,0,143.6,1.7000000000000002,7.800000000000001,76.93,22,3.6,,,,,,,,,,,,,,,,,,,,,,,,,,,,,,,,,
2005,10,8,1,30,0,0,140.69,1.6,7.9,77.10000000000001,23,3.8000000000000003,,,,,,,,,,,,,,,,,,,,,,,,,,,,,,,,,
2005,10,8,2,30,0,0,134,1.6,8.1,76.18,24,4.1000000000000005,,,,,,,,,,,,,,,,,,,,,,,,,,,,,,,,,
2005,10,8,3,30,0,0,124.96000000000001,1.6,8.200000000000001,75.26,25,4.2,,,,,,,,,,,,,,,,,,,,,,,,,,,,,,,,,
2005,10,8,4,30,0,0,114.65,1.6,8,75.81,25,4.3,,,,,,,,,,,,,,,,,,,,,,,,,,,,,,,,,
2005,10,8,5,30,0,0,103.74000000000001,1.6,7.6000000000000005,77.68,26,4.2,,,,,,,,,,,,,,,,,,,,,,,,,,,,,,,,,
2005,10,8,6,30,0,0,92.66,1.6,7.6000000000000005,77.58,28,4.4,,,,,,,,,,,,,,,,,,,,,,,,,,,,,,,,,
2005,10,8,7,30,42,448,81.68,1.6,8.1,74.16,31,4.9,,,,,,,,,,,,,,,,,,,,,,,,,,,,,,,,,
2005,10,8,8,30,74,0,71.43,1.6,9.200000000000001,66.94,31,5.2,,,,,,,,,,,,,,,,,,,,,,,,,,,,,,,,,
2005,10,8,9,30,136,0,62.2,1.6,10.600000000000001,60.19,30,5.1000000000000005,,,,,,,,,,,,,,,,,,,,,,,,,,,,,,,,,
2005,10,8,10,30,306,61,54.7,1.7000000000000002,12.100000000000001,54.51,29,5,,,,,,,,,,,,,,,,,,,,,,,,,,,,,,,,,
2005,10,8,11,30,354,95,49.82,1.8,13.5,50.07,28,4.9,,,,,,,,,,,,,,,,,,,,,,,,,,,,,,,,,
2005,10,8,12,30,372,151,48.42,2,14.5,47.4,26,4.9,,,,,,,,,,,,,,,,,,,,,,,,,,,,,,,,,
2005,10,8,13,30,353,121,50.79,2.1,14.9,46.74,24,5.1000000000000005,,,,,,,,,,,,,,,,,,,,,,,,,,,,,,,,,
2005,10,8,14,30,77,858,56.45,2.1,14.8,47.31,24,5.2,,,,,,,,,,,,,,,,,,,,,,,,,,,,,,,,,
2005,10,8,15,30,68,793,64.49,2.2,14,49.870000000000005,26,5.300000000000001,,,,,,,,,,,,,,,,,,,,,,,,,,,,,,,,,
2005,10,8,16,30,54,668,74.05,2.2,12.700000000000001,54.18,28,5.1000000000000005,,,,,,,,,,,,,,,,,,,,,,,,,,,,,,,,,
2005,10,8,17,30,21,0,84.47,2.1,10.8,61.35,28,4.5,,,,,,,,,,,,,,,,,,,,,,,,,,,,,,,,,
2005,10,8,18,30,0,0,95.59,2.1,9.1,69.74,25,3.8000000000000003,,,,,,,,,,,,,,,,,,,,,,,,,,,,,,,,,
2005,10,8,19,30,0,0,106.68,2,7.9,76.33,20,3.4000000000000004,,,,,,,,,,,,,,,,,,,,,,,,,,,,,,,,,
2005,10,8,20,30,0,0,117.52,2,7.1000000000000005,81.08,16,3.1,,,,,,,,,,,,,,,,,,,,,,,,,,,,,,,,,
2005,10,8,21,30,0,0,127.63000000000001,1.9000000000000001,6.5,85.31,14,2.9000000000000004,,,,,,,,,,,,,,,,,,,,,,,,,,,,,,,,,
2005,10,8,22,30,0,0,136.25,1.8,6.1000000000000005,88.34,17,2.9000000000000004,,,,,,,,,,,,,,,,,,,,,,,,,,,,,,,,,
2005,10,8,23,30,0,0,142.18,1.7000000000000002,5.9,90.01,23,2.9000000000000004,,,,,,,,,,,,,,,,,,,,,,,,,,,,,,,,,
2005,10,9,0,30,0,0,143.98,1.5,5.6000000000000005,91.99,27,2.7,,,,,,,,,,,,,,,,,,,,,,,,,,,,,,,,,
2005,10,9,1,30,0,0,141.03,1.4000000000000001,5.4,92.64,30,2.6,,,,,,,,,,,,,,,,,,,,,,,,,,,,,,,,,
2005,10,9,2,30,0,0,134.28,1.3,5.2,92.52,32,2.6,,,,,,,,,,,,,,,,,,,,,,,,,,,,,,,,,
2005,10,9,3,30,0,0,125.2,1.2000000000000002,5,92.28,34,2.6,,,,,,,,,,,,,,,,,,,,,,,,,,,,,,,,,
2005,10,9,4,30,0,0,114.86,1.1,4.7,92.91,36,2.4000000000000004,,,,,,,,,,,,,,,,,,,,,,,,,,,,,,,,,
2005,10,9,5,30,0,0,103.94,1,4.3,94.24,39,2.3000000000000003,,,,,,,,,,,,,,,,,,,,,,,,,,,,,,,,,
2005,10,9,6,30,0,0,92.87,1,4.6000000000000005,90.94,39,2.6,,,,,,,,,,,,,,,,,,,,,,,,,,,,,,,,,
2005,10,9,7,30,32,570,81.89,1,6.4,79.74,40,3.3000000000000003,,,,,,,,,,,,,,,,,,,,,,,,,,,,,,,,,
2005,10,9,8,30,49,787,71.67,1,9,65.98,43,4,,,,,,,,,,,,,,,,,,,,,,,,,,,,,,,,,
2005,10,9,9,30,59,884,62.480000000000004,1,11.4,54.85,45,4.3,,,,,,,,,,,,,,,,,,,,,,,,,,,,,,,,,
2005,10,9,10,30,66,931,55.02,1,13.200000000000001,50.03,44,4.2,,,,,,,,,,,,,,,,,,,,,,,,,,,,,,,,,
2005,10,9,11,30,71,949,50.18,1.1,14.8,47.910000000000004,44,4,,,,,,,,,,,,,,,,,,,,,,,,,,,,,,,,,
2005,10,9,12,30,72,955,48.800000000000004,1.1,16.2,46.94,47,3.9000000000000004,,,,,,,,,,,,,,,,,,,,,,,,,,,,,,,,,
2005,10,9,13,30,70,941,51.18,1.2000000000000002,17.1,47.06,50,3.9000000000000004,,,,,,,,,,,,,,,,,,,,,,,,,,,,,,,,,
2005,10,9,14,30,67,909,56.82,1.2000000000000002,17.400000000000002,48.120000000000005,53,3.9000000000000004,,,,,,,,,,,,,,,,,,,,,,,,,,,,,,,,,
2005,10,9,15,30,61,841,64.83,1.3,17.1,50.45,56,3.8000000000000003,,,,,,,,,,,,,,,,,,,,,,,,,,,,,,,,,
2005,10,9,16,30,49,715,74.38,1.4000000000000001,15.9,55.71,57,3.4000000000000004,,,,,,,,,,,,,,,,,,,,,,,,,,,,,,,,,
2005,10,9,17,30,26,409,84.77,1.5,13.3,67.71000000000001,53,2.5,,,,,,,,,,,,,,,,,,,,,,,,,,,,,,,,,
2005,10,9,18,30,0,0,95.89,1.6,11.200000000000001,79.45,48,2.3000000000000003,,,,,,,,,,,,,,,,,,,,,,,,,,,,,,,,,
2005,10,9,19,30,0,0,106.99000000000001,1.6,10.200000000000001,83.39,42,2.6,,,,,,,,,,,,,,,,,,,,,,,,,,,,,,,,,
2005,10,9,20,30,0,0,117.83,1.7000000000000002,9.3,86.93,37,2.7,,,,,,,,,,,,,,,,,,,,,,,,,,,,,,,,,
2005,10,9,21,30,0,0,127.96000000000001,1.8,8.5,89.95,32,2.6,,,,,,,,,,,,,,,,,,,,,,,,,,,,,,,,,
2005,10,9,22,30,0,0,136.61,1.9000000000000001,7.9,92.56,30,2.4000000000000004,,,,,,,,,,,,,,,,,,,,,,,,,,,,,,,,,
2005,10,9,23,30,0,0,142.57,2,7.6000000000000005,94.73,32,2.4000000000000004,,,,,,,,,,,,,,,,,,,,,,,,,,,,,,,,,
2005,10,10,0,30,0,0,144.35,2.1,7.5,96.81,37,2.3000000000000003,,,,,,,,,,,,,,,,,,,,,,,,,,,,,,,,,
2005,10,10,1,30,0,0,141.36,2.2,7.6000000000000005,98.19,45,2.3000000000000003,,,,,,,,,,,,,,,,,,,,,,,,,,,,,,,,,
2005,10,10,2,30,0,0,134.56,2.2,7.9,98.58,52,2.3000000000000003,,,,,,,,,,,,,,,,,,,,,,,,,,,,,,,,,
2005,10,10,3,30,0,0,125.44,2.3000000000000003,8.200000000000001,98.45,56,2.3000000000000003,,,,,,,,,,,,,,,,,,,,,,,,,,,,,,,,,
2005,10,10,4,30,0,0,115.08,2.4000000000000004,8.3,98.82000000000001,55,2.3000000000000003,,,,,,,,,,,,,,,,,,,,,,,,,,,,,,,,,
2005,10,10,5,30,0,0,104.14,2.5,8.3,98.95,52,2.4000000000000004,,,,,,,,,,,,,,,,,,,,,,,,,,,,,,,,,
2005,10,10,6,30,0,0,93.07000000000001,2.6,8.5,97.31,48,2.6,,,,,,,,,,,,,,,,,,,,,,,,,,,,,,,,,
2005,10,10,7,30,48,309,82.11,2.6,9.4,92.12,48,3,,,,,,,,,,,,,,,,,,,,,,,,,,,,,,,,,
2005,10,10,8,30,55,0,71.91,2.7,10.8,87.24,53,3.3000000000000003,,,,,,,,,,,,,,,,,,,,,,,,,,,,,,,,,
2005,10,10,9,30,65,0,62.75,2.7,12.3,83.7,60,3.3000000000000003,,,,,,,,,,,,,,,,,,,,,,,,,,,,,,,,,
2005,10,10,10,30,100,0,55.33,2.8000000000000003,13.600000000000001,80.51,65,3.2,,,,,,,,,,,,,,,,,,,,,,,,,,,,,,,,,
2005,10,10,11,30,159,0,50.53,2.8000000000000003,14.700000000000001,76.94,68,3.1,,,,,,,,,,,,,,,,,,,,,,,,,,,,,,,,,
2005,10,10,12,30,98,0,49.18,2.9000000000000004,15.700000000000001,72.89,67,3,,,,,,,,,,,,,,,,,,,,,,,,,,,,,,,,,
2005,10,10,13,30,92,0,51.56,2.9000000000000004,16.5,69.72,62,2.9000000000000004,,,,,,,,,,,,,,,,,,,,,,,,,,,,,,,,,
2005,10,10,14,30,139,0,57.18,2.8000000000000003,16.900000000000002,68.31,54,2.8000000000000003,,,,,,,,,,,,,,,,,,,,,,,,,,,,,,,,,
2005,10,10,15,30,68,0,65.17,2.8000000000000003,16.7,69.22,47,2.9000000000000004,,,,,,,,,,,,,,,,,,,,,,,,,,,,,,,,,
2005,10,10,16,30,79,488,74.7,2.8000000000000003,16,71.94,44,2.7,,,,,,,,,,,,,,,,,,,,,,,,,,,,,,,,,
2005,10,10,17,30,33,182,85.07000000000001,2.7,14.5,79.08,44,2,,,,,,,,,,,,,,,,,,,,,,,,,,,,,,,,,
2005,10,10,18,30,0,0,96.2,2.6,13.3,85.63,47,1.9000000000000001,,,,,,,,,,,,,,,,,,,,,,,,,,,,,,,,,
2005,10,10,19,30,0,0,107.29,2.5,12.700000000000001,86.98,51,2.4000000000000004,,,,,,,,,,,,,,,,,,,,,,,,,,,,,,,,,
2005,10,10,20,30,0,0,118.15,2.4000000000000004,11.9,89.99,51,2.5,,,,,,,,,,,,,,,,,,,,,,,,,,,,,,,,,
2005,10,10,21,30,0,0,128.29,2.4000000000000004,10.9,94.99,48,2.2,,,,,,,,,,,,,,,,,,,,,,,,,,,,,,,,,
2005,10,10,22,30,0,0,136.97,2.3000000000000003,10.200000000000001,98.56,41,1.9000000000000001,,,,,,,,,,,,,,,,,,,,,,,,,,,,,,,,,
2005,10,10,23,30,0,0,142.95000000000002,2.3000000000000003,9.9,99.79,34,1.8,,,,,,,,,,,,,,,,,,,,,,,,,,,,,,,,,
2005,10,11,0,30,0,0,144.73,2.3000000000000003,10,98.66,28,2,,,,,,,,,,,,,,,,,,,,,,,,,,,,,,,,,
2005,10,11,1,30,0,0,141.69,2.3000000000000003,10.200000000000001,97.47,26,2.1,,,,,,,,,,,,,,,,,,,,,,,,,,,,,,,,,
2005,10,11,2,30,0,0,134.84,2.3000000000000003,10.3,97.48,25,2,,,,,,,,,,,,,,,,,,,,,,,,,,,,,,,,,
2005,10,11,3,30,0,0,125.68,2.3000000000000003,10.600000000000001,96.61,29,2,,,,,,,,,,,,,,,,,,,,,,,,,,,,,,,,,
2005,10,11,4,30,0,0,115.29,2.3000000000000003,10.8,96.85000000000001,39,1.9000000000000001,,,,,,,,,,,,,,,,,,,,,,,,,,,,,,,,,
2005,10,11,5,30,0,0,104.35000000000001,2.3000000000000003,11,97.16,50,1.9000000000000001,,,,,,,,,,,,,,,,,,,,,,,,,,,,,,,,,
2005,10,11,6,30,0,0,93.28,2.3000000000000003,11.3,96.74000000000001,61,2.1,,,,,,,,,,,,,,,,,,,,,,,,,,,,,,,,,
2005,10,11,7,30,22,0,82.33,2.2,12.200000000000001,92.13,69,2.7,,,,,,,,,,,,,,,,,,,,,,,,,,,,,,,,,
2005,10,11,8,30,92,0,72.15,2.2,13.600000000000001,83.28,75,3.3000000000000003,,,,,,,,,,,,,,,,,,,,,,,,,,,,,,,,,
2005,10,11,9,30,87,0,63.02,2.2,14.9,74.72,76,3.4000000000000004,,,,,,,,,,,,,,,,,,,,,,,,,,,,,,,,,
2005,10,11,10,30,198,1,55.65,2.2,16.1,68.73,72,3.4000000000000004,,,,,,,,,,,,,,,,,,,,,,,,,,,,,,,,,
2005,10,11,11,30,287,18,50.89,2.2,17.2,64.25,68,3.4000000000000004,,,,,,,,,,,,,,,,,,,,,,,,,,,,,,,,,
2005,10,11,12,30,306,29,49.56,2.2,18.1,61.120000000000005,64,3.5,,,,,,,,,,,,,,,,,,,,,,,,,,,,,,,,,
2005,10,11,13,30,187,0,51.94,2.2,18.7,59.54,62,3.6,,,,,,,,,,,,,,,,,,,,,,,,,,,,,,,,,
2005,10,11,14,30,172,1,57.550000000000004,2.2,18.6,60.38,62,3.6,,,,,,,,,,,,,,,,,,,,,,,,,,,,,,,,,
2005,10,11,15,30,119,0,65.51,2.2,17.8,63.61,63,3.6,,,,,,,,,,,,,,,,,,,,,,,,,,,,,,,,,
2005,10,11,16,30,60,0,75.02,2.1,16.6,68.63,67,3.4000000000000004,,,,,,,,,,,,,,,,,,,,,,,,,,,,,,,,,
2005,10,11,17,30,29,259,85.37,2.1,15.3,75.04,69,2.7,,,,,,,,,,,,,,,,,,,,,,,,,,,,,,,,,
2005,10,11,18,30,0,0,96.5,2.1,14.3,81.78,71,2.1,,,,,,,,,,,,,,,,,,,,,,,,,,,,,,,,,
2005,10,11,19,30,0,0,107.59,2.2,13.700000000000001,86.15,72,2,,,,,,,,,,,,,,,,,,,,,,,,,,,,,,,,,
2005,10,11,20,30,0,0,118.46000000000001,2.2,13.200000000000001,89.42,74,2,,,,,,,,,,,,,,,,,,,,,,,,,,,,,,,,,
2005,10,11,21,30,0,0,128.62,2.2,12.600000000000001,93.02,76,1.7000000000000002,,,,,,,,,,,,,,,,,,,,,,,,,,,,,,,,,
2005,10,11,22,30,0,0,137.33,2.3000000000000003,12.3,94.98,75,1.5,,,,,,,,,,,,,,,,,,,,,,,,,,,,,,,,,
2005,10,11,23,30,0,0,143.33,2.3000000000000003,12.100000000000001,96.26,72,1.5,,,,,,,,,,,,,,,,,,,,,,,,,,,,,,,,,
2005,10,12,0,30,0,0,145.1,2.3000000000000003,12,96.86,69,1.6,,,,,,,,,,,,,,,,,,,,,,,,,,,,,,,,,
2005,10,12,1,30,0,0,142.02,2.2,11.700000000000001,98.46000000000001,69,1.8,,,,,,,,,,,,,,,,,,,,,,,,,,,,,,,,,
2005,10,12,2,30,0,0,135.12,2.2,11.4,100,70,1.7000000000000002,,,,,,,,,,,,,,,,,,,,,,,,,,,,,,,,,
2005,10,12,3,30,0,0,125.92,2.2,11.200000000000001,100,68,1.6,,,,,,,,,,,,,,,,,,,,,,,,,,,,,,,,,
2005,10,12,4,30,0,0,115.51,2.3000000000000003,11.200000000000001,100,66,1.6,,,,,,,,,,,,,,,,,,,,,,,,,,,,,,,,,
2005,10,12,5,30,0,0,104.55,2.3000000000000003,11.4,98.39,66,1.8,,,,,,,,,,,,,,,,,,,,,,,,,,,,,,,,,
2005,10,12,6,30,0,0,93.49,2.3000000000000003,11.600000000000001,96.60000000000001,69,2.3000000000000003,,,,,,,,,,,,,,,,,,,,,,,,,,,,,,,,,
2005,10,12,7,30,14,0,82.54,2.3000000000000003,12.200000000000001,92.86,74,2.6,,,,,,,,,,,,,,,,,,,,,,,,,,,,,,,,,
2005,10,12,8,30,106,2,72.4,2.3000000000000003,13.5,87,82,2.8000000000000003,,,,,,,,,,,,,,,,,,,,,,,,,,,,,,,,,
2005,10,12,9,30,166,18,63.300000000000004,2.2,14.9,81.09,92,2.6,,,,,,,,,,,,,,,,,,,,,,,,,,,,,,,,,
2005,10,12,10,30,118,0,55.96,2.2,15.9,75.87,101,2.3000000000000003,,,,,,,,,,,,,,,,,,,,,,,,,,,,,,,,,
2005,10,12,11,30,100,1,51.24,2.2,16.5,72.3,112,1.8,,,,,,,,,,,,,,,,,,,,,,,,,,,,,,,,,
2005,10,12,12,30,74,0,49.94,2.1,16.8,70.66,125,1.4000000000000001,,,,,,,,,,,,,,,,,,,,,,,,,,,,,,,,,
2005,10,12,13,30,118,0,52.32,2.1,16.900000000000002,70.06,139,1.1,,,,,,,,,,,,,,,,,,,,,,,,,,,,,,,,,
2005,10,12,14,30,138,0,57.910000000000004,2.1,16.7,71.08,142,0.8,,,,,,,,,,,,,,,,,,,,,,,,,,,,,,,,,
2005,10,12,15,30,96,3,65.85,2.2,16.400000000000002,72.73,134,0.7000000000000001,,,,,,,,,,,,,,,,,,,,,,,,,,,,,,,,,
2005,10,12,16,30,53,0,75.33,2.2,15.9,75.86,128,0.6000000000000001,,,,,,,,,,,,,,,,,,,,,,,,,,,,,,,,,
2005,10,12,17,30,14,0,85.67,2.3000000000000003,15,85.12,132,0.5,,,,,,,,,,,,,,,,,,,,,,,,,,,,,,,,,
2005,10,12,18,30,0,0,96.79,2.3000000000000003,14.200000000000001,88.19,142,0.6000000000000001,,,,,,,,,,,,,,,,,,,,,,,,,,,,,,,,,
2005,10,12,19,30,0,0,107.88,2.3000000000000003,13.600000000000001,90.65,154,0.7000000000000001,,,,,,,,,,,,,,,,,,,,,,,,,,,,,,,,,
2005,10,12,20,30,0,0,118.76,2.3000000000000003,13.100000000000001,93.24,164,0.7000000000000001,,,,,,,,,,,,,,,,,,,,,,,,,,,,,,,,,
2005,10,12,21,30,0,0,128.95,2.3000000000000003,12.5,96.92,173,0.8,,,,,,,,,,,,,,,,,,,,,,,,,,,,,,,,,
2005,10,12,22,30,0,0,137.68,2.4000000000000004,11.9,100,181,0.9,,,,,,,,,,,,,,,,,,,,,,,,,,,,,,,,,
2005,10,12,23,30,0,0,143.70000000000002,2.5,11.5,100,190,0.9,,,,,,,,,,,,,,,,,,,,,,,,,,,,,,,,,
2005,10,13,0,30,0,0,145.47,2.6,11.100000000000001,100,198,0.9,,,,,,,,,,,,,,,,,,,,,,,,,,,,,,,,,
2005,10,13,1,30,0,0,142.35,2.6,10.9,100,204,0.9,,,,,,,,,,,,,,,,,,,,,,,,,,,,,,,,,
2005,10,13,2,30,0,0,135.4,2.6,10.700000000000001,100,211,0.9,,,,,,,,,,,,,,,,,,,,,,,,,,,,,,,,,
2005,10,13,3,30,0,0,126.15,2.5,10.600000000000001,100,219,0.9,,,,,,,,,,,,,,,,,,,,,,,,,,,,,,,,,
2005,10,13,4,30,0,0,115.72,2.5,10.700000000000001,100,228,0.9,,,,,,,,,,,,,,,,,,,,,,,,,,,,,,,,,
2005,10,13,5,30,0,0,104.76,2.5,10.700000000000001,100,236,0.8,,,,,,,,,,,,,,,,,,,,,,,,,,,,,,,,,
2005,10,13,6,30,0,0,93.69,2.4000000000000004,11,100,240,0.8,,,,,,,,,,,,,,,,,,,,,,,,,,,,,,,,,
2005,10,13,7,30,43,324,82.76,2.4000000000000004,12.4,94.92,239,0.9,,,,,,,,,,,,,,,,,,,,,,,,,,,,,,,,,
2005,10,13,8,30,107,0,72.64,2.4000000000000004,14.700000000000001,83.51,234,1,,,,,,,,,,,,,,,,,,,,,,,,,,,,,,,,,
2005,10,13,9,30,112,0,63.57,2.4000000000000004,17.2,71.54,234,0.9,,,,,,,,,,,,,,,,,,,,,,,,,,,,,,,,,
2005,10,13,10,30,233,7,56.28,2.4000000000000004,18.7,62.4,232,1,,,,,,,,,,,,,,,,,,,,,,,,,,,,,,,,,
2005,10,13,11,30,328,61,51.6,2.4000000000000004,19.1,60.08,225,1.2000000000000002,,,,,,,,,,,,,,,,,,,,,,,,,,,,,,,,,
2005,10,13,12,30,358,200,50.31,2.4000000000000004,19.400000000000002,59.2,220,1.3,,,,,,,,,,,,,,,,,,,,,,,,,,,,,,,,,
2005,10,13,13,30,337,75,52.69,2.3000000000000003,19.6,58.86,215,1.2000000000000002,,,,,,,,,,,,,,,,,,,,,,,,,,,,,,,,,
2005,10,13,14,30,265,34,58.26,2.3000000000000003,19.6,59.31,206,1.2000000000000002,,,,,,,,,,,,,,,,,,,,,,,,,,,,,,,,,
2005,10,13,15,30,142,1,66.19,2.2,19.3,60.910000000000004,191,1.1,,,,,,,,,,,,,,,,,,,,,,,,,,,,,,,,,
2005,10,13,16,30,51,0,75.65,2.2,18.3,66.14,168,0.9,,,,,,,,,,,,,,,,,,,,,,,,,,,,,,,,,
2005,10,13,17,30,28,162,85.96000000000001,2.2,16.7,83.06,151,0.9,,,,,,,,,,,,,,,,,,,,,,,,,,,,,,,,,
2005,10,13,18,30,0,0,97.08,2.2,15.600000000000001,84.93,151,1.2000000000000002,,,,,,,,,,,,,,,,,,,,,,,,,,,,,,,,,
2005,10,13,19,30,0,0,108.18,2.2,15,86.59,159,1.4000000000000001,,,,,,,,,,,,,,,,,,,,,,,,,,,,,,,,,
2005,10,13,20,30,0,0,119.06,2.2,14.5,88.89,164,1.5,,,,,,,,,,,,,,,,,,,,,,,,,,,,,,,,,
2005,10,13,21,30,0,0,129.27,2.2,14,91.55,167,1.6,,,,,,,,,,,,,,,,,,,,,,,,,,,,,,,,,
2005,10,13,22,30,0,0,138.03,2.3000000000000003,13.5,94.37,170,1.6,,,,,,,,,,,,,,,,,,,,,,,,,,,,,,,,,
2005,10,13,23,30,0,0,144.08,2.3000000000000003,13.100000000000001,96.52,173,1.6,,,,,,,,,,,,,,,,,,,,,,,,,,,,,,,,,
2005,10,14,0,30,0,0,145.84,2.3000000000000003,12.700000000000001,98.89,176,1.5,,,,,,,,,,,,,,,,,,,,,,,,,,,,,,,,,
2005,10,14,1,30,0,0,142.68,2.3000000000000003,12.4,100,180,1.5,,,,,,,,,,,,,,,,,,,,,,,,,,,,,,,,,
2005,10,14,2,30,0,0,135.67000000000002,2.4000000000000004,12.200000000000001,100,186,1.4000000000000001,,,,,,,,,,,,,,,,,,,,,,,,,,,,,,,,,
2005,10,14,3,30,0,0,126.39,2.4000000000000004,11.9,100,193,1.4000000000000001,,,,,,,,,,,,,,,,,,,,,,,,,,,,,,,,,
2005,10,14,4,30,0,0,115.93,2.4000000000000004,11.600000000000001,100,199,1.4000000000000001,,,,,,,,,,,,,,,,,,,,,,,,,,,,,,,,,
2005,10,14,5,30,0,0,104.96000000000001,2.4000000000000004,11.200000000000001,100,203,1.4000000000000001,,,,,,,,,,,,,,,,,,,,,,,,,,,,,,,,,
2005,10,14,6,30,0,0,93.9,2.4000000000000004,11.3,100,207,1.5,,,,,,,,,,,,,,,,,,,,,,,,,,,,,,,,,
2005,10,14,7,30,43,299,82.98,2.5,12.9,94.47,211,2.1,,,,,,,,,,,,,,,,,,,,,,,,,,,,,,,,,
2005,10,14,8,30,154,14,72.88,2.5,15.5,81.55,213,2.6,,,,,,,,,,,,,,,,,,,,,,,,,,,,,,,,,
2005,10,14,9,30,104,681,63.85,2.4000000000000004,18.6,68.14,216,2.8000000000000003,,,,,,,,,,,,,,,,,,,,,,,,,,,,,,,,,
2005,10,14,10,30,146,673,56.59,2.4000000000000004,21,58.97,221,3,,,,,,,,,,,,,,,,,,,,,,,,,,,,,,,,,
2005,10,14,11,30,152,717,51.95,2.4000000000000004,22.3,54.52,229,3,,,,,,,,,,,,,,,,,,,,,,,,,,,,,,,,,
2005,10,14,12,30,364,207,50.69,2.3000000000000003,22.8,52.160000000000004,242,3.1,,,,,,,,,,,,,,,,,,,,,,,,,,,,,,,,,
2005,10,14,13,30,50,0,53.06,2.3000000000000003,22.700000000000003,51.72,254,3.2,,,,,,,,,,,,,,,,,,,,,,,,,,,,,,,,,
2005,10,14,14,30,140,662,58.620000000000005,2.3000000000000003,22.200000000000003,52.88,265,3.2,,,,,,,,,,,,,,,,,,,,,,,,,,,,,,,,,
2005,10,14,15,30,217,235,66.52,2.2,21.400000000000002,55.4,274,3,,,,,,,,,,,,,,,,,,,,,,,,,,,,,,,,,
2005,10,14,16,30,81,443,75.96000000000001,2.2,20.1,60.33,280,2.3000000000000003,,,,,,,,,,,,,,,,,,,,,,,,,,,,,,,,,
2005,10,14,17,30,26,159,86.25,2.1,17.900000000000002,72.74,282,1.6,,,,,,,,,,,,,,,,,,,,,,,,,,,,,,,,,
2005,10,14,18,30,0,0,97.37,1.9000000000000001,15.9,80.19,278,1.7000000000000002,,,,,,,,,,,,,,,,,,,,,,,,,,,,,,,,,
2005,10,14,19,30,0,0,108.47,1.8,14.5,82.21000000000001,269,1.8,,,,,,,,,,,,,,,,,,,,,,,,,,,,,,,,,
2005,10,14,20,30,0,0,119.36,1.7000000000000002,13.5,82,254,1.8,,,,,,,,,,,,,,,,,,,,,,,,,,,,,,,,,
2005,10,14,21,30,0,0,129.59,1.7000000000000002,12.9,80.25,238,2.1,,,,,,,,,,,,,,,,,,,,,,,,,,,,,,,,,
2005,10,14,22,30,0,0,138.38,1.8,12.9,76.83,230,2.8000000000000003,,,,,,,,,,,,,,,,,,,,,,,,,,,,,,,,,
2005,10,14,23,30,0,0,144.45000000000002,1.8,13,74.52,237,3.6,,,,,,,,,,,,,,,,,,,,,,,,,,,,,,,,,
2005,10,15,0,30,0,0,146.21,1.8,12.8,75.86,258,4.1000000000000005,,,,,,,,,,,,,,,,,,,,,,,,,,,,,,,,,
2005,10,15,1,30,0,0,143,1.6,12.600000000000001,78.78,284,4.2,,,,,,,,,,,,,,,,,,,,,,,,,,,,,,,,,
2005,10,15,2,30,0,0,135.95,1.3,12.100000000000001,84.10000000000001,305,4.2,,,,,,,,,,,,,,,,,,,,,,,,,,,,,,,,,
2005,10,15,3,30,0,0,126.62,1.1,11.5,90.10000000000001,316,4.3,,,,,,,,,,,,,,,,,,,,,,,,,,,,,,,,,
2005,10,15,4,30,0,0,116.15,0.9,10.700000000000001,94.12,321,3.9000000000000004,,,,,,,,,,,,,,,,,,,,,,,,,,,,,,,,,
2005,10,15,5,30,0,0,105.17,0.8,9.700000000000001,97.11,318,3.3000000000000003,,,,,,,,,,,,,,,,,,,,,,,,,,,,,,,,,
2005,10,15,6,30,0,0,94.11,0.7000000000000001,9.200000000000001,97.03,312,3.1,,,,,,,,,,,,,,,,,,,,,,,,,,,,,,,,,
2005,10,15,7,30,27,556,83.19,0.7000000000000001,10.3,87.64,304,3.5,,,,,,,,,,,,,,,,,,,,,,,,,,,,,,,,,
2005,10,15,8,30,43,800,73.12,0.7000000000000001,13.100000000000001,71.63,300,4.2,,,,,,,,,,,,,,,,,,,,,,,,,,,,,,,,,
2005,10,15,9,30,51,896,64.13,0.8,15.700000000000001,51.9,299,5.2,,,,,,,,,,,,,,,,,,,,,,,,,,,,,,,,,
2005,10,15,10,30,55,949,56.910000000000004,0.8,17.1,39.49,296,5.9,,,,,,,,,,,,,,,,,,,,,,,,,,,,,,,,,
2005,10,15,11,30,57,968,52.300000000000004,0.9,18,34.28,294,6.4,,,,,,,,,,,,,,,,,,,,,,,,,,,,,,,,,
2005,10,15,12,30,59,973,51.06,0.9,18.6,31.900000000000002,295,6.7,,,,,,,,,,,,,,,,,,,,,,,,,,,,,,,,,
2005,10,15,13,30,65,949,53.43,1,18.7,31.7,299,7,,,,,,,,,,,,,,,,,,,,,,,,,,,,,,,,,
2005,10,15,14,30,61,916,58.97,1,18.400000000000002,32.57,304,7,,,,,,,,,,,,,,,,,,,,,,,,,,,,,,,,,
2005,10,15,15,30,55,845,66.85,1.1,17.5,34.71,309,6.800000000000001,,,,,,,,,,,,,,,,,,,,,,,,,,,,,,,,,
2005,10,15,16,30,106,5,76.27,1.1,15.9,38.660000000000004,313,6,,,,,,,,,,,,,,,,,,,,,,,,,,,,,,,,,
2005,10,15,17,30,19,369,86.53,1.1,13.9,45.54,316,4.9,,,,,,,,,,,,,,,,,,,,,,,,,,,,,,,,,
2005,10,15,18,30,0,0,97.66,1.2000000000000002,12.100000000000001,54.76,320,4.1000000000000005,,,,,,,,,,,,,,,,,,,,,,,,,,,,,,,,,
2005,10,15,19,30,0,0,108.75,1.2000000000000002,11.200000000000001,61.52,322,3.9000000000000004,,,,,,,,,,,,,,,,,,,,,,,,,,,,,,,,,
2005,10,15,20,30,0,0,119.66,1.2000000000000002,10.200000000000001,68.74,320,3.5,,,,,,,,,,,,,,,,,,,,,,,,,,,,,,,,,
2005,10,15,21,30,0,0,129.9,1.2000000000000002,9.3,75.52,314,3.1,,,,,,,,,,,,,,,,,,,,,,,,,,,,,,,,,
2005,10,15,22,30,0,0,138.72,1.2000000000000002,8.6,80.48,309,3.1,,,,,,,,,,,,,,,,,,,,,,,,,,,,,,,,,
2005,10,15,23,30,0,0,144.82,1.2000000000000002,8.200000000000001,83.2,306,3.3000000000000003,,,,,,,,,,,,,,,,,,,,,,,,,,,,,,,,,
2005,10,16,0,30,0,0,146.57,1.2000000000000002,7.9,85.17,306,3.5,,,,,,,,,,,,,,,,,,,,,,,,,,,,,,,,,
2005,10,16,1,30,0,0,143.33,1.2000000000000002,7.7,86.48,306,3.6,,,,,,,,,,,,,,,,,,,,,,,,,,,,,,,,,
2005,10,16,2,30,0,0,136.22,1.2000000000000002,7.4,88.54,307,3.7,,,,,,,,,,,,,,,,,,,,,,,,,,,,,,,,,
2005,10,16,3,30,0,0,126.86,1.2000000000000002,7.2,90.08,307,3.7,,,,,,,,,,,,,,,,,,,,,,,,,,,,,,,,,
2005,10,16,4,30,0,0,116.36,1.2000000000000002,6.800000000000001,93.04,307,3.6,,,,,,,,,,,,,,,,,,,,,,,,,,,,,,,,,
2005,10,16,5,30,0,0,105.37,1.1,6.5,95.55,306,3.5,,,,,,,,,,,,,,,,,,,,,,,,,,,,,,,,,
2005,10,16,6,30,0,0,94.31,1.1,6.5,95.88,306,3.6,,,,,,,,,,,,,,,,,,,,,,,,,,,,,,,,,
2005,10,16,7,30,30,498,83.41,1.1,7.7,88.57000000000001,310,4.1000000000000005,,,,,,,,,,,,,,,,,,,,,,,,,,,,,,,,,
2005,10,16,8,30,149,176,73.36,1.1,9.9,76.73,321,5,,,,,,,,,,,,,,,,,,,,,,,,,,,,,,,,,
2005,10,16,9,30,145,1,64.4,1.1,11.8,64.17,329,5.6000000000000005,,,,,,,,,,,,,,,,,,,,,,,,,,,,,,,,,
2005,10,16,10,30,286,53,57.22,1.1,13.100000000000001,55.370000000000005,328,5.5,,,,,,,,,,,,,,,,,,,,,,,,,,,,,,,,,
2005,10,16,11,30,302,37,52.65,1.1,14.200000000000001,50.160000000000004,326,5.2,,,,,,,,,,,,,,,,,,,,,,,,,,,,,,,,,
2005,10,16,12,30,261,4,51.43,1.1,15.100000000000001,46.800000000000004,324,5,,,,,,,,,,,,,,,,,,,,,,,,,,,,,,,,,
2005,10,16,13,30,336,102,53.800000000000004,1.1,15.700000000000001,44.910000000000004,323,4.9,,,,,,,,,,,,,,,,,,,,,,,,,,,,,,,,,
2005,10,16,14,30,279,213,59.32,1.1,15.8,44.63,323,4.7,,,,,,,,,,,,,,,,,,,,,,,,,,,,,,,,,
2005,10,16,15,30,52,846,67.18,1.1,15.3,46.24,325,4.5,,,,,,,,,,,,,,,,,,,,,,,,,,,,,,,,,
2005,10,16,16,30,39,718,76.57000000000001,1.1,14.100000000000001,50.24,326,3.6,,,,,,,,,,,,,,,,,,,,,,,,,,,,,,,,,
2005,10,16,17,30,18,361,86.81,1.1,12.100000000000001,59.47,328,2.4000000000000004,,,,,,,,,,,,,,,,,,,,,,,,,,,,,,,,,
2005,10,16,18,30,0,0,97.94,1.1,10.600000000000001,70.11,330,1.9000000000000001,,,,,,,,,,,,,,,,,,,,,,,,,,,,,,,,,
2005,10,16,19,30,0,0,109.04,1.1,9.9,73.43,332,2,,,,,,,,,,,,,,,,,,,,,,,,,,,,,,,,,
2005,10,16,20,30,0,0,119.95,1.1,8.9,78.28,333,2.1,,,,,,,,,,,,,,,,,,,,,,,,,,,,,,,,,
2005,10,16,21,30,0,0,130.21,1.1,7.800000000000001,83.85000000000001,334,2.1,,,,,,,,,,,,,,,,,,,,,,,,,,,,,,,,,
2005,10,16,22,30,0,0,139.06,1.1,6.9,88.37,339,2.1,,,,,,,,,,,,,,,,,,,,,,,,,,,,,,,,,
2005,10,16,23,30,0,0,145.19,1.1,6.300000000000001,91.42,345,2.1,,,,,,,,,,,,,,,,,,,,,,,,,,,,,,,,,
2005,10,17,0,30,0,0,146.93,1,5.6000000000000005,95.57000000000001,348,2,,,,,,,,,,,,,,,,,,,,,,,,,,,,,,,,,
2005,10,17,1,30,0,0,143.65,1,5,99.73,347,1.7000000000000002,,,,,,,,,,,,,,,,,,,,,,,,,,,,,,,,,
2005,10,17,2,30,0,0,136.49,1,4.4,100,345,1.5,,,,,,,,,,,,,,,,,,,,,,,,,,,,,,,,,
2005,10,17,3,30,0,0,127.09,1,4.1000000000000005,100,342,1.3,,,,,,,,,,,,,,,,,,,,,,,,,,,,,,,,,
2005,10,17,4,30,0,0,116.57000000000001,1,4,100,336,1.1,,,,,,,,,,,,,,,,,,,,,,,,,,,,,,,,,
2005,10,17,5,30,0,0,105.57000000000001,1.1,4.1000000000000005,100,323,0.9,,,,,,,,,,,,,,,,,,,,,,,,,,,,,,,,,
2005,10,17,6,30,0,0,94.52,1.2000000000000002,4.4,100,296,0.8,,,,,,,,,,,,,,,,,,,,,,,,,,,,,,,,,
2005,10,17,7,30,30,472,83.63,1.3,5.5,93.61,257,1.2000000000000002,,,,,,,,,,,,,,,,,,,,,,,,,,,,,,,,,
2005,10,17,8,30,155,81,73.61,1.5,8.1,78.72,226,2,,,,,,,,,,,,,,,,,,,,,,,,,,,,,,,,,
2005,10,17,9,30,63,829,64.68,1.6,11,64.71000000000001,217,2.8000000000000003,,,,,,,,,,,,,,,,,,,,,,,,,,,,,,,,,
2005,10,17,10,30,209,409,57.53,1.8,13.5,55.99,218,3.6,,,,,,,,,,,,,,,,,,,,,,,,,,,,,,,,,
2005,10,17,11,30,337,123,52.99,2,15.4,50.82,219,4.1000000000000005,,,,,,,,,,,,,,,,,,,,,,,,,,,,,,,,,
2005,10,17,12,30,78,895,51.79,2.2,16.5,47.64,220,4.5,,,,,,,,,,,,,,,,,,,,,,,,,,,,,,,,,
2005,10,17,13,30,171,7,54.17,2.4000000000000004,17,45.86,222,4.6000000000000005,,,,,,,,,,,,,,,,,,,,,,,,,,,,,,,,,
2005,10,17,14,30,24,0,59.67,2.6,16.6,47.67,222,4.4,,,,,,,,,,,,,,,,,,,,,,,,,,,,,,,,,
2005,10,17,15,30,53,0,67.5,2.7,15.5,54.59,219,4.1000000000000005,,,,,,,,,,,,,,,,,,,,,,,,,,,,,,,,,
2005,10,17,16,30,53,0,76.87,2.7,14.200000000000001,65.7,215,3.7,,,,,,,,,,,,,,,,,,,,,,,,,,,,,,,,,
2005,10,17,17,30,21,74,87.08,2.6,13.100000000000001,75.96000000000001,217,3.6,,,,,,,,,,,,,,,,,,,,,,,,,,,,,,,,,
2005,10,17,18,30,0,0,98.22,2.4000000000000004,12.600000000000001,80.8,226,4,,,,,,,,,,,,,,,,,,,,,,,,,,,,,,,,,
2005,10,17,19,30,0,0,109.32000000000001,2.2,12.600000000000001,81.92,239,4.3,,,,,,,,,,,,,,,,,,,,,,,,,,,,,,,,,
2005,10,17,20,30,0,0,120.24000000000001,1.9000000000000001,12.600000000000001,83.17,258,4.1000000000000005,,,,,,,,,,,,,,,,,,,,,,,,,,,,,,,,,
2005,10,17,21,30,0,0,130.52,1.7000000000000002,12.200000000000001,86.61,279,4,,,,,,,,,,,,,,,,,,,,,,,,,,,,,,,,,
2005,10,17,22,30,0,0,139.4,1.5,11.600000000000001,92.06,295,4,,,,,,,,,,,,,,,,,,,,,,,,,,,,,,,,,
2005,10,17,23,30,0,0,145.55,1.5,11,96.63,303,3.9000000000000004,,,,,,,,,,,,,,,,,,,,,,,,,,,,,,,,,
2005,10,18,0,30,0,0,147.3,1.5,10.3,99.73,305,3.6,,,,,,,,,,,,,,,,,,,,,,,,,,,,,,,,,
2005,10,18,1,30,0,0,143.97,1.5,9.8,100,305,3.4000000000000004,,,,,,,,,,,,,,,,,,,,,,,,,,,,,,,,,
2005,10,18,2,30,0,0,136.76,1.5,9.4,100,305,3.3000000000000003,,,,,,,,,,,,,,,,,,,,,,,,,,,,,,,,,
2005,10,18,3,30,0,0,127.32000000000001,1.5,9,100,304,3.1,,,,,,,,,,,,,,,,,,,,,,,,,,,,,,,,,
2005,10,18,4,30,0,0,116.78,1.4000000000000001,8.8,100,299,2.8000000000000003,,,,,,,,,,,,,,,,,,,,,,,,,,,,,,,,,
2005,10,18,5,30,0,0,105.78,1.3,8.6,100,293,2.8000000000000003,,,,,,,,,,,,,,,,,,,,,,,,,,,,,,,,,
2005,10,18,6,30,0,0,94.73,1.2000000000000002,8.6,100,289,3,,,,,,,,,,,,,,,,,,,,,,,,,,,,,,,,,
2005,10,18,7,30,30,457,83.85000000000001,1.2000000000000002,9.600000000000001,94.58,288,3.4000000000000004,,,,,,,,,,,,,,,,,,,,,,,,,,,,,,,,,
2005,10,18,8,30,51,729,73.85000000000001,1.2000000000000002,11.700000000000001,83.09,291,3.9000000000000004,,,,,,,,,,,,,,,,,,,,,,,,,,,,,,,,,
2005,10,18,9,30,59,855,64.95,1.2000000000000002,14.200000000000001,65.81,294,4.6000000000000005,,,,,,,,,,,,,,,,,,,,,,,,,,,,,,,,,
2005,10,18,10,30,60,919,57.84,1.2000000000000002,16.3,47.76,296,5.2,,,,,,,,,,,,,,,,,,,,,,,,,,,,,,,,,
2005,10,18,11,30,62,942,53.34,1.3,17.8,38.25,296,5.2,,,,,,,,,,,,,,,,,,,,,,,,,,,,,,,,,
2005,10,18,12,30,62,946,52.160000000000004,1.4000000000000001,19,33.02,296,5.2,,,,,,,,,,,,,,,,,,,,,,,,,,,,,,,,,
2005,10,18,13,30,58,936,54.53,1.4000000000000001,19.700000000000003,30.52,297,5,,,,,,,,,,,,,,,,,,,,,,,,,,,,,,,,,
2005,10,18,14,30,54,901,60.01,1.5,19.900000000000002,29.66,297,4.7,,,,,,,,,,,,,,,,,,,,,,,,,,,,,,,,,
2005,10,18,15,30,48,830,67.82000000000001,1.6,19.3,30.75,297,4.2,,,,,,,,,,,,,,,,,,,,,,,,,,,,,,,,,
2005,10,18,16,30,36,692,77.17,1.7000000000000002,17.1,36.57,299,2.7,,,,,,,,,,,,,,,,,,,,,,,,,,,,,,,,,
2005,10,18,17,30,15,325,87.35000000000001,1.8,13.8,56.24,300,1.5,,,,,,,,,,,,,,,,,,,,,,,,,,,,,,,,,
2005,10,18,18,30,0,0,98.5,1.9000000000000001,11.9,65.08,300,1.3,,,,,,,,,,,,,,,,,,,,,,,,,,,,,,,,,
2005,10,18,19,30,0,0,109.59,2,11.3,68.44,298,1.2000000000000002,,,,,,,,,,,,,,,,,,,,,,,,,,,,,,,,,
2005,10,18,20,30,0,0,120.52,2,10.9,70.2,291,1.1,,,,,,,,,,,,,,,,,,,,,,,,,,,,,,,,,
2005,10,18,21,30,0,0,130.83,1.9000000000000001,10.9,67.99,264,1,,,,,,,,,,,,,,,,,,,,,,,,,,,,,,,,,
2005,10,18,22,30,0,0,139.73,1.9000000000000001,10.4,67.97,224,1,,,,,,,,,,,,,,,,,,,,,,,,,,,,,,,,,
2005,10,18,23,30,0,0,145.91,1.9000000000000001,9.4,72.88,199,1.2000000000000002,,,,,,,,,,,,,,,,,,,,,,,,,,,,,,,,,
2005,10,19,0,30,0,0,147.65,1.9000000000000001,9.1,74.93,194,1.8,,,,,,,,,,,,,,,,,,,,,,,,,,,,,,,,,
2005,10,19,1,30,0,0,144.28,2,9.5,73.03,194,2.8000000000000003,,,,,,,,,,,,,,,,,,,,,,,,,,,,,,,,,
2005,10,19,2,30,0,0,137.02,2,9.9,71.85000000000001,196,3.8000000000000003,,,,,,,,,,,,,,,,,,,,,,,,,,,,,,,,,
2005,10,19,3,30,0,0,127.55,2.1,10,72.47,199,4.4,,,,,,,,,,,,,,,,,,,,,,,,,,,,,,,,,
2005,10,19,4,30,0,0,116.99000000000001,2.3000000000000003,10.3,71.49,203,4.800000000000001,,,,,,,,,,,,,,,,,,,,,,,,,,,,,,,,,
2005,10,19,5,30,0,0,105.98,2.4000000000000004,10.600000000000001,69.86,212,5.1000000000000005,,,,,,,,,,,,,,,,,,,,,,,,,,,,,,,,,
2005,10,19,6,30,0,0,94.94,2.5,11,68.09,231,5.300000000000001,,,,,,,,,,,,,,,,,,,,,,,,,,,,,,,,,
2005,10,19,7,30,17,0,84.07000000000001,2.5,12,64.64,252,5.300000000000001,,,,,,,,,,,,,,,,,,,,,,,,,,,,,,,,,
2005,10,19,8,30,102,436,74.10000000000001,2.3000000000000003,13.700000000000001,61.7,279,5.6000000000000005,,,,,,,,,,,,,,,,,,,,,,,,,,,,,,,,,
2005,10,19,9,30,77,771,65.23,1.8,14.9,65.85,306,6.4,,,,,,,,,,,,,,,,,,,,,,,,,,,,,,,,,
2005,10,19,10,30,82,863,58.160000000000004,1.3,15.4,66.86,323,6.6000000000000005,,,,,,,,,,,,,,,,,,,,,,,,,,,,,,,,,
2005,10,19,11,30,75,931,53.68,1,15.9,57.64,333,6.300000000000001,,,,,,,,,,,,,,,,,,,,,,,,,,,,,,,,,
2005,10,19,12,30,69,955,52.52,0.9,16.5,47.78,343,5.800000000000001,,,,,,,,,,,,,,,,,,,,,,,,,,,,,,,,,
2005,10,19,13,30,63,955,54.89,0.8,16.7,42.19,351,5.4,,,,,,,,,,,,,,,,,,,,,,,,,,,,,,,,,
2005,10,19,14,30,58,924,60.35,0.8,16.400000000000002,40.22,181,4.9,,,,,,,,,,,,,,,,,,,,,,,,,,,,,,,,,
2005,10,19,15,30,51,857,68.14,0.8,15.4,40.94,10,4.3,,,,,,,,,,,,,,,,,,,,,,,,,,,,,,,,,
2005,10,19,16,30,39,711,77.47,0.9,13.5,45.14,19,3.2,,,,,,,,,,,,,,,,,,,,,,,,,,,,,,,,,
2005,10,19,17,30,15,325,87.61,0.9,10.5,58.17,30,2.1,,,,,,,,,,,,,,,,,,,,,,,,,,,,,,,,,
2005,10,19,18,30,0,0,98.77,0.9,8.3,70.15,43,1.9000000000000001,,,,,,,,,,,,,,,,,,,,,,,,,,,,,,,,,
2005,10,19,19,30,0,0,109.87,0.8,7.300000000000001,73.19,54,2,,,,,,,,,,,,,,,,,,,,,,,,,,,,,,,,,
2005,10,19,20,30,0,0,120.8,0.8,6.4,76.44,64,1.9000000000000001,,,,,,,,,,,,,,,,,,,,,,,,,,,,,,,,,
2005,10,19,21,30,0,0,131.12,0.8,5.5,80.34,71,1.6,,,,,,,,,,,,,,,,,,,,,,,,,,,,,,,,,
2005,10,19,22,30,0,0,140.06,0.8,4.9,83.45,74,1.3,,,,,,,,,,,,,,,,,,,,,,,,,,,,,,,,,
2005,10,19,23,30,0,0,146.27,0.8,4.6000000000000005,84.33,73,1.3,,,,,,,,,,,,,,,,,,,,,,,,,,,,,,,,,
2005,10,20,0,30,0,0,148.01,0.8,4.5,84.75,77,1.2000000000000002,,,,,,,,,,,,,,,,,,,,,,,,,,,,,,,,,
2005,10,20,1,30,0,0,144.6,0.9,4.6000000000000005,84.92,84,1.1,,,,,,,,,,,,,,,,,,,,,,,,,,,,,,,,,
2005,10,20,2,30,0,0,137.29,0.9,4.4,86.33,90,1.1,,,,,,,,,,,,,,,,,,,,,,,,,,,,,,,,,
2005,10,20,3,30,0,0,127.78,1,3.9000000000000004,89.02,96,1.1,,,,,,,,,,,,,,,,,,,,,,,,,,,,,,,,,
2005,10,20,4,30,0,0,117.2,1,3.6,91.04,104,1.1,,,,,,,,,,,,,,,,,,,,,,,,,,,,,,,,,
2005,10,20,5,30,0,0,106.19,1,3.6,92.14,112,1,,,,,,,,,,,,,,,,,,,,,,,,,,,,,,,,,
2005,10,20,6,30,0,0,95.15,1,3.9000000000000004,91.54,117,0.9,,,,,,,,,,,,,,,,,,,,,,,,,,,,,,,,,
2005,10,20,7,30,35,3,84.28,1,5.5,83.77,120,1.3,,,,,,,,,,,,,,,,,,,,,,,,,,,,,,,,,
2005,10,20,8,30,67,0,74.34,1.1,7.9,72.72,121,1.9000000000000001,,,,,,,,,,,,,,,,,,,,,,,,,,,,,,,,,
2005,10,20,9,30,58,856,65.5,1.1,9.9,61.690000000000005,117,2.1,,,,,,,,,,,,,,,,,,,,,,,,,,,,,,,,,
2005,10,20,10,30,64,909,58.47,1.2000000000000002,11.4,54.730000000000004,108,2,,,,,,,,,,,,,,,,,,,,,,,,,,,,,,,,,
2005,10,20,11,30,196,529,54.03,1.2000000000000002,12.4,50.64,104,1.7000000000000002,,,,,,,,,,,,,,,,,,,,,,,,,,,,,,,,,
2005,10,20,12,30,279,279,52.88,1.3,12.600000000000001,49.83,107,1.4000000000000001,,,,,,,,,,,,,,,,,,,,,,,,,,,,,,,,,
2005,10,20,13,30,235,36,55.24,1.4000000000000001,12.3,51.02,99,1.4000000000000001,,,,,,,,,,,,,,,,,,,,,,,,,,,,,,,,,
2005,10,20,14,30,210,29,60.69,1.5,12,53.08,85,1.2000000000000002,,,,,,,,,,,,,,,,,,,,,,,,,,,,,,,,,
2005,10,20,15,30,108,5,68.45,1.5,11.600000000000001,56.96,82,0.9,,,,,,,,,,,,,,,,,,,,,,,,,,,,,,,,,
2005,10,20,16,30,37,0,77.76,1.5,10.8,69.78,89,0.7000000000000001,,,,,,,,,,,,,,,,,,,,,,,,,,,,,,,,,
2005,10,20,17,30,8,0,87.87,1.4000000000000001,9.700000000000001,73.97,95,0.8,,,,,,,,,,,,,,,,,,,,,,,,,,,,,,,,,
2005,10,20,18,30,0,0,99.04,1.3,8.6,74.91,98,1,,,,,,,,,,,,,,,,,,,,,,,,,,,,,,,,,
2005,10,20,19,30,0,0,110.13,1.2000000000000002,7.7,78.76,102,1.1,,,,,,,,,,,,,,,,,,,,,,,,,,,,,,,,,
2005,10,20,20,30,0,0,121.08,1.2000000000000002,6.9,82.93,103,1.1,,,,,,,,,,,,,,,,,,,,,,,,,,,,,,,,,
2005,10,20,21,30,0,0,131.42000000000002,1.2000000000000002,6.2,87.28,95,1.2000000000000002,,,,,,,,,,,,,,,,,,,,,,,,,,,,,,,,,
2005,10,20,22,30,0,0,140.38,1.2000000000000002,5.6000000000000005,91.83,83,1.5,,,,,,,,,,,,,,,,,,,,,,,,,,,,,,,,,
2005,10,20,23,30,0,0,146.62,1.2000000000000002,5.2,97.08,76,1.8,,,,,,,,,,,,,,,,,,,,,,,,,,,,,,,,,
2005,10,21,0,30,0,0,148.36,1.2000000000000002,5.1000000000000005,100,74,2,,,,,,,,,,,,,,,,,,,,,,,,,,,,,,,,,
2005,10,21,1,30,0,0,144.91,1.2000000000000002,5.4,100,71,2.4000000000000004,,,,,,,,,,,,,,,,,,,,,,,,,,,,,,,,,
2005,10,21,2,30,0,0,137.55,1.2000000000000002,5.9,100,68,2.8000000000000003,,,,,,,,,,,,,,,,,,,,,,,,,,,,,,,,,
2005,10,21,3,30,0,0,128.01,1.2000000000000002,6,100,67,3,,,,,,,,,,,,,,,,,,,,,,,,,,,,,,,,,
2005,10,21,4,30,0,0,117.41,1.2000000000000002,6,100,66,3.1,,,,,,,,,,,,,,,,,,,,,,,,,,,,,,,,,
2005,10,21,5,30,0,0,106.39,1.2000000000000002,5.9,100,62,3.2,,,,,,,,,,,,,,,,,,,,,,,,,,,,,,,,,
2005,10,21,6,30,0,0,95.36,1.2000000000000002,5.800000000000001,100,58,3.3000000000000003,,,,,,,,,,,,,,,,,,,,,,,,,,,,,,,,,
2005,10,21,7,30,28,421,84.5,1.2000000000000002,6.6000000000000005,93.29,58,3.7,,,,,,,,,,,,,,,,,,,,,,,,,,,,,,,,,
2005,10,21,8,30,51,712,74.59,1.2000000000000002,8.3,81.99,61,4.1000000000000005,,,,,,,,,,,,,,,,,,,,,,,,,,,,,,,,,
2005,10,21,9,30,155,420,65.78,1.1,10.5,67.99,64,4.3,,,,,,,,,,,,,,,,,,,,,,,,,,,,,,,,,
2005,10,21,10,30,184,498,58.78,1.1,12.200000000000001,57.75,61,4,,,,,,,,,,,,,,,,,,,,,,,,,,,,,,,,,
2005,10,21,11,30,195,516,54.370000000000005,1.1,13.4,50.03,56,3.8000000000000003,,,,,,,,,,,,,,,,,,,,,,,,,,,,,,,,,
2005,10,21,12,30,246,407,53.24,1.1,14.200000000000001,44.57,52,3.7,,,,,,,,,,,,,,,,,,,,,,,,,,,,,,,,,
2005,10,21,13,30,195,550,55.6,1.1,14.5,41.45,49,3.7,,,,,,,,,,,,,,,,,,,,,,,,,,,,,,,,,
2005,10,21,14,30,189,430,61.03,1.2000000000000002,14.4,39.96,46,3.7,,,,,,,,,,,,,,,,,,,,,,,,,,,,,,,,,
2005,10,21,15,30,198,40,68.76,1.2000000000000002,13.700000000000001,40.62,44,3.6,,,,,,,,,,,,,,,,,,,,,,,,,,,,,,,,,
2005,10,21,16,30,90,313,78.05,1.2000000000000002,12,44.62,42,2.9000000000000004,,,,,,,,,,,,,,,,,,,,,,,,,,,,,,,,,
2005,10,21,17,30,10,0,88.13,1.1,9.700000000000001,56.27,41,2.2,,,,,,,,,,,,,,,,,,,,,,,,,,,,,,,,,
2005,10,21,18,30,0,0,99.31,1.1,8.3,64.27,41,2.4000000000000004,,,,,,,,,,,,,,,,,,,,,,,,,,,,,,,,,
2005,10,21,19,30,0,0,110.4,1.1,7.7,66.81,41,2.7,,,,,,,,,,,,,,,,,,,,,,,,,,,,,,,,,
2005,10,21,20,30,0,0,121.35000000000001,1.1,7,71.49,39,2.7,,,,,,,,,,,,,,,,,,,,,,,,,,,,,,,,,
2005,10,21,21,30,0,0,131.71,1.1,6.2,76.95,34,2.4000000000000004,,,,,,,,,,,,,,,,,,,,,,,,,,,,,,,,,
2005,10,21,22,30,0,0,140.70000000000002,1,5.4,82.42,31,2.2,,,,,,,,,,,,,,,,,,,,,,,,,,,,,,,,,
2005,10,21,23,30,0,0,146.97,1,4.7,87.34,30,2.1,,,,,,,,,,,,,,,,,,,,,,,,,,,,,,,,,
2005,10,22,0,30,0,0,148.72,1,4.4,90.56,32,2.2,,,,,,,,,,,,,,,,,,,,,,,,,,,,,,,,,
2005,10,22,1,30,0,0,145.22,1,4.5,90.95,37,2.4000000000000004,,,,,,,,,,,,,,,,,,,,,,,,,,,,,,,,,
2005,10,22,2,30,0,0,137.82,1,4.800000000000001,89.51,40,2.4000000000000004,,,,,,,,,,,,,,,,,,,,,,,,,,,,,,,,,
2005,10,22,3,30,0,0,128.24,1,4.7,89.57000000000001,38,2.1,,,,,,,,,,,,,,,,,,,,,,,,,,,,,,,,,
2005,10,22,4,30,0,0,117.62,0.9,4,92.2,32,1.8,,,,,,,,,,,,,,,,,,,,,,,,,,,,,,,,,
2005,10,22,5,30,0,0,106.59,0.9,3.3000000000000003,93.11,24,1.8,,,,,,,,,,,,,,,,,,,,,,,,,,,,,,,,,
2005,10,22,6,30,0,0,95.56,0.9,3.5,89.22,15,2.1,,,,,,,,,,,,,,,,,,,,,,,,,,,,,,,,,
2005,10,22,7,30,22,0,84.72,0.9,4.6000000000000005,82.81,10,2.7,,,,,,,,,,,,,,,,,,,,,,,,,,,,,,,,,
2005,10,22,8,30,14,628,74.83,1,5.9,76.5,7,3.1,,,,,,,,,,,,,,,,,,,,,,,,,,,,,,,,,
2005,10,22,9,30,200,93,66.05,1,7.7,68.7,11,3.5,,,,,,,,,,,,,,,,,,,,,,,,,,,,,,,,,
2005,10,22,10,30,262,110,59.09,1,9.4,59.81,16,3.8000000000000003,,,,,,,,,,,,,,,,,,,,,,,,,,,,,,,,,
2005,10,22,11,30,327,80,54.71,1.1,10.4,54.6,13,3.6,,,,,,,,,,,,,,,,,,,,,,,,,,,,,,,,,
2005,10,22,12,30,323,65,53.59,1.1,11,51.92,6,3.4000000000000004,,,,,,,,,,,,,,,,,,,,,,,,,,,,,,,,,
2005,10,22,13,30,327,119,55.95,1.2000000000000002,11.4,50.46,179,3.3000000000000003,,,,,,,,,,,,,,,,,,,,,,,,,,,,,,,,,
2005,10,22,14,30,229,27,61.36,1.2000000000000002,11.5,50.15,355,3.1,,,,,,,,,,,,,,,,,,,,,,,,,,,,,,,,,
2005,10,22,15,30,160,29,69.07000000000001,1.2000000000000002,11,51.94,353,2.8000000000000003,,,,,,,,,,,,,,,,,,,,,,,,,,,,,,,,,
2005,10,22,16,30,102,11,78.33,1.2000000000000002,9.700000000000001,58.06,354,2,,,,,,,,,,,,,,,,,,,,,,,,,,,,,,,,,
2005,10,22,17,30,8,0,88.38,1.2000000000000002,8.200000000000001,70.49,358,1.5,,,,,,,,,,,,,,,,,,,,,,,,,,,,,,,,,
2005,10,22,18,30,0,0,99.57000000000001,1.2000000000000002,7.1000000000000005,77.10000000000001,182,1.5,,,,,,,,,,,,,,,,,,,,,,,,,,,,,,,,,
2005,10,22,19,30,0,0,110.66,1.2000000000000002,6.300000000000001,81.19,6,1.4000000000000001,,,,,,,,,,,,,,,,,,,,,,,,,,,,,,,,,
2005,10,22,20,30,0,0,121.62,1.1,5.4,86.24,11,1.3,,,,,,,,,,,,,,,,,,,,,,,,,,,,,,,,,
2005,10,22,21,30,0,0,132,1.1,4.6000000000000005,90.03,15,1.3,,,,,,,,,,,,,,,,,,,,,,,,,,,,,,,,,
2005,10,22,22,30,0,0,141.02,1.1,3.9000000000000004,94.38,19,1.3,,,,,,,,,,,,,,,,,,,,,,,,,,,,,,,,,
2005,10,22,23,30,0,0,147.32,1.2000000000000002,3.4000000000000004,97.78,25,1.2000000000000002,,,,,,,,,,,,,,,,,,,,,,,,,,,,,,,,,
2005,10,23,0,30,0,0,149.06,1.2000000000000002,2.9000000000000004,100,34,1.2000000000000002,,,,,,,,,,,,,,,,,,,,,,,,,,,,,,,,,
2005,10,23,1,30,0,0,145.53,1.2000000000000002,2.7,100,46,1.1,,,,,,,,,,,,,,,,,,,,,,,,,,,,,,,,,
2005,10,23,2,30,0,0,138.08,1.2000000000000002,2.5,100,55,1.1,,,,,,,,,,,,,,,,,,,,,,,,,,,,,,,,,
2005,10,23,3,30,0,0,128.47,1.2000000000000002,2.4000000000000004,100,60,1.1,,,,,,,,,,,,,,,,,,,,,,,,,,,,,,,,,
2005,10,23,4,30,0,0,117.83,1.2000000000000002,2.2,100,59,1.1,,,,,,,,,,,,,,,,,,,,,,,,,,,,,,,,,
2005,10,23,5,30,0,0,106.8,1.2000000000000002,2.1,100,55,1,,,,,,,,,,,,,,,,,,,,,,,,,,,,,,,,,
2005,10,23,6,30,0,0,95.77,1.2000000000000002,2.5,100,49,1.1,,,,,,,,,,,,,,,,,,,,,,,,,,,,,,,,,
2005,10,23,7,30,8,0,84.93,1.2000000000000002,4,96.03,42,1.7000000000000002,,,,,,,,,,,,,,,,,,,,,,,,,,,,,,,,,
2005,10,23,8,30,62,0,75.08,1.1,6.300000000000001,83.49,36,2.1,,,,,,,,,,,,,,,,,,,,,,,,,,,,,,,,,
2005,10,23,9,30,150,2,66.33,1.1,8.3,72.28,33,2.1,,,,,,,,,,,,,,,,,,,,,,,,,,,,,,,,,
2005,10,23,10,30,277,49,59.39,1.1,9.700000000000001,63.64,31,1.9000000000000001,,,,,,,,,,,,,,,,,,,,,,,,,,,,,,,,,
2005,10,23,11,30,252,8,55.04,1.1,10.8,58.11,27,1.7000000000000002,,,,,,,,,,,,,,,,,,,,,,,,,,,,,,,,,
2005,10,23,12,30,305,53,53.94,1.1,11.700000000000001,53.730000000000004,21,1.7000000000000002,,,,,,,,,,,,,,,,,,,,,,,,,,,,,,,,,
2005,10,23,13,30,212,2,56.29,1.1,12,51.43,16,1.9000000000000001,,,,,,,,,,,,,,,,,,,,,,,,,,,,,,,,,
2005,10,23,14,30,270,72,61.68,1.2000000000000002,11.8,51.42,14,2.3000000000000003,,,,,,,,,,,,,,,,,,,,,,,,,,,,,,,,,
2005,10,23,15,30,66,0,69.37,1.2000000000000002,11.100000000000001,53.76,15,2.5,,,,,,,,,,,,,,,,,,,,,,,,,,,,,,,,,
2005,10,23,16,30,21,0,78.61,1.2000000000000002,9.700000000000001,60.19,17,2.4000000000000004,,,,,,,,,,,,,,,,,,,,,,,,,,,,,,,,,
2005,10,23,17,30,4,0,88.62,1.2000000000000002,8.200000000000001,71.95,19,2.2,,,,,,,,,,,,,,,,,,,,,,,,,,,,,,,,,
2005,10,23,18,30,0,0,99.82000000000001,1.3,7.1000000000000005,79.12,22,2.6,,,,,,,,,,,,,,,,,,,,,,,,,,,,,,,,,
2005,10,23,19,30,0,0,110.91,1.2000000000000002,6.300000000000001,84.31,24,2.9000000000000004,,,,,,,,,,,,,,,,,,,,,,,,,,,,,,,,,
2005,10,23,20,30,0,0,121.88,1.2000000000000002,5.5,90.44,26,3,,,,,,,,,,,,,,,,,,,,,,,,,,,,,,,,,
2005,10,23,21,30,0,0,132.28,1.2000000000000002,5,94.9,26,2.9000000000000004,,,,,,,,,,,,,,,,,,,,,,,,,,,,,,,,,
2005,10,23,22,30,0,0,141.33,1.2000000000000002,4.800000000000001,96.64,24,2.9000000000000004,,,,,,,,,,,,,,,,,,,,,,,,,,,,,,,,,
2005,10,23,23,30,0,0,147.66,1.2000000000000002,4.7,96.68,21,2.9000000000000004,,,,,,,,,,,,,,,,,,,,,,,,,,,,,,,,,
2005,10,24,0,30,0,0,149.41,1.2000000000000002,4.6000000000000005,96.69,22,3,,,,,,,,,,,,,,,,,,,,,,,,,,,,,,,,,
2005,10,24,1,30,0,0,145.84,1.2000000000000002,4.6000000000000005,96.65,28,3.1,,,,,,,,,,,,,,,,,,,,,,,,,,,,,,,,,
2005,10,24,2,30,0,0,138.34,1.2000000000000002,4.6000000000000005,97.29,34,3.1,,,,,,,,,,,,,,,,,,,,,,,,,,,,,,,,,
2005,10,24,3,30,0,0,128.7,1.2000000000000002,4.5,98.26,36,3.1,,,,,,,,,,,,,,,,,,,,,,,,,,,,,,,,,
2005,10,24,4,30,0,0,118.04,1.2000000000000002,4.3,99.08,36,3.3000000000000003,,,,,,,,,,,,,,,,,,,,,,,,,,,,,,,,,
2005,10,24,5,30,0,0,107,1.2000000000000002,4.2,98.7,35,3.5,,,,,,,,,,,,,,,,,,,,,,,,,,,,,,,,,
2005,10,24,6,30,0,0,95.98,1.2000000000000002,4,98.96000000000001,30,3.5,,,,,,,,,,,,,,,,,,,,,,,,,,,,,,,,,
2005,10,24,7,30,19,0,85.15,1.2000000000000002,4.5,94.31,27,4,,,,,,,,,,,,,,,,,,,,,,,,,,,,,,,,,
2005,10,24,8,30,57,652,75.32000000000001,1.2000000000000002,5.800000000000001,87.47,29,4.7,,,,,,,,,,,,,,,,,,,,,,,,,,,,,,,,,
2005,10,24,9,30,221,49,66.6,1.2000000000000002,7.7,77.72,32,5.300000000000001,,,,,,,,,,,,,,,,,,,,,,,,,,,,,,,,,
2005,10,24,10,30,135,0,59.7,1.2000000000000002,9.3,67.55,31,5.7,,,,,,,,,,,,,,,,,,,,,,,,,,,,,,,,,
2005,10,24,11,30,208,1,55.38,1.2000000000000002,10.200000000000001,61.92,30,5.9,,,,,,,,,,,,,,,,,,,,,,,,,,,,,,,,,
2005,10,24,12,30,205,1,54.29,1.3,10.5,60.74,28,6,,,,,,,,,,,,,,,,,,,,,,,,,,,,,,,,,
2005,10,24,13,30,138,0,56.63,1.3,10.5,61.06,25,6.1000000000000005,,,,,,,,,,,,,,,,,,,,,,,,,,,,,,,,,
2005,10,24,14,30,237,30,62.01,1.4000000000000001,10.100000000000001,63.14,23,6,,,,,,,,,,,,,,,,,,,,,,,,,,,,,,,,,
2005,10,24,15,30,75,0,69.67,1.4000000000000001,9.4,66.94,21,5.7,,,,,,,,,,,,,,,,,,,,,,,,,,,,,,,,,
2005,10,24,16,30,73,1,78.89,1.5,8.6,72.55,17,5.2,,,,,,,,,,,,,,,,,,,,,,,,,,,,,,,,,
2005,10,24,17,30,6,0,88.85000000000001,1.5,7.800000000000001,79.66,12,4.9,,,,,,,,,,,,,,,,,,,,,,,,,,,,,,,,,
2005,10,24,18,30,0,0,100.08,1.5,7.2,85.33,10,4.9,,,,,,,,,,,,,,,,,,,,,,,,,,,,,,,,,
2005,10,24,19,30,0,0,111.16,1.5,6.800000000000001,89.24,11,4.9,,,,,,,,,,,,,,,,,,,,,,,,,,,,,,,,,
2005,10,24,20,30,0,0,122.14,1.5,6.4,92.76,11,4.6000000000000005,,,,,,,,,,,,,,,,,,,,,,,,,,,,,,,,,
2005,10,24,21,30,0,0,132.55,1.5,6.1000000000000005,95.33,10,4.3,,,,,,,,,,,,,,,,,,,,,,,,,,,,,,,,,
2005,10,24,22,30,0,0,141.64000000000001,1.5,5.9,96.84,8,4.2,,,,,,,,,,,,,,,,,,,,,,,,,,,,,,,,,
2005,10,24,23,30,0,0,148,1.5,5.800000000000001,97.41,6,4.2,,,,,,,,,,,,,,,,,,,,,,,,,,,,,,,,,
2005,10,25,0,30,0,0,149.75,1.5,5.800000000000001,97.26,3,4.1000000000000005,,,,,,,,,,,,,,,,,,,,,,,,,,,,,,,,,
2005,10,25,1,30,0,0,146.14000000000001,1.5,5.7,97.67,1,4.1000000000000005,,,,,,,,,,,,,,,,,,,,,,,,,,,,,,,,,
2005,10,25,2,30,0,0,138.6,1.5,5.6000000000000005,97.74000000000001,1,4.3,,,,,,,,,,,,,,,,,,,,,,,,,,,,,,,,,
2005,10,25,3,30,0,0,128.92000000000002,1.4000000000000001,5.6000000000000005,97.19,181,4.4,,,,,,,,,,,,,,,,,,,,,,,,,,,,,,,,,
2005,10,25,4,30,0,0,118.25,1.4000000000000001,5.5,97.4,360,4.6000000000000005,,,,,,,,,,,,,,,,,,,,,,,,,,,,,,,,,
2005,10,25,5,30,0,0,107.21000000000001,1.3,5.300000000000001,97.85000000000001,181,4.6000000000000005,,,,,,,,,,,,,,,,,,,,,,,,,,,,,,,,,
2005,10,25,6,30,0,0,96.19,1.3,5.1000000000000005,97.82000000000001,2,4.6000000000000005,,,,,,,,,,,,,,,,,,,,,,,,,,,,,,,,,
2005,10,25,7,30,26,349,85.37,1.3,5.4,94.9,4,4.800000000000001,,,,,,,,,,,,,,,,,,,,,,,,,,,,,,,,,
2005,10,25,8,30,50,680,75.56,1.3,6.6000000000000005,88.84,9,5.5,,,,,,,,,,,,,,,,,,,,,,,,,,,,,,,,,
2005,10,25,9,30,204,28,66.88,1.3,8.200000000000001,78.77,15,6.300000000000001,,,,,,,,,,,,,,,,,,,,,,,,,,,,,,,,,
2005,10,25,10,30,224,15,60.01,1.3,9.4,67.81,16,6.7,,,,,,,,,,,,,,,,,,,,,,,,,,,,,,,,,
2005,10,25,11,30,210,1,55.71,1.3,10.200000000000001,61.03,13,6.7,,,,,,,,,,,,,,,,,,,,,,,,,,,,,,,,,
2005,10,25,12,30,267,17,54.63,1.3,10.600000000000001,58.24,9,6.7,,,,,,,,,,,,,,,,,,,,,,,,,,,,,,,,,
2005,10,25,13,30,164,0,56.97,1.3,10.5,57.57,6,6.800000000000001,,,,,,,,,,,,,,,,,,,,,,,,,,,,,,,,,
2005,10,25,14,30,68,0,62.32,1.2000000000000002,10,58.76,3,6.7,,,,,,,,,,,,,,,,,,,,,,,,,,,,,,,,,
2005,10,25,15,30,138,6,69.96000000000001,1.2000000000000002,9.3,60.78,181,6.4,,,,,,,,,,,,,,,,,,,,,,,,,,,,,,,,,
2005,10,25,16,30,75,1,79.16,1.1,8.3,63.97,359,5.6000000000000005,,,,,,,,,,,,,,,,,,,,,,,,,,,,,,,,,
2005,10,25,17,30,0,0,89.08,1.1,6.9,70.08,359,4.3,,,,,,,,,,,,,,,,,,,,,,,,,,,,,,,,,
2005,10,25,18,30,0,0,100.32000000000001,1,5.800000000000001,76.15,181,3.7,,,,,,,,,,,,,,,,,,,,,,,,,,,,,,,,,
2005,10,25,19,30,0,0,111.41,0.9,5.1000000000000005,79.99,2,3.5,,,,,,,,,,,,,,,,,,,,,,,,,,,,,,,,,
2005,10,25,20,30,0,0,122.39,0.9,4.7,82.13,178,3.5,,,,,,,,,,,,,,,,,,,,,,,,,,,,,,,,,
2005,10,25,21,30,0,0,132.82,0.9,4.2,85.15,348,3.2,,,,,,,,,,,,,,,,,,,,,,,,,,,,,,,,,
2005,10,25,22,30,0,0,141.94,0.9,3.4000000000000004,89.75,339,3,,,,,,,,,,,,,,,,,,,,,,,,,,,,,,,,,
2005,10,25,23,30,0,0,148.34,0.9,2.9000000000000004,92.06,332,3.1,,,,,,,,,,,,,,,,,,,,,,,,,,,,,,,,,
2005,10,26,0,30,0,0,150.09,0.9,2.5,93.53,328,3.3000000000000003,,,,,,,,,,,,,,,,,,,,,,,,,,,,,,,,,
2005,10,26,1,30,0,0,146.45000000000002,0.8,2.2,94.22,326,3.4000000000000004,,,,,,,,,,,,,,,,,,,,,,,,,,,,,,,,,
2005,10,26,2,30,0,0,138.85,0.8,1.8,95.95,326,3.3000000000000003,,,,,,,,,,,,,,,,,,,,,,,,,,,,,,,,,
2005,10,26,3,30,0,0,129.15,0.8,1.5,97.56,326,3.3000000000000003,,,,,,,,,,,,,,,,,,,,,,,,,,,,,,,,,
2005,10,26,4,30,0,0,118.46000000000001,0.7000000000000001,1.3,98.7,326,3.3000000000000003,,,,,,,,,,,,,,,,,,,,,,,,,,,,,,,,,
2005,10,26,5,30,0,0,107.41,0.7000000000000001,1.2000000000000002,98.81,327,3.3000000000000003,,,,,,,,,,,,,,,,,,,,,,,,,,,,,,,,,
2005,10,26,6,30,0,0,96.4,0.8,1.1,98.84,328,3.2,,,,,,,,,,,,,,,,,,,,,,,,,,,,,,,,,
2005,10,26,7,30,22,441,85.58,0.8,1.7000000000000002,94.37,329,3.3000000000000003,,,,,,,,,,,,,,,,,,,,,,,,,,,,,,,,,
2005,10,26,8,30,44,739,75.81,0.8,3.5,84.03,332,3.8000000000000003,,,,,,,,,,,,,,,,,,,,,,,,,,,,,,,,,
2005,10,26,9,30,172,12,67.15,0.8,5.5,71.16,334,4.1000000000000005,,,,,,,,,,,,,,,,,,,,,,,,,,,,,,,,,
2005,10,26,10,30,220,11,60.31,0.8,7.2,59.52,331,4.1000000000000005,,,,,,,,,,,,,,,,,,,,,,,,,,,,,,,,,
2005,10,26,11,30,304,62,56.04,0.9,8.4,53.230000000000004,326,4.1000000000000005,,,,,,,,,,,,,,,,,,,,,,,,,,,,,,,,,
2005,10,26,12,30,329,185,54.980000000000004,0.9,9.3,49.480000000000004,322,4,,,,,,,,,,,,,,,,,,,,,,,,,,,,,,,,,
2005,10,26,13,30,280,45,57.31,0.9,9.8,47.27,320,4,,,,,,,,,,,,,,,,,,,,,,,,,,,,,,,,,
2005,10,26,14,30,231,28,62.64,0.9,9.8,46.75,320,4,,,,,,,,,,,,,,,,,,,,,,,,,,,,,,,,,
2005,10,26,15,30,174,227,70.25,0.9,9.4,47.56,323,3.7,,,,,,,,,,,,,,,,,,,,,,,,,,,,,,,,,
2005,10,26,16,30,89,5,79.43,0.9,7.7,53.1,329,2.6,,,,,,,,,,,,,,,,,,,,,,,,,,,,,,,,,
2005,10,26,17,30,0,0,89.3,0.9,5.2,68.12,342,1.5,,,,,,,,,,,,,,,,,,,,,,,,,,,,,,,,,
2005,10,26,18,30,0,0,100.57000000000001,1,3.6,77.17,176,1.2000000000000002,,,,,,,,,,,,,,,,,,,,,,,,,,,,,,,,,
2005,10,26,19,30,0,0,111.65,1,2.9000000000000004,79.15,7,1.1,,,,,,,,,,,,,,,,,,,,,,,,,,,,,,,,,
2005,10,26,20,30,0,0,122.64,1,2.4000000000000004,80,13,1.1,,,,,,,,,,,,,,,,,,,,,,,,,,,,,,,,,
2005,10,26,21,30,0,0,133.09,1,2,80.75,14,1.1,,,,,,,,,,,,,,,,,,,,,,,,,,,,,,,,,
2005,10,26,22,30,0,0,142.23,1,1.7000000000000002,81.91,13,1,,,,,,,,,,,,,,,,,,,,,,,,,,,,,,,,,
2005,10,26,23,30,0,0,148.67000000000002,1,1.7000000000000002,82.59,11,0.9,,,,,,,,,,,,,,,,,,,,,,,,,,,,,,,,,
2005,10,27,0,30,0,0,150.43,1,1.7000000000000002,84.23,6,0.9,,,,,,,,,,,,,,,,,,,,,,,,,,,,,,,,,
2005,10,27,1,30,0,0,146.75,1,1.6,86.06,181,0.9,,,,,,,,,,,,,,,,,,,,,,,,,,,,,,,,,
2005,10,27,2,30,0,0,139.11,1,1.3,88.18,357,0.9,,,,,,,,,,,,,,,,,,,,,,,,,,,,,,,,,
2005,10,27,3,30,0,0,129.37,1,0.7000000000000001,91.27,353,1,,,,,,,,,,,,,,,,,,,,,,,,,,,,,,,,,
2005,10,27,4,30,0,0,118.66,1,-0.1,95.84,348,1.1,,,,,,,,,,,,,,,,,,,,,,,,,,,,,,,,,
2005,10,27,5,30,0,0,107.61,1,-0.8,99.96000000000001,343,1.2000000000000002,,,,,,,,,,,,,,,,,,,,,,,,,,,,,,,,,
2005,10,27,6,30,0,0,96.61,0.9,-1.1,100,338,1.3,,,,,,,,,,,,,,,,,,,,,,,,,,,,,,,,,
2005,10,27,7,30,24,1,85.8,0.9,0.30000000000000004,91.57000000000001,331,1.9000000000000001,,,,,,,,,,,,,,,,,,,,,,,,,,,,,,,,,
2005,10,27,8,30,115,8,76.05,0.9,3.1,75.9,328,2.6,,,,,,,,,,,,,,,,,,,,,,,,,,,,,,,,,
2005,10,27,9,30,148,439,67.42,0.9,5.7,63.95,330,2.8000000000000003,,,,,,,,,,,,,,,,,,,,,,,,,,,,,,,,,
2005,10,27,10,30,194,383,60.61,1,7.4,56.13,332,3.1,,,,,,,,,,,,,,,,,,,,,,,,,,,,,,,,,
2005,10,27,11,30,266,158,56.370000000000005,1,8.1,53.27,331,3.1,,,,,,,,,,,,,,,,,,,,,,,,,,,,,,,,,
2005,10,27,12,30,333,130,55.31,1,8.1,53.27,331,3.2,,,,,,,,,,,,,,,,,,,,,,,,,,,,,,,,,
2005,10,27,13,30,298,67,57.64,1.1,8.1,53.77,332,3.3000000000000003,,,,,,,,,,,,,,,,,,,,,,,,,,,,,,,,,
2005,10,27,14,30,66,865,62.95,1.1,8.3,53.99,332,3.3000000000000003,,,,,,,,,,,,,,,,,,,,,,,,,,,,,,,,,
2005,10,27,15,30,91,0,70.54,1.1,8,56.27,332,3,,,,,,,,,,,,,,,,,,,,,,,,,,,,,,,,,
2005,10,27,16,30,78,3,79.69,1.1,6.7,63.690000000000005,329,2,,,,,,,,,,,,,,,,,,,,,,,,,,,,,,,,,
2005,10,27,17,30,0,0,89.51,1,4.6000000000000005,80.58,326,1.2000000000000002,,,,,,,,,,,,,,,,,,,,,,,,,,,,,,,,,
2005,10,27,18,30,0,0,100.8,1,3.4000000000000004,85.3,322,1.2000000000000002,,,,,,,,,,,,,,,,,,,,,,,,,,,,,,,,,
2005,10,27,19,30,0,0,111.88,1,3.1,87.3,320,1.2000000000000002,,,,,,,,,,,,,,,,,,,,,,,,,,,,,,,,,
2005,10,27,20,30,0,0,122.88,1,3,89.33,322,1.2000000000000002,,,,,,,,,,,,,,,,,,,,,,,,,,,,,,,,,
2005,10,27,21,30,0,0,133.35,1,3,91.76,330,1.3,,,,,,,,,,,,,,,,,,,,,,,,,,,,,,,,,
2005,10,27,22,30,0,0,142.53,1,2.8000000000000003,95.14,343,1.4000000000000001,,,,,,,,,,,,,,,,,,,,,,,,,,,,,,,,,
2005,10,27,23,30,0,0,148.99,1,2.5,98.68,177,1.3,,,,,,,,,,,,,,,,,,,,,,,,,,,,,,,,,
2005,10,28,0,30,0,0,150.76,0.9,2.2,100,9,1.3,,,,,,,,,,,,,,,,,,,,,,,,,,,,,,,,,
2005,10,28,1,30,0,0,147.04,0.9,1.9000000000000001,100,16,1.3,,,,,,,,,,,,,,,,,,,,,,,,,,,,,,,,,
2005,10,28,2,30,0,0,139.36,0.9,1.4000000000000001,100,17,1.2000000000000002,,,,,,,,,,,,,,,,,,,,,,,,,,,,,,,,,
2005,10,28,3,30,0,0,129.59,0.9,1.1,100,14,1.2000000000000002,,,,,,,,,,,,,,,,,,,,,,,,,,,,,,,,,
2005,10,28,4,30,0,0,118.87,0.9,1,100,7,1.2000000000000002,,,,,,,,,,,,,,,,,,,,,,,,,,,,,,,,,
2005,10,28,5,30,0,0,107.82000000000001,0.8,1.2000000000000002,100,180,1.7000000000000002,,,,,,,,,,,,,,,,,,,,,,,,,,,,,,,,,
2005,10,28,6,30,0,0,96.82000000000001,0.8,1.2000000000000002,100,354,2.1,,,,,,,,,,,,,,,,,,,,,,,,,,,,,,,,,
2005,10,28,7,30,18,0,86.02,0.8,1.7000000000000002,95.27,348,2.2,,,,,,,,,,,,,,,,,,,,,,,,,,,,,,,,,
2005,10,28,8,30,46,711,76.3,0.8,3.2,87.43,350,2.4000000000000004,,,,,,,,,,,,,,,,,,,,,,,,,,,,,,,,,
2005,10,28,9,30,56,848,67.69,0.8,5.4,77.3,178,2.5,,,,,,,,,,,,,,,,,,,,,,,,,,,,,,,,,
2005,10,28,10,30,246,323,60.910000000000004,0.8,7.6000000000000005,64.86,2,2.4000000000000004,,,,,,,,,,,,,,,,,,,,,,,,,,,,,,,,,
2005,10,28,11,30,313,204,56.69,0.8,9.200000000000001,54.94,4,2.4000000000000004,,,,,,,,,,,,,,,,,,,,,,,,,,,,,,,,,
2005,10,28,12,30,330,115,55.65,0.8,10.200000000000001,49.550000000000004,7,2.4000000000000004,,,,,,,,,,,,,,,,,,,,,,,,,,,,,,,,,
2005,10,28,13,30,201,1,57.96,0.9,10.8,46.76,11,2.4000000000000004,,,,,,,,,,,,,,,,,,,,,,,,,,,,,,,,,
2005,10,28,14,30,253,55,63.26,0.9,10.9,46.14,13,2.4000000000000004,,,,,,,,,,,,,,,,,,,,,,,,,,,,,,,,,
2005,10,28,15,30,74,0,70.82000000000001,0.9,10.4,47.77,14,2.2,,,,,,,,,,,,,,,,,,,,,,,,,,,,,,,,,
2005,10,28,16,30,83,5,79.95,0.9,8.5,55.09,15,1.5,,,,,,,,,,,,,,,,,,,,,,,,,,,,,,,,,
2005,10,28,17,30,0,0,89.71000000000001,0.9,6.300000000000001,73.3,16,1.1,,,,,,,,,,,,,,,,,,,,,,,,,,,,,,,,,
2005,10,28,18,30,0,0,101.04,0.9,5.4,72.44,18,1.1,,,,,,,,,,,,,,,,,,,,,,,,,,,,,,,,,
2005,10,28,19,30,0,0,112.11,0.9,5,73.15,19,1.1,,,,,,,,,,,,,,,,,,,,,,,,,,,,,,,,,
2005,10,28,20,30,0,0,123.12,0.9,4.9,71.81,19,1,,,,,,,,,,,,,,,,,,,,,,,,,,,,,,,,,
2005,10,28,21,30,0,0,133.6,0.9,4.7,71.77,25,0.8,,,,,,,,,,,,,,,,,,,,,,,,,,,,,,,,,
2005,10,28,22,30,0,0,142.81,0.9,4.7,71.83,46,0.5,,,,,,,,,,,,,,,,,,,,,,,,,,,,,,,,,
2005,10,28,23,30,0,0,149.32,1,4.5,73.36,125,0.30000000000000004,,,,,,,,,,,,,,,,,,,,,,,,,,,,,,,,,
2005,10,29,0,30,0,0,151.09,1,4,76.47,208,0.5,,,,,,,,,,,,,,,,,,,,,,,,,,,,,,,,,
2005,10,29,1,30,0,0,147.34,1,3.1,81.62,236,0.8,,,,,,,,,,,,,,,,,,,,,,,,,,,,,,,,,
2005,10,29,2,30,0,0,139.61,1,2,88.08,249,1,,,,,,,,,,,,,,,,,,,,,,,,,,,,,,,,,
2005,10,29,3,30,0,0,129.81,1,1,94.17,258,1.2000000000000002,,,,,,,,,,,,,,,,,,,,,,,,,,,,,,,,,
2005,10,29,4,30,0,0,119.08,1,0.2,98.2,263,1.3,,,,,,,,,,,,,,,,,,,,,,,,,,,,,,,,,
2005,10,29,5,30,0,0,108.02,0.9,-0.4,99.83,267,1.3,,,,,,,,,,,,,,,,,,,,,,,,,,,,,,,,,
2005,10,29,6,30,0,0,97.03,0.9,-0.7,98.85000000000001,269,1.4000000000000001,,,,,,,,,,,,,,,,,,,,,,,,,,,,,,,,,
2005,10,29,7,30,21,384,86.23,0.8,1.2000000000000002,83.18,267,1.8,,,,,,,,,,,,,,,,,,,,,,,,,,,,,,,,,
2005,10,29,8,30,44,715,76.54,0.8,4.4,67.13,264,2.5,,,,,,,,,,,,,,,,,,,,,,,,,,,,,,,,,
2005,10,29,9,30,56,853,67.96000000000001,0.7000000000000001,7.7,53.24,262,2.7,,,,,,,,,,,,,,,,,,,,,,,,,,,,,,,,,
2005,10,29,10,30,64,913,61.21,0.7000000000000001,11,41.730000000000004,265,3,,,,,,,,,,,,,,,,,,,,,,,,,,,,,,,,,
2005,10,29,11,30,67,942,57.01,0.7000000000000001,13,34.230000000000004,263,3.1,,,,,,,,,,,,,,,,,,,,,,,,,,,,,,,,,
2005,10,29,12,30,68,948,55.980000000000004,0.7000000000000001,14.200000000000001,31.080000000000002,255,3.1,,,,,,,,,,,,,,,,,,,,,,,,,,,,,,,,,
2005,10,29,13,30,68,930,58.29,0.7000000000000001,14.8,29.41,250,3.2,,,,,,,,,,,,,,,,,,,,,,,,,,,,,,,,,
2005,10,29,14,30,63,889,63.56,0.7000000000000001,14.8,29.07,247,3.3000000000000003,,,,,,,,,,,,,,,,,,,,,,,,,,,,,,,,,
2005,10,29,15,30,54,807,71.10000000000001,0.7000000000000001,14,30.51,247,2.8000000000000003,,,,,,,,,,,,,,,,,,,,,,,,,,,,,,,,,
2005,10,29,16,30,39,626,80.2,0.6000000000000001,10.9,42.32,245,1.9000000000000001,,,,,,,,,,,,,,,,,,,,,,,,,,,,,,,,,
2005,10,29,17,30,0,0,89.92,0.6000000000000001,7.5,62.42,243,1.6,,,,,,,,,,,,,,,,,,,,,,,,,,,,,,,,,
2005,10,29,18,30,0,0,101.27,0.6000000000000001,6,65.4,242,1.8,,,,,,,,,,,,,,,,,,,,,,,,,,,,,,,,,
2005,10,29,19,30,0,0,112.34,0.6000000000000001,5.300000000000001,68.18,242,1.9000000000000001,,,,,,,,,,,,,,,,,,,,,,,,,,,,,,,,,
2005,10,29,20,30,0,0,123.35000000000001,0.6000000000000001,4.800000000000001,70.52,240,2,,,,,,,,,,,,,,,,,,,,,,,,,,,,,,,,,
2005,10,29,21,30,0,0,133.85,0.6000000000000001,4.3,73.35000000000001,239,2.2,,,,,,,,,,,,,,,,,,,,,,,,,,,,,,,,,
2005,10,29,22,30,0,0,143.09,0.6000000000000001,4,75.10000000000001,238,2.4000000000000004,,,,,,,,,,,,,,,,,,,,,,,,,,,,,,,,,
2005,10,29,23,30,0,0,149.63,0.6000000000000001,3.8000000000000003,76.31,238,2.7,,,,,,,,,,,,,,,,,,,,,,,,,,,,,,,,,
2005,10,30,0,30,0,0,151.42000000000002,0.6000000000000001,3.5,78.77,240,2.8000000000000003,,,,,,,,,,,,,,,,,,,,,,,,,,,,,,,,,
2005,10,30,1,30,0,0,147.63,0.7000000000000001,3.1,82.51,241,2.7,,,,,,,,,,,,,,,,,,,,,,,,,,,,,,,,,
2005,10,30,2,30,0,0,139.86,0.7000000000000001,2.6,87.01,241,2.6,,,,,,,,,,,,,,,,,,,,,,,,,,,,,,,,,
2005,10,30,3,30,0,0,130.03,0.7000000000000001,2.1,91.3,240,2.5,,,,,,,,,,,,,,,,,,,,,,,,,,,,,,,,,
2005,10,30,4,30,0,0,119.28,0.7000000000000001,1.8,94.34,239,2.6,,,,,,,,,,,,,,,,,,,,,,,,,,,,,,,,,
2005,10,30,5,30,0,0,108.22,0.7000000000000001,1.7000000000000002,95.66,236,2.8000000000000003,,,,,,,,,,,,,,,,,,,,,,,,,,,,,,,,,
2005,10,30,6,30,0,0,97.24000000000001,0.7000000000000001,1.8,94.96000000000001,232,3,,,,,,,,,,,,,,,,,,,,,,,,,,,,,,,,,
2005,10,30,7,30,22,347,86.45,0.6000000000000001,2.5,89.61,226,3.4000000000000004,,,,,,,,,,,,,,,,,,,,,,,,,,,,,,,,,
2005,10,30,8,30,102,373,76.78,0.6000000000000001,4.1000000000000005,79.39,220,3.7,,,,,,,,,,,,,,,,,,,,,,,,,,,,,,,,,
2005,10,30,9,30,62,839,68.23,0.6000000000000001,6.9,65.32000000000001,216,3.9000000000000004,,,,,,,,,,,,,,,,,,,,,,,,,,,,,,,,,
2005,10,30,10,30,67,910,61.51,0.6000000000000001,10.700000000000001,49.99,221,4.7,,,,,,,,,,,,,,,,,,,,,,,,,,,,,,,,,
2005,10,30,11,30,318,185,57.33,0.6000000000000001,13.8,37.17,225,5.300000000000001,,,,,,,,,,,,,,,,,,,,,,,,,,,,,,,,,
2005,10,30,12,30,303,286,56.31,0.6000000000000001,15.5,32.54,220,5.4,,,,,,,,,,,,,,,,,,,,,,,,,,,,,,,,,
2005,10,30,13,30,286,268,58.61,0.6000000000000001,16.400000000000002,29.96,217,5.5,,,,,,,,,,,,,,,,,,,,,,,,,,,,,,,,,
2005,10,30,14,30,65,888,63.86,0.6000000000000001,16.6,28.810000000000002,214,5.4,,,,,,,,,,,,,,,,,,,,,,,,,,,,,,,,,
2005,10,30,15,30,57,801,71.37,0.6000000000000001,15.8,30.240000000000002,211,4.7,,,,,,,,,,,,,,,,,,,,,,,,,,,,,,,,,
2005,10,30,16,30,40,602,80.45,0.7000000000000001,13,38.85,208,3.3000000000000003,,,,,,,,,,,,,,,,,,,,,,,,,,,,,,,,,
2005,10,30,17,30,0,0,90.12,0.9,9.9,54.33,205,2.6,,,,,,,,,,,,,,,,,,,,,,,,,,,,,,,,,
2005,10,30,18,30,0,0,101.49000000000001,1,8.8,59.660000000000004,206,2.9000000000000004,,,,,,,,,,,,,,,,,,,,,,,,,,,,,,,,,
2005,10,30,19,30,0,0,112.56,1.1,8.5,62.63,206,3.4000000000000004,,,,,,,,,,,,,,,,,,,,,,,,,,,,,,,,,
2005,10,30,20,30,0,0,123.58,1.4000000000000001,8.3,65.82000000000001,205,3.7,,,,,,,,,,,,,,,,,,,,,,,,,,,,,,,,,
2005,10,30,21,30,0,0,134.1,1.7000000000000002,8.3,67.92,206,3.8000000000000003,,,,,,,,,,,,,,,,,,,,,,,,,,,,,,,,,
2005,10,30,22,30,0,0,143.37,1.9000000000000001,8.6,67.89,214,4,,,,,,,,,,,,,,,,,,,,,,,,,,,,,,,,,
2005,10,30,23,30,0,0,149.95000000000002,2,9.200000000000001,65.32000000000001,223,4.1000000000000005,,,,,,,,,,,,,,,,,,,,,,,,,,,,,,,,,
2005,10,31,0,30,0,0,151.75,2,9.4,63.77,227,3.7,,,,,,,,,,,,,,,,,,,,,,,,,,,,,,,,,
2005,10,31,1,30,0,0,147.92000000000002,2.1,9.200000000000001,65.88,226,3.2,,,,,,,,,,,,,,,,,,,,,,,,,,,,,,,,,
2005,10,31,2,30,0,0,140.11,2.3000000000000003,9,67.65,222,3.2,,,,,,,,,,,,,,,,,,,,,,,,,,,,,,,,,
2005,10,31,3,30,0,0,130.25,2.4000000000000004,8.8,70.39,219,3.4000000000000004,,,,,,,,,,,,,,,,,,,,,,,,,,,,,,,,,
2005,10,31,4,30,0,0,119.49000000000001,2.4000000000000004,8.700000000000001,73.86,222,3.5,,,,,,,,,,,,,,,,,,,,,,,,,,,,,,,,,
2005,10,31,5,30,0,0,108.43,2.4000000000000004,8.6,77.55,227,3.6,,,,,,,,,,,,,,,,,,,,,,,,,,,,,,,,,
2005,10,31,6,30,0,0,97.45,2.3000000000000003,8.4,81.51,229,3.6,,,,,,,,,,,,,,,,,,,,,,,,,,,,,,,,,
2005,10,31,7,30,24,85,86.67,2.2,8.700000000000001,82.3,228,3.7,,,,,,,,,,,,,,,,,,,,,,,,,,,,,,,,,
2005,10,31,8,30,33,0,77.03,2.2,9.700000000000001,79.25,229,4,,,,,,,,,,,,,,,,,,,,,,,,,,,,,,,,,
2005,10,31,9,30,129,1,68.5,2.1,11.100000000000001,74.52,230,4.1000000000000005,,,,,,,,,,,,,,,,,,,,,,,,,,,,,,,,,
2005,10,31,10,30,246,30,61.81,2.1,12.5,70.18,234,4.3,,,,,,,,,,,,,,,,,,,,,,,,,,,,,,,,,
2005,10,31,11,30,220,3,57.65,2,13.600000000000001,68.33,238,4.2,,,,,,,,,,,,,,,,,,,,,,,,,,,,,,,,,
2005,10,31,12,30,318,80,56.63,2,14.4,68.02,239,4,,,,,,,,,,,,,,,,,,,,,,,,,,,,,,,,,
2005,10,31,13,30,287,244,58.92,2,15,67.72,237,3.7,,,,,,,,,,,,,,,,,,,,,,,,,,,,,,,,,
2005,10,31,14,30,208,58,64.15,2,15.4,67.46000000000001,233,3.2,,,,,,,,,,,,,,,,,,,,,,,,,,,,,,,,,
2005,10,31,15,30,165,120,71.64,2.1,15.100000000000001,69.73,231,2.4000000000000004,,,,,,,,,,,,,,,,,,,,,,,,,,,,,,,,,
2005,10,31,16,30,83,24,80.7,2.3000000000000003,13.8,78.49,227,1.6,,,,,,,,,,,,,,,,,,,,,,,,,,,,,,,,,
2005,10,31,17,30,0,0,90.94,2.4000000000000004,12.600000000000001,85.62,215,1.6,,,,,,,,,,,,,,,,,,,,,,,,,,,,,,,,,
2005,10,31,18,30,0,0,101.71000000000001,2.5,12.200000000000001,87.59,206,2.2,,,,,,,,,,,,,,,,,,,,,,,,,,,,,,,,,
2005,10,31,19,30,0,0,112.81,0.8,6.6000000000000005,86.7,297,4.4,,,,,,,,,,,,,,,,,,,,,,,,,,,,,,,,,
2005,10,31,20,30,0,0,123.83,0.8,5.4,87.48,295,3.8000000000000003,,,,,,,,,,,,,,,,,,,,,,,,,,,,,,,,,
2005,10,31,21,30,0,0,134.37,0.7000000000000001,4.5,88.75,293,3.5,,,,,,,,,,,,,,,,,,,,,,,,,,,,,,,,,
2005,10,31,22,30,0,0,143.67000000000002,0.7000000000000001,3.9000000000000004,89.75,293,3.5,,,,,,,,,,,,,,,,,,,,,,,,,,,,,,,,,
2005,10,31,23,30,0,0,150.29,0.7000000000000001,3.6,89.57000000000001,294,3.4000000000000004,,,,,,,,,,,,,,,,,,,,,,,,,,,,,,,,,
2021,11,1,0,30,0,0,152.09,0.7000000000000001,3.2,90.19,295,3.3000000000000003,,,,,,,,,,,,,,,,,,,,,,,,,,,,,,,,,
2021,11,1,1,30,0,0,148.22,0.6000000000000001,2.8000000000000003,90.61,293,3,,,,,,,,,,,,,,,,,,,,,,,,,,,,,,,,,
2021,11,1,2,30,0,0,140.36,0.6000000000000001,2.3000000000000003,91.41,290,2.7,,,,,,,,,,,,,,,,,,,,,,,,,,,,,,,,,
2021,11,1,3,30,0,0,130.48,0.6000000000000001,1.9000000000000001,91.63,285,2.6,,,,,,,,,,,,,,,,,,,,,,,,,,,,,,,,,
2021,11,1,4,30,0,0,119.7,0.6000000000000001,1.5,92.47,281,2.4000000000000004,,,,,,,,,,,,,,,,,,,,,,,,,,,,,,,,,
2021,11,1,5,30,0,0,108.64,0.6000000000000001,1.1,93.51,278,2.4000000000000004,,,,,,,,,,,,,,,,,,,,,,,,,,,,,,,,,
2021,11,1,6,30,0,0,97.67,0.7000000000000001,0.9,93.58,276,2.5,,,,,,,,,,,,,,,,,,,,,,,,,,,,,,,,,
2021,11,1,7,30,21,312,86.89,0.7000000000000001,1.9000000000000001,86.47,273,3.1,,,,,,,,,,,,,,,,,,,,,,,,,,,,,,,,,
2021,11,1,8,30,45,702,77.29,0.7000000000000001,4.1000000000000005,76.79,271,3.8000000000000003,,,,,,,,,,,,,,,,,,,,,,,,,,,,,,,,,
2021,11,1,9,30,102,526,68.8,0.7000000000000001,6.4,65.47,276,4.6000000000000005,,,,,,,,,,,,,,,,,,,,,,,,,,,,,,,,,
2021,11,1,10,30,145,452,62.13,0.8,7.9,54.26,279,5.300000000000001,,,,,,,,,,,,,,,,,,,,,,,,,,,,,,,,,
2021,11,1,11,30,226,58,58,0.8,8.700000000000001,50.85,277,5.4,,,,,,,,,,,,,,,,,,,,,,,,,,,,,,,,,
2021,11,1,12,30,268,135,57,0.8,9,49.97,274,5.300000000000001,,,,,,,,,,,,,,,,,,,,,,,,,,,,,,,,,
2021,11,1,13,30,238,60,59.28,0.8,9.1,49.410000000000004,273,5.300000000000001,,,,,,,,,,,,,,,,,,,,,,,,,,,,,,,,,
2021,11,1,14,30,199,294,64.48,0.8,9.1,49.15,272,5.1000000000000005,,,,,,,,,,,,,,,,,,,,,,,,,,,,,,,,,
2021,11,1,15,30,134,40,71.95,0.8,8.5,50.64,273,4.6000000000000005,,,,,,,,,,,,,,,,,,,,,,,,,,,,,,,,,
2021,11,1,16,30,74,21,80.98,0.8,7.1000000000000005,56.14,274,3.8000000000000003,,,,,,,,,,,,,,,,,,,,,,,,,,,,,,,,,
2021,11,1,17,30,4,25,91.2,0.8,5.6000000000000005,65.74,276,3.2,,,,,,,,,,,,,,,,,,,,,,,,,,,,,,,,,
2021,11,1,18,30,0,0,101.96000000000001,0.8,4.5,72.13,276,2.9000000000000004,,,,,,,,,,,,,,,,,,,,,,,,,,,,,,,,,
2021,11,1,19,30,0,0,113.02,0.7000000000000001,3.5,78.10000000000001,273,2.6,,,,,,,,,,,,,,,,,,,,,,,,,,,,,,,,,
2021,11,1,20,30,0,0,124.04,0.7000000000000001,2.6,82.67,270,2.4000000000000004,,,,,,,,,,,,,,,,,,,,,,,,,,,,,,,,,
2021,11,1,21,30,0,0,134.6,0.7000000000000001,1.8,86.56,267,2.2,,,,,,,,,,,,,,,,,,,,,,,,,,,,,,,,,
2021,11,1,22,30,0,0,143.93,0.7000000000000001,1.4000000000000001,88.12,270,2.2,,,,,,,,,,,,,,,,,,,,,,,,,,,,,,,,,
2021,11,1,23,30,0,0,150.59,0.7000000000000001,1.5,88.54,276,2.5,,,,,,,,,,,,,,,,,,,,,,,,,,,,,,,,,
2021,11,2,0,30,0,0,152.41,0.7000000000000001,1.4000000000000001,90.08,283,2.5,,,,,,,,,,,,,,,,,,,,,,,,,,,,,,,,,
2021,11,2,1,30,0,0,148.51,0.7000000000000001,0.9,92.71000000000001,285,2.3000000000000003,,,,,,,,,,,,,,,,,,,,,,,,,,,,,,,,,
2021,11,2,2,30,0,0,140.61,0.7000000000000001,0.30000000000000004,93.54,281,2.1,,,,,,,,,,,,,,,,,,,,,,,,,,,,,,,,,
2021,11,2,3,30,0,0,130.69,0.7000000000000001,-0.1,93.02,273,2,,,,,,,,,,,,,,,,,,,,,,,,,,,,,,,,,
2021,11,2,4,30,0,0,119.91,0.7000000000000001,-0.3,92.68,267,2,,,,,,,,,,,,,,,,,,,,,,,,,,,,,,,,,
2021,11,2,5,30,0,0,108.84,0.7000000000000001,-0.3,92.15,265,2.2,,,,,,,,,,,,,,,,,,,,,,,,,,,,,,,,,
2021,11,2,6,30,0,0,97.88,0.7000000000000001,-0.3,92.17,266,2.3000000000000003,,,,,,,,,,,,,,,,,,,,,,,,,,,,,,,,,
2021,11,2,7,30,15,0,87.10000000000001,0.7000000000000001,0.7000000000000001,86.47,265,2.9000000000000004,,,,,,,,,,,,,,,,,,,,,,,,,,,,,,,,,
2021,11,2,8,30,72,1,77.53,0.7000000000000001,2.8000000000000003,78.36,268,3.6,,,,,,,,,,,,,,,,,,,,,,,,,,,,,,,,,
2021,11,2,9,30,183,81,69.06,0.7000000000000001,4.9,69.18,279,4.3,,,,,,,,,,,,,,,,,,,,,,,,,,,,,,,,,
2021,11,2,10,30,227,214,62.42,0.7000000000000001,6.2,58.89,286,4.9,,,,,,,,,,,,,,,,,,,,,,,,,,,,,,,,,
2021,11,2,11,30,153,73,58.31,0.7000000000000001,6.800000000000001,53.99,283,5,,,,,,,,,,,,,,,,,,,,,,,,,,,,,,,,,
2021,11,2,12,30,149,27,57.31,0.7000000000000001,7,52.57,279,5.2,,,,,,,,,,,,,,,,,,,,,,,,,,,,,,,,,
2021,11,2,13,30,173,30,59.58,0.7000000000000001,6.9,53.18,277,5.300000000000001,,,,,,,,,,,,,,,,,,,,,,,,,,,,,,,,,
2021,11,2,14,30,177,180,64.77,0.7000000000000001,6.6000000000000005,54.77,278,5.300000000000001,,,,,,,,,,,,,,,,,,,,,,,,,,,,,,,,,
2021,11,2,15,30,82,6,72.21000000000001,0.7000000000000001,6,57.14,281,4.9,,,,,,,,,,,,,,,,,,,,,,,,,,,,,,,,,
2021,11,2,16,30,41,12,81.21000000000001,0.7000000000000001,4.7,62.49,285,3.9000000000000004,,,,,,,,,,,,,,,,,,,,,,,,,,,,,,,,,
2021,11,2,17,30,1,0,91.42,0.7000000000000001,3.1,71.54,288,3.2,,,,,,,,,,,,,,,,,,,,,,,,,,,,,,,,,
2021,11,2,18,30,0,0,102.17,0.7000000000000001,2,77.48,289,2.9000000000000004,,,,,,,,,,,,,,,,,,,,,,,,,,,,,,,,,
2021,11,2,19,30,0,0,113.22,0.7000000000000001,1.1,82.88,289,2.6,,,,,,,,,,,,,,,,,,,,,,,,,,,,,,,,,
2021,11,2,20,30,0,0,124.25,0.7000000000000001,0.5,86.17,289,2.4000000000000004,,,,,,,,,,,,,,,,,,,,,,,,,,,,,,,,,
2021,11,2,21,30,0,0,134.83,0.7000000000000001,0.1,87.76,289,2.4000000000000004,,,,,,,,,,,,,,,,,,,,,,,,,,,,,,,,,
2021,11,2,22,30,0,0,144.19,0.6000000000000001,-0.4,89.72,292,2.4000000000000004,,,,,,,,,,,,,,,,,,,,,,,,,,,,,,,,,
2021,11,2,23,30,0,0,150.89000000000001,0.6000000000000001,-0.9,91.33,295,2.2,,,,,,,,,,,,,,,,,,,,,,,,,,,,,,,,,
2021,11,3,0,30,0,0,152.72,0.6000000000000001,-1.3,92.35000000000001,297,2.1,,,,,,,,,,,,,,,,,,,,,,,,,,,,,,,,,
2021,11,3,1,30,0,0,148.79,0.6000000000000001,-1.7,94.17,299,1.9000000000000001,,,,,,,,,,,,,,,,,,,,,,,,,,,,,,,,,
2021,11,3,2,30,0,0,140.85,0.6000000000000001,-2.1,96.54,301,1.8,,,,,,,,,,,,,,,,,,,,,,,,,,,,,,,,,
2021,11,3,3,30,0,0,130.91,0.6000000000000001,-2.5,99.41,303,1.7000000000000002,,,,,,,,,,,,,,,,,,,,,,,,,,,,,,,,,
2021,11,3,4,30,0,0,120.11,0.6000000000000001,-2.9,100,303,1.5,,,,,,,,,,,,,,,,,,,,,,,,,,,,,,,,,
2021,11,3,5,30,0,0,109.04,0.6000000000000001,-3.2,100,302,1.4000000000000001,,,,,,,,,,,,,,,,,,,,,,,,,,,,,,,,,
2021,11,3,6,30,0,0,98.09,0.6000000000000001,-3.2,100,300,1.3,,,,,,,,,,,,,,,,,,,,,,,,,,,,,,,,,
2021,11,3,7,30,20,305,87.3,0.7000000000000001,-1.9,95.02,297,1.7000000000000002,,,,,,,,,,,,,,,,,,,,,,,,,,,,,,,,,
2021,11,3,8,30,41,699,77.77,0.7000000000000001,0.5,83.14,293,2.1,,,,,,,,,,,,,,,,,,,,,,,,,,,,,,,,,
2021,11,3,9,30,52,841,69.33,0.7000000000000001,3,71.03,292,2.5,,,,,,,,,,,,,,,,,,,,,,,,,,,,,,,,,
2021,11,3,10,30,64,886,62.71,0.7000000000000001,4.9,58.79,293,2.9000000000000004,,,,,,,,,,,,,,,,,,,,,,,,,,,,,,,,,
2021,11,3,11,30,162,483,58.620000000000005,0.7000000000000001,5.800000000000001,54.47,292,3.1,,,,,,,,,,,,,,,,,,,,,,,,,,,,,,,,,
2021,11,3,12,30,232,145,57.620000000000005,0.7000000000000001,6.2,53.17,291,3,,,,,,,,,,,,,,,,,,,,,,,,,,,,,,,,,
2021,11,3,13,30,170,74,59.88,0.7000000000000001,6.2,53.38,290,2.8000000000000003,,,,,,,,,,,,,,,,,,,,,,,,,,,,,,,,,
2021,11,3,14,30,105,40,65.04,0.7000000000000001,6.1000000000000005,54.300000000000004,290,2.5,,,,,,,,,,,,,,,,,,,,,,,,,,,,,,,,,
2021,11,3,15,30,90,24,72.46000000000001,0.8,5.6000000000000005,57.31,291,1.9000000000000001,,,,,,,,,,,,,,,,,,,,,,,,,,,,,,,,,
2021,11,3,16,30,66,105,81.44,0.8,4.4,69.86,291,1.1,,,,,,,,,,,,,,,,,,,,,,,,,,,,,,,,,
2021,11,3,17,30,1,0,91.63,0.8,3.4000000000000004,78.75,291,0.8,,,,,,,,,,,,,,,,,,,,,,,,,,,,,,,,,
2021,11,3,18,30,0,0,102.37,0.8,3.5,72.15,286,0.6000000000000001,,,,,,,,,,,,,,,,,,,,,,,,,,,,,,,,,
2021,11,3,19,30,0,0,113.42,0.8,3.7,69.12,255,0.4,,,,,,,,,,,,,,,,,,,,,,,,,,,,,,,,,
2021,11,3,20,30,0,0,124.46000000000001,0.8,3.6,68.55,215,0.4,,,,,,,,,,,,,,,,,,,,,,,,,,,,,,,,,
2021,11,3,21,30,0,0,135.05,0.8,3.2,70.96000000000001,203,0.6000000000000001,,,,,,,,,,,,,,,,,,,,,,,,,,,,,,,,,
2021,11,3,22,30,0,0,144.44,0.8,2.7,74.73,217,0.7000000000000001,,,,,,,,,,,,,,,,,,,,,,,,,,,,,,,,,
2021,11,3,23,30,0,0,151.18,0.8,2.3000000000000003,77.28,234,0.8,,,,,,,,,,,,,,,,,,,,,,,,,,,,,,,,,
2021,11,4,0,30,0,0,153.03,0.9,1.8,82.11,247,0.8,,,,,,,,,,,,,,,,,,,,,,,,,,,,,,,,,
2021,11,4,1,30,0,0,149.07,0.9,1.5,86.9,259,0.8,,,,,,,,,,,,,,,,,,,,,,,,,,,,,,,,,
2021,11,4,2,30,0,0,141.09,0.9,1.2000000000000002,90.09,271,0.8,,,,,,,,,,,,,,,,,,,,,,,,,,,,,,,,,
2021,11,4,3,30,0,0,131.12,0.9,0.9,92.12,287,0.8,,,,,,,,,,,,,,,,,,,,,,,,,,,,,,,,,
2021,11,4,4,30,0,0,120.31,0.9,0.7000000000000001,92.93,304,0.8,,,,,,,,,,,,,,,,,,,,,,,,,,,,,,,,,
2021,11,4,5,30,0,0,109.24000000000001,0.8,0.30000000000000004,93.71000000000001,317,0.8,,,,,,,,,,,,,,,,,,,,,,,,,,,,,,,,,
2021,11,4,6,30,0,0,98.29,0.8,0,93.03,323,0.8,,,,,,,,,,,,,,,,,,,,,,,,,,,,,,,,,
2021,11,4,7,30,7,0,87.52,0.8,0.5,87.86,325,1.1,,,,,,,,,,,,,,,,,,,,,,,,,,,,,,,,,
2021,11,4,8,30,40,0,78.01,0.7000000000000001,2.1,81.38,322,1.6,,,,,,,,,,,,,,,,,,,,,,,,,,,,,,,,,
2021,11,4,9,30,138,5,69.59,0.7000000000000001,4.2,68.85000000000001,316,2,,,,,,,,,,,,,,,,,,,,,,,,,,,,,,,,,
2021,11,4,10,30,165,7,63,0.6000000000000001,5.800000000000001,58.32,311,2.3000000000000003,,,,,,,,,,,,,,,,,,,,,,,,,,,,,,,,,
2021,11,4,11,30,273,68,58.92,0.6000000000000001,6.6000000000000005,51.89,307,2.5,,,,,,,,,,,,,,,,,,,,,,,,,,,,,,,,,
2021,11,4,12,30,221,217,57.93,0.6000000000000001,7.1000000000000005,47.47,304,2.7,,,,,,,,,,,,,,,,,,,,,,,,,,,,,,,,,
2021,11,4,13,30,146,2,60.18,0.6000000000000001,7.2,45.81,304,2.8000000000000003,,,,,,,,,,,,,,,,,,,,,,,,,,,,,,,,,
2021,11,4,14,30,111,1,65.32000000000001,0.6000000000000001,6.9,45.81,307,2.8000000000000003,,,,,,,,,,,,,,,,,,,,,,,,,,,,,,,,,
2021,11,4,15,30,132,12,72.71000000000001,0.6000000000000001,6.300000000000001,47.85,312,2.4000000000000004,,,,,,,,,,,,,,,,,,,,,,,,,,,,,,,,,
2021,11,4,16,30,59,3,81.66,0.6000000000000001,4.6000000000000005,58.83,325,1.5,,,,,,,,,,,,,,,,,,,,,,,,,,,,,,,,,
2021,11,4,17,30,1,0,91.84,0.6000000000000001,2.6,78.2,344,1.1,,,,,,,,,,,,,,,,,,,,,,,,,,,,,,,,,
2021,11,4,18,30,0,0,102.56,0.6000000000000001,1.8,72.16,187,1.1,,,,,,,,,,,,,,,,,,,,,,,,,,,,,,,,,
2021,11,4,19,30,0,0,113.61,0.6000000000000001,1.4000000000000001,69.75,32,1.1,,,,,,,,,,,,,,,,,,,,,,,,,,,,,,,,,
2021,11,4,20,30,0,0,124.65,0.6000000000000001,1.2000000000000002,66.75,58,1,,,,,,,,,,,,,,,,,,,,,,,,,,,,,,,,,
2021,11,4,21,30,0,0,135.26,0.6000000000000001,0.9,65.43,85,0.9,,,,,,,,,,,,,,,,,,,,,,,,,,,,,,,,,
2021,11,4,22,30,0,0,144.69,0.6000000000000001,0.8,63.97,117,0.7000000000000001,,,,,,,,,,,,,,,,,,,,,,,,,,,,,,,,,
2021,11,4,23,30,0,0,151.47,0.6000000000000001,0.7000000000000001,62.61,153,0.7000000000000001,,,,,,,,,,,,,,,,,,,,,,,,,,,,,,,,,
2021,11,5,0,30,0,0,153.33,0.6000000000000001,0.30000000000000004,63.57,184,0.7000000000000001,,,,,,,,,,,,,,,,,,,,,,,,,,,,,,,,,
2021,11,5,1,30,0,0,149.34,0.7000000000000001,-0.1,65.46000000000001,204,0.9,,,,,,,,,,,,,,,,,,,,,,,,,,,,,,,,,
2021,11,5,2,30,0,0,141.33,0.7000000000000001,-0.5,68,216,1,,,,,,,,,,,,,,,,,,,,,,,,,,,,,,,,,
2021,11,5,3,30,0,0,131.34,0.7000000000000001,-0.7,69.93,223,1,,,,,,,,,,,,,,,,,,,,,,,,,,,,,,,,,
2021,11,5,4,30,0,0,120.51,0.7000000000000001,-0.8,71.8,227,1,,,,,,,,,,,,,,,,,,,,,,,,,,,,,,,,,
2021,11,5,5,30,0,0,109.44,0.7000000000000001,-1,74.4,226,1,,,,,,,,,,,,,,,,,,,,,,,,,,,,,,,,,
2021,11,5,6,30,0,0,98.5,0.7000000000000001,-1.2,76.61,221,1.1,,,,,,,,,,,,,,,,,,,,,,,,,,,,,,,,,
2021,11,5,7,30,12,12,87.72,0.7000000000000001,-0.2,73.48,215,1.5,,,,,,,,,,,,,,,,,,,,,,,,,,,,,,,,,
2021,11,5,8,30,72,2,78.24,0.7000000000000001,1.9000000000000001,72.58,212,2.3000000000000003,,,,,,,,,,,,,,,,,,,,,,,,,,,,,,,,,
2021,11,5,9,30,139,10,69.85000000000001,0.7000000000000001,4.3,62.34,210,2.9000000000000004,,,,,,,,,,,,,,,,,,,,,,,,,,,,,,,,,
2021,11,5,10,30,170,11,63.28,0.7000000000000001,6.800000000000001,55.120000000000005,211,3,,,,,,,,,,,,,,,,,,,,,,,,,,,,,,,,,
2021,11,5,11,30,110,0,59.22,0.8,8.5,50.43,215,3,,,,,,,,,,,,,,,,,,,,,,,,,,,,,,,,,
2021,11,5,12,30,285,88,58.230000000000004,0.8,9.5,49.83,219,2.8000000000000003,,,,,,,,,,,,,,,,,,,,,,,,,,,,,,,,,
2021,11,5,13,30,128,711,60.47,0.8,9.9,50.06,220,2.5,,,,,,,,,,,,,,,,,,,,,,,,,,,,,,,,,
2021,11,5,14,30,77,808,65.59,0.8,9.8,50.96,215,2.2,,,,,,,,,,,,,,,,,,,,,,,,,,,,,,,,,
2021,11,5,15,30,63,712,72.95,0.8,8.9,55,205,1.6,,,,,,,,,,,,,,,,,,,,,,,,,,,,,,,,,
2021,11,5,16,30,42,491,81.88,0.8,6.4,77.42,189,1.1,,,,,,,,,,,,,,,,,,,,,,,,,,,,,,,,,
2021,11,5,17,30,0,0,92.04,0.8,3.7,84.10000000000001,177,1.3,,,,,,,,,,,,,,,,,,,,,,,,,,,,,,,,,
2021,11,5,18,30,0,0,102.76,0.7000000000000001,2.5,83.89,173,1.6,,,,,,,,,,,,,,,,,,,,,,,,,,,,,,,,,
2021,11,5,19,30,0,0,113.8,0.7000000000000001,2.1,83.96000000000001,174,1.8,,,,,,,,,,,,,,,,,,,,,,,,,,,,,,,,,
2021,11,5,20,30,0,0,124.84,0.7000000000000001,1.8,83.86,177,2,,,,,,,,,,,,,,,,,,,,,,,,,,,,,,,,,
2021,11,5,21,30,0,0,135.47,0.7000000000000001,1.4000000000000001,84.60000000000001,180,2.1,,,,,,,,,,,,,,,,,,,,,,,,,,,,,,,,,
2021,11,5,22,30,0,0,144.93,0.6000000000000001,0.9,85.91,183,2.1,,,,,,,,,,,,,,,,,,,,,,,,,,,,,,,,,
2021,11,5,23,30,0,0,151.75,0.6000000000000001,0.30000000000000004,87.34,187,2,,,,,,,,,,,,,,,,,,,,,,,,,,,,,,,,,
2021,11,6,0,30,0,0,153.63,0.6000000000000001,-0.3,88.84,191,2,,,,,,,,,,,,,,,,,,,,,,,,,,,,,,,,,
2021,11,6,1,30,0,0,149.62,0.6000000000000001,-0.9,90.39,195,2,,,,,,,,,,,,,,,,,,,,,,,,,,,,,,,,,
2021,11,6,2,30,0,0,141.56,0.6000000000000001,-1.3,90.89,200,1.9000000000000001,,,,,,,,,,,,,,,,,,,,,,,,,,,,,,,,,
2021,11,6,3,30,0,0,131.55,0.6000000000000001,-1.7,91.51,204,1.9000000000000001,,,,,,,,,,,,,,,,,,,,,,,,,,,,,,,,,
2021,11,6,4,30,0,0,120.71000000000001,0.6000000000000001,-1.8,90.72,206,2,,,,,,,,,,,,,,,,,,,,,,,,,,,,,,,,,
2021,11,6,5,30,0,0,109.64,0.6000000000000001,-1.5,88.9,205,2.2,,,,,,,,,,,,,,,,,,,,,,,,,,,,,,,,,
2021,11,6,6,30,0,0,98.71000000000001,0.6000000000000001,-1.3,88.91,203,2.4000000000000004,,,,,,,,,,,,,,,,,,,,,,,,,,,,,,,,,
2021,11,6,7,30,18,199,87.92,0.6000000000000001,-0.6,85.52,200,2.9000000000000004,,,,,,,,,,,,,,,,,,,,,,,,,,,,,,,,,
2021,11,6,8,30,56,544,78.48,0.7000000000000001,1,79.23,198,3.3000000000000003,,,,,,,,,,,,,,,,,,,,,,,,,,,,,,,,,
2021,11,6,9,30,157,292,70.11,0.7000000000000001,3.5,71.15,196,3.2,,,,,,,,,,,,,,,,,,,,,,,,,,,,,,,,,
2021,11,6,10,30,192,133,63.56,0.8,6.800000000000001,62.54,203,3.4000000000000004,,,,,,,,,,,,,,,,,,,,,,,,,,,,,,,,,
2021,11,6,11,30,78,879,59.52,0.9,9.5,51.25,212,3.9000000000000004,,,,,,,,,,,,,,,,,,,,,,,,,,,,,,,,,
2021,11,6,12,30,71,905,58.53,1.1,10.8,47.28,212,4.1000000000000005,,,,,,,,,,,,,,,,,,,,,,,,,,,,,,,,,
2021,11,6,13,30,65,890,60.75,1.2000000000000002,11.3,47.17,213,4.1000000000000005,,,,,,,,,,,,,,,,,,,,,,,,,,,,,,,,,
2021,11,6,14,30,62,841,65.85,1.2000000000000002,11.3,48.410000000000004,216,3.9000000000000004,,,,,,,,,,,,,,,,,,,,,,,,,,,,,,,,,
2021,11,6,15,30,52,746,73.19,1.2000000000000002,10.600000000000001,52.19,214,3.2,,,,,,,,,,,,,,,,,,,,,,,,,,,,,,,,,
2021,11,6,16,30,36,533,82.09,1.1,8.200000000000001,68.63,209,2.2,,,,,,,,,,,,,,,,,,,,,,,,,,,,,,,,,
2021,11,6,17,30,0,0,92.24,1,5.800000000000001,80.67,207,2,,,,,,,,,,,,,,,,,,,,,,,,,,,,,,,,,
2021,11,6,18,30,0,0,102.94,1,4.9,81.37,207,2.2,,,,,,,,,,,,,,,,,,,,,,,,,,,,,,,,,
2021,11,6,19,30,0,0,113.98,1.1,4.4,82.32000000000001,211,2.3000000000000003,,,,,,,,,,,,,,,,,,,,,,,,,,,,,,,,,
2021,11,6,20,30,0,0,125.03,1.1,4,83.16,217,2.3000000000000003,,,,,,,,,,,,,,,,,,,,,,,,,,,,,,,,,
2021,11,6,21,30,0,0,135.67000000000002,1.2000000000000002,3.7,83.86,224,2.4000000000000004,,,,,,,,,,,,,,,,,,,,,,,,,,,,,,,,,
2021,11,6,22,30,0,0,145.16,1.2000000000000002,3.4000000000000004,84.88,229,2.5,,,,,,,,,,,,,,,,,,,,,,,,,,,,,,,,,
2021,11,6,23,30,0,0,152.02,1.2000000000000002,3.2,85.54,232,2.6,,,,,,,,,,,,,,,,,,,,,,,,,,,,,,,,,
2021,11,7,0,30,0,0,153.93,1.3,3.2,85.46000000000001,236,2.7,,,,,,,,,,,,,,,,,,,,,,,,,,,,,,,,,
2021,11,7,1,30,0,0,149.89000000000001,1.3,3,87.72,239,2.8000000000000003,,,,,,,,,,,,,,,,,,,,,,,,,,,,,,,,,
2021,11,7,2,30,0,0,141.8,1.4000000000000001,2.5,91.13,241,2.6,,,,,,,,,,,,,,,,,,,,,,,,,,,,,,,,,
2021,11,7,3,30,0,0,131.76,1.4000000000000001,2.1,93.51,242,2.4000000000000004,,,,,,,,,,,,,,,,,,,,,,,,,,,,,,,,,
2021,11,7,4,30,0,0,120.91,1.4000000000000001,1.6,96.84,242,2.2,,,,,,,,,,,,,,,,,,,,,,,,,,,,,,,,,
2021,11,7,5,30,0,0,109.84,1.3,1.3,99.24000000000001,243,2.1,,,,,,,,,,,,,,,,,,,,,,,,,,,,,,,,,
2021,11,7,6,30,0,0,98.91,1.3,1,100,243,2,,,,,,,,,,,,,,,,,,,,,,,,,,,,,,,,,
2021,11,7,7,30,16,187,88.13,1.3,2,95.4,242,2.6,,,,,,,,,,,,,,,,,,,,,,,,,,,,,,,,,
2021,11,7,8,30,44,618,78.72,1.2000000000000002,4,85.64,239,3,,,,,,,,,,,,,,,,,,,,,,,,,,,,,,,,,
2021,11,7,9,30,58,781,70.37,1.2000000000000002,6.6000000000000005,76.88,232,2.8000000000000003,,,,,,,,,,,,,,,,,,,,,,,,,,,,,,,,,
2021,11,7,10,30,65,858,63.84,1.2000000000000002,9.8,68.99,226,2.6,,,,,,,,,,,,,,,,,,,,,,,,,,,,,,,,,
2021,11,7,11,30,68,893,59.81,1.2000000000000002,12.9,64.89,226,2.7,,,,,,,,,,,,,,,,,,,,,,,,,,,,,,,,,
2021,11,7,12,30,70,895,58.82,1.3,15.100000000000001,62.440000000000005,227,2.9000000000000004,,,,,,,,,,,,,,,,,,,,,,,,,,,,,,,,,
2021,11,7,13,30,97,782,61.03,1.4000000000000001,16.1,62.050000000000004,228,3,,,,,,,,,,,,,,,,,,,,,,,,,,,,,,,,,
2021,11,7,14,30,86,734,66.11,1.5,16.3,63.5,231,2.7,,,,,,,,,,,,,,,,,,,,,,,,,,,,,,,,,
2021,11,7,15,30,53,717,73.42,1.7000000000000002,15.200000000000001,71.81,232,1.9000000000000001,,,,,,,,,,,,,,,,,,,,,,,,,,,,,,,,,
2021,11,7,16,30,36,491,82.3,1.7000000000000002,12.5,92.9,232,1.4000000000000001,,,,,,,,,,,,,,,,,,,,,,,,,,,,,,,,,
2021,11,7,17,30,0,0,92.43,1.7000000000000002,10.100000000000001,95.57000000000001,232,1.5,,,,,,,,,,,,,,,,,,,,,,,,,,,,,,,,,
2021,11,7,18,30,0,0,103.12,1.7000000000000002,9,99,232,1.6,,,,,,,,,,,,,,,,,,,,,,,,,,,,,,,,,
2021,11,7,19,30,0,0,114.15,1.6,8.4,100,232,1.7000000000000002,,,,,,,,,,,,,,,,,,,,,,,,,,,,,,,,,
2021,11,7,20,30,0,0,125.21000000000001,1.6,7.9,100,230,1.8,,,,,,,,,,,,,,,,,,,,,,,,,,,,,,,,,
2021,11,7,21,30,0,0,135.86,1.5,7.300000000000001,100,228,1.9000000000000001,,,,,,,,,,,,,,,,,,,,,,,,,,,,,,,,,
2021,11,7,22,30,0,0,145.39000000000001,1.4000000000000001,6.7,100,226,2,,,,,,,,,,,,,,,,,,,,,,,,,,,,,,,,,
2021,11,7,23,30,0,0,152.29,1.4000000000000001,6.2,100,225,2.1,,,,,,,,,,,,,,,,,,,,,,,,,,,,,,,,,
2021,11,8,0,30,0,0,154.22,1.4000000000000001,5.7,100,224,2.2,,,,,,,,,,,,,,,,,,,,,,,,,,,,,,,,,
2021,11,8,1,30,0,0,150.15,1.3,5.2,100,226,2.2,,,,,,,,,,,,,,,,,,,,,,,,,,,,,,,,,
2021,11,8,2,30,0,0,142.03,1.1,4.7,100,226,2.3000000000000003,,,,,,,,,,,,,,,,,,,,,,,,,,,,,,,,,
2021,11,8,3,30,0,0,131.97,1,4.2,100,225,2.4000000000000004,,,,,,,,,,,,,,,,,,,,,,,,,,,,,,,,,
2021,11,8,4,30,0,0,121.11,1,3.8000000000000003,100,221,2.5,,,,,,,,,,,,,,,,,,,,,,,,,,,,,,,,,
2021,11,8,5,30,0,0,110.04,1,3.6,100,216,2.8000000000000003,,,,,,,,,,,,,,,,,,,,,,,,,,,,,,,,,
2021,11,8,6,30,0,0,99.12,1,3.5,100,212,3.1,,,,,,,,,,,,,,,,,,,,,,,,,,,,,,,,,
2021,11,8,7,30,15,183,88.33,1,4.1000000000000005,96.69,209,3.7,,,,,,,,,,,,,,,,,,,,,,,,,,,,,,,,,
2021,11,8,8,30,42,639,78.95,1.1,5.7,86.93,207,4.1000000000000005,,,,,,,,,,,,,,,,,,,,,,,,,,,,,,,,,
2021,11,8,9,30,56,786,70.62,1.2000000000000002,8.1,77.43,206,4,,,,,,,,,,,,,,,,,,,,,,,,,,,,,,,,,
2021,11,8,10,30,65,852,64.11,1.3,11.200000000000001,68.68,214,4.2,,,,,,,,,,,,,,,,,,,,,,,,,,,,,,,,,
2021,11,8,11,30,69,880,60.1,1.4000000000000001,14,61.71,226,4.6000000000000005,,,,,,,,,,,,,,,,,,,,,,,,,,,,,,,,,
2021,11,8,12,30,70,886,59.11,1.5,15.700000000000001,60.13,231,4.6000000000000005,,,,,,,,,,,,,,,,,,,,,,,,,,,,,,,,,
2021,11,8,13,30,67,873,61.31,1.5,16.7,59.89,232,4.5,,,,,,,,,,,,,,,,,,,,,,,,,,,,,,,,,
2021,11,8,14,30,62,822,66.36,1.6,16.900000000000002,61.54,234,4.1000000000000005,,,,,,,,,,,,,,,,,,,,,,,,,,,,,,,,,
2021,11,8,15,30,52,723,73.65,1.6,15.9,68.34,234,3.2,,,,,,,,,,,,,,,,,,,,,,,,,,,,,,,,,
2021,11,8,16,30,35,499,82.5,1.6,13.4,84.83,236,2.1,,,,,,,,,,,,,,,,,,,,,,,,,,,,,,,,,
2021,11,8,17,30,0,0,92.62,1.7000000000000002,11,92.59,243,1.8,,,,,,,,,,,,,,,,,,,,,,,,,,,,,,,,,
2021,11,8,18,30,0,0,103.3,1.7000000000000002,10,95.75,251,1.7000000000000002,,,,,,,,,,,,,,,,,,,,,,,,,,,,,,,,,
2021,11,8,19,30,0,0,114.32000000000001,1.8,9.4,98.98,259,1.7000000000000002,,,,,,,,,,,,,,,,,,,,,,,,,,,,,,,,,
2021,11,8,20,30,0,0,125.38000000000001,1.9000000000000001,8.9,100,267,1.6,,,,,,,,,,,,,,,,,,,,,,,,,,,,,,,,,
2021,11,8,21,30,0,0,136.05,1.9000000000000001,8.4,100,276,1.6,,,,,,,,,,,,,,,,,,,,,,,,,,,,,,,,,
2021,11,8,22,30,0,0,145.61,1.9000000000000001,8,100,287,1.5,,,,,,,,,,,,,,,,,,,,,,,,,,,,,,,,,
2021,11,8,23,30,0,0,152.56,2,7.9,100,301,1.4000000000000001,,,,,,,,,,,,,,,,,,,,,,,,,,,,,,,,,
2021,11,9,0,30,0,0,154.51,2,8,100,316,1.3,,,,,,,,,,,,,,,,,,,,,,,,,,,,,,,,,
2021,11,9,1,30,0,0,150.42000000000002,2.1,8.1,100,334,1.2000000000000002,,,,,,,,,,,,,,,,,,,,,,,,,,,,,,,,,
2021,11,9,2,30,0,0,142.26,2.1,8,100,177,1.1,,,,,,,,,,,,,,,,,,,,,,,,,,,,,,,,,
2021,11,9,3,30,0,0,132.17000000000002,2.2,8.1,100,21,1.2000000000000002,,,,,,,,,,,,,,,,,,,,,,,,,,,,,,,,,
2021,11,9,4,30,0,0,121.31,2.2,8.3,100,37,1.5,,,,,,,,,,,,,,,,,,,,,,,,,,,,,,,,,
2021,11,9,5,30,0,0,110.24000000000001,2.1,8.5,100,47,1.8,,,,,,,,,,,,,,,,,,,,,,,,,,,,,,,,,
2021,11,9,6,30,0,0,99.32000000000001,2.1,8.5,100,55,2,,,,,,,,,,,,,,,,,,,,,,,,,,,,,,,,,
2021,11,9,7,30,7,0,88.54,2,8.9,100,58,2.4000000000000004,,,,,,,,,,,,,,,,,,,,,,,,,,,,,,,,,
2021,11,9,8,30,78,12,79.18,2.1,9.8,95.23,57,2.8000000000000003,,,,,,,,,,,,,,,,,,,,,,,,,,,,,,,,,
2021,11,9,9,30,112,14,70.87,2.1,10.8,90.28,55,2.9000000000000004,,,,,,,,,,,,,,,,,,,,,,,,,,,,,,,,,
2021,11,9,10,30,147,13,64.39,2.1,11.600000000000001,84.94,52,2.9000000000000004,,,,,,,,,,,,,,,,,,,,,,,,,,,,,,,,,
2021,11,9,11,30,135,10,60.38,2.2,12,80.47,46,2.8000000000000003,,,,,,,,,,,,,,,,,,,,,,,,,,,,,,,,,
2021,11,9,12,30,59,0,59.39,2.2,12.100000000000001,77.51,43,2.7,,,,,,,,,,,,,,,,,,,,,,,,,,,,,,,,,
2021,11,9,13,30,38,0,61.58,2.2,11.8,77.81,38,2.6,,,,,,,,,,,,,,,,,,,,,,,,,,,,,,,,,
2021,11,9,14,30,27,0,66.6,2.3000000000000003,11.3,79.27,31,2.6,,,,,,,,,,,,,,,,,,,,,,,,,,,,,,,,,
2021,11,9,15,30,37,0,73.87,2.3000000000000003,10.600000000000001,82.06,26,2.6,,,,,,,,,,,,,,,,,,,,,,,,,,,,,,,,,
2021,11,9,16,30,13,0,82.7,2.2,9.8,85.94,23,2.6,,,,,,,,,,,,,,,,,,,,,,,,,,,,,,,,,
2021,11,9,17,30,0,0,92.8,2.2,9.1,89.84,24,2.4000000000000004,,,,,,,,,,,,,,,,,,,,,,,,,,,,,,,,,
2021,11,9,18,30,0,0,103.46000000000001,2.1,8.6,92.42,28,2,,,,,,,,,,,,,,,,,,,,,,,,,,,,,,,,,
2021,11,9,19,30,0,0,114.49000000000001,1.9000000000000001,8.1,94.60000000000001,34,1.5,,,,,,,,,,,,,,,,,,,,,,,,,,,,,,,,,
2021,11,9,20,30,0,0,125.55,1.6,7.5,95.97,31,1.1,,,,,,,,,,,,,,,,,,,,,,,,,,,,,,,,,
2021,11,9,21,30,0,0,136.23,1.3,6.800000000000001,97.52,180,0.9,,,,,,,,,,,,,,,,,,,,,,,,,,,,,,,,,
2021,11,9,22,30,0,0,145.82,1,6,100,329,1,,,,,,,,,,,,,,,,,,,,,,,,,,,,,,,,,
2021,11,9,23,30,0,0,152.82,0.8,4.9,100,318,1.2000000000000002,,,,,,,,,,,,,,,,,,,,,,,,,,,,,,,,,
2021,11,10,0,30,0,0,154.79,0.7000000000000001,3.9000000000000004,100,316,1.2000000000000002,,,,,,,,,,,,,,,,,,,,,,,,,,,,,,,,,
2021,11,10,1,30,0,0,150.68,0.6000000000000001,2.9000000000000004,100,320,1.3,,,,,,,,,,,,,,,,,,,,,,,,,,,,,,,,,
2021,11,10,2,30,0,0,142.49,0.5,2.1,100,329,1.4000000000000001,,,,,,,,,,,,,,,,,,,,,,,,,,,,,,,,,
2021,11,10,3,30,0,0,132.38,0.5,1.4000000000000001,100,340,1.4000000000000001,,,,,,,,,,,,,,,,,,,,,,,,,,,,,,,,,
2021,11,10,4,30,0,0,121.51,0.4,0.9,100,175,1.3,,,,,,,,,,,,,,,,,,,,,,,,,,,,,,,,,
2021,11,10,5,30,0,0,110.43,0.4,0.5,100,10,1.2000000000000002,,,,,,,,,,,,,,,,,,,,,,,,,,,,,,,,,
2021,11,10,6,30,0,0,99.53,0.4,0.5,100,25,1.2000000000000002,,,,,,,,,,,,,,,,,,,,,,,,,,,,,,,,,
2021,11,10,7,30,9,0,88.72,0.4,1.3,94.28,39,1.1,,,,,,,,,,,,,,,,,,,,,,,,,,,,,,,,,
2021,11,10,8,30,93,43,79.41,0.4,3.2,85.67,53,1.2000000000000002,,,,,,,,,,,,,,,,,,,,,,,,,,,,,,,,,
2021,11,10,9,30,155,237,71.12,0.4,5.300000000000001,75.53,71,1.3,,,,,,,,,,,,,,,,,,,,,,,,,,,,,,,,,
2021,11,10,10,30,141,552,64.65,0.4,7.800000000000001,68.77,90,1.6,,,,,,,,,,,,,,,,,,,,,,,,,,,,,,,,,
2021,11,10,11,30,245,261,60.660000000000004,0.5,10.200000000000001,58.410000000000004,106,2,,,,,,,,,,,,,,,,,,,,,,,,,,,,,,,,,
2021,11,10,12,30,174,518,59.67,0.5,11.5,46.32,115,2.2,,,,,,,,,,,,,,,,,,,,,,,,,,,,,,,,,
2021,11,10,13,30,223,263,61.84,0.5,11.8,45.910000000000004,115,2.3000000000000003,,,,,,,,,,,,,,,,,,,,,,,,,,,,,,,,,
2021,11,10,14,30,195,139,66.84,0.6000000000000001,11.700000000000001,47.47,112,2.2,,,,,,,,,,,,,,,,,,,,,,,,,,,,,,,,,
2021,11,10,15,30,131,57,74.08,0.7000000000000001,10.4,56.86,106,1.7000000000000002,,,,,,,,,,,,,,,,,,,,,,,,,,,,,,,,,
2021,11,10,16,30,55,13,82.89,0.8,8,80.68,102,1.4000000000000001,,,,,,,,,,,,,,,,,,,,,,,,,,,,,,,,,
2021,11,10,17,30,0,0,92.97,0.9,6.1000000000000005,82.57000000000001,102,1.6,,,,,,,,,,,,,,,,,,,,,,,,,,,,,,,,,
2021,11,10,18,30,0,0,103.63,1,5.300000000000001,81.75,103,1.9000000000000001,,,,,,,,,,,,,,,,,,,,,,,,,,,,,,,,,
2021,11,10,19,30,0,0,114.64,1.2000000000000002,5.1000000000000005,81.2,105,2.4000000000000004,,,,,,,,,,,,,,,,,,,,,,,,,,,,,,,,,
2021,11,10,20,30,0,0,125.71000000000001,1.4000000000000001,5.300000000000001,80.75,106,3,,,,,,,,,,,,,,,,,,,,,,,,,,,,,,,,,
2021,11,10,21,30,0,0,136.41,1.8,5.6000000000000005,82.43,107,3.6,,,,,,,,,,,,,,,,,,,,,,,,,,,,,,,,,
2021,11,10,22,30,0,0,146.03,2.1,6.1000000000000005,84.43,109,4,,,,,,,,,,,,,,,,,,,,,,,,,,,,,,,,,
2021,11,10,23,30,0,0,153.07,2.3000000000000003,6.800000000000001,84.45,114,4.4,,,,,,,,,,,,,,,,,,,,,,,,,,,,,,,,,
2021,11,11,0,30,0,0,155.07,2.3000000000000003,7.5,83.41,120,4.5,,,,,,,,,,,,,,,,,,,,,,,,,,,,,,,,,
2021,11,11,1,30,0,0,150.94,2,7.9,83.62,125,4.2,,,,,,,,,,,,,,,,,,,,,,,,,,,,,,,,,
2021,11,11,2,30,0,0,142.71,1.7000000000000002,7.7,87.36,128,3.7,,,,,,,,,,,,,,,,,,,,,,,,,,,,,,,,,
2021,11,11,3,30,0,0,132.58,1.5,7.5,89.11,130,3.4000000000000004,,,,,,,,,,,,,,,,,,,,,,,,,,,,,,,,,
2021,11,11,4,30,0,0,121.7,1.4000000000000001,7.6000000000000005,88.4,127,3.8000000000000003,,,,,,,,,,,,,,,,,,,,,,,,,,,,,,,,,
2021,11,11,5,30,0,0,110.63,1.4000000000000001,7.6000000000000005,90.85000000000001,123,4.1000000000000005,,,,,,,,,,,,,,,,,,,,,,,,,,,,,,,,,
2021,11,11,6,30,0,0,99.73,1.5,7.6000000000000005,94.96000000000001,126,4.2,,,,,,,,,,,,,,,,,,,,,,,,,,,,,,,,,
2021,11,11,7,30,6,0,88.93,1.5,7.9,96.24000000000001,133,4.4,,,,,,,,,,,,,,,,,,,,,,,,,,,,,,,,,
2021,11,11,8,30,69,20,79.64,1.4000000000000001,8.8,93.07000000000001,134,4.800000000000001,,,,,,,,,,,,,,,,,,,,,,,,,,,,,,,,,
2021,11,11,9,30,153,204,71.37,1.4000000000000001,10.3,87.34,135,5.1000000000000005,,,,,,,,,,,,,,,,,,,,,,,,,,,,,,,,,
2021,11,11,10,30,183,318,64.92,1.4000000000000001,12.600000000000001,79.55,143,5.6000000000000005,,,,,,,,,,,,,,,,,,,,,,,,,,,,,,,,,
2021,11,11,11,30,208,317,60.94,1.4000000000000001,15.100000000000001,72.28,155,6.7,,,,,,,,,,,,,,,,,,,,,,,,,,,,,,,,,
2021,11,11,12,30,243,179,59.95,1.5,16.6,66.31,164,7.5,,,,,,,,,,,,,,,,,,,,,,,,,,,,,,,,,
2021,11,11,13,30,170,292,62.1,1.9000000000000001,17.1,63.61,169,7.6000000000000005,,,,,,,,,,,,,,,,,,,,,,,,,,,,,,,,,
2021,11,11,14,30,49,0,67.08,2.4000000000000004,16.5,67.23,176,7.2,,,,,,,,,,,,,,,,,,,,,,,,,,,,,,,,,
2021,11,11,15,30,62,4,74.29,2.6,14.9,78.99,189,6.4,,,,,,,,,,,,,,,,,,,,,,,,,,,,,,,,,
2021,11,11,16,30,22,0,83.08,2.5,13.200000000000001,93.28,211,5.7,,,,,,,,,,,,,,,,,,,,,,,,,,,,,,,,,
2021,11,11,17,30,0,0,93.14,2.2,11.3,97.86,234,5.6000000000000005,,,,,,,,,,,,,,,,,,,,,,,,,,,,,,,,,
2021,11,11,18,30,0,0,103.78,2,9.4,95.3,247,5.1000000000000005,,,,,,,,,,,,,,,,,,,,,,,,,,,,,,,,,
2021,11,11,19,30,0,0,114.79,1.6,8,95.2,245,4,,,,,,,,,,,,,,,,,,,,,,,,,,,,,,,,,
2021,11,11,20,30,0,0,125.86,1.3,6.9,98.36,238,3.4000000000000004,,,,,,,,,,,,,,,,,,,,,,,,,,,,,,,,,
2021,11,11,21,30,0,0,136.58,1,5.9,100,234,3.3000000000000003,,,,,,,,,,,,,,,,,,,,,,,,,,,,,,,,,
2021,11,11,22,30,0,0,146.22,0.9,5.2,100,233,3.4000000000000004,,,,,,,,,,,,,,,,,,,,,,,,,,,,,,,,,
2021,11,11,23,30,0,0,153.31,0.9,4.5,100,231,3.4000000000000004,,,,,,,,,,,,,,,,,,,,,,,,,,,,,,,,,
2021,11,12,0,30,0,0,155.34,0.9,4,99.28,227,3.3000000000000003,,,,,,,,,,,,,,,,,,,,,,,,,,,,,,,,,
2021,11,12,1,30,0,0,151.19,0.9,3.7,97.99000000000001,224,3.5,,,,,,,,,,,,,,,,,,,,,,,,,,,,,,,,,
2021,11,12,2,30,0,0,142.93,0.8,3.3000000000000003,97.61,221,3.7,,,,,,,,,,,,,,,,,,,,,,,,,,,,,,,,,
2021,11,12,3,30,0,0,132.79,0.8,2.9000000000000004,97.24000000000001,215,3.7,,,,,,,,,,,,,,,,,,,,,,,,,,,,,,,,,
2021,11,12,4,30,0,0,121.9,0.7000000000000001,2.5,97.85000000000001,206,3.6,,,,,,,,,,,,,,,,,,,,,,,,,,,,,,,,,
2021,11,12,5,30,0,0,110.82000000000001,0.7000000000000001,2.1,99.43,197,3.7,,,,,,,,,,,,,,,,,,,,,,,,,,,,,,,,,
2021,11,12,6,30,0,0,99.93,0.7000000000000001,2,99.43,191,4,,,,,,,,,,,,,,,,,,,,,,,,,,,,,,,,,
2021,11,12,7,30,10,122,89.11,0.7000000000000001,2.5,95.27,188,4.5,,,,,,,,,,,,,,,,,,,,,,,,,,,,,,,,,
2021,11,12,8,30,41,619,79.87,0.7000000000000001,3.8000000000000003,88.64,184,4.9,,,,,,,,,,,,,,,,,,,,,,,,,,,,,,,,,
2021,11,12,9,30,136,301,71.62,0.8,5.800000000000001,81.14,182,5.4,,,,,,,,,,,,,,,,,,,,,,,,,,,,,,,,,
2021,11,12,10,30,142,537,65.18,0.9,8,71.59,189,6.300000000000001,,,,,,,,,,,,,,,,,,,,,,,,,,,,,,,,,
2021,11,12,11,30,113,717,61.21,0.9,9.3,64.29,200,6.9,,,,,,,,,,,,,,,,,,,,,,,,,,,,,,,,,
2021,11,12,12,30,98,805,60.21,0.9,9.700000000000001,58.46,211,6.9,,,,,,,,,,,,,,,,,,,,,,,,,,,,,,,,,
2021,11,12,13,30,224,146,62.35,1,9.1,56.46,221,6.6000000000000005,,,,,,,,,,,,,,,,,,,,,,,,,,,,,,,,,
2021,11,12,14,30,69,9,67.31,1.1,7.9,59.18,230,6.1000000000000005,,,,,,,,,,,,,,,,,,,,,,,,,,,,,,,,,
2021,11,12,15,30,62,3,74.49,1.1,6.4,67.49,236,5.300000000000001,,,,,,,,,,,,,,,,,,,,,,,,,,,,,,,,,
2021,11,12,16,30,33,2,83.25,1.1,4.9,78.49,237,4.4,,,,,,,,,,,,,,,,,,,,,,,,,,,,,,,,,
2021,11,12,17,30,0,0,93.3,1.1,3.8000000000000003,86.45,234,3.9000000000000004,,,,,,,,,,,,,,,,,,,,,,,,,,,,,,,,,
2021,11,12,18,30,0,0,103.93,1,3.2,89.56,228,3.8000000000000003,,,,,,,,,,,,,,,,,,,,,,,,,,,,,,,,,
2021,11,12,19,30,0,0,114.94,1,2.6,91.56,224,3.9000000000000004,,,,,,,,,,,,,,,,,,,,,,,,,,,,,,,,,
2021,11,12,20,30,0,0,126.01,0.9,2.2,92.18,221,4,,,,,,,,,,,,,,,,,,,,,,,,,,,,,,,,,
2021,11,12,21,30,0,0,136.74,0.9,1.9000000000000001,92.5,221,4.1000000000000005,,,,,,,,,,,,,,,,,,,,,,,,,,,,,,,,,
2021,11,12,22,30,0,0,146.42000000000002,0.9,1.5,93.08,222,4.3,,,,,,,,,,,,,,,,,,,,,,,,,,,,,,,,,
2021,11,12,23,30,0,0,153.55,0.8,0.9,94.01,223,4.4,,,,,,,,,,,,,,,,,,,,,,,,,,,,,,,,,
2021,11,13,0,30,0,0,155.61,0.8,0.30000000000000004,94.62,225,4.6000000000000005,,,,,,,,,,,,,,,,,,,,,,,,,,,,,,,,,
2021,11,13,1,30,0,0,151.44,0.8,-0.2,95.31,225,4.6000000000000005,,,,,,,,,,,,,,,,,,,,,,,,,,,,,,,,,
2021,11,13,2,30,0,0,143.15,0.8,-0.5,95.21000000000001,225,4.6000000000000005,,,,,,,,,,,,,,,,,,,,,,,,,,,,,,,,,
2021,11,13,3,30,0,0,132.99,0.8,-0.7,94.94,224,4.6000000000000005,,,,,,,,,,,,,,,,,,,,,,,,,,,,,,,,,
2021,11,13,4,30,0,0,122.09,0.9,-0.6,93.95,225,4.4,,,,,,,,,,,,,,,,,,,,,,,,,,,,,,,,,
2021,11,13,5,30,0,0,111.02,0.9,-0.4,93.63,231,4.3,,,,,,,,,,,,,,,,,,,,,,,,,,,,,,,,,
2021,11,13,6,30,0,0,100.13,0.9,-0.1,93.99,239,4.2,,,,,,,,,,,,,,,,,,,,,,,,,,,,,,,,,
2021,11,13,7,30,5,16,89.29,0.9,0.5,93.23,245,4.3,,,,,,,,,,,,,,,,,,,,,,,,,,,,,,,,,
2021,11,13,8,30,62,9,80.09,1,1.7000000000000002,90.23,247,4.6000000000000005,,,,,,,,,,,,,,,,,,,,,,,,,,,,,,,,,
2021,11,13,9,30,100,286,71.86,1,3.2,87.82000000000001,253,5.2,,,,,,,,,,,,,,,,,,,,,,,,,,,,,,,,,
2021,11,13,10,30,75,0,65.44,1,4.4,84.49,263,5.800000000000001,,,,,,,,,,,,,,,,,,,,,,,,,,,,,,,,,
2021,11,13,11,30,119,0,61.47,1,5.1000000000000005,78.14,270,6.2,,,,,,,,,,,,,,,,,,,,,,,,,,,,,,,,,
2021,11,13,12,30,140,0,60.47,1,5.4,73.52,273,6.300000000000001,,,,,,,,,,,,,,,,,,,,,,,,,,,,,,,,,
2021,11,13,13,30,162,2,62.6,0.9,5.4,71.37,275,6.300000000000001,,,,,,,,,,,,,,,,,,,,,,,,,,,,,,,,,
2021,11,13,14,30,157,6,67.53,0.9,5.300000000000001,70.79,277,5.9,,,,,,,,,,,,,,,,,,,,,,,,,,,,,,,,,
2021,11,13,15,30,28,0,74.69,0.8,4.800000000000001,72.97,276,5,,,,,,,,,,,,,,,,,,,,,,,,,,,,,,,,,
2021,11,13,16,30,32,0,83.42,0.8,3.8000000000000003,79.43,273,3.9000000000000004,,,,,,,,,,,,,,,,,,,,,,,,,,,,,,,,,
2021,11,13,17,30,0,0,93.46000000000001,0.8,2.6,87.49,270,3.4000000000000004,,,,,,,,,,,,,,,,,,,,,,,,,,,,,,,,,
2021,11,13,18,30,0,0,104.08,0.8,1.9000000000000001,91.3,267,3.3000000000000003,,,,,,,,,,,,,,,,,,,,,,,,,,,,,,,,,
2021,11,13,19,30,0,0,115.08,0.8,1.3,94.26,263,3.2,,,,,,,,,,,,,,,,,,,,,,,,,,,,,,,,,
2021,11,13,20,30,0,0,126.15,0.8,0.8,95.86,258,3.1,,,,,,,,,,,,,,,,,,,,,,,,,,,,,,,,,
2021,11,13,21,30,0,0,136.89000000000001,0.9,0.6000000000000001,95.42,251,3.2,,,,,,,,,,,,,,,,,,,,,,,,,,,,,,,,,
2021,11,13,22,30,0,0,146.6,1,0.7000000000000001,94.02,243,3.5,,,,,,,,,,,,,,,,,,,,,,,,,,,,,,,,,
2021,11,13,23,30,0,0,153.78,1.1,1,92.47,236,3.8000000000000003,,,,,,,,,,,,,,,,,,,,,,,,,,,,,,,,,
2021,11,14,0,30,0,0,155.88,1.2000000000000002,1.1,91.8,231,3.9000000000000004,,,,,,,,,,,,,,,,,,,,,,,,,,,,,,,,,
2021,11,14,1,30,0,0,151.69,1.2000000000000002,1,91.81,226,3.9000000000000004,,,,,,,,,,,,,,,,,,,,,,,,,,,,,,,,,
2021,11,14,2,30,0,0,143.37,1.2000000000000002,0.7000000000000001,92.74,223,3.9000000000000004,,,,,,,,,,,,,,,,,,,,,,,,,,,,,,,,,
2021,11,14,3,30,0,0,133.19,1.1,0.5,92.75,221,3.9000000000000004,,,,,,,,,,,,,,,,,,,,,,,,,,,,,,,,,
2021,11,14,4,30,0,0,122.28,1.1,0.1,94.49,215,3.8000000000000003,,,,,,,,,,,,,,,,,,,,,,,,,,,,,,,,,
2021,11,14,5,30,0,0,111.21000000000001,1.1,-0.1,93.91,209,3.7,,,,,,,,,,,,,,,,,,,,,,,,,,,,,,,,,
2021,11,14,6,30,0,0,100.33,1.2000000000000002,-0.2,94.06,201,3.8000000000000003,,,,,,,,,,,,,,,,,,,,,,,,,,,,,,,,,
2021,11,14,7,30,5,0,89.47,1.2000000000000002,-0.1,93.72,189,3.7,,,,,,,,,,,,,,,,,,,,,,,,,,,,,,,,,
2021,11,14,8,30,21,0,80.31,1.2000000000000002,0.2,92.28,183,4.1000000000000005,,,,,,,,,,,,,,,,,,,,,,,,,,,,,,,,,
2021,11,14,9,30,30,0,72.10000000000001,1.2000000000000002,0.4,91.27,184,4.7,,,,,,,,,,,,,,,,,,,,,,,,,,,,,,,,,
2021,11,14,10,30,60,0,65.69,1.2000000000000002,0.6000000000000001,89.04,188,4.9,,,,,,,,,,,,,,,,,,,,,,,,,,,,,,,,,
2021,11,14,11,30,99,1,61.730000000000004,1.1,0.9,87.65,191,4.9,,,,,,,,,,,,,,,,,,,,,,,,,,,,,,,,,
2021,11,14,12,30,67,0,60.730000000000004,1.1,1.2000000000000002,87.19,197,4.6000000000000005,,,,,,,,,,,,,,,,,,,,,,,,,,,,,,,,,
2021,11,14,13,30,30,0,62.84,1,1.6,86.75,208,4.2,,,,,,,,,,,,,,,,,,,,,,,,,,,,,,,,,
2021,11,14,14,30,32,0,67.75,0.9,2.1,86.25,220,3.6,,,,,,,,,,,,,,,,,,,,,,,,,,,,,,,,,
2021,11,14,15,30,44,1,74.88,0.9,2.3000000000000003,87.66,231,2.9000000000000004,,,,,,,,,,,,,,,,,,,,,,,,,,,,,,,,,
2021,11,14,16,30,22,0,83.59,0.9,1.8,93.11,242,2.4000000000000004,,,,,,,,,,,,,,,,,,,,,,,,,,,,,,,,,
2021,11,14,17,30,0,0,93.61,1,1,96.19,256,2.4000000000000004,,,,,,,,,,,,,,,,,,,,,,,,,,,,,,,,,
2021,11,14,18,30,0,0,104.22,1,0.6000000000000001,97.32000000000001,275,2.4000000000000004,,,,,,,,,,,,,,,,,,,,,,,,,,,,,,,,,
2021,11,14,19,30,0,0,115.21000000000001,1,0.4,97.37,300,2.7,,,,,,,,,,,,,,,,,,,,,,,,,,,,,,,,,
2021,11,14,20,30,0,0,126.28,1,0.4,97.57000000000001,316,3.4000000000000004,,,,,,,,,,,,,,,,,,,,,,,,,,,,,,,,,
2021,11,14,21,30,0,0,137.04,1,0.5,97.75,320,4.1000000000000005,,,,,,,,,,,,,,,,,,,,,,,,,,,,,,,,,
2021,11,14,22,30,0,0,146.78,0.9,0.4,98.44,317,4.5,,,,,,,,,,,,,,,,,,,,,,,,,,,,,,,,,
2021,11,14,23,30,0,0,154.01,0.9,0.30000000000000004,98.22,314,4.800000000000001,,,,,,,,,,,,,,,,,,,,,,,,,,,,,,,,,
2021,11,15,0,30,0,0,156.13,0.8,0,98.59,311,4.9,,,,,,,,,,,,,,,,,,,,,,,,,,,,,,,,,
2021,11,15,1,30,0,0,151.93,0.8,-0.5,98.82000000000001,307,4.7,,,,,,,,,,,,,,,,,,,,,,,,,,,,,,,,,
2021,11,15,2,30,0,0,143.59,0.7000000000000001,-1.1,99.28,300,4.4,,,,,,,,,,,,,,,,,,,,,,,,,,,,,,,,,
2021,11,15,3,30,0,0,133.39000000000001,0.6000000000000001,-1.5,98.72,293,4.1000000000000005,,,,,,,,,,,,,,,,,,,,,,,,,,,,,,,,,
2021,11,15,4,30,0,0,122.47,0.6000000000000001,-1.8,98.66,288,4,,,,,,,,,,,,,,,,,,,,,,,,,,,,,,,,,
2021,11,15,5,30,0,0,111.4,0.5,-2,98.32000000000001,281,3.8000000000000003,,,,,,,,,,,,,,,,,,,,,,,,,,,,,,,,,
2021,11,15,6,30,0,0,100.53,0.5,-2.2,97.96000000000001,275,3.8000000000000003,,,,,,,,,,,,,,,,,,,,,,,,,,,,,,,,,
2021,11,15,7,30,2,0,89.64,0.5,-2,94.67,272,3.9000000000000004,,,,,,,,,,,,,,,,,,,,,,,,,,,,,,,,,
2021,11,15,8,30,74,3,80.53,0.5,-0.6,87.22,272,4.1000000000000005,,,,,,,,,,,,,,,,,,,,,,,,,,,,,,,,,
2021,11,15,9,30,146,12,72.33,0.6000000000000001,1.4000000000000001,80.99,278,4.4,,,,,,,,,,,,,,,,,,,,,,,,,,,,,,,,,
2021,11,15,10,30,219,32,65.94,0.6000000000000001,2.9000000000000004,71.74,284,4.6000000000000005,,,,,,,,,,,,,,,,,,,,,,,,,,,,,,,,,
2021,11,15,11,30,248,40,61.99,0.6000000000000001,3.4000000000000004,66.03,282,4.5,,,,,,,,,,,,,,,,,,,,,,,,,,,,,,,,,
2021,11,15,12,30,205,24,60.980000000000004,0.6000000000000001,3.6,64.06,277,4.4,,,,,,,,,,,,,,,,,,,,,,,,,,,,,,,,,
2021,11,15,13,30,148,38,63.07,0.7000000000000001,3.5,64.3,274,4.3,,,,,,,,,,,,,,,,,,,,,,,,,,,,,,,,,
2021,11,15,14,30,108,11,67.96000000000001,0.7000000000000001,3.2,65.61,275,4,,,,,,,,,,,,,,,,,,,,,,,,,,,,,,,,,
2021,11,15,15,30,55,6,75.07000000000001,0.7000000000000001,2.7,68.41,275,3.3000000000000003,,,,,,,,,,,,,,,,,,,,,,,,,,,,,,,,,
2021,11,15,16,30,12,0,83.75,0.7000000000000001,1.7000000000000002,76.45,273,2.4000000000000004,,,,,,,,,,,,,,,,,,,,,,,,,,,,,,,,,
2021,11,15,17,30,0,0,93.76,0.7000000000000001,0.7000000000000001,84.42,272,2,,,,,,,,,,,,,,,,,,,,,,,,,,,,,,,,,
2021,11,15,18,30,0,0,104.35000000000001,0.6000000000000001,0.2,86.96000000000001,272,2,,,,,,,,,,,,,,,,,,,,,,,,,,,,,,,,,
2021,11,15,19,30,0,0,115.34,0.6000000000000001,-0.3,89.43,274,1.9000000000000001,,,,,,,,,,,,,,,,,,,,,,,,,,,,,,,,,
2021,11,15,20,30,0,0,126.41,0.6000000000000001,-1.2,93.31,275,1.7000000000000002,,,,,,,,,,,,,,,,,,,,,,,,,,,,,,,,,
2021,11,15,21,30,0,0,137.18,0.6000000000000001,-2.3,97.13,276,1.6,,,,,,,,,,,,,,,,,,,,,,,,,,,,,,,,,
2021,11,15,22,30,0,0,146.95000000000002,0.6000000000000001,-3.2,99.58,279,1.6,,,,,,,,,,,,,,,,,,,,,,,,,,,,,,,,,
2021,11,15,23,30,0,0,154.23,0.6000000000000001,-3.8,100,284,1.5,,,,,,,,,,,,,,,,,,,,,,,,,,,,,,,,,
2021,11,16,0,30,0,0,156.39000000000001,0.6000000000000001,-4.1,100,288,1.4000000000000001,,,,,,,,,,,,,,,,,,,,,,,,,,,,,,,,,
2021,11,16,1,30,0,0,152.17000000000002,0.6000000000000001,-4.2,100,291,1.2000000000000002,,,,,,,,,,,,,,,,,,,,,,,,,,,,,,,,,
2021,11,16,2,30,0,0,143.8,0.7000000000000001,-4.2,100,292,1.1,,,,,,,,,,,,,,,,,,,,,,,,,,,,,,,,,
2021,11,16,3,30,0,0,133.58,0.7000000000000001,-4.1,99.10000000000001,289,1,,,,,,,,,,,,,,,,,,,,,,,,,,,,,,,,,
2021,11,16,4,30,0,0,122.66,0.7000000000000001,-3.8,96.64,284,1,,,,,,,,,,,,,,,,,,,,,,,,,,,,,,,,,
2021,11,16,5,30,0,0,111.59,0.7000000000000001,-3.6,95.24,280,0.9,,,,,,,,,,,,,,,,,,,,,,,,,,,,,,,,,
2021,11,16,6,30,0,0,100.72,0.7000000000000001,-3.4,93.74,272,0.8,,,,,,,,,,,,,,,,,,,,,,,,,,,,,,,,,
2021,11,16,7,30,3,0,89.81,0.8,-2.7,89,252,0.7000000000000001,,,,,,,,,,,,,,,,,,,,,,,,,,,,,,,,,
2021,11,16,8,30,38,602,80.75,0.8,-1.2,83.4,220,0.9,,,,,,,,,,,,,,,,,,,,,,,,,,,,,,,,,
2021,11,16,9,30,109,242,72.57000000000001,0.9,0.9,76.42,190,1.1,,,,,,,,,,,,,,,,,,,,,,,,,,,,,,,,,
2021,11,16,10,30,186,268,66.19,1,3,65.03,175,1.2000000000000002,,,,,,,,,,,,,,,,,,,,,,,,,,,,,,,,,
2021,11,16,11,30,185,407,62.24,1,4.1000000000000005,59.86,170,1.2000000000000002,,,,,,,,,,,,,,,,,,,,,,,,,,,,,,,,,
2021,11,16,12,30,70,879,61.230000000000004,1.1,4.9,57.660000000000004,163,1.3,,,,,,,,,,,,,,,,,,,,,,,,,,,,,,,,,
2021,11,16,13,30,61,878,63.300000000000004,1.2000000000000002,5.300000000000001,57.45,151,1.6,,,,,,,,,,,,,,,,,,,,,,,,,,,,,,,,,
2021,11,16,14,30,104,591,68.16,1.3,5.4,58.6,141,2,,,,,,,,,,,,,,,,,,,,,,,,,,,,,,,,,
2021,11,16,15,30,117,239,75.25,1.4000000000000001,4.5,64.84,135,1.9000000000000001,,,,,,,,,,,,,,,,,,,,,,,,,,,,,,,,,
2021,11,16,16,30,40,4,83.9,1.4000000000000001,2.6,83.38,133,1.6,,,,,,,,,,,,,,,,,,,,,,,,,,,,,,,,,
2021,11,16,17,30,0,0,93.9,1.5,1.3,86.32000000000001,132,2,,,,,,,,,,,,,,,,,,,,,,,,,,,,,,,,,
2021,11,16,18,30,0,0,104.47,1.5,1.4000000000000001,83.58,134,2.9000000000000004,,,,,,,,,,,,,,,,,,,,,,,,,,,,,,,,,
2021,11,16,19,30,0,0,115.46000000000001,1.6,1.8,83.8,135,3.4000000000000004,,,,,,,,,,,,,,,,,,,,,,,,,,,,,,,,,
2021,11,16,20,30,0,0,126.53,1.7000000000000002,2.1,86.83,135,3.6,,,,,,,,,,,,,,,,,,,,,,,,,,,,,,,,,
2021,11,16,21,30,0,0,137.32,1.7000000000000002,2.6,88.91,135,3.8000000000000003,,,,,,,,,,,,,,,,,,,,,,,,,,,,,,,,,
2021,11,16,22,30,0,0,147.12,1.7000000000000002,3.1,90.73,135,4,,,,,,,,,,,,,,,,,,,,,,,,,,,,,,,,,
2021,11,16,23,30,0,0,154.44,1.7000000000000002,3.6,91.95,137,4.2,,,,,,,,,,,,,,,,,,,,,,,,,,,,,,,,,
2021,11,17,0,30,0,0,156.64000000000001,1.9000000000000001,3.8000000000000003,93.8,141,4.4,,,,,,,,,,,,,,,,,,,,,,,,,,,,,,,,,
2021,11,17,1,30,0,0,152.41,2.1,4.2,93.72,152,4.5,,,,,,,,,,,,,,,,,,,,,,,,,,,,,,,,,
2021,11,17,2,30,0,0,144.01,2.2,4.800000000000001,93.42,170,4.5,,,,,,,,,,,,,,,,,,,,,,,,,,,,,,,,,
2021,11,17,3,30,0,0,133.78,2.3000000000000003,5.800000000000001,93.27,186,4.5,,,,,,,,,,,,,,,,,,,,,,,,,,,,,,,,,
2021,11,17,4,30,0,0,122.85000000000001,2.4000000000000004,7.2,94.04,197,4.800000000000001,,,,,,,,,,,,,,,,,,,,,,,,,,,,,,,,,
2021,11,17,5,30,0,0,111.78,2.4000000000000004,9,94.53,202,5.2,,,,,,,,,,,,,,,,,,,,,,,,,,,,,,,,,
2021,11,17,6,30,0,0,100.92,2.5,10.600000000000001,96.65,205,5.4,,,,,,,,,,,,,,,,,,,,,,,,,,,,,,,,,
2021,11,17,7,30,2,0,90.02,2.6,11.600000000000001,97.47,208,5.4,,,,,,,,,,,,,,,,,,,,,,,,,,,,,,,,,
2021,11,17,8,30,16,0,80.97,2.7,12.4,96.46000000000001,211,5.7,,,,,,,,,,,,,,,,,,,,,,,,,,,,,,,,,
2021,11,17,9,30,24,0,72.8,2.7,13.200000000000001,95.18,212,5.9,,,,,,,,,,,,,,,,,,,,,,,,,,,,,,,,,
2021,11,17,10,30,30,0,66.43,2.7,14.200000000000001,92.88,210,6,,,,,,,,,,,,,,,,,,,,,,,,,,,,,,,,,
2021,11,17,11,30,31,0,62.49,2.8000000000000003,15.100000000000001,91.53,207,6.2,,,,,,,,,,,,,,,,,,,,,,,,,,,,,,,,,
2021,11,17,12,30,23,0,61.47,2.8000000000000003,16.2,88.66,208,6.7,,,,,,,,,,,,,,,,,,,,,,,,,,,,,,,,,
2021,11,17,13,30,35,0,63.53,2.8000000000000003,16.8,87.67,212,6.7,,,,,,,,,,,,,,,,,,,,,,,,,,,,,,,,,
2021,11,17,14,30,37,1,68.36,2.9000000000000004,16.8,88.92,212,6.300000000000001,,,,,,,,,,,,,,,,,,,,,,,,,,,,,,,,,
2021,11,17,15,30,14,0,75.42,2.9000000000000004,16.2,92.8,210,5.9,,,,,,,,,,,,,,,,,,,,,,,,,,,,,,,,,
2021,11,17,16,30,11,0,84.06,3,15.5,96.23,210,5.6000000000000005,,,,,,,,,,,,,,,,,,,,,,,,,,,,,,,,,
2021,11,17,17,30,0,0,94.03,2.9000000000000004,14.8,99.08,219,5.1000000000000005,,,,,,,,,,,,,,,,,,,,,,,,,,,,,,,,,
2021,11,17,18,30,0,0,104.59,2.9000000000000004,13.9,100,244,4.800000000000001,,,,,,,,,,,,,,,,,,,,,,,,,,,,,,,,,
2021,11,17,19,30,0,0,115.57000000000001,2.7,12.3,100,277,4.800000000000001,,,,,,,,,,,,,,,,,,,,,,,,,,,,,,,,,
2021,11,17,20,30,0,0,126.65,2.5,10.200000000000001,100,296,4.800000000000001,,,,,,,,,,,,,,,,,,,,,,,,,,,,,,,,,
2021,11,17,21,30,0,0,137.44,2.2,8.4,94.2,300,4.6000000000000005,,,,,,,,,,,,,,,,,,,,,,,,,,,,,,,,,
2021,11,17,22,30,0,0,147.27,2,7.5,89.54,295,4,,,,,,,,,,,,,,,,,,,,,,,,,,,,,,,,,
2021,11,17,23,30,0,0,154.65,2,7,89.33,284,3.7,,,,,,,,,,,,,,,,,,,,,,,,,,,,,,,,,
2021,11,18,0,30,0,0,156.88,1.9000000000000001,6.4,92.51,276,3.7,,,,,,,,,,,,,,,,,,,,,,,,,,,,,,,,,
2021,11,18,1,30,0,0,152.64000000000001,1.7000000000000002,5.6000000000000005,94.29,273,3.2,,,,,,,,,,,,,,,,,,,,,,,,,,,,,,,,,
2021,11,18,2,30,0,0,144.22,1.7000000000000002,4.9,94.9,266,3.2,,,,,,,,,,,,,,,,,,,,,,,,,,,,,,,,,
2021,11,18,3,30,0,0,133.97,1.6,4.3,96.09,258,3.4000000000000004,,,,,,,,,,,,,,,,,,,,,,,,,,,,,,,,,
2021,11,18,4,30,0,0,123.04,1.4000000000000001,3.6,96.34,254,3.2,,,,,,,,,,,,,,,,,,,,,,,,,,,,,,,,,
2021,11,18,5,30,0,0,111.97,1.2000000000000002,3.2,95.03,254,3.2,,,,,,,,,,,,,,,,,,,,,,,,,,,,,,,,,
2021,11,18,6,30,0,0,101.11,0.9,2.6,95.24,258,3.2,,,,,,,,,,,,,,,,,,,,,,,,,,,,,,,,,
2021,11,18,7,30,3,0,90.16,0.7000000000000001,2.3000000000000003,92.66,261,3.6,,,,,,,,,,,,,,,,,,,,,,,,,,,,,,,,,
2021,11,18,8,30,72,190,81.18,0.6000000000000001,2.8000000000000003,87.13,260,4.5,,,,,,,,,,,,,,,,,,,,,,,,,,,,,,,,,
2021,11,18,9,30,141,73,73.03,0.6000000000000001,3.8000000000000003,78.67,262,5.6000000000000005,,,,,,,,,,,,,,,,,,,,,,,,,,,,,,,,,
2021,11,18,10,30,213,104,66.67,0.5,4.6000000000000005,66.24,264,6.6000000000000005,,,,,,,,,,,,,,,,,,,,,,,,,,,,,,,,,
2021,11,18,11,30,165,453,62.730000000000004,0.5,5,59.79,263,7.1000000000000005,,,,,,,,,,,,,,,,,,,,,,,,,,,,,,,,,
2021,11,18,12,30,173,351,61.71,0.5,4.9,57.15,261,7.300000000000001,,,,,,,,,,,,,,,,,,,,,,,,,,,,,,,,,
2021,11,18,13,30,133,3,63.74,0.6000000000000001,4.3,57.44,262,7.4,,,,,,,,,,,,,,,,,,,,,,,,,,,,,,,,,
2021,11,18,14,30,72,1,68.55,0.6000000000000001,3.3000000000000003,59.83,265,7.2,,,,,,,,,,,,,,,,,,,,,,,,,,,,,,,,,
2021,11,18,15,30,22,0,75.58,0.7000000000000001,2.2,63.76,266,6.7,,,,,,,,,,,,,,,,,,,,,,,,,,,,,,,,,
2021,11,18,16,30,11,0,84.19,0.7000000000000001,1.1,69.03,266,5.800000000000001,,,,,,,,,,,,,,,,,,,,,,,,,,,,,,,,,
2021,11,18,17,30,0,0,94.16,0.7000000000000001,0.30000000000000004,74.59,264,5.1000000000000005,,,,,,,,,,,,,,,,,,,,,,,,,,,,,,,,,
2021,11,18,18,30,0,0,104.71000000000001,0.7000000000000001,-0.2,79.01,262,4.9,,,,,,,,,,,,,,,,,,,,,,,,,,,,,,,,,
2021,11,18,19,30,0,0,115.68,0.7000000000000001,-0.6,82.67,260,4.800000000000001,,,,,,,,,,,,,,,,,,,,,,,,,,,,,,,,,
2021,11,18,20,30,0,0,126.76,0.7000000000000001,-0.9,85.23,261,4.7,,,,,,,,,,,,,,,,,,,,,,,,,,,,,,,,,
2021,11,18,21,30,0,0,137.56,0.7000000000000001,-1.1,86.73,263,4.6000000000000005,,,,,,,,,,,,,,,,,,,,,,,,,,,,,,,,,
2021,11,18,22,30,0,0,147.42000000000002,0.7000000000000001,-1.3,87.88,263,4.2,,,,,,,,,,,,,,,,,,,,,,,,,,,,,,,,,
2021,11,18,23,30,0,0,154.84,0.7000000000000001,-1.5,88.79,263,4.1000000000000005,,,,,,,,,,,,,,,,,,,,,,,,,,,,,,,,,
2021,11,19,0,30,0,0,157.12,0.6000000000000001,-1.7,88.8,269,4.1000000000000005,,,,,,,,,,,,,,,,,,,,,,,,,,,,,,,,,
2021,11,19,1,30,0,0,152.87,0.6000000000000001,-2,89.25,272,3.9000000000000004,,,,,,,,,,,,,,,,,,,,,,,,,,,,,,,,,
2021,11,19,2,30,0,0,144.43,0.6000000000000001,-2.3,90.09,273,3.6,,,,,,,,,,,,,,,,,,,,,,,,,,,,,,,,,
2021,11,19,3,30,0,0,134.16,0.6000000000000001,-2.6,91.29,273,3.4000000000000004,,,,,,,,,,,,,,,,,,,,,,,,,,,,,,,,,
2021,11,19,4,30,0,0,123.22,0.6000000000000001,-2.8,92.21000000000001,272,3.4000000000000004,,,,,,,,,,,,,,,,,,,,,,,,,,,,,,,,,
2021,11,19,5,30,0,0,112.16,0.5,-2.9,92.79,271,3.3000000000000003,,,,,,,,,,,,,,,,,,,,,,,,,,,,,,,,,
2021,11,19,6,30,0,0,101.31,0.5,-3,93.41,272,3.1,,,,,,,,,,,,,,,,,,,,,,,,,,,,,,,,,
2021,11,19,7,30,7,73,90.97,0.5,-2.4,89.31,273,3.2,,,,,,,,,,,,,,,,,,,,,,,,,,,,,,,,,
2021,11,19,8,30,35,624,81.39,0.5,-0.8,81.38,274,3.6,,,,,,,,,,,,,,,,,,,,,,,,,,,,,,,,,
2021,11,19,9,30,48,812,73.25,0.5,1.4000000000000001,72.83,283,4,,,,,,,,,,,,,,,,,,,,,,,,,,,,,,,,,
2021,11,19,10,30,54,888,66.9,0.6000000000000001,3,63.81,291,4.1000000000000005,,,,,,,,,,,,,,,,,,,,,,,,,,,,,,,,,
2021,11,19,11,30,56,926,62.97,0.6000000000000001,4,57.550000000000004,290,3.8000000000000003,,,,,,,,,,,,,,,,,,,,,,,,,,,,,,,,,
2021,11,19,12,30,60,926,61.93,0.6000000000000001,4.7,54.2,290,3.2,,,,,,,,,,,,,,,,,,,,,,,,,,,,,,,,,
2021,11,19,13,30,62,894,63.95,0.7000000000000001,5.1000000000000005,52.64,289,2.5,,,,,,,,,,,,,,,,,,,,,,,,,,,,,,,,,
2021,11,19,14,30,57,843,68.74,0.7000000000000001,5.1000000000000005,52.6,277,1.7000000000000002,,,,,,,,,,,,,,,,,,,,,,,,,,,,,,,,,
2021,11,19,15,30,48,729,75.74,0.7000000000000001,4.4,55.25,245,1,,,,,,,,,,,,,,,,,,,,,,,,,,,,,,,,,
2021,11,19,16,30,48,34,84.32000000000001,0.7000000000000001,2.5,76.51,209,0.9,,,,,,,,,,,,,,,,,,,,,,,,,,,,,,,,,
2021,11,19,17,30,0,0,94.28,0.7000000000000001,1.1,76.74,190,1.1,,,,,,,,,,,,,,,,,,,,,,,,,,,,,,,,,
2021,11,19,18,30,0,0,104.82000000000001,0.7000000000000001,0.9,81,185,1.4000000000000001,,,,,,,,,,,,,,,,,,,,,,,,,,,,,,,,,
2021,11,19,19,30,0,0,115.78,0.7000000000000001,0.9,81.42,186,1.8,,,,,,,,,,,,,,,,,,,,,,,,,,,,,,,,,
2021,11,19,20,30,0,0,126.86,0.6000000000000001,0.6000000000000001,82.27,189,2.2,,,,,,,,,,,,,,,,,,,,,,,,,,,,,,,,,
2021,11,19,21,30,0,0,137.68,0.6000000000000001,0.2,83.49,190,2.5,,,,,,,,,,,,,,,,,,,,,,,,,,,,,,,,,
2021,11,19,22,30,0,0,147.56,0.5,-0.2,84.64,189,2.7,,,,,,,,,,,,,,,,,,,,,,,,,,,,,,,,,
2021,11,19,23,30,0,0,155.04,0.6000000000000001,-0.5,85.22,186,3,,,,,,,,,,,,,,,,,,,,,,,,,,,,,,,,,
2021,11,20,0,30,0,0,157.35,0.6000000000000001,-0.7,84.9,182,3.2,,,,,,,,,,,,,,,,,,,,,,,,,,,,,,,,,
2021,11,20,1,30,0,0,153.1,0.7000000000000001,-0.9,84.61,176,3.4000000000000004,,,,,,,,,,,,,,,,,,,,,,,,,,,,,,,,,
2021,11,20,2,30,0,0,144.63,0.7000000000000001,-1,84.15,171,3.5,,,,,,,,,,,,,,,,,,,,,,,,,,,,,,,,,
2021,11,20,3,30,0,0,134.35,0.7000000000000001,-1.2,84.82000000000001,167,3.5,,,,,,,,,,,,,,,,,,,,,,,,,,,,,,,,,
2021,11,20,4,30,0,0,123.41,0.6000000000000001,-1.3,85.08,165,3.5,,,,,,,,,,,,,,,,,,,,,,,,,,,,,,,,,
2021,11,20,5,30,0,0,112.34,0.6000000000000001,-1.4,85.66,164,3.5,,,,,,,,,,,,,,,,,,,,,,,,,,,,,,,,,
2021,11,20,6,30,0,0,101.5,0.6000000000000001,-1.3,85.51,167,3.6,,,,,,,,,,,,,,,,,,,,,,,,,,,,,,,,,
2021,11,20,7,30,1,0,91.17,0.7000000000000001,-1.1,84.98,171,3.7,,,,,,,,,,,,,,,,,,,,,,,,,,,,,,,,,
2021,11,20,8,30,38,2,81.60000000000001,0.8,-0.6,82.57000000000001,174,3.8000000000000003,,,,,,,,,,,,,,,,,,,,,,,,,,,,,,,,,
2021,11,20,9,30,101,20,73.47,0.9,0.1,79.52,177,4,,,,,,,,,,,,,,,,,,,,,,,,,,,,,,,,,
2021,11,20,10,30,135,15,67.13,1,1.2000000000000002,73.71000000000001,184,4.3,,,,,,,,,,,,,,,,,,,,,,,,,,,,,,,,,
2021,11,20,11,30,73,1,63.2,1.2000000000000002,2.3000000000000003,67.72,194,4.5,,,,,,,,,,,,,,,,,,,,,,,,,,,,,,,,,
2021,11,20,12,30,75,1,62.160000000000004,1.3,3,66.16,203,4.2,,,,,,,,,,,,,,,,,,,,,,,,,,,,,,,,,
2021,11,20,13,30,22,0,64.16,1.4000000000000001,3.3000000000000003,67.73,207,3.8000000000000003,,,,,,,,,,,,,,,,,,,,,,,,,,,,,,,,,
2021,11,20,14,30,143,10,68.92,1.4000000000000001,3.4000000000000004,70.89,204,3.2,,,,,,,,,,,,,,,,,,,,,,,,,,,,,,,,,
2021,11,20,15,30,74,7,75.9,1.4000000000000001,3.1,77.04,197,2.5,,,,,,,,,,,,,,,,,,,,,,,,,,,,,,,,,
2021,11,20,16,30,16,0,84.45,1.3,2,88.71000000000001,193,1.9000000000000001,,,,,,,,,,,,,,,,,,,,,,,,,,,,,,,,,
2021,11,20,17,30,0,0,94.39,1.3,1,92.34,195,1.8,,,,,,,,,,,,,,,,,,,,,,,,,,,,,,,,,
2021,11,20,18,30,0,0,104.92,1.3,0.9,93.42,200,2,,,,,,,,,,,,,,,,,,,,,,,,,,,,,,,,,
2021,11,20,19,30,0,0,115.87,1.4000000000000001,1.1,94.38,206,2,,,,,,,,,,,,,,,,,,,,,,,,,,,,,,,,,
2021,11,20,20,30,0,0,126.95,1.4000000000000001,1.1,95.97,214,1.9000000000000001,,,,,,,,,,,,,,,,,,,,,,,,,,,,,,,,,
2021,11,20,21,30,0,0,137.78,1.4000000000000001,0.9,97.76,223,1.7000000000000002,,,,,,,,,,,,,,,,,,,,,,,,,,,,,,,,,
2021,11,20,22,30,0,0,147.70000000000002,1.4000000000000001,0.6000000000000001,99.68,232,1.5,,,,,,,,,,,,,,,,,,,,,,,,,,,,,,,,,
2021,11,20,23,30,0,0,155.22,1.4000000000000001,0.2,100,237,1.4000000000000001,,,,,,,,,,,,,,,,,,,,,,,,,,,,,,,,,
2021,11,21,0,30,0,0,157.57,1.4000000000000001,-0.5,100,238,1.3,,,,,,,,,,,,,,,,,,,,,,,,,,,,,,,,,
2021,11,21,1,30,0,0,153.32,1.3,-1.1,100,237,1.3,,,,,,,,,,,,,,,,,,,,,,,,,,,,,,,,,
2021,11,21,2,30,0,0,144.83,1.3,-1.4,100,234,1.2000000000000002,,,,,,,,,,,,,,,,,,,,,,,,,,,,,,,,,
2021,11,21,3,30,0,0,134.54,1.3,-1.4,100,225,1.1,,,,,,,,,,,,,,,,,,,,,,,,,,,,,,,,,
2021,11,21,4,30,0,0,123.59,1.3,-1.4,100,207,1.1,,,,,,,,,,,,,,,,,,,,,,,,,,,,,,,,,
2021,11,21,5,30,0,0,112.52,1.3,-1.4,100,187,1.1,,,,,,,,,,,,,,,,,,,,,,,,,,,,,,,,,
2021,11,21,6,30,0,0,101.68,1.3,-1.2,100,176,1.4000000000000001,,,,,,,,,,,,,,,,,,,,,,,,,,,,,,,,,
2021,11,21,7,30,1,0,91.37,1.3,-0.3,100,174,2.3000000000000003,,,,,,,,,,,,,,,,,,,,,,,,,,,,,,,,,
2021,11,21,8,30,46,3,81.8,1.3,1,94.60000000000001,178,3.2,,,,,,,,,,,,,,,,,,,,,,,,,,,,,,,,,
2021,11,21,9,30,49,1,73.69,1.4000000000000001,2,92.25,185,3.2,,,,,,,,,,,,,,,,,,,,,,,,,,,,,,,,,
2021,11,21,10,30,46,0,67.36,1.5,2.7,90.89,193,3,,,,,,,,,,,,,,,,,,,,,,,,,,,,,,,,,
2021,11,21,11,30,51,0,63.42,1.6,3.3000000000000003,90.4,206,3,,,,,,,,,,,,,,,,,,,,,,,,,,,,,,,,,
2021,11,21,12,30,40,0,62.370000000000005,1.6,3.9000000000000004,90.79,219,3.4000000000000004,,,,,,,,,,,,,,,,,,,,,,,,,,,,,,,,,
2021,11,21,13,30,47,1,64.35,1.6,4.6000000000000005,90.04,225,3.8000000000000003,,,,,,,,,,,,,,,,,,,,,,,,,,,,,,,,,
2021,11,21,14,30,54,5,69.09,1.4000000000000001,5.6000000000000005,87.84,226,4.3,,,,,,,,,,,,,,,,,,,,,,,,,,,,,,,,,
2021,11,21,15,30,53,557,76.05,1.3,6.1000000000000005,87.76,227,4.2,,,,,,,,,,,,,,,,,,,,,,,,,,,,,,,,,
2021,11,21,16,30,32,367,84.58,1.2000000000000002,5.5,92.74,226,3.9000000000000004,,,,,,,,,,,,,,,,,,,,,,,,,,,,,,,,,
2021,11,21,17,30,0,0,94.5,1.1,4.9,95.28,231,4.4,,,,,,,,,,,,,,,,,,,,,,,,,,,,,,,,,
2021,11,21,18,30,0,0,105.01,1.1,4.9,95.06,247,5.2,,,,,,,,,,,,,,,,,,,,,,,,,,,,,,,,,
2021,11,21,19,30,0,0,115.96000000000001,1.1,4.800000000000001,95.28,275,6.1000000000000005,,,,,,,,,,,,,,,,,,,,,,,,,,,,,,,,,
2021,11,21,20,30,0,0,127.04,0.8,3.3000000000000003,95.08,295,6.6000000000000005,,,,,,,,,,,,,,,,,,,,,,,,,,,,,,,,,
2021,11,21,21,30,0,0,137.88,0.5,1,84.24,298,5.9,,,,,,,,,,,,,,,,,,,,,,,,,,,,,,,,,
2021,11,21,22,30,0,0,147.82,0.4,-0.6,79.57000000000001,298,5.4,,,,,,,,,,,,,,,,,,,,,,,,,,,,,,,,,
2021,11,21,23,30,0,0,155.39000000000001,0.30000000000000004,-1.6,77.49,300,5.2,,,,,,,,,,,,,,,,,,,,,,,,,,,,,,,,,
2021,11,22,0,30,0,0,157.79,0.30000000000000004,-2.7,77.84,300,4.7,,,,,,,,,,,,,,,,,,,,,,,,,,,,,,,,,
2021,11,22,1,30,0,0,153.54,0.30000000000000004,-3.7,79.89,296,3.9000000000000004,,,,,,,,,,,,,,,,,,,,,,,,,,,,,,,,,
2021,11,22,2,30,0,0,145.03,0.30000000000000004,-4.4,82.5,289,3.2,,,,,,,,,,,,,,,,,,,,,,,,,,,,,,,,,
2021,11,22,3,30,0,0,134.72,0.30000000000000004,-4.8,84.17,282,2.9000000000000004,,,,,,,,,,,,,,,,,,,,,,,,,,,,,,,,,
2021,11,22,4,30,0,0,123.77,0.30000000000000004,-4.9,84.96000000000001,275,2.8000000000000003,,,,,,,,,,,,,,,,,,,,,,,,,,,,,,,,,
2021,11,22,5,30,0,0,112.71000000000001,0.30000000000000004,-4.9,85.65,269,2.9000000000000004,,,,,,,,,,,,,,,,,,,,,,,,,,,,,,,,,
2021,11,22,6,30,0,0,101.87,0.30000000000000004,-4.9,86.51,267,2.9000000000000004,,,,,,,,,,,,,,,,,,,,,,,,,,,,,,,,,
2021,11,22,7,30,1,9,91.56,0.30000000000000004,-4.3,83.25,268,3.2,,,,,,,,,,,,,,,,,,,,,,,,,,,,,,,,,
2021,11,22,8,30,34,628,82.01,0.30000000000000004,-2.8,76.53,274,4.1000000000000005,,,,,,,,,,,,,,,,,,,,,,,,,,,,,,,,,
2021,11,22,9,30,52,790,73.9,0.30000000000000004,-1.2,66,283,4.9,,,,,,,,,,,,,,,,,,,,,,,,,,,,,,,,,
2021,11,22,10,30,57,899,67.58,0.30000000000000004,0.1,55.4,285,5.4,,,,,,,,,,,,,,,,,,,,,,,,,,,,,,,,,
2021,11,22,11,30,74,878,63.64,0.30000000000000004,1.1,50.86,284,5.5,,,,,,,,,,,,,,,,,,,,,,,,,,,,,,,,,
2021,11,22,12,30,58,955,62.58,0.30000000000000004,1.9000000000000001,48.15,283,5.6000000000000005,,,,,,,,,,,,,,,,,,,,,,,,,,,,,,,,,
2021,11,22,13,30,53,945,64.54,0.30000000000000004,2.2,46.68,283,5.6000000000000005,,,,,,,,,,,,,,,,,,,,,,,,,,,,,,,,,
2021,11,22,14,30,49,897,69.26,0.30000000000000004,2.1,46.18,284,5.4,,,,,,,,,,,,,,,,,,,,,,,,,,,,,,,,,
2021,11,22,15,30,42,777,76.19,0.4,1.1,48.72,286,4.800000000000001,,,,,,,,,,,,,,,,,,,,,,,,,,,,,,,,,
2021,11,22,16,30,26,517,84.69,0.4,-1.1,58.94,289,3.5,,,,,,,,,,,,,,,,,,,,,,,,,,,,,,,,,
2021,11,22,17,30,0,0,94.60000000000001,0.4,-3.1,70.77,291,2.8000000000000003,,,,,,,,,,,,,,,,,,,,,,,,,,,,,,,,,
2021,11,22,18,30,0,0,105.10000000000001,0.4,-3.9,75.34,293,2.6,,,,,,,,,,,,,,,,,,,,,,,,,,,,,,,,,
2021,11,22,19,30,0,0,116.04,0.4,-4.4,78.52,295,2.4000000000000004,,,,,,,,,,,,,,,,,,,,,,,,,,,,,,,,,
2021,11,22,20,30,0,0,127.12,0.4,-4.7,80.41,298,2.1,,,,,,,,,,,,,,,,,,,,,,,,,,,,,,,,,
2021,11,22,21,30,0,0,137.98,0.4,-5,82.27,302,2,,,,,,,,,,,,,,,,,,,,,,,,,,,,,,,,,
2021,11,22,22,30,0,0,147.94,0.4,-5.1,82.49,306,1.8,,,,,,,,,,,,,,,,,,,,,,,,,,,,,,,,,
2021,11,22,23,30,0,0,155.56,0.4,-5.2,82.66,308,1.7000000000000002,,,,,,,,,,,,,,,,,,,,,,,,,,,,,,,,,
2021,11,23,0,30,0,0,158.01,0.4,-5.3,82.98,307,1.6,,,,,,,,,,,,,,,,,,,,,,,,,,,,,,,,,
2021,11,23,1,30,0,0,153.75,0.4,-5.3,82.8,304,1.5,,,,,,,,,,,,,,,,,,,,,,,,,,,,,,,,,
2021,11,23,2,30,0,0,145.23,0.4,-5.3,82.8,301,1.5,,,,,,,,,,,,,,,,,,,,,,,,,,,,,,,,,
2021,11,23,3,30,0,0,134.91,0.4,-5.3,83.12,301,1.5,,,,,,,,,,,,,,,,,,,,,,,,,,,,,,,,,
2021,11,23,4,30,0,0,123.95,0.4,-5.3,83.65,301,1.5,,,,,,,,,,,,,,,,,,,,,,,,,,,,,,,,,
2021,11,23,5,30,0,0,112.89,0.5,-5.3,84.4,300,1.4000000000000001,,,,,,,,,,,,,,,,,,,,,,,,,,,,,,,,,
2021,11,23,6,30,0,0,102.06,0.5,-5.3,85.13,297,1.3,,,,,,,,,,,,,,,,,,,,,,,,,,,,,,,,,
2021,11,23,7,30,3,34,91.76,0.5,-4.9,83.3,294,1.7000000000000002,,,,,,,,,,,,,,,,,,,,,,,,,,,,,,,,,
2021,11,23,8,30,33,599,82.2,0.5,-3.3,74.47,292,2.1,,,,,,,,,,,,,,,,,,,,,,,,,,,,,,,,,
2021,11,23,9,30,47,790,74.11,0.6000000000000001,-1.3,62.71,295,2.2,,,,,,,,,,,,,,,,,,,,,,,,,,,,,,,,,
2021,11,23,10,30,54,876,67.79,0.6000000000000001,0.30000000000000004,53.02,290,2.2,,,,,,,,,,,,,,,,,,,,,,,,,,,,,,,,,
2021,11,23,11,30,58,910,63.86,0.7000000000000001,1.3,49.86,276,2.3000000000000003,,,,,,,,,,,,,,,,,,,,,,,,,,,,,,,,,
2021,11,23,12,30,59,916,62.79,0.7000000000000001,1.9000000000000001,48.620000000000005,267,2.5,,,,,,,,,,,,,,,,,,,,,,,,,,,,,,,,,
2021,11,23,13,30,58,898,64.73,0.7000000000000001,2.3000000000000003,48.65,260,2.4000000000000004,,,,,,,,,,,,,,,,,,,,,,,,,,,,,,,,,
2021,11,23,14,30,53,842,69.42,0.8,2.3000000000000003,50.61,252,2.3000000000000003,,,,,,,,,,,,,,,,,,,,,,,,,,,,,,,,,
2021,11,23,15,30,44,731,76.32000000000001,0.8,1.4000000000000001,57.52,239,1.6,,,,,,,,,,,,,,,,,,,,,,,,,,,,,,,,,
2021,11,23,16,30,27,462,84.8,0.9,-0.7,81.27,214,1.1,,,,,,,,,,,,,,,,,,,,,,,,,,,,,,,,,
2021,11,23,17,30,0,0,94.69,1,-2.1,78.27,194,1.4000000000000001,,,,,,,,,,,,,,,,,,,,,,,,,,,,,,,,,
2021,11,23,18,30,0,0,105.18,1,-2.1,79.45,186,1.9000000000000001,,,,,,,,,,,,,,,,,,,,,,,,,,,,,,,,,
2021,11,23,19,30,0,0,116.12,1.1,-1.7,78.66,185,2.7,,,,,,,,,,,,,,,,,,,,,,,,,,,,,,,,,
2021,11,23,20,30,0,0,127.2,1.1,-1.6,79.08,185,3.3000000000000003,,,,,,,,,,,,,,,,,,,,,,,,,,,,,,,,,
2021,11,23,21,30,0,0,138.06,1,-1.7,81.03,187,3.5,,,,,,,,,,,,,,,,,,,,,,,,,,,,,,,,,
2021,11,23,22,30,0,0,148.06,1,-1.8,83.19,189,3.5,,,,,,,,,,,,,,,,,,,,,,,,,,,,,,,,,
2021,11,23,23,30,0,0,155.72,1,-1.9,85.08,192,3.4000000000000004,,,,,,,,,,,,,,,,,,,,,,,,,,,,,,,,,
2021,11,24,0,30,0,0,158.22,0.9,-2,86.34,195,3.5,,,,,,,,,,,,,,,,,,,,,,,,,,,,,,,,,
2021,11,24,1,30,0,0,153.96,1,-2.1,86.79,196,3.5,,,,,,,,,,,,,,,,,,,,,,,,,,,,,,,,,
2021,11,24,2,30,0,0,145.42000000000002,1.1,-2.1,86.10000000000001,196,3.6,,,,,,,,,,,,,,,,,,,,,,,,,,,,,,,,,
2021,11,24,3,30,0,0,135.09,1.1,-1.9,84.43,194,3.7,,,,,,,,,,,,,,,,,,,,,,,,,,,,,,,,,
2021,11,24,4,30,0,0,124.13000000000001,1.2000000000000002,-1.7,83.66,189,3.9000000000000004,,,,,,,,,,,,,,,,,,,,,,,,,,,,,,,,,
2021,11,24,5,30,0,0,113.06,1.2000000000000002,-1.6,83.96000000000001,184,4.1000000000000005,,,,,,,,,,,,,,,,,,,,,,,,,,,,,,,,,
2021,11,24,6,30,0,0,102.24000000000001,1.1,-1.7,85.10000000000001,181,4.3,,,,,,,,,,,,,,,,,,,,,,,,,,,,,,,,,
2021,11,24,7,30,0,0,91.95,1.1,-1.4,83.45,179,4.7,,,,,,,,,,,,,,,,,,,,,,,,,,,,,,,,,
2021,11,24,8,30,54,176,82.4,1,-0.4,78.83,179,5,,,,,,,,,,,,,,,,,,,,,,,,,,,,,,,,,
2021,11,24,9,30,138,148,74.32000000000001,1,1.2000000000000002,73.44,178,5.1000000000000005,,,,,,,,,,,,,,,,,,,,,,,,,,,,,,,,,
2021,11,24,10,30,183,216,68.01,1,2.7,69.75,177,5.2,,,,,,,,,,,,,,,,,,,,,,,,,,,,,,,,,
2021,11,24,11,30,194,189,64.07000000000001,1,3.9000000000000004,67.55,176,5.2,,,,,,,,,,,,,,,,,,,,,,,,,,,,,,,,,
2021,11,24,12,30,197,306,62.99,1,4.9,66.47,175,5.2,,,,,,,,,,,,,,,,,,,,,,,,,,,,,,,,,
2021,11,24,13,30,189,236,64.91,1.2000000000000002,5.5,67.28,174,5.1000000000000005,,,,,,,,,,,,,,,,,,,,,,,,,,,,,,,,,
2021,11,24,14,30,159,51,69.57000000000001,1.4000000000000001,5.6000000000000005,69.88,172,4.800000000000001,,,,,,,,,,,,,,,,,,,,,,,,,,,,,,,,,
2021,11,24,15,30,88,13,76.45,1.7000000000000002,5.1000000000000005,74.64,169,4.6000000000000005,,,,,,,,,,,,,,,,,,,,,,,,,,,,,,,,,
2021,11,24,16,30,23,1,84.91,1.8,4.4,79.22,167,4.6000000000000005,,,,,,,,,,,,,,,,,,,,,,,,,,,,,,,,,
2021,11,24,17,30,0,0,94.78,1.9000000000000001,4,81.14,171,4.6000000000000005,,,,,,,,,,,,,,,,,,,,,,,,,,,,,,,,,
2021,11,24,18,30,0,0,105.26,2.1,3.6,82.89,175,4.5,,,,,,,,,,,,,,,,,,,,,,,,,,,,,,,,,
2021,11,24,19,30,0,0,116.18,2.2,3.2,84.38,176,4.2,,,,,,,,,,,,,,,,,,,,,,,,,,,,,,,,,
2021,11,24,20,30,0,0,127.27,2.3000000000000003,3.2,84.67,179,4.2,,,,,,,,,,,,,,,,,,,,,,,,,,,,,,,,,
2021,11,24,21,30,0,0,138.14000000000001,2.5,3.2,86.75,186,4.4,,,,,,,,,,,,,,,,,,,,,,,,,,,,,,,,,
2021,11,24,22,30,0,0,148.16,2.5,3.2,90.91,192,4.5,,,,,,,,,,,,,,,,,,,,,,,,,,,,,,,,,
2021,11,24,23,30,0,0,155.88,2.5,3.3000000000000003,94.58,198,4.2,,,,,,,,,,,,,,,,,,,,,,,,,,,,,,,,,
2021,11,25,0,30,0,0,158.42000000000002,2.5,3.3000000000000003,97.73,203,3.6,,,,,,,,,,,,,,,,,,,,,,,,,,,,,,,,,
2021,11,25,1,30,0,0,154.17000000000002,2.5,3.3000000000000003,99.19,204,3.1,,,,,,,,,,,,,,,,,,,,,,,,,,,,,,,,,
2021,11,25,2,30,0,0,145.61,2.4000000000000004,3.3000000000000003,100,206,2.8000000000000003,,,,,,,,,,,,,,,,,,,,,,,,,,,,,,,,,
2021,11,25,3,30,0,0,135.27,2.4000000000000004,3.3000000000000003,100,214,2.6,,,,,,,,,,,,,,,,,,,,,,,,,,,,,,,,,
2021,11,25,4,30,0,0,124.3,2.3000000000000003,3.4000000000000004,100,220,2.5,,,,,,,,,,,,,,,,,,,,,,,,,,,,,,,,,
2021,11,25,5,30,0,0,113.24000000000001,2.3000000000000003,3.3000000000000003,100,222,2.2,,,,,,,,,,,,,,,,,,,,,,,,,,,,,,,,,
2021,11,25,6,30,0,0,102.42,2.2,3.2,100,225,1.9000000000000001,,,,,,,,,,,,,,,,,,,,,,,,,,,,,,,,,
2021,11,25,7,30,0,0,92.14,2.2,3.3000000000000003,100,226,1.8,,,,,,,,,,,,,,,,,,,,,,,,,,,,,,,,,
2021,11,25,8,30,9,0,82.60000000000001,2.1,3.8000000000000003,100,228,2,,,,,,,,,,,,,,,,,,,,,,,,,,,,,,,,,
2021,11,25,9,30,11,0,74.52,2.1,4.6000000000000005,97.95,233,2.2,,,,,,,,,,,,,,,,,,,,,,,,,,,,,,,,,
2021,11,25,10,30,39,1,68.21000000000001,2,5.4,95.41,244,2.2,,,,,,,,,,,,,,,,,,,,,,,,,,,,,,,,,
2021,11,25,11,30,116,13,64.27,1.9000000000000001,6,95.23,264,2.2,,,,,,,,,,,,,,,,,,,,,,,,,,,,,,,,,
2021,11,25,12,30,33,0,63.18,1.9000000000000001,6.300000000000001,95.85000000000001,293,2.4000000000000004,,,,,,,,,,,,,,,,,,,,,,,,,,,,,,,,,
2021,11,25,13,30,31,0,65.08,1.7000000000000002,6.1000000000000005,97.02,316,3.3000000000000003,,,,,,,,,,,,,,,,,,,,,,,,,,,,,,,,,
2021,11,25,14,30,24,0,69.72,1.6,5.300000000000001,97.73,324,4.3,,,,,,,,,,,,,,,,,,,,,,,,,,,,,,,,,
2021,11,25,15,30,16,0,76.57000000000001,1.4000000000000001,4.2,95.44,323,4.7,,,,,,,,,,,,,,,,,,,,,,,,,,,,,,,,,
2021,11,25,16,30,11,0,85,1.2000000000000002,3.1,95.04,320,4.5,,,,,,,,,,,,,,,,,,,,,,,,,,,,,,,,,
2021,11,25,17,30,0,0,94.86,1.1,2.1,95.15,318,4.4,,,,,,,,,,,,,,,,,,,,,,,,,,,,,,,,,
2021,11,25,18,30,0,0,105.33,1,1.1,94.97,317,4.7,,,,,,,,,,,,,,,,,,,,,,,,,,,,,,,,,
2021,11,25,19,30,0,0,116.25,0.9,0.2,93.25,316,5.2,,,,,,,,,,,,,,,,,,,,,,,,,,,,,,,,,
2021,11,25,20,30,0,0,127.33,0.8,-0.6,91.67,315,5.5,,,,,,,,,,,,,,,,,,,,,,,,,,,,,,,,,
2021,11,25,21,30,0,0,138.21,0.7000000000000001,-1.3,90.5,313,5.6000000000000005,,,,,,,,,,,,,,,,,,,,,,,,,,,,,,,,,
2021,11,25,22,30,0,0,148.26,0.6000000000000001,-1.9,89.09,311,5.6000000000000005,,,,,,,,,,,,,,,,,,,,,,,,,,,,,,,,,
2021,11,25,23,30,0,0,156.02,0.5,-2.5,88.08,308,5.7,,,,,,,,,,,,,,,,,,,,,,,,,,,,,,,,,
2021,11,26,0,30,0,0,158.61,0.5,-3.1,87.66,306,5.7,,,,,,,,,,,,,,,,,,,,,,,,,,,,,,,,,
2021,11,26,1,30,0,0,154.37,0.5,-3.5,86.11,303,5.800000000000001,,,,,,,,,,,,,,,,,,,,,,,,,,,,,,,,,
2021,11,26,2,30,0,0,145.8,0.5,-3.9,84.96000000000001,301,5.800000000000001,,,,,,,,,,,,,,,,,,,,,,,,,,,,,,,,,
2021,11,26,3,30,0,0,135.45,0.5,-4.2,84.06,299,5.800000000000001,,,,,,,,,,,,,,,,,,,,,,,,,,,,,,,,,
2021,11,26,4,30,0,0,124.48,0.5,-4.4,83.22,299,5.7,,,,,,,,,,,,,,,,,,,,,,,,,,,,,,,,,
2021,11,26,5,30,0,0,113.42,0.5,-4.6,83.52,299,5.300000000000001,,,,,,,,,,,,,,,,,,,,,,,,,,,,,,,,,
2021,11,26,6,30,0,0,102.60000000000001,0.5,-4.6,83.67,299,5.1000000000000005,,,,,,,,,,,,,,,,,,,,,,,,,,,,,,,,,
2021,11,26,7,30,0,0,92.32000000000001,0.5,-4.3,82.44,298,5.2,,,,,,,,,,,,,,,,,,,,,,,,,,,,,,,,,
2021,11,26,8,30,32,0,82.78,0.5,-3.4,78.36,302,5.7,,,,,,,,,,,,,,,,,,,,,,,,,,,,,,,,,
2021,11,26,9,30,59,0,74.72,0.5,-2.5,72.19,308,6.2,,,,,,,,,,,,,,,,,,,,,,,,,,,,,,,,,
2021,11,26,10,30,86,0,68.41,0.5,-1.9,66.01,309,6.1000000000000005,,,,,,,,,,,,,,,,,,,,,,,,,,,,,,,,,
2021,11,26,11,30,79,0,64.47,0.5,-1.5,63.13,307,5.800000000000001,,,,,,,,,,,,,,,,,,,,,,,,,,,,,,,,,
2021,11,26,12,30,87,0,63.36,0.6000000000000001,-1.3,61.7,304,5.5,,,,,,,,,,,,,,,,,,,,,,,,,,,,,,,,,
2021,11,26,13,30,105,4,65.24,0.6000000000000001,-1.2,60.79,302,5.1000000000000005,,,,,,,,,,,,,,,,,,,,,,,,,,,,,,,,,
2021,11,26,14,30,67,0,69.85000000000001,0.7000000000000001,-1.4,61.35,301,4.800000000000001,,,,,,,,,,,,,,,,,,,,,,,,,,,,,,,,,
2021,11,26,15,30,31,2,76.68,0.7000000000000001,-1.7,62.76,301,4.1000000000000005,,,,,,,,,,,,,,,,,,,,,,,,,,,,,,,,,
2021,11,26,16,30,34,4,85.09,0.7000000000000001,-2.3,67.16,304,3,,,,,,,,,,,,,,,,,,,,,,,,,,,,,,,,,
2021,11,26,17,30,0,0,94.94,0.7000000000000001,-3.2,77.23,307,2,,,,,,,,,,,,,,,,,,,,,,,,,,,,,,,,,
2021,11,26,18,30,0,0,105.39,0.7000000000000001,-3.9,81.98,311,1.6,,,,,,,,,,,,,,,,,,,,,,,,,,,,,,,,,
2021,11,26,19,30,0,0,116.3,0.7000000000000001,-4.1,83.42,312,1.5,,,,,,,,,,,,,,,,,,,,,,,,,,,,,,,,,
2021,11,26,20,30,0,0,127.38000000000001,0.7000000000000001,-4.3,84.74,309,1.3,,,,,,,,,,,,,,,,,,,,,,,,,,,,,,,,,
2021,11,26,21,30,0,0,138.27,0.7000000000000001,-4.6,86.23,302,1.3,,,,,,,,,,,,,,,,,,,,,,,,,,,,,,,,,
2021,11,26,22,30,0,0,148.35,0.7000000000000001,-4.7,86.39,296,1.3,,,,,,,,,,,,,,,,,,,,,,,,,,,,,,,,,
2021,11,26,23,30,0,0,156.16,0.7000000000000001,-4.7,86.48,293,1.3,,,,,,,,,,,,,,,,,,,,,,,,,,,,,,,,,
2021,11,27,0,30,0,0,158.8,0.8,-4.8,87.48,291,1.3,,,,,,,,,,,,,,,,,,,,,,,,,,,,,,,,,
2021,11,27,1,30,0,0,154.57,0.8,-4.7,87.37,287,1.2000000000000002,,,,,,,,,,,,,,,,,,,,,,,,,,,,,,,,,
2021,11,27,2,30,0,0,145.98,0.8,-4.7,88.05,281,1.1,,,,,,,,,,,,,,,,,,,,,,,,,,,,,,,,,
2021,11,27,3,30,0,0,135.62,0.8,-4.7,88.78,270,0.9,,,,,,,,,,,,,,,,,,,,,,,,,,,,,,,,,
2021,11,27,4,30,0,0,124.65,0.9,-4.5,88.24,250,0.8,,,,,,,,,,,,,,,,,,,,,,,,,,,,,,,,,
2021,11,27,5,30,0,0,113.59,0.9,-4.2,87.11,214,0.8,,,,,,,,,,,,,,,,,,,,,,,,,,,,,,,,,
2021,11,27,6,30,0,0,102.78,1,-3.7,84.86,177,1.2000000000000002,,,,,,,,,,,,,,,,,,,,,,,,,,,,,,,,,
2021,11,27,7,30,0,0,92.5,1.1,-3.2,82.34,160,1.8,,,,,,,,,,,,,,,,,,,,,,,,,,,,,,,,,
2021,11,27,8,30,33,0,82.97,1.2000000000000002,-2.5,78.39,159,2.5,,,,,,,,,,,,,,,,,,,,,,,,,,,,,,,,,
2021,11,27,9,30,54,0,74.91,1.3,-1.9,73.45,165,3,,,,,,,,,,,,,,,,,,,,,,,,,,,,,,,,,
2021,11,27,10,30,48,1,68.61,1.3,-1.6,73.77,171,3.3000000000000003,,,,,,,,,,,,,,,,,,,,,,,,,,,,,,,,,
2021,11,27,11,30,66,1,64.66,1.3,-1.5,75.45,172,3.5,,,,,,,,,,,,,,,,,,,,,,,,,,,,,,,,,
2021,11,27,12,30,108,8,63.54,1.4000000000000001,-1.3,75.64,170,3.7,,,,,,,,,,,,,,,,,,,,,,,,,,,,,,,,,
2021,11,27,13,30,56,0,65.4,1.4000000000000001,-1.3,76.9,168,3.7,,,,,,,,,,,,,,,,,,,,,,,,,,,,,,,,,
2021,11,27,14,30,84,4,69.99,1.4000000000000001,-1.3,78.91,166,3.6,,,,,,,,,,,,,,,,,,,,,,,,,,,,,,,,,
2021,11,27,15,30,29,2,76.79,1.4000000000000001,-1.5,82.45,162,3.3000000000000003,,,,,,,,,,,,,,,,,,,,,,,,,,,,,,,,,
2021,11,27,16,30,17,0,85.17,1.4000000000000001,-1.7,86.23,154,3.1,,,,,,,,,,,,,,,,,,,,,,,,,,,,,,,,,
2021,11,27,17,30,0,0,95,1.4000000000000001,-1.8,89.55,144,2.7,,,,,,,,,,,,,,,,,,,,,,,,,,,,,,,,,
2021,11,27,18,30,0,0,105.44,1.3,-1.7,91.27,136,2.4000000000000004,,,,,,,,,,,,,,,,,,,,,,,,,,,,,,,,,
2021,11,27,19,30,0,0,116.35000000000001,1.3,-1.6,92.56,126,2.1,,,,,,,,,,,,,,,,,,,,,,,,,,,,,,,,,
2021,11,27,20,30,0,0,127.43,1.3,-1.6,94.51,116,1.8,,,,,,,,,,,,,,,,,,,,,,,,,,,,,,,,,
2021,11,27,21,30,0,0,138.33,1.3,-1.6,95.48,105,1.4000000000000001,,,,,,,,,,,,,,,,,,,,,,,,,,,,,,,,,
2021,11,27,22,30,0,0,148.43,1.3,-1.7,97.2,77,1,,,,,,,,,,,,,,,,,,,,,,,,,,,,,,,,,
2021,11,27,23,30,0,0,156.29,1.2000000000000002,-1.9,99.21000000000001,29,1.1,,,,,,,,,,,,,,,,,,,,,,,,,,,,,,,,,
2021,11,28,0,30,0,0,158.99,1,-2.4,99.44,177,1.9000000000000001,,,,,,,,,,,,,,,,,,,,,,,,,,,,,,,,,
2021,11,28,1,30,0,0,154.76,0.9,-2.8,98.96000000000001,345,2.6,,,,,,,,,,,,,,,,,,,,,,,,,,,,,,,,,
2021,11,28,2,30,0,0,146.16,0.9,-3.2,98.79,333,2.9000000000000004,,,,,,,,,,,,,,,,,,,,,,,,,,,,,,,,,
2021,11,28,3,30,0,0,135.79,0.8,-3.5,97.64,320,2.9000000000000004,,,,,,,,,,,,,,,,,,,,,,,,,,,,,,,,,
2021,11,28,4,30,0,0,124.82000000000001,0.8,-3.8,97.60000000000001,307,2.7,,,,,,,,,,,,,,,,,,,,,,,,,,,,,,,,,
2021,11,28,5,30,0,0,113.76,0.7000000000000001,-3.9,96.24000000000001,293,2.6,,,,,,,,,,,,,,,,,,,,,,,,,,,,,,,,,
2021,11,28,6,30,0,0,102.95,0.7000000000000001,-3.7,94.67,278,2.5,,,,,,,,,,,,,,,,,,,,,,,,,,,,,,,,,
2021,11,28,7,30,0,0,92.68,0.6000000000000001,-2.9,91.59,269,2.8000000000000003,,,,,,,,,,,,,,,,,,,,,,,,,,,,,,,,,
2021,11,28,8,30,17,0,83.15,0.6000000000000001,-1.4,87.97,267,3.5,,,,,,,,,,,,,,,,,,,,,,,,,,,,,,,,,
2021,11,28,9,30,33,0,75.10000000000001,0.6000000000000001,0.30000000000000004,87.42,274,4.3,,,,,,,,,,,,,,,,,,,,,,,,,,,,,,,,,
2021,11,28,10,30,175,3,68.8,0.6000000000000001,1.3,85.72,286,5.4,,,,,,,,,,,,,,,,,,,,,,,,,,,,,,,,,
2021,11,28,11,30,234,24,64.85,0.5,1.6,77.29,293,6.300000000000001,,,,,,,,,,,,,,,,,,,,,,,,,,,,,,,,,
2021,11,28,12,30,92,7,63.72,0.6000000000000001,1.6,72.64,293,6.5,,,,,,,,,,,,,,,,,,,,,,,,,,,,,,,,,
2021,11,28,13,30,136,21,65.55,0.6000000000000001,1.6,72.3,291,6.4,,,,,,,,,,,,,,,,,,,,,,,,,,,,,,,,,
2021,11,28,14,30,79,742,70.11,0.7000000000000001,1.5,74.36,289,6.2,,,,,,,,,,,,,,,,,,,,,,,,,,,,,,,,,
2021,11,28,15,30,102,14,76.89,0.7000000000000001,1.1,79.98,290,6,,,,,,,,,,,,,,,,,,,,,,,,,,,,,,,,,
2021,11,28,16,30,31,2,85.25,0.7000000000000001,0.5,86.4,296,5.9,,,,,,,,,,,,,,,,,,,,,,,,,,,,,,,,,
2021,11,28,17,30,0,0,95.07000000000001,0.7000000000000001,-0.1,90.26,300,5.7,,,,,,,,,,,,,,,,,,,,,,,,,,,,,,,,,
2021,11,28,18,30,0,0,105.49000000000001,0.6000000000000001,-0.9,93.74,300,5.1000000000000005,,,,,,,,,,,,,,,,,,,,,,,,,,,,,,,,,
2021,11,28,19,30,0,0,116.39,0.6000000000000001,-1.6,94.89,297,4.6000000000000005,,,,,,,,,,,,,,,,,,,,,,,,,,,,,,,,,
2021,11,28,20,30,0,0,127.47,0.7000000000000001,-2.1,95.47,297,4.5,,,,,,,,,,,,,,,,,,,,,,,,,,,,,,,,,
2021,11,28,21,30,0,0,138.38,0.7000000000000001,-2.4,95.01,298,4.3,,,,,,,,,,,,,,,,,,,,,,,,,,,,,,,,,
2021,11,28,22,30,0,0,148.5,0.7000000000000001,-2.7,94.2,298,4,,,,,,,,,,,,,,,,,,,,,,,,,,,,,,,,,
2021,11,28,23,30,0,0,156.41,0.7000000000000001,-3,93.63,298,3.8000000000000003,,,,,,,,,,,,,,,,,,,,,,,,,,,,,,,,,
2021,11,29,0,30,0,0,159.16,0.6000000000000001,-3.4,94.19,298,3.6,,,,,,,,,,,,,,,,,,,,,,,,,,,,,,,,,
2021,11,29,1,30,0,0,154.95000000000002,0.6000000000000001,-3.7,94.42,299,3.3000000000000003,,,,,,,,,,,,,,,,,,,,,,,,,,,,,,,,,
2021,11,29,2,30,0,0,146.34,0.6000000000000001,-4.1,95.61,299,3,,,,,,,,,,,,,,,,,,,,,,,,,,,,,,,,,
2021,11,29,3,30,0,0,135.97,0.5,-4.5,97.12,299,2.8000000000000003,,,,,,,,,,,,,,,,,,,,,,,,,,,,,,,,,
2021,11,29,4,30,0,0,124.98,0.5,-4.8,98.02,299,2.5,,,,,,,,,,,,,,,,,,,,,,,,,,,,,,,,,
2021,11,29,5,30,0,0,113.93,0.5,-5.1,99.16,298,2.2,,,,,,,,,,,,,,,,,,,,,,,,,,,,,,,,,
2021,11,29,6,30,0,0,103.12,0.5,-5.1,98.77,295,2.1,,,,,,,,,,,,,,,,,,,,,,,,,,,,,,,,,
2021,11,29,7,30,0,0,92.86,0.5,-4.7,95.7,292,1.9000000000000001,,,,,,,,,,,,,,,,,,,,,,,,,,,,,,,,,
2021,11,29,8,30,35,528,83.33,0.5,-3.6,89.75,284,1.8,,,,,,,,,,,,,,,,,,,,,,,,,,,,,,,,,
2021,11,29,9,30,64,705,75.29,0.5,-1.7,84.78,273,1.8,,,,,,,,,,,,,,,,,,,,,,,,,,,,,,,,,
2021,11,29,10,30,115,520,68.99,0.6000000000000001,0.4,76.87,261,2.1,,,,,,,,,,,,,,,,,,,,,,,,,,,,,,,,,
2021,11,29,11,30,221,15,65.03,0.6000000000000001,1.7000000000000002,71.13,251,2.5,,,,,,,,,,,,,,,,,,,,,,,,,,,,,,,,,
2021,11,29,12,30,246,92,63.88,0.7000000000000001,2.3000000000000003,68.35000000000001,244,2.9000000000000004,,,,,,,,,,,,,,,,,,,,,,,,,,,,,,,,,
2021,11,29,13,30,168,240,65.69,0.7000000000000001,2.4000000000000004,67.91,237,2.9000000000000004,,,,,,,,,,,,,,,,,,,,,,,,,,,,,,,,,
2021,11,29,14,30,150,445,70.23,0.8,2,70.94,229,2.5,,,,,,,,,,,,,,,,,,,,,,,,,,,,,,,,,
2021,11,29,15,30,132,44,76.98,0.9,1,80.65,220,1.9000000000000001,,,,,,,,,,,,,,,,,,,,,,,,,,,,,,,,,
2021,11,29,16,30,25,0,85.32000000000001,1,-0.1,86.41,213,1.7000000000000002,,,,,,,,,,,,,,,,,,,,,,,,,,,,,,,,,
2021,11,29,17,30,0,0,95.12,1.1,-0.6,85.33,209,1.9000000000000001,,,,,,,,,,,,,,,,,,,,,,,,,,,,,,,,,
2021,11,29,18,30,0,0,105.54,1.2000000000000002,-0.8,85.47,204,2.3000000000000003,,,,,,,,,,,,,,,,,,,,,,,,,,,,,,,,,
2021,11,29,19,30,0,0,116.43,1.2000000000000002,-1,86.51,197,2.6,,,,,,,,,,,,,,,,,,,,,,,,,,,,,,,,,
2021,11,29,20,30,0,0,127.51,1.2000000000000002,-1.2,88.83,191,2.8000000000000003,,,,,,,,,,,,,,,,,,,,,,,,,,,,,,,,,
2021,11,29,21,30,0,0,138.42000000000002,1.2000000000000002,-1.3,91.65,184,3.2,,,,,,,,,,,,,,,,,,,,,,,,,,,,,,,,,
2021,11,29,22,30,0,0,148.57,1.2000000000000002,-1.3,93.71000000000001,174,3.6,,,,,,,,,,,,,,,,,,,,,,,,,,,,,,,,,
2021,11,29,23,30,0,0,156.52,1.2000000000000002,-1.3,95.32000000000001,164,3.9000000000000004,,,,,,,,,,,,,,,,,,,,,,,,,,,,,,,,,
2021,11,30,0,30,0,0,159.33,1.2000000000000002,-1.4,96.61,159,3.9000000000000004,,,,,,,,,,,,,,,,,,,,,,,,,,,,,,,,,
2021,11,30,1,30,0,0,155.13,1.1,-1.4,96.54,162,3.6,,,,,,,,,,,,,,,,,,,,,,,,,,,,,,,,,
2021,11,30,2,30,0,0,146.52,1,-1.5,96.47,167,3.1,,,,,,,,,,,,,,,,,,,,,,,,,,,,,,,,,
2021,11,30,3,30,0,0,136.13,1,-1.7,96.10000000000001,178,2.2,,,,,,,,,,,,,,,,,,,,,,,,,,,,,,,,,
2021,11,30,4,30,0,0,125.15,0.9,-2,95.62,210,1.4000000000000001,,,,,,,,,,,,,,,,,,,,,,,,,,,,,,,,,
2021,11,30,5,30,0,0,114.09,0.9,-2.3,95.66,259,1.2000000000000002,,,,,,,,,,,,,,,,,,,,,,,,,,,,,,,,,
2021,11,30,6,30,0,0,103.29,0.8,-2.6,96.06,294,1.4000000000000001,,,,,,,,,,,,,,,,,,,,,,,,,,,,,,,,,
2021,11,30,7,30,0,0,93.03,0.8,-2.6,95,305,1.6,,,,,,,,,,,,,,,,,,,,,,,,,,,,,,,,,
2021,11,30,8,30,40,415,83.51,0.8,-1.5,88.35000000000001,303,2.4000000000000004,,,,,,,,,,,,,,,,,,,,,,,,,,,,,,,,,
2021,11,30,9,30,65,671,75.47,0.8,0.30000000000000004,87.44,297,3,,,,,,,,,,,,,,,,,,,,,,,,,,,,,,,,,
2021,11,30,10,30,78,792,69.17,0.7000000000000001,1.8,86.81,287,3.2,,,,,,,,,,,,,,,,,,,,,,,,,,,,,,,,,
2021,11,30,11,30,84,847,65.2,0.7000000000000001,2.7,86.28,276,3.7,,,,,,,,,,,,,,,,,,,,,,,,,,,,,,,,,
2021,11,30,12,30,89,850,64.04,0.7000000000000001,3.4000000000000004,84.60000000000001,270,4.5,,,,,,,,,,,,,,,,,,,,,,,,,,,,,,,,,
2021,11,30,13,30,192,32,65.83,0.8,3.8000000000000003,83.02,270,5,,,,,,,,,,,,,,,,,,,,,,,,,,,,,,,,,
2021,11,30,14,30,111,55,70.34,0.8,4,83.9,273,5,,,,,,,,,,,,,,,,,,,,,,,,,,,,,,,,,
2021,11,30,15,30,64,169,77.07000000000001,0.7000000000000001,3.7,87.85000000000001,281,5.2,,,,,,,,,,,,,,,,,,,,,,,,,,,,,,,,,
2021,11,30,16,30,33,2,85.39,0.6000000000000001,2.8000000000000003,91.12,292,5.6000000000000005,,,,,,,,,,,,,,,,,,,,,,,,,,,,,,,,,
2021,11,30,17,30,0,0,95.17,0.6000000000000001,1.4000000000000001,93.27,300,5.300000000000001,,,,,,,,,,,,,,,,,,,,,,,,,,,,,,,,,
2021,11,30,18,30,0,0,105.57000000000001,0.5,-0.3,96.18,304,4.1000000000000005,,,,,,,,,,,,,,,,,,,,,,,,,,,,,,,,,
2021,11,30,19,30,0,0,116.46000000000001,0.4,-4.4,66.35,262,4.3,,,,,,,,,,,,,,,,,,,,,,,,,,,,,,,,,
2021,11,30,20,30,0,0,127.54,0.4,-4.6,68.83,258,4.1000000000000005,,,,,,,,,,,,,,,,,,,,,,,,,,,,,,,,,
2021,11,30,21,30,0,0,138.47,0.4,-4.6,70,254,4,,,,,,,,,,,,,,,,,,,,,,,,,,,,,,,,,
2021,11,30,22,30,0,0,148.64000000000001,0.4,-4.4,69.67,251,3.9000000000000004,,,,,,,,,,,,,,,,,,,,,,,,,,,,,,,,,
2021,11,30,23,30,0,0,156.66,0.4,-4.3,70.26,250,3.8000000000000003,,,,,,,,,,,,,,,,,,,,,,,,,,,,,,,,,
2024,12,1,0,30,0,0,159.54,0.4,-4.1,70.64,251,3.7,,,,,,,,,,,,,,,,,,,,,,,,,,,,,,,,,
2024,12,1,1,30,0,0,155.36,0.5,-4,71.78,254,3.6,,,,,,,,,,,,,,,,,,,,,,,,,,,,,,,,,
2024,12,1,2,30,0,0,146.74,0.5,-3.8,72.47,256,3.5,,,,,,,,,,,,,,,,,,,,,,,,,,,,,,,,,
2024,12,1,3,30,0,0,136.35,0.5,-3.7,73.85000000000001,259,3.5,,,,,,,,,,,,,,,,,,,,,,,,,,,,,,,,,
2024,12,1,4,30,0,0,125.36,0.5,-3.8,76.05,265,3.5,,,,,,,,,,,,,,,,,,,,,,,,,,,,,,,,,
2024,12,1,5,30,0,0,114.31,0.5,-3.8,76.98,271,3.6,,,,,,,,,,,,,,,,,,,,,,,,,,,,,,,,,
2024,12,1,6,30,0,0,103.51,0.5,-3.8,77.4,275,3.7,,,,,,,,,,,,,,,,,,,,,,,,,,,,,,,,,
2024,12,1,7,30,0,0,93.25,0.6000000000000001,-3.7,77.45,278,3.9000000000000004,,,,,,,,,,,,,,,,,,,,,,,,,,,,,,,,,
2024,12,1,8,30,30,0,83.73,0.6000000000000001,-3.3,75.36,281,4.3,,,,,,,,,,,,,,,,,,,,,,,,,,,,,,,,,
2024,12,1,9,30,56,0,75.7,0.6000000000000001,-2.6,70.7,285,4.6000000000000005,,,,,,,,,,,,,,,,,,,,,,,,,,,,,,,,,
2024,12,1,10,30,155,1,69.39,0.6000000000000001,-1.9,65.56,286,4.7,,,,,,,,,,,,,,,,,,,,,,,,,,,,,,,,,
2024,12,1,11,30,206,2,65.42,0.6000000000000001,-1.3,61.730000000000004,287,4.800000000000001,,,,,,,,,,,,,,,,,,,,,,,,,,,,,,,,,
2024,12,1,12,30,168,0,64.23,0.6000000000000001,-0.9,59.24,288,4.800000000000001,,,,,,,,,,,,,,,,,,,,,,,,,,,,,,,,,
2024,12,1,13,30,206,10,65.99,0.6000000000000001,-0.8,58.410000000000004,288,4.7,,,,,,,,,,,,,,,,,,,,,,,,,,,,,,,,,
2024,12,1,14,30,130,90,70.47,0.6000000000000001,-0.9,59.09,288,4.6000000000000005,,,,,,,,,,,,,,,,,,,,,,,,,,,,,,,,,
2024,12,1,15,30,89,1,77.17,0.6000000000000001,-1.3,61.36,288,4.1000000000000005,,,,,,,,,,,,,,,,,,,,,,,,,,,,,,,,,
2024,12,1,16,30,31,150,85.46000000000001,0.6000000000000001,-1.9,65.65,283,3.2,,,,,,,,,,,,,,,,,,,,,,,,,,,,,,,,,
2024,12,1,17,30,0,0,95.22,0.6000000000000001,-2.5,72.23,277,2.8000000000000003,,,,,,,,,,,,,,,,,,,,,,,,,,,,,,,,,
2024,12,1,18,30,0,0,105.61,0.6000000000000001,-2.7,75.31,273,3.1,,,,,,,,,,,,,,,,,,,,,,,,,,,,,,,,,
2024,12,1,19,30,0,0,116.49000000000001,0.6000000000000001,-2.9,78.73,272,3.3000000000000003,,,,,,,,,,,,,,,,,,,,,,,,,,,,,,,,,
2024,12,1,20,30,0,0,127.56,0.6000000000000001,-3.2,82.77,272,3.6,,,,,,,,,,,,,,,,,,,,,,,,,,,,,,,,,
2024,12,1,21,30,0,0,138.5,0.6000000000000001,-3.5,86.58,272,3.7,,,,,,,,,,,,,,,,,,,,,,,,,,,,,,,,,
2024,12,1,22,30,0,0,148.69,0.6000000000000001,-3.9,90.31,271,3.8000000000000003,,,,,,,,,,,,,,,,,,,,,,,,,,,,,,,,,
2024,12,1,23,30,0,0,156.75,0.6000000000000001,-4.2,92.72,272,3.8000000000000003,,,,,,,,,,,,,,,,,,,,,,,,,,,,,,,,,
2024,12,2,0,30,0,0,159.69,0.6000000000000001,-4.3,93.24,274,3.9000000000000004,,,,,,,,,,,,,,,,,,,,,,,,,,,,,,,,,
2024,12,2,1,30,0,0,155.53,0.6000000000000001,-4.5,94.21000000000001,278,3.9000000000000004,,,,,,,,,,,,,,,,,,,,,,,,,,,,,,,,,
2024,12,2,2,30,0,0,146.9,0.6000000000000001,-4.6,94.54,279,3.7,,,,,,,,,,,,,,,,,,,,,,,,,,,,,,,,,
2024,12,2,3,30,0,0,136.51,0.6000000000000001,-4.7,94.86,281,3.6,,,,,,,,,,,,,,,,,,,,,,,,,,,,,,,,,
2024,12,2,4,30,0,0,125.52,0.6000000000000001,-4.8,95.26,284,3.5,,,,,,,,,,,,,,,,,,,,,,,,,,,,,,,,,
2024,12,2,5,30,0,0,114.47,0.6000000000000001,-4.8,94.76,287,3.3000000000000003,,,,,,,,,,,,,,,,,,,,,,,,,,,,,,,,,
2024,12,2,6,30,0,0,103.67,0.6000000000000001,-4.8,94.60000000000001,290,3.1,,,,,,,,,,,,,,,,,,,,,,,,,,,,,,,,,
2024,12,2,7,30,0,0,93.42,0.6000000000000001,-4.7,93.73,291,3,,,,,,,,,,,,,,,,,,,,,,,,,,,,,,,,,
2024,12,2,8,30,45,289,83.89,0.6000000000000001,-4,89.27,291,3.2,,,,,,,,,,,,,,,,,,,,,,,,,,,,,,,,,
2024,12,2,9,30,95,416,75.87,0.6000000000000001,-2.6,82.54,292,3.4000000000000004,,,,,,,,,,,,,,,,,,,,,,,,,,,,,,,,,
2024,12,2,10,30,215,22,69.56,0.6000000000000001,-1.1,75.18,296,3.5,,,,,,,,,,,,,,,,,,,,,,,,,,,,,,,,,
2024,12,2,11,30,278,42,65.58,0.6000000000000001,-0.1,68.31,297,3.6,,,,,,,,,,,,,,,,,,,,,,,,,,,,,,,,,
2024,12,2,12,30,281,30,64.38,0.6000000000000001,0.4,63.160000000000004,293,3.6,,,,,,,,,,,,,,,,,,,,,,,,,,,,,,,,,
2024,12,2,13,30,80,843,66.11,0.6000000000000001,0.6000000000000001,60.36,291,3.6,,,,,,,,,,,,,,,,,,,,,,,,,,,,,,,,,
2024,12,2,14,30,158,161,70.57000000000001,0.6000000000000001,0.4,60.33,291,3.5,,,,,,,,,,,,,,,,,,,,,,,,,,,,,,,,,
2024,12,2,15,30,84,0,77.24,0.6000000000000001,-0.2,62.870000000000005,291,2.9000000000000004,,,,,,,,,,,,,,,,,,,,,,,,,,,,,,,,,
2024,12,2,16,30,41,52,85.5,0.6000000000000001,-1.3,71.11,289,2.1,,,,,,,,,,,,,,,,,,,,,,,,,,,,,,,,,
2024,12,2,17,30,0,0,95.26,0.6000000000000001,-2,76.8,288,2.1,,,,,,,,,,,,,,,,,,,,,,,,,,,,,,,,,
2024,12,2,18,30,0,0,105.63,0.6000000000000001,-2.3,77.9,288,2.5,,,,,,,,,,,,,,,,,,,,,,,,,,,,,,,,,
2024,12,2,19,30,0,0,116.5,0.6000000000000001,-2.7,80.33,289,2.7,,,,,,,,,,,,,,,,,,,,,,,,,,,,,,,,,
2024,12,2,20,30,0,0,127.58,0.6000000000000001,-3.2,83.96000000000001,289,2.7,,,,,,,,,,,,,,,,,,,,,,,,,,,,,,,,,
2024,12,2,21,30,0,0,138.52,0.6000000000000001,-3.7,87.89,287,2.7,,,,,,,,,,,,,,,,,,,,,,,,,,,,,,,,,
2024,12,2,22,30,0,0,148.73,0.6000000000000001,-4.2,92.07000000000001,286,2.8000000000000003,,,,,,,,,,,,,,,,,,,,,,,,,,,,,,,,,
2024,12,2,23,30,0,0,156.84,0.6000000000000001,-4.5,95.06,283,2.8000000000000003,,,,,,,,,,,,,,,,,,,,,,,,,,,,,,,,,
2024,12,3,0,30,0,0,159.84,0.6000000000000001,-4.8,97.87,280,2.9000000000000004,,,,,,,,,,,,,,,,,,,,,,,,,,,,,,,,,
2024,12,3,1,30,0,0,155.70000000000002,0.6000000000000001,-4.8,97.88,277,3.1,,,,,,,,,,,,,,,,,,,,,,,,,,,,,,,,,
2024,12,3,2,30,0,0,147.07,0.6000000000000001,-4.8,97.33,275,3.1,,,,,,,,,,,,,,,,,,,,,,,,,,,,,,,,,
2024,12,3,3,30,0,0,136.67000000000002,0.6000000000000001,-4.8,96.72,275,3.1,,,,,,,,,,,,,,,,,,,,,,,,,,,,,,,,,
2024,12,3,4,30,0,0,125.68,0.6000000000000001,-4.9,97.39,279,2.9000000000000004,,,,,,,,,,,,,,,,,,,,,,,,,,,,,,,,,
2024,12,3,5,30,0,0,114.62,0.7000000000000001,-5,97.97,283,2.5,,,,,,,,,,,,,,,,,,,,,,,,,,,,,,,,,
2024,12,3,6,30,0,0,103.83,0.7000000000000001,-5.1,98.44,283,2.1,,,,,,,,,,,,,,,,,,,,,,,,,,,,,,,,,
2024,12,3,7,30,0,0,93.58,0.7000000000000001,-4.9,97.05,278,1.9000000000000001,,,,,,,,,,,,,,,,,,,,,,,,,,,,,,,,,
2024,12,3,8,30,33,179,84.06,0.7000000000000001,-4.1,91.89,271,2.1,,,,,,,,,,,,,,,,,,,,,,,,,,,,,,,,,
2024,12,3,9,30,92,73,76.03,0.7000000000000001,-2.5,84.86,271,2.2,,,,,,,,,,,,,,,,,,,,,,,,,,,,,,,,,
2024,12,3,10,30,125,349,69.73,0.7000000000000001,-0.8,79.79,274,2.3000000000000003,,,,,,,,,,,,,,,,,,,,,,,,,,,,,,,,,
2024,12,3,11,30,170,3,65.73,0.7000000000000001,0.4,73.7,271,2.5,,,,,,,,,,,,,,,,,,,,,,,,,,,,,,,,,
2024,12,3,12,30,175,333,64.51,0.7000000000000001,1,70.38,265,2.7,,,,,,,,,,,,,,,,,,,,,,,,,,,,,,,,,
2024,12,3,13,30,113,653,66.23,0.7000000000000001,1.3,68.5,259,3,,,,,,,,,,,,,,,,,,,,,,,,,,,,,,,,,
2024,12,3,14,30,150,149,70.66,0.8,1,70.01,254,3.2,,,,,,,,,,,,,,,,,,,,,,,,,,,,,,,,,
2024,12,3,15,30,82,251,77.3,0.8,0.4,75.38,248,2.8000000000000003,,,,,,,,,,,,,,,,,,,,,,,,,,,,,,,,,
2024,12,3,16,30,26,1,85.55,0.8,-0.3,82.55,243,2.4000000000000004,,,,,,,,,,,,,,,,,,,,,,,,,,,,,,,,,
2024,12,3,17,30,0,0,95.29,0.8,-0.8,84.99,236,2.8000000000000003,,,,,,,,,,,,,,,,,,,,,,,,,,,,,,,,,
2024,12,3,18,30,0,0,105.65,0.8,-1.1,82.56,230,3.5,,,,,,,,,,,,,,,,,,,,,,,,,,,,,,,,,
2024,12,3,19,30,0,0,116.51,0.8,-1.7,79.63,225,4,,,,,,,,,,,,,,,,,,,,,,,,,,,,,,,,,
2024,12,3,20,30,0,0,127.58,0.8,-2.4,77.16,222,4.4,,,,,,,,,,,,,,,,,,,,,,,,,,,,,,,,,
2024,12,3,21,30,0,0,138.53,0.8,-3,74.54,220,4.9,,,,,,,,,,,,,,,,,,,,,,,,,,,,,,,,,
2024,12,3,22,30,0,0,148.77,0.9,-3.5,73.14,219,5.4,,,,,,,,,,,,,,,,,,,,,,,,,,,,,,,,,
2024,12,3,23,30,0,0,156.92000000000002,0.9,-4,71.94,219,5.7,,,,,,,,,,,,,,,,,,,,,,,,,,,,,,,,,
2024,12,4,0,30,0,0,159.98,0.9,-4.4,71.88,219,5.7,,,,,,,,,,,,,,,,,,,,,,,,,,,,,,,,,
2024,12,4,1,30,0,0,155.86,0.9,-4.8,72.47,218,5.6000000000000005,,,,,,,,,,,,,,,,,,,,,,,,,,,,,,,,,
2024,12,4,2,30,0,0,147.23,0.9,-5.3,73.95,215,5.5,,,,,,,,,,,,,,,,,,,,,,,,,,,,,,,,,
2024,12,4,3,30,0,0,136.82,0.9,-5.5,74.75,211,5.6000000000000005,,,,,,,,,,,,,,,,,,,,,,,,,,,,,,,,,
2024,12,4,4,30,0,0,125.83,0.9,-5.6,75.83,207,6,,,,,,,,,,,,,,,,,,,,,,,,,,,,,,,,,
2024,12,4,5,30,0,0,114.78,0.9,-5.6,76.27,204,6.4,,,,,,,,,,,,,,,,,,,,,,,,,,,,,,,,,
2024,12,4,6,30,0,0,103.99000000000001,1,-5.8,77.51,202,6.7,,,,,,,,,,,,,,,,,,,,,,,,,,,,,,,,,
2024,12,4,7,30,0,0,93.74,1,-5.8,77.51,200,6.9,,,,,,,,,,,,,,,,,,,,,,,,,,,,,,,,,
2024,12,4,8,30,31,210,84.22,1.1,-5.5,76.13,198,7,,,,,,,,,,,,,,,,,,,,,,,,,,,,,,,,,
2024,12,4,9,30,84,89,76.19,1.1,-4.6,72.79,199,7.300000000000001,,,,,,,,,,,,,,,,,,,,,,,,,,,,,,,,,
2024,12,4,10,30,100,219,69.88,1.1,-2.9,66.83,203,7.7,,,,,,,,,,,,,,,,,,,,,,,,,,,,,,,,,
2024,12,4,11,30,79,404,65.88,1,-1,62.89,211,7.9,,,,,,,,,,,,,,,,,,,,,,,,,,,,,,,,,
2024,12,4,12,30,80,205,64.64,1,0.2,64.79,219,7.800000000000001,,,,,,,,,,,,,,,,,,,,,,,,,,,,,,,,,
2024,12,4,13,30,86,8,66.33,1.1,1.1,67.11,228,7.7,,,,,,,,,,,,,,,,,,,,,,,,,,,,,,,,,
2024,12,4,14,30,39,27,70.74,1.1,1.7000000000000002,70.22,237,7.4,,,,,,,,,,,,,,,,,,,,,,,,,,,,,,,,,
2024,12,4,15,30,15,0,77.36,1,1.7000000000000002,75.04,245,6.9,,,,,,,,,,,,,,,,,,,,,,,,,,,,,,,,,
2024,12,4,16,30,16,37,85.59,1,1.4000000000000001,81.14,249,6.5,,,,,,,,,,,,,,,,,,,,,,,,,,,,,,,,,
2024,12,4,17,30,0,0,95.31,1,1.1,86.8,248,6.2,,,,,,,,,,,,,,,,,,,,,,,,,,,,,,,,,
2024,12,4,18,30,0,0,105.66,0.9,0.7000000000000001,91.88,243,5.7,,,,,,,,,,,,,,,,,,,,,,,,,,,,,,,,,
2024,12,4,19,30,0,0,116.51,0.8,0.4,94.87,234,5.2,,,,,,,,,,,,,,,,,,,,,,,,,,,,,,,,,
2024,12,4,20,30,0,0,127.59,0.8,0.30000000000000004,95.56,240,5.2,,,,,,,,,,,,,,,,,,,,,,,,,,,,,,,,,
2024,12,4,21,30,0,0,138.54,0.7000000000000001,-0.4,98.48,269,6.7,,,,,,,,,,,,,,,,,,,,,,,,,,,,,,,,,
2024,12,4,22,30,0,0,148.79,0.5,-2.1,90.02,287,8,,,,,,,,,,,,,,,,,,,,,,,,,,,,,,,,,
2024,12,4,23,30,0,0,156.99,0.5,-3.5,73.42,286,8.200000000000001,,,,,,,,,,,,,,,,,,,,,,,,,,,,,,,,,
2024,12,5,0,30,0,0,160.11,0.4,-4.2,73.47,288,8.5,,,,,,,,,,,,,,,,,,,,,,,,,,,,,,,,,
2024,12,5,1,30,0,0,156.02,0.4,-4.7,76.93,295,8.9,,,,,,,,,,,,,,,,,,,,,,,,,,,,,,,,,
2024,12,5,2,30,0,0,147.39000000000001,0.4,-5.4,77.83,299,9.1,,,,,,,,,,,,,,,,,,,,,,,,,,,,,,,,,
2024,12,5,3,30,0,0,136.98,0.30000000000000004,-6.2,75.65,299,9.1,,,,,,,,,,,,,,,,,,,,,,,,,,,,,,,,,
2024,12,5,4,30,0,0,125.99000000000001,0.30000000000000004,-7.1,73.4,296,8.8,,,,,,,,,,,,,,,,,,,,,,,,,,,,,,,,,
2024,12,5,5,30,0,0,114.93,0.30000000000000004,-7.7,72.17,292,8.3,,,,,,,,,,,,,,,,,,,,,,,,,,,,,,,,,
2024,12,5,6,30,0,0,104.14,0.30000000000000004,-8.1,72.08,287,7.7,,,,,,,,,,,,,,,,,,,,,,,,,,,,,,,,,
2024,12,5,7,30,0,0,93.9,0.30000000000000004,-8.1,72.11,280,7.2,,,,,,,,,,,,,,,,,,,,,,,,,,,,,,,,,
2024,12,5,8,30,37,394,84.37,0.4,-7.3,71.03,277,7,,,,,,,,,,,,,,,,,,,,,,,,,,,,,,,,,
2024,12,5,9,30,94,355,76.35000000000001,0.5,-5.4,69.24,283,7.1000000000000005,,,,,,,,,,,,,,,,,,,,,,,,,,,,,,,,,
2024,12,5,10,30,179,91,70.03,0.5,-3.2,69.29,300,7.5,,,,,,,,,,,,,,,,,,,,,,,,,,,,,,,,,
2024,12,5,11,30,226,237,66.02,0.5,-1.8,67.18,315,7.9,,,,,,,,,,,,,,,,,,,,,,,,,,,,,,,,,
2024,12,5,12,30,137,0,64.76,0.5,-1.3,61.63,320,7.9,,,,,,,,,,,,,,,,,,,,,,,,,,,,,,,,,
2024,12,5,13,30,140,0,66.43,0.5,-1.1,58.370000000000005,321,7.6000000000000005,,,,,,,,,,,,,,,,,,,,,,,,,,,,,,,,,
2024,12,5,14,30,103,0,70.81,0.5,-1.3,58.29,321,7.2,,,,,,,,,,,,,,,,,,,,,,,,,,,,,,,,,
2024,12,5,15,30,78,0,77.41,0.4,-1.8,59.18,322,6.7,,,,,,,,,,,,,,,,,,,,,,,,,,,,,,,,,
2024,12,5,16,30,34,129,85.61,0.4,-2.5,60.550000000000004,322,6.1000000000000005,,,,,,,,,,,,,,,,,,,,,,,,,,,,,,,,,
2024,12,5,17,30,0,0,95.32000000000001,0.4,-3.1,62.52,323,5.6000000000000005,,,,,,,,,,,,,,,,,,,,,,,,,,,,,,,,,
2024,12,5,18,30,0,0,105.66,0.30000000000000004,-3.8,66.07000000000001,323,4.9,,,,,,,,,,,,,,,,,,,,,,,,,,,,,,,,,
2024,12,5,19,30,0,0,116.51,0.30000000000000004,-4.7,70.8,323,4.1000000000000005,,,,,,,,,,,,,,,,,,,,,,,,,,,,,,,,,
2024,12,5,20,30,0,0,127.58,0.4,-5.4,76.03,321,3.5,,,,,,,,,,,,,,,,,,,,,,,,,,,,,,,,,
2024,12,5,21,30,0,0,138.54,0.4,-6,81.43,322,3.1,,,,,,,,,,,,,,,,,,,,,,,,,,,,,,,,,
2024,12,5,22,30,0,0,148.81,0.4,-6.5,86.19,324,2.7,,,,,,,,,,,,,,,,,,,,,,,,,,,,,,,,,
2024,12,5,23,30,0,0,157.05,0.4,-7.1,91.08,323,2.2,,,,,,,,,,,,,,,,,,,,,,,,,,,,,,,,,
2024,12,6,0,30,0,0,160.23,0.4,-7.5,94.56,320,1.9000000000000001,,,,,,,,,,,,,,,,,,,,,,,,,,,,,,,,,
2024,12,6,1,30,0,0,156.17000000000002,0.4,-7.8,97.3,314,1.7000000000000002,,,,,,,,,,,,,,,,,,,,,,,,,,,,,,,,,
2024,12,6,2,30,0,0,147.54,0.5,-7.8,97.73,307,1.6,,,,,,,,,,,,,,,,,,,,,,,,,,,,,,,,,
2024,12,6,3,30,0,0,137.13,0.5,-7.5,96.12,300,1.7000000000000002,,,,,,,,,,,,,,,,,,,,,,,,,,,,,,,,,
2024,12,6,4,30,0,0,126.13000000000001,0.5,-7.2,94.95,289,1.9000000000000001,,,,,,,,,,,,,,,,,,,,,,,,,,,,,,,,,
2024,12,6,5,30,0,0,115.08,0.5,-7,94.89,275,2,,,,,,,,,,,,,,,,,,,,,,,,,,,,,,,,,
2024,12,6,6,30,0,0,104.29,0.5,-7,96.25,262,2.2,,,,,,,,,,,,,,,,,,,,,,,,,,,,,,,,,
2024,12,6,7,30,0,0,94.05,0.5,-6.7,95.08,253,2.8000000000000003,,,,,,,,,,,,,,,,,,,,,,,,,,,,,,,,,
2024,12,6,8,30,45,2,84.52,0.5,-5.5,87.84,248,3.7,,,,,,,,,,,,,,,,,,,,,,,,,,,,,,,,,
2024,12,6,9,30,102,282,76.5,0.5,-3.6,78.36,248,4.6000000000000005,,,,,,,,,,,,,,,,,,,,,,,,,,,,,,,,,
2024,12,6,10,30,151,380,70.18,0.6000000000000001,-1.8,66.55,252,5.6000000000000005,,,,,,,,,,,,,,,,,,,,,,,,,,,,,,,,,
2024,12,6,11,30,194,372,66.15,0.6000000000000001,-0.7,53.74,256,6.300000000000001,,,,,,,,,,,,,,,,,,,,,,,,,,,,,,,,,
2024,12,6,12,30,86,852,64.88,0.6000000000000001,-0.3,47.04,256,6.5,,,,,,,,,,,,,,,,,,,,,,,,,,,,,,,,,
2024,12,6,13,30,250,226,66.52,0.6000000000000001,-0.1,43.67,256,6.5,,,,,,,,,,,,,,,,,,,,,,,,,,,,,,,,,
2024,12,6,14,30,208,19,70.87,0.6000000000000001,-0.3,42.96,257,6.4,,,,,,,,,,,,,,,,,,,,,,,,,,,,,,,,,
2024,12,6,15,30,72,0,77.45,0.6000000000000001,-0.8,44.300000000000004,257,5.800000000000001,,,,,,,,,,,,,,,,,,,,,,,,,,,,,,,,,
2024,12,6,16,30,37,1,85.63,0.7000000000000001,-1.5,47.43,255,5.1000000000000005,,,,,,,,,,,,,,,,,,,,,,,,,,,,,,,,,
2024,12,6,17,30,0,0,95.33,0.7000000000000001,-2,51.35,254,4.800000000000001,,,,,,,,,,,,,,,,,,,,,,,,,,,,,,,,,
2024,12,6,18,30,0,0,105.66,0.7000000000000001,-2.2,53.97,255,4.7,,,,,,,,,,,,,,,,,,,,,,,,,,,,,,,,,
2024,12,6,19,30,0,0,116.5,0.7000000000000001,-2.4,56.67,256,4.7,,,,,,,,,,,,,,,,,,,,,,,,,,,,,,,,,
2024,12,6,20,30,0,0,127.57000000000001,0.7000000000000001,-2.7,59.92,257,4.6000000000000005,,,,,,,,,,,,,,,,,,,,,,,,,,,,,,,,,
2024,12,6,21,30,0,0,138.53,0.7000000000000001,-3,62.940000000000005,261,4.4,,,,,,,,,,,,,,,,,,,,,,,,,,,,,,,,,
2024,12,6,22,30,0,0,148.83,0.7000000000000001,-3.3,66.69,264,4.2,,,,,,,,,,,,,,,,,,,,,,,,,,,,,,,,,
2024,12,6,23,30,0,0,157.1,0.7000000000000001,-3.7,71.45,265,3.8000000000000003,,,,,,,,,,,,,,,,,,,,,,,,,,,,,,,,,
2024,12,7,0,30,0,0,160.35,0.7000000000000001,-4.2,76.28,262,3.4000000000000004,,,,,,,,,,,,,,,,,,,,,,,,,,,,,,,,,
2024,12,7,1,30,0,0,156.32,0.7000000000000001,-4.5,78.85000000000001,260,3.3000000000000003,,,,,,,,,,,,,,,,,,,,,,,,,,,,,,,,,
2024,12,7,2,30,0,0,147.69,0.7000000000000001,-4.7,80.60000000000001,260,3.2,,,,,,,,,,,,,,,,,,,,,,,,,,,,,,,,,
2024,12,7,3,30,0,0,137.28,0.8,-4.9,82.3,257,3,,,,,,,,,,,,,,,,,,,,,,,,,,,,,,,,,
2024,12,7,4,30,0,0,126.28,0.9,-5.1,83.4,250,2.7,,,,,,,,,,,,,,,,,,,,,,,,,,,,,,,,,
2024,12,7,5,30,0,0,115.23,1,-5.3,83.96000000000001,239,2.8000000000000003,,,,,,,,,,,,,,,,,,,,,,,,,,,,,,,,,
2024,12,7,6,30,0,0,104.44,1.1,-5.2,82.31,228,3.1,,,,,,,,,,,,,,,,,,,,,,,,,,,,,,,,,
2024,12,7,7,30,0,0,94.2,1.2000000000000002,-5.1,80.63,220,3.5,,,,,,,,,,,,,,,,,,,,,,,,,,,,,,,,,
2024,12,7,8,30,30,419,84.66,1.2000000000000002,-4.4,75.76,219,3.9000000000000004,,,,,,,,,,,,,,,,,,,,,,,,,,,,,,,,,
2024,12,7,9,30,83,7,76.65,1.2000000000000002,-3.1,68.95,220,4.6000000000000005,,,,,,,,,,,,,,,,,,,,,,,,,,,,,,,,,
2024,12,7,10,30,192,70,70.32000000000001,1.2000000000000002,-1.6,62.14,218,5.2,,,,,,,,,,,,,,,,,,,,,,,,,,,,,,,,,
2024,12,7,11,30,227,58,66.28,1.3,-0.5,57.89,217,5.6000000000000005,,,,,,,,,,,,,,,,,,,,,,,,,,,,,,,,,
2024,12,7,12,30,227,14,64.98,1.3,0.6000000000000001,54.300000000000004,221,6.1000000000000005,,,,,,,,,,,,,,,,,,,,,,,,,,,,,,,,,
2024,12,7,13,30,211,65,66.61,1.3,1.8,52.910000000000004,225,6.6000000000000005,,,,,,,,,,,,,,,,,,,,,,,,,,,,,,,,,
2024,12,7,14,30,187,78,70.93,1.3,2.5,54.61,227,6.4,,,,,,,,,,,,,,,,,,,,,,,,,,,,,,,,,
2024,12,7,15,30,77,4,77.49,1.3,2.5,58.81,223,6,,,,,,,,,,,,,,,,,,,,,,,,,,,,,,,,,
2024,12,7,16,30,25,421,85.66,1.3,2.2,62.17,220,6.2,,,,,,,,,,,,,,,,,,,,,,,,,,,,,,,,,
2024,12,7,17,30,0,0,95.33,1.3,2,63.480000000000004,219,6.6000000000000005,,,,,,,,,,,,,,,,,,,,,,,,,,,,,,,,,
2024,12,7,18,30,0,0,105.65,1.3,1.9000000000000001,64.16,219,7,,,,,,,,,,,,,,,,,,,,,,,,,,,,,,,,,
2024,12,7,19,30,0,0,116.48,1.3,1.8,65.29,221,7.4,,,,,,,,,,,,,,,,,,,,,,,,,,,,,,,,,
2024,12,7,20,30,0,0,127.55,1.4000000000000001,1.9000000000000001,66.83,226,7.7,,,,,,,,,,,,,,,,,,,,,,,,,,,,,,,,,
2024,12,7,21,30,0,0,138.52,1.4000000000000001,2.1,69.27,232,7.800000000000001,,,,,,,,,,,,,,,,,,,,,,,,,,,,,,,,,
2024,12,7,22,30,0,0,148.83,1.5,2.2,73.52,238,7.7,,,,,,,,,,,,,,,,,,,,,,,,,,,,,,,,,
2024,12,7,23,30,0,0,157.15,1.6,2.3000000000000003,78.69,244,7.4,,,,,,,,,,,,,,,,,,,,,,,,,,,,,,,,,
2024,12,8,0,30,0,0,160.46,1.6,2.3000000000000003,84.10000000000001,250,7,,,,,,,,,,,,,,,,,,,,,,,,,,,,,,,,,
2024,12,8,1,30,0,0,156.46,1.7000000000000002,2.3000000000000003,88.61,253,6.5,,,,,,,,,,,,,,,,,,,,,,,,,,,,,,,,,
2024,12,8,2,30,0,0,147.83,1.7000000000000002,2.1,93.51,253,5.800000000000001,,,,,,,,,,,,,,,,,,,,,,,,,,,,,,,,,
2024,12,8,3,30,0,0,137.42000000000002,1.6,1.8,97.48,252,5.300000000000001,,,,,,,,,,,,,,,,,,,,,,,,,,,,,,,,,
2024,12,8,4,30,0,0,126.42,1.6,1.7000000000000002,99.06,253,5,,,,,,,,,,,,,,,,,,,,,,,,,,,,,,,,,
2024,12,8,5,30,0,0,115.37,1.6,1.6,100,256,4.5,,,,,,,,,,,,,,,,,,,,,,,,,,,,,,,,,
2024,12,8,6,30,0,0,104.59,1.7000000000000002,1.4000000000000001,100,260,4,,,,,,,,,,,,,,,,,,,,,,,,,,,,,,,,,
2024,12,8,7,30,0,0,94.35000000000001,1.7000000000000002,1.4000000000000001,100,264,3.6,,,,,,,,,,,,,,,,,,,,,,,,,,,,,,,,,
2024,12,8,8,30,31,366,84.81,1.7000000000000002,1.7000000000000002,98.29,265,3.4000000000000004,,,,,,,,,,,,,,,,,,,,,,,,,,,,,,,,,
2024,12,8,9,30,90,327,76.79,1.7000000000000002,2.5,94.12,266,3.1,,,,,,,,,,,,,,,,,,,,,,,,,,,,,,,,,
2024,12,8,10,30,157,171,70.45,1.7000000000000002,3.7,91.05,263,2.6,,,,,,,,,,,,,,,,,,,,,,,,,,,,,,,,,
2024,12,8,11,30,109,609,66.4,1.7000000000000002,5.300000000000001,86.06,254,2.3000000000000003,,,,,,,,,,,,,,,,,,,,,,,,,,,,,,,,,
2024,12,8,12,30,217,154,65.09,1.8,6.800000000000001,80.69,242,2.2,,,,,,,,,,,,,,,,,,,,,,,,,,,,,,,,,
2024,12,8,13,30,218,111,66.68,1.8,7.7,77.32000000000001,230,2,,,,,,,,,,,,,,,,,,,,,,,,,,,,,,,,,
2024,12,8,14,30,159,24,70.99,1.8,7.4,80.05,217,1.4000000000000001,,,,,,,,,,,,,,,,,,,,,,,,,,,,,,,,,
2024,12,8,15,30,90,76,77.52,1.8,6.2,89.66,197,1,,,,,,,,,,,,,,,,,,,,,,,,,,,,,,,,,
2024,12,8,16,30,26,302,85.67,1.8,4.7,92.18,164,1.1,,,,,,,,,,,,,,,,,,,,,,,,,,,,,,,,,
2024,12,8,17,30,0,0,95.33,1.7000000000000002,3.2,100,142,1.3,,,,,,,,,,,,,,,,,,,,,,,,,,,,,,,,,
2024,12,8,18,30,0,0,105.64,1.7000000000000002,1.9000000000000001,100,142,1.5,,,,,,,,,,,,,,,,,,,,,,,,,,,,,,,,,
2024,12,8,19,30,0,0,116.46000000000001,1.6,1.3,100,149,1.6,,,,,,,,,,,,,,,,,,,,,,,,,,,,,,,,,
2024,12,8,20,30,0,0,127.53,1.6,1.2000000000000002,100,156,1.7000000000000002,,,,,,,,,,,,,,,,,,,,,,,,,,,,,,,,,
2024,12,8,21,30,0,0,138.5,1.6,1.4000000000000001,100,162,1.8,,,,,,,,,,,,,,,,,,,,,,,,,,,,,,,,,
2024,12,8,22,30,0,0,148.83,1.5,2.1,100,172,2.1,,,,,,,,,,,,,,,,,,,,,,,,,,,,,,,,,
2024,12,8,23,30,0,0,157.19,1.5,2.6,100,180,2.4000000000000004,,,,,,,,,,,,,,,,,,,,,,,,,,,,,,,,,
2024,12,9,0,30,0,0,160.56,1.7000000000000002,2.5,100,184,2.5,,,,,,,,,,,,,,,,,,,,,,,,,,,,,,,,,
2024,12,9,1,30,0,0,156.6,2.1,2.4000000000000004,100,185,2.6,,,,,,,,,,,,,,,,,,,,,,,,,,,,,,,,,
2024,12,9,2,30,0,0,147.98,2.4000000000000004,2.4000000000000004,100,188,2.7,,,,,,,,,,,,,,,,,,,,,,,,,,,,,,,,,
2024,12,9,3,30,0,0,137.56,2.5,2.5,100,190,2.3000000000000003,,,,,,,,,,,,,,,,,,,,,,,,,,,,,,,,,
2024,12,9,4,30,0,0,126.56,2.6,2.4000000000000004,100,181,1.9000000000000001,,,,,,,,,,,,,,,,,,,,,,,,,,,,,,,,,
2024,12,9,5,30,0,0,115.51,2.6,2.5,100,171,2,,,,,,,,,,,,,,,,,,,,,,,,,,,,,,,,,
2024,12,9,6,30,0,0,104.73,2.5,2.8000000000000003,100,175,2.3000000000000003,,,,,,,,,,,,,,,,,,,,,,,,,,,,,,,,,
2024,12,9,7,30,0,0,94.49,2.4000000000000004,2.9000000000000004,100,190,2.1,,,,,,,,,,,,,,,,,,,,,,,,,,,,,,,,,
2024,12,9,8,30,9,0,84.95,2.3000000000000003,3.3000000000000003,100,209,2.2,,,,,,,,,,,,,,,,,,,,,,,,,,,,,,,,,
2024,12,9,9,30,46,1,76.92,2,4.4,98.58,226,2.9000000000000004,,,,,,,,,,,,,,,,,,,,,,,,,,,,,,,,,
2024,12,9,10,30,56,23,70.58,1.8,5.7,94.23,232,3.6,,,,,,,,,,,,,,,,,,,,,,,,,,,,,,,,,
2024,12,9,11,30,77,0,66.51,1.5,7,91.08,236,4.2,,,,,,,,,,,,,,,,,,,,,,,,,,,,,,,,,
2024,12,9,12,30,69,0,65.18,1.2000000000000002,7.800000000000001,90.81,244,4.800000000000001,,,,,,,,,,,,,,,,,,,,,,,,,,,,,,,,,
2024,12,9,13,30,46,0,66.75,0.9,7.6000000000000005,90.54,254,5,,,,,,,,,,,,,,,,,,,,,,,,,,,,,,,,,
2024,12,9,14,30,49,167,71.03,0.8,7.1000000000000005,89.79,263,4.6000000000000005,,,,,,,,,,,,,,,,,,,,,,,,,,,,,,,,,
2024,12,9,15,30,68,494,77.54,0.8,5.9,93.34,271,3.8000000000000003,,,,,,,,,,,,,,,,,,,,,,,,,,,,,,,,,
2024,12,9,16,30,20,1,85.67,0.8,3.7,100,273,2.8000000000000003,,,,,,,,,,,,,,,,,,,,,,,,,,,,,,,,,
2024,12,9,17,30,0,0,95.32000000000001,0.9,2.2,100,265,2.1,,,,,,,,,,,,,,,,,,,,,,,,,,,,,,,,,
2024,12,9,18,30,0,0,105.62,1,2.3000000000000003,100,254,2.2,,,,,,,,,,,,,,,,,,,,,,,,,,,,,,,,,
2024,12,9,19,30,0,0,116.44,1.1,2.5,100,246,2.4000000000000004,,,,,,,,,,,,,,,,,,,,,,,,,,,,,,,,,
2024,12,9,20,30,0,0,127.5,1.1,2.5,100,244,2.4000000000000004,,,,,,,,,,,,,,,,,,,,,,,,,,,,,,,,,
2024,12,9,21,30,0,0,138.48,1.2000000000000002,2.4000000000000004,100,243,2.4000000000000004,,,,,,,,,,,,,,,,,,,,,,,,,,,,,,,,,
2024,12,9,22,30,0,0,148.82,1.2000000000000002,2.5,100,243,2.6,,,,,,,,,,,,,,,,,,,,,,,,,,,,,,,,,
2024,12,9,23,30,0,0,157.22,1.2000000000000002,2.5,100,244,2.7,,,,,,,,,,,,,,,,,,,,,,,,,,,,,,,,,
2024,12,10,0,30,0,0,160.65,1.2000000000000002,2,100,247,2.6,,,,,,,,,,,,,,,,,,,,,,,,,,,,,,,,,
2024,12,10,1,30,0,0,156.73,1.2000000000000002,1.6,99.57000000000001,250,2.4000000000000004,,,,,,,,,,,,,,,,,,,,,,,,,,,,,,,,,
2024,12,10,2,30,0,0,148.11,1.2000000000000002,1.3,99.21000000000001,252,2.3000000000000003,,,,,,,,,,,,,,,,,,,,,,,,,,,,,,,,,
2024,12,10,3,30,0,0,137.70000000000002,1.1,1.1,99.7,256,2,,,,,,,,,,,,,,,,,,,,,,,,,,,,,,,,,
2024,12,10,4,30,0,0,126.7,1.1,0.7000000000000001,100,263,1.7000000000000002,,,,,,,,,,,,,,,,,,,,,,,,,,,,,,,,,
2024,12,10,5,30,0,0,115.65,1,0.4,100,273,1.4000000000000001,,,,,,,,,,,,,,,,,,,,,,,,,,,,,,,,,
2024,12,10,6,30,0,0,104.86,1,0.5,100,287,1.1,,,,,,,,,,,,,,,,,,,,,,,,,,,,,,,,,
2024,12,10,7,30,0,0,94.62,1,0.8,100,305,1,,,,,,,,,,,,,,,,,,,,,,,,,,,,,,,,,
2024,12,10,8,30,30,344,85.08,1,1.9000000000000001,93.61,324,0.8,,,,,,,,,,,,,,,,,,,,,,,,,,,,,,,,,
2024,12,10,9,30,76,241,77.05,1.1,3.4000000000000004,89.04,340,1,,,,,,,,,,,,,,,,,,,,,,,,,,,,,,,,,
2024,12,10,10,30,130,317,70.7,1.1,4.7,82.11,176,1.2000000000000002,,,,,,,,,,,,,,,,,,,,,,,,,,,,,,,,,
2024,12,10,11,30,146,358,66.62,1.1,6.1000000000000005,74.63,3,1,,,,,,,,,,,,,,,,,,,,,,,,,,,,,,,,,
2024,12,10,12,30,156,15,65.26,1.1,7.2,67.6,170,1,,,,,,,,,,,,,,,,,,,,,,,,,,,,,,,,,
2024,12,10,13,30,203,55,66.81,1.2000000000000002,7.7,64.68,330,1.3,,,,,,,,,,,,,,,,,,,,,,,,,,,,,,,,,
2024,12,10,14,30,116,6,71.07000000000001,1.2000000000000002,7.5,65.39,322,1.6,,,,,,,,,,,,,,,,,,,,,,,,,,,,,,,,,
2024,12,10,15,30,34,0,77.55,1.1,5.800000000000001,75.60000000000001,326,1.5,,,,,,,,,,,,,,,,,,,,,,,,,,,,,,,,,
2024,12,10,16,30,28,265,85.67,1.1,3.1,90.39,332,1.5,,,,,,,,,,,,,,,,,,,,,,,,,,,,,,,,,
2024,12,10,17,30,0,0,95.3,1.1,1.4000000000000001,91.34,333,1.7000000000000002,,,,,,,,,,,,,,,,,,,,,,,,,,,,,,,,,
2024,12,10,18,30,0,0,105.59,1.1,0.7000000000000001,92.38,330,1.6,,,,,,,,,,,,,,,,,,,,,,,,,,,,,,,,,
2024,12,10,19,30,0,0,116.4,1.1,0,94.79,322,1.6,,,,,,,,,,,,,,,,,,,,,,,,,,,,,,,,,
2024,12,10,20,30,0,0,127.47,1.1,-0.5,96.79,309,1.7000000000000002,,,,,,,,,,,,,,,,,,,,,,,,,,,,,,,,,
2024,12,10,21,30,0,0,138.45000000000002,1,-0.6,97.77,295,2,,,,,,,,,,,,,,,,,,,,,,,,,,,,,,,,,
2024,12,10,22,30,0,0,148.81,1,-0.6,98.35000000000001,284,2.5,,,,,,,,,,,,,,,,,,,,,,,,,,,,,,,,,
2024,12,10,23,30,0,0,157.24,1,-0.5,97.57000000000001,278,3,,,,,,,,,,,,,,,,,,,,,,,,,,,,,,,,,
2024,12,11,0,30,0,0,160.73,1,-0.6,97.3,276,3.1,,,,,,,,,,,,,,,,,,,,,,,,,,,,,,,,,
2024,12,11,1,30,0,0,156.85,0.9,-0.8,96.86,275,3,,,,,,,,,,,,,,,,,,,,,,,,,,,,,,,,,
2024,12,11,2,30,0,0,148.25,0.9,-0.9,95.79,273,3.1,,,,,,,,,,,,,,,,,,,,,,,,,,,,,,,,,
2024,12,11,3,30,0,0,137.83,0.9,-1,95.36,272,3.1,,,,,,,,,,,,,,,,,,,,,,,,,,,,,,,,,
2024,12,11,4,30,0,0,126.83,0.8,-1.1,95.18,272,3.1,,,,,,,,,,,,,,,,,,,,,,,,,,,,,,,,,
2024,12,11,5,30,0,0,115.78,0.8,-1.1,94.26,273,3.1,,,,,,,,,,,,,,,,,,,,,,,,,,,,,,,,,
2024,12,11,6,30,0,0,105,0.7000000000000001,-1.2,93.99,274,3.2,,,,,,,,,,,,,,,,,,,,,,,,,,,,,,,,,
2024,12,11,7,30,0,0,94.75,0.7000000000000001,-1.2,92.35000000000001,274,3.6,,,,,,,,,,,,,,,,,,,,,,,,,,,,,,,,,
2024,12,11,8,30,31,352,85.2,0.6000000000000001,-0.9,88.35000000000001,274,4.3,,,,,,,,,,,,,,,,,,,,,,,,,,,,,,,,,
2024,12,11,9,30,40,0,77.17,0.6000000000000001,-0.1,81.10000000000001,277,5.300000000000001,,,,,,,,,,,,,,,,,,,,,,,,,,,,,,,,,
2024,12,11,10,30,163,18,70.81,0.5,0.7000000000000001,68.95,274,5.800000000000001,,,,,,,,,,,,,,,,,,,,,,,,,,,,,,,,,
2024,12,11,11,30,102,0,66.72,0.5,1.1,59.82,268,5.800000000000001,,,,,,,,,,,,,,,,,,,,,,,,,,,,,,,,,
2024,12,11,12,30,52,0,65.34,0.5,1.1,56.34,265,5.9,,,,,,,,,,,,,,,,,,,,,,,,,,,,,,,,,
2024,12,11,13,30,45,0,66.87,0.5,0.9,56.050000000000004,264,6,,,,,,,,,,,,,,,,,,,,,,,,,,,,,,,,,
2024,12,11,14,30,53,0,71.10000000000001,0.5,0.5,57.86,264,6,,,,,,,,,,,,,,,,,,,,,,,,,,,,,,,,,
2024,12,11,15,30,34,0,77.56,0.6000000000000001,-0.1,61.15,262,5.5,,,,,,,,,,,,,,,,,,,,,,,,,,,,,,,,,
2024,12,11,16,30,30,319,85.66,0.6000000000000001,-0.9,66.45,259,4.800000000000001,,,,,,,,,,,,,,,,,,,,,,,,,,,,,,,,,
2024,12,11,17,30,0,0,95.28,0.6000000000000001,-1.6,72.06,254,4.4,,,,,,,,,,,,,,,,,,,,,,,,,,,,,,,,,
2024,12,11,18,30,0,0,105.56,0.6000000000000001,-1.9,75.93,248,4.4,,,,,,,,,,,,,,,,,,,,,,,,,,,,,,,,,
2024,12,11,19,30,0,0,116.37,0.5,-2.1,80.31,246,5,,,,,,,,,,,,,,,,,,,,,,,,,,,,,,,,,
2024,12,11,20,30,0,0,127.43,0.5,-2.4,83.95,255,6.4,,,,,,,,,,,,,,,,,,,,,,,,,,,,,,,,,
2024,12,11,21,30,0,0,138.41,0.4,-3.2,81.12,266,7.5,,,,,,,,,,,,,,,,,,,,,,,,,,,,,,,,,
2024,12,11,22,30,0,0,148.79,0.30000000000000004,-4.5,70.7,271,7.7,,,,,,,,,,,,,,,,,,,,,,,,,,,,,,,,,
2024,12,11,23,30,0,0,157.26,0.30000000000000004,-5.4,61.14,272,7.7,,,,,,,,,,,,,,,,,,,,,,,,,,,,,,,,,
2024,12,12,0,30,0,0,160.81,0.30000000000000004,-6,58.800000000000004,273,8,,,,,,,,,,,,,,,,,,,,,,,,,,,,,,,,,
2024,12,12,1,30,0,0,156.97,0.30000000000000004,-6.6,58.59,275,8.3,,,,,,,,,,,,,,,,,,,,,,,,,,,,,,,,,
2024,12,12,2,30,0,0,148.37,0.2,-7.2,56.72,277,8.4,,,,,,,,,,,,,,,,,,,,,,,,,,,,,,,,,
2024,12,12,3,30,0,0,137.96,0.2,-7.8,54.34,278,8.4,,,,,,,,,,,,,,,,,,,,,,,,,,,,,,,,,
2024,12,12,4,30,0,0,126.96000000000001,0.2,-8.4,53.59,279,8.4,,,,,,,,,,,,,,,,,,,,,,,,,,,,,,,,,
2024,12,12,5,30,0,0,115.91,0.2,-8.9,52.120000000000005,280,8.3,,,,,,,,,,,,,,,,,,,,,,,,,,,,,,,,,
2024,12,12,6,30,0,0,105.12,0.2,-9.2,50.7,280,8,,,,,,,,,,,,,,,,,,,,,,,,,,,,,,,,,
2024,12,12,7,30,0,0,94.88,0.2,-9.2,49.21,280,7.7,,,,,,,,,,,,,,,,,,,,,,,,,,,,,,,,,
2024,12,12,8,30,43,117,85.31,0.2,-8.9,47.82,279,7.4,,,,,,,,,,,,,,,,,,,,,,,,,,,,,,,,,
2024,12,12,9,30,53,752,77.29,0.2,-8.3,46.2,278,7.1000000000000005,,,,,,,,,,,,,,,,,,,,,,,,,,,,,,,,,
2024,12,12,10,30,144,439,70.92,0.2,-7.6,44.71,276,6.800000000000001,,,,,,,,,,,,,,,,,,,,,,,,,,,,,,,,,
2024,12,12,11,30,264,88,66.8,0.2,-7.1,44.11,273,6.5,,,,,,,,,,,,,,,,,,,,,,,,,,,,,,,,,
2024,12,12,12,30,243,6,65.41,0.30000000000000004,-6.7,43.67,270,6.1000000000000005,,,,,,,,,,,,,,,,,,,,,,,,,,,,,,,,,
2024,12,12,13,30,238,12,66.91,0.30000000000000004,-6.5,43.83,269,5.9,,,,,,,,,,,,,,,,,,,,,,,,,,,,,,,,,
2024,12,12,14,30,100,1,71.12,0.30000000000000004,-6.5,44.800000000000004,269,5.7,,,,,,,,,,,,,,,,,,,,,,,,,,,,,,,,,
2024,12,12,15,30,47,0,77.56,0.4,-6.7,46.660000000000004,269,5.5,,,,,,,,,,,,,,,,,,,,,,,,,,,,,,,,,
2024,12,12,16,30,43,29,85.63,0.4,-6.9,48.74,271,5.4,,,,,,,,,,,,,,,,,,,,,,,,,,,,,,,,,
2024,12,12,17,30,0,0,95.25,0.4,-7,50.25,274,5.2,,,,,,,,,,,,,,,,,,,,,,,,,,,,,,,,,
2024,12,12,18,30,0,0,105.52,0.4,-7.2,51.44,277,5.1000000000000005,,,,,,,,,,,,,,,,,,,,,,,,,,,,,,,,,
2024,12,12,19,30,0,0,116.32000000000001,0.4,-7.4,52.28,279,4.9,,,,,,,,,,,,,,,,,,,,,,,,,,,,,,,,,
2024,12,12,20,30,0,0,127.38000000000001,0.30000000000000004,-7.7,53.52,281,4.7,,,,,,,,,,,,,,,,,,,,,,,,,,,,,,,,,
2024,12,12,21,30,0,0,138.37,0.30000000000000004,-7.9,54.61,283,4.4,,,,,,,,,,,,,,,,,,,,,,,,,,,,,,,,,
2024,12,12,22,30,0,0,148.76,0.30000000000000004,-8.1,55.7,283,4.1000000000000005,,,,,,,,,,,,,,,,,,,,,,,,,,,,,,,,,
2024,12,12,23,30,0,0,157.26,0.2,-8.3,57.39,280,3.5,,,,,,,,,,,,,,,,,,,,,,,,,,,,,,,,,
2024,12,13,0,30,0,0,160.88,0.2,-8.6,61.11,274,3,,,,,,,,,,,,,,,,,,,,,,,,,,,,,,,,,
2024,12,13,1,30,0,0,157.08,0.2,-8.8,64.61,272,2.8000000000000003,,,,,,,,,,,,,,,,,,,,,,,,,,,,,,,,,
2024,12,13,2,30,0,0,148.5,0.2,-9.4,70.01,274,2.2,,,,,,,,,,,,,,,,,,,,,,,,,,,,,,,,,
2024,12,13,3,30,0,0,138.09,0.2,-10.1,75.79,281,1.7000000000000002,,,,,,,,,,,,,,,,,,,,,,,,,,,,,,,,,
2024,12,13,4,30,0,0,127.09,0.2,-10.7,79.59,291,1.5,,,,,,,,,,,,,,,,,,,,,,,,,,,,,,,,,
2024,12,13,5,30,0,0,116.04,0.2,-11.1,82.7,303,1.3,,,,,,,,,,,,,,,,,,,,,,,,,,,,,,,,,
2024,12,13,6,30,0,0,105.25,0.2,-11.5,84.8,316,1.2000000000000002,,,,,,,,,,,,,,,,,,,,,,,,,,,,,,,,,
2024,12,13,7,30,0,0,95,0.2,-11.6,84.22,329,1.1,,,,,,,,,,,,,,,,,,,,,,,,,,,,,,,,,
2024,12,13,8,30,26,513,85.42,0.2,-10.6,76.7,340,1.4000000000000001,,,,,,,,,,,,,,,,,,,,,,,,,,,,,,,,,
2024,12,13,9,30,104,1,77.4,0.2,-9.1,63.22,343,1.6,,,,,,,,,,,,,,,,,,,,,,,,,,,,,,,,,
2024,12,13,10,30,173,35,71.02,0.2,-7.9,54.64,337,1.3,,,,,,,,,,,,,,,,,,,,,,,,,,,,,,,,,
2024,12,13,11,30,93,811,66.89,0.2,-6.9,50.53,335,1.2000000000000002,,,,,,,,,,,,,,,,,,,,,,,,,,,,,,,,,
2024,12,13,12,30,67,951,65.47,0.2,-6.1,48.120000000000005,343,1.2000000000000002,,,,,,,,,,,,,,,,,,,,,,,,,,,,,,,,,
2024,12,13,13,30,69,923,66.95,0.2,-5.6,46.68,177,1.3,,,,,,,,,,,,,,,,,,,,,,,,,,,,,,,,,
2024,12,13,14,30,60,865,71.13,0.30000000000000004,-5.5,46.4,13,1.3,,,,,,,,,,,,,,,,,,,,,,,,,,,,,,,,,
2024,12,13,15,30,48,753,77.55,0.30000000000000004,-5.9,47.86,30,1.2000000000000002,,,,,,,,,,,,,,,,,,,,,,,,,,,,,,,,,
2024,12,13,16,30,26,474,85.61,0.30000000000000004,-7.1,52.97,46,1,,,,,,,,,,,,,,,,,,,,,,,,,,,,,,,,,
2024,12,13,17,30,0,0,95.21000000000001,0.30000000000000004,-8.3,71.39,59,0.9,,,,,,,,,,,,,,,,,,,,,,,,,,,,,,,,,
2024,12,13,18,30,0,0,105.47,0.30000000000000004,-9.1,72.31,68,1.1,,,,,,,,,,,,,,,,,,,,,,,,,,,,,,,,,
2024,12,13,19,30,0,0,116.27,0.30000000000000004,-9.6,72.11,74,1.3,,,,,,,,,,,,,,,,,,,,,,,,,,,,,,,,,
2024,12,13,20,30,0,0,127.33,0.30000000000000004,-9.8,71.47,80,1.4000000000000001,,,,,,,,,,,,,,,,,,,,,,,,,,,,,,,,,
2024,12,13,21,30,0,0,138.32,0.4,-9.8,70.66,84,1.7000000000000002,,,,,,,,,,,,,,,,,,,,,,,,,,,,,,,,,
2024,12,13,22,30,0,0,148.72,0.4,-9.6,69.47,89,2,,,,,,,,,,,,,,,,,,,,,,,,,,,,,,,,,
2024,12,13,23,30,0,0,157.26,0.4,-9.4,69.57000000000001,94,2.1,,,,,,,,,,,,,,,,,,,,,,,,,,,,,,,,,
2024,12,14,0,30,0,0,160.94,0.4,-9.4,71.86,96,2,,,,,,,,,,,,,,,,,,,,,,,,,,,,,,,,,
2024,12,14,1,30,0,0,157.19,0.5,-9.5,74.64,95,2,,,,,,,,,,,,,,,,,,,,,,,,,,,,,,,,,
2024,12,14,2,30,0,0,148.62,0.5,-9.5,76.38,93,2.2,,,,,,,,,,,,,,,,,,,,,,,,,,,,,,,,,
2024,12,14,3,30,0,0,138.21,0.5,-9.3,77.84,92,2.5,,,,,,,,,,,,,,,,,,,,,,,,,,,,,,,,,
2024,12,14,4,30,0,0,127.21000000000001,0.5,-8.9,79.21000000000001,92,2.8000000000000003,,,,,,,,,,,,,,,,,,,,,,,,,,,,,,,,,
2024,12,14,5,30,0,0,116.16,0.6000000000000001,-8.6,82.36,91,3.1,,,,,,,,,,,,,,,,,,,,,,,,,,,,,,,,,
2024,12,14,6,30,0,0,105.37,0.6000000000000001,-8.3,86.4,92,3.4000000000000004,,,,,,,,,,,,,,,,,,,,,,,,,,,,,,,,,
2024,12,14,7,30,0,0,95.12,0.6000000000000001,-7.5,87.86,93,3.9000000000000004,,,,,,,,,,,,,,,,,,,,,,,,,,,,,,,,,
2024,12,14,8,30,28,406,85.54,0.6000000000000001,-5.9,84.14,97,4.6000000000000005,,,,,,,,,,,,,,,,,,,,,,,,,,,,,,,,,
2024,12,14,9,30,110,77,77.5,0.7000000000000001,-3.5,76.55,104,5.2,,,,,,,,,,,,,,,,,,,,,,,,,,,,,,,,,
2024,12,14,10,30,160,311,71.11,0.7000000000000001,-1.4,68.14,113,5.5,,,,,,,,,,,,,,,,,,,,,,,,,,,,,,,,,
2024,12,14,11,30,92,784,66.97,0.8,0.1,58.620000000000005,116,5.5,,,,,,,,,,,,,,,,,,,,,,,,,,,,,,,,,
2024,12,14,12,30,205,413,65.53,0.8,1,52.59,114,5.4,,,,,,,,,,,,,,,,,,,,,,,,,,,,,,,,,
2024,12,14,13,30,131,621,66.98,0.8,1.6,49.68,111,5.4,,,,,,,,,,,,,,,,,,,,,,,,,,,,,,,,,
2024,12,14,14,30,78,741,71.14,0.8,1.5,50.46,109,4.9,,,,,,,,,,,,,,,,,,,,,,,,,,,,,,,,,
2024,12,14,15,30,78,490,77.54,0.9,0.8,55.32,106,4.3,,,,,,,,,,,,,,,,,,,,,,,,,,,,,,,,,
2024,12,14,16,30,28,351,85.59,0.9,-0.2,63.1,101,4.3,,,,,,,,,,,,,,,,,,,,,,,,,,,,,,,,,
2024,12,14,17,30,0,0,95.17,1.1,-0.8,68.73,100,4.800000000000001,,,,,,,,,,,,,,,,,,,,,,,,,,,,,,,,,
2024,12,14,18,30,0,0,105.42,1.2000000000000002,-0.9,74.11,102,5.1000000000000005,,,,,,,,,,,,,,,,,,,,,,,,,,,,,,,,,
2024,12,14,19,30,0,0,116.22,1.3,-0.8,79.02,103,5.1000000000000005,,,,,,,,,,,,,,,,,,,,,,,,,,,,,,,,,
2024,12,14,20,30,0,0,127.27,1.3,-0.6,82.78,106,4.800000000000001,,,,,,,,,,,,,,,,,,,,,,,,,,,,,,,,,
2024,12,14,21,30,0,0,138.27,1.3,-0.3,85.02,107,4.6000000000000005,,,,,,,,,,,,,,,,,,,,,,,,,,,,,,,,,
2024,12,14,22,30,0,0,148.68,1.4000000000000001,-0.1,86.9,107,4.6000000000000005,,,,,,,,,,,,,,,,,,,,,,,,,,,,,,,,,
2024,12,14,23,30,0,0,157.25,1.5,0.1,87.75,110,4.6000000000000005,,,,,,,,,,,,,,,,,,,,,,,,,,,,,,,,,
2024,12,15,0,30,0,0,160.99,1.6,0.30000000000000004,88.02,115,4.6000000000000005,,,,,,,,,,,,,,,,,,,,,,,,,,,,,,,,,
2024,12,15,1,30,0,0,157.29,1.7000000000000002,0.4,88.42,119,4.6000000000000005,,,,,,,,,,,,,,,,,,,,,,,,,,,,,,,,,
2024,12,15,2,30,0,0,148.73,1.8,0.5,89.65,118,4.7,,,,,,,,,,,,,,,,,,,,,,,,,,,,,,,,,
2024,12,15,3,30,0,0,138.33,1.9000000000000001,0.6000000000000001,91.54,116,4.800000000000001,,,,,,,,,,,,,,,,,,,,,,,,,,,,,,,,,
2024,12,15,4,30,0,0,127.33,1.9000000000000001,0.6000000000000001,93.88,117,4.9,,,,,,,,,,,,,,,,,,,,,,,,,,,,,,,,,
2024,12,15,5,30,0,0,116.28,1.9000000000000001,0.6000000000000001,95.32000000000001,118,5,,,,,,,,,,,,,,,,,,,,,,,,,,,,,,,,,
2024,12,15,6,30,0,0,105.49000000000001,1.8,0.6000000000000001,95.85000000000001,123,5,,,,,,,,,,,,,,,,,,,,,,,,,,,,,,,,,
2024,12,15,7,30,0,0,95.24,1.8,0.7000000000000001,95.99000000000001,136,5.2,,,,,,,,,,,,,,,,,,,,,,,,,,,,,,,,,
2024,12,15,8,30,35,3,85.65,1.7000000000000002,0.9,96.18,149,5.4,,,,,,,,,,,,,,,,,,,,,,,,,,,,,,,,,
2024,12,15,9,30,19,16,77.61,1.7000000000000002,1,96.19,156,5.4,,,,,,,,,,,,,,,,,,,,,,,,,,,,,,,,,
2024,12,15,10,30,82,5,71.2,1.7000000000000002,1.3,95.07000000000001,160,5,,,,,,,,,,,,,,,,,,,,,,,,,,,,,,,,,
2024,12,15,11,30,98,1,67.04,1.6,1.7000000000000002,93.16,160,4.2,,,,,,,,,,,,,,,,,,,,,,,,,,,,,,,,,
2024,12,15,12,30,32,6,65.58,1.6,2.3000000000000003,90.8,162,3.6,,,,,,,,,,,,,,,,,,,,,,,,,,,,,,,,,
2024,12,15,13,30,52,1,67.01,1.6,2.8000000000000003,90.4,163,3.2,,,,,,,,,,,,,,,,,,,,,,,,,,,,,,,,,
2024,12,15,14,30,48,20,71.14,1.6,2.8000000000000003,93.10000000000001,163,2.5,,,,,,,,,,,,,,,,,,,,,,,,,,,,,,,,,
2024,12,15,15,30,71,405,77.52,1.5,2.2,98.35000000000001,160,1.9000000000000001,,,,,,,,,,,,,,,,,,,,,,,,,,,,,,,,,
2024,12,15,16,30,35,168,85.56,1.5,1.5,100,157,1.7000000000000002,,,,,,,,,,,,,,,,,,,,,,,,,,,,,,,,,
2024,12,15,17,30,0,0,95.13,1.4000000000000001,1.3,100,156,1.6,,,,,,,,,,,,,,,,,,,,,,,,,,,,,,,,,
2024,12,15,18,30,0,0,105.37,1.4000000000000001,1.4000000000000001,100,156,1.6,,,,,,,,,,,,,,,,,,,,,,,,,,,,,,,,,
2024,12,15,19,30,0,0,116.16,1.3,1.5,100,161,1.5,,,,,,,,,,,,,,,,,,,,,,,,,,,,,,,,,
2024,12,15,20,30,0,0,127.21000000000001,1.3,1.4000000000000001,100,169,1.4000000000000001,,,,,,,,,,,,,,,,,,,,,,,,,,,,,,,,,
2024,12,15,21,30,0,0,138.21,1.2000000000000002,1.5,100,174,1.4000000000000001,,,,,,,,,,,,,,,,,,,,,,,,,,,,,,,,,
2024,12,15,22,30,0,0,148.63,1.2000000000000002,1.7000000000000002,100,174,1.5,,,,,,,,,,,,,,,,,,,,,,,,,,,,,,,,,
2024,12,15,23,30,0,0,157.24,1.1,1.8,100,175,1.7000000000000002,,,,,,,,,,,,,,,,,,,,,,,,,,,,,,,,,
2024,12,16,0,30,0,0,161.03,1.1,1.9000000000000001,100,176,2,,,,,,,,,,,,,,,,,,,,,,,,,,,,,,,,,
2024,12,16,1,30,0,0,157.38,1.2000000000000002,1.9000000000000001,100,175,2.3000000000000003,,,,,,,,,,,,,,,,,,,,,,,,,,,,,,,,,
2024,12,16,2,30,0,0,148.84,1.4000000000000001,2,100,173,2.8000000000000003,,,,,,,,,,,,,,,,,,,,,,,,,,,,,,,,,
2024,12,16,3,30,0,0,138.44,1.5,2.1,100,173,3.3000000000000003,,,,,,,,,,,,,,,,,,,,,,,,,,,,,,,,,
2024,12,16,4,30,0,0,127.45,1.5,2.2,100,173,3.6,,,,,,,,,,,,,,,,,,,,,,,,,,,,,,,,,
2024,12,16,5,30,0,0,116.39,1.4000000000000001,2.4000000000000004,100,174,3.7,,,,,,,,,,,,,,,,,,,,,,,,,,,,,,,,,
2024,12,16,6,30,0,0,105.60000000000001,1.3,2.7,100,171,3.8000000000000003,,,,,,,,,,,,,,,,,,,,,,,,,,,,,,,,,
2024,12,16,7,30,0,0,95.35000000000001,1.4000000000000001,3,100,167,4.1000000000000005,,,,,,,,,,,,,,,,,,,,,,,,,,,,,,,,,
2024,12,16,8,30,32,160,85.75,1.8,3.4000000000000004,99.83,170,4.800000000000001,,,,,,,,,,,,,,,,,,,,,,,,,,,,,,,,,
2024,12,16,9,30,34,1,77.7,2.2,3.8000000000000003,98.87,172,5.1000000000000005,,,,,,,,,,,,,,,,,,,,,,,,,,,,,,,,,
2024,12,16,10,30,16,0,71.28,2.4000000000000004,4.3,98.32000000000001,171,5.1000000000000005,,,,,,,,,,,,,,,,,,,,,,,,,,,,,,,,,
2024,12,16,11,30,35,0,67.1,2.6,4.7,98.81,174,4.9,,,,,,,,,,,,,,,,,,,,,,,,,,,,,,,,,
2024,12,16,12,30,22,0,65.62,2.7,5.1000000000000005,97.41,179,4.7,,,,,,,,,,,,,,,,,,,,,,,,,,,,,,,,,
2024,12,16,13,30,15,0,67.02,2.5,5.5,98.3,185,4.4,,,,,,,,,,,,,,,,,,,,,,,,,,,,,,,,,
2024,12,16,14,30,14,0,71.14,2.2,5.800000000000001,99.12,191,4,,,,,,,,,,,,,,,,,,,,,,,,,,,,,,,,,
2024,12,16,15,30,18,0,77.5,2,5.800000000000001,100,202,3.8000000000000003,,,,,,,,,,,,,,,,,,,,,,,,,,,,,,,,,
2024,12,16,16,30,25,59,85.52,2,5.300000000000001,100,214,3.3000000000000003,,,,,,,,,,,,,,,,,,,,,,,,,,,,,,,,,
2024,12,16,17,30,0,0,95.07000000000001,2,5.6000000000000005,100,226,3.5,,,,,,,,,,,,,,,,,,,,,,,,,,,,,,,,,
2024,12,16,18,30,0,0,105.31,2,6.9,100,244,4.800000000000001,,,,,,,,,,,,,,,,,,,,,,,,,,,,,,,,,
2024,12,16,19,30,0,0,116.09,1.7000000000000002,7.2,100,262,6.5,,,,,,,,,,,,,,,,,,,,,,,,,,,,,,,,,
2024,12,16,20,30,0,0,127.14,1.3,5.7,100,272,7.2,,,,,,,,,,,,,,,,,,,,,,,,,,,,,,,,,
2024,12,16,21,30,0,0,138.15,1,3.8000000000000003,99.94,271,6.6000000000000005,,,,,,,,,,,,,,,,,,,,,,,,,,,,,,,,,
2024,12,16,22,30,0,0,148.58,1,3.1,95.73,266,6.1000000000000005,,,,,,,,,,,,,,,,,,,,,,,,,,,,,,,,,
2024,12,16,23,30,0,0,157.21,0.9,2.9000000000000004,94.77,262,6.1000000000000005,,,,,,,,,,,,,,,,,,,,,,,,,,,,,,,,,
2024,12,17,0,30,0,0,161.07,0.8,2.5,95.5,260,6,,,,,,,,,,,,,,,,,,,,,,,,,,,,,,,,,
2024,12,17,1,30,0,0,157.47,0.7000000000000001,1.6,97.97,259,5.6000000000000005,,,,,,,,,,,,,,,,,,,,,,,,,,,,,,,,,
2024,12,17,2,30,0,0,148.95000000000002,0.7000000000000001,0.7000000000000001,100,255,5.1000000000000005,,,,,,,,,,,,,,,,,,,,,,,,,,,,,,,,,
2024,12,17,3,30,0,0,138.55,0.8,0.1,100,250,4.800000000000001,,,,,,,,,,,,,,,,,,,,,,,,,,,,,,,,,
2024,12,17,4,30,0,0,127.56,0.8,-0.1,100,248,4.7,,,,,,,,,,,,,,,,,,,,,,,,,,,,,,,,,
2024,12,17,5,30,0,0,116.5,0.8,-0.3,99.44,249,4.7,,,,,,,,,,,,,,,,,,,,,,,,,,,,,,,,,
2024,12,17,6,30,0,0,105.71000000000001,0.8,-0.5,99.29,249,4.5,,,,,,,,,,,,,,,,,,,,,,,,,,,,,,,,,
2024,12,17,7,30,0,0,95.45,0.8,-0.5,97.28,253,4.4,,,,,,,,,,,,,,,,,,,,,,,,,,,,,,,,,
2024,12,17,8,30,28,163,85.85000000000001,0.7000000000000001,0.30000000000000004,91.26,259,4.6000000000000005,,,,,,,,,,,,,,,,,,,,,,,,,,,,,,,,,
2024,12,17,9,30,23,0,77.79,0.8,1.9000000000000001,85,267,4.9,,,,,,,,,,,,,,,,,,,,,,,,,,,,,,,,,
2024,12,17,10,30,30,0,71.36,0.8,3.5,76.89,275,5.300000000000001,,,,,,,,,,,,,,,,,,,,,,,,,,,,,,,,,
2024,12,17,11,30,44,0,67.16,0.8,4.6000000000000005,68.56,279,5.5,,,,,,,,,,,,,,,,,,,,,,,,,,,,,,,,,
2024,12,17,12,30,63,0,65.65,0.9,5.1000000000000005,64.49,278,5.300000000000001,,,,,,,,,,,,,,,,,,,,,,,,,,,,,,,,,
2024,12,17,13,30,63,0,67.03,0.9,5.2,63.03,277,4.800000000000001,,,,,,,,,,,,,,,,,,,,,,,,,,,,,,,,,
2024,12,17,14,30,51,0,71.12,1,4.800000000000001,64.21000000000001,276,4,,,,,,,,,,,,,,,,,,,,,,,,,,,,,,,,,
2024,12,17,15,30,53,2,77.47,1,2.7,75.36,274,2.4000000000000004,,,,,,,,,,,,,,,,,,,,,,,,,,,,,,,,,
2024,12,17,16,30,30,317,85.47,1.1,0.2,88.65,273,1.5,,,,,,,,,,,,,,,,,,,,,,,,,,,,,,,,,
2024,12,17,17,30,0,0,95.01,1.1,-0.5,88.13,271,1.4000000000000001,,,,,,,,,,,,,,,,,,,,,,,,,,,,,,,,,
2024,12,17,18,30,0,0,105.24000000000001,1,-0.3,88.12,270,1.3,,,,,,,,,,,,,,,,,,,,,,,,,,,,,,,,,
2024,12,17,19,30,0,0,116.02,1,-0.5,89.57000000000001,269,1.3,,,,,,,,,,,,,,,,,,,,,,,,,,,,,,,,,
2024,12,17,20,30,0,0,127.07000000000001,1,-0.7,90.45,268,1.2000000000000002,,,,,,,,,,,,,,,,,,,,,,,,,,,,,,,,,
2024,12,17,21,30,0,0,138.08,1,-0.8,90.59,266,1.1,,,,,,,,,,,,,,,,,,,,,,,,,,,,,,,,,
2024,12,17,22,30,0,0,148.52,1,-0.9,90.63,265,1,,,,,,,,,,,,,,,,,,,,,,,,,,,,,,,,,
2024,12,17,23,30,0,0,157.18,1,-0.9,90.25,265,1,,,,,,,,,,,,,,,,,,,,,,,,,,,,,,,,,
2024,12,18,0,30,0,0,161.1,1.1,-1,90.83,268,1.1,,,,,,,,,,,,,,,,,,,,,,,,,,,,,,,,,
2024,12,18,1,30,0,0,157.55,1.2000000000000002,-0.9,90.91,275,1.1,,,,,,,,,,,,,,,,,,,,,,,,,,,,,,,,,
2024,12,18,2,30,0,0,149.04,1.3,-0.7,90.01,287,0.9,,,,,,,,,,,,,,,,,,,,,,,,,,,,,,,,,
2024,12,18,3,30,0,0,138.66,1.3,-0.7,90.10000000000001,308,0.8,,,,,,,,,,,,,,,,,,,,,,,,,,,,,,,,,
2024,12,18,4,30,0,0,127.66,1.3,-0.8,91.59,302,1,,,,,,,,,,,,,,,,,,,,,,,,,,,,,,,,,
2024,12,18,5,30,0,0,116.61,1.4000000000000001,-0.8,92.79,280,1,,,,,,,,,,,,,,,,,,,,,,,,,,,,,,,,,
2024,12,18,6,30,0,0,105.81,1.4000000000000001,-0.8,95.24,277,0.7000000000000001,,,,,,,,,,,,,,,,,,,,,,,,,,,,,,,,,
2024,12,18,7,30,0,0,95.55,1.3,-0.7,94.86,271,0.7000000000000001,,,,,,,,,,,,,,,,,,,,,,,,,,,,,,,,,
2024,12,18,8,30,10,0,85.93,1.3,-0.1,92.14,275,1.1,,,,,,,,,,,,,,,,,,,,,,,,,,,,,,,,,
2024,12,18,9,30,24,0,77.87,1.3,0.9,89.15,291,1.9000000000000001,,,,,,,,,,,,,,,,,,,,,,,,,,,,,,,,,
2024,12,18,10,30,35,0,71.43,1.1,1.9000000000000001,82.5,306,2.8000000000000003,,,,,,,,,,,,,,,,,,,,,,,,,,,,,,,,,
2024,12,18,11,30,111,10,67.21000000000001,1,2.8000000000000003,75.60000000000001,309,3.2,,,,,,,,,,,,,,,,,,,,,,,,,,,,,,,,,
2024,12,18,12,30,28,0,65.68,0.9,3.2,71.61,301,3.4000000000000004,,,,,,,,,,,,,,,,,,,,,,,,,,,,,,,,,
2024,12,18,13,30,41,0,67.03,0.9,3.1,70.41,295,3.5,,,,,,,,,,,,,,,,,,,,,,,,,,,,,,,,,
2024,12,18,14,30,19,0,71.10000000000001,0.9,2.6,71.71000000000001,298,3.8000000000000003,,,,,,,,,,,,,,,,,,,,,,,,,,,,,,,,,
2024,12,18,15,30,7,0,77.43,0.8,1.6,76.05,304,3.4000000000000004,,,,,,,,,,,,,,,,,,,,,,,,,,,,,,,,,
2024,12,18,16,30,18,0,85.42,0.8,0,84.54,307,2.8000000000000003,,,,,,,,,,,,,,,,,,,,,,,,,,,,,,,,,
2024,12,18,17,30,0,0,94.95,0.7000000000000001,-1,86.26,309,3.1,,,,,,,,,,,,,,,,,,,,,,,,,,,,,,,,,
2024,12,18,18,30,0,0,105.17,0.7000000000000001,-1.2,84.98,311,3.6,,,,,,,,,,,,,,,,,,,,,,,,,,,,,,,,,
2024,12,18,19,30,0,0,115.94,0.6000000000000001,-1.6,85.02,313,3.7,,,,,,,,,,,,,,,,,,,,,,,,,,,,,,,,,
2024,12,18,20,30,0,0,126.99000000000001,0.6000000000000001,-2,85.17,315,3.6,,,,,,,,,,,,,,,,,,,,,,,,,,,,,,,,,
2024,12,18,21,30,0,0,138,0.5,-2.4,85.67,318,3.4000000000000004,,,,,,,,,,,,,,,,,,,,,,,,,,,,,,,,,
2024,12,18,22,30,0,0,148.45000000000002,0.5,-2.6,85.34,321,3,,,,,,,,,,,,,,,,,,,,,,,,,,,,,,,,,
2024,12,18,23,30,0,0,157.14000000000001,0.4,-2.9,86.21000000000001,324,2.6,,,,,,,,,,,,,,,,,,,,,,,,,,,,,,,,,
2024,12,19,0,30,0,0,161.12,0.4,-3.3,87.63,327,2.3000000000000003,,,,,,,,,,,,,,,,,,,,,,,,,,,,,,,,,
2024,12,19,1,30,0,0,157.62,0.4,-3.6,88.39,331,2.1,,,,,,,,,,,,,,,,,,,,,,,,,,,,,,,,,
2024,12,19,2,30,0,0,149.14000000000001,0.5,-3.9,89,336,1.9000000000000001,,,,,,,,,,,,,,,,,,,,,,,,,,,,,,,,,
2024,12,19,3,30,0,0,138.76,0.5,-3.7,86.42,342,2,,,,,,,,,,,,,,,,,,,,,,,,,,,,,,,,,
2024,12,19,4,30,0,0,127.77,0.6000000000000001,-3.2,83.22,349,2.2,,,,,,,,,,,,,,,,,,,,,,,,,,,,,,,,,
2024,12,19,5,30,0,0,116.71000000000001,0.6000000000000001,-2.8,81.11,177,2.1,,,,,,,,,,,,,,,,,,,,,,,,,,,,,,,,,
2024,12,19,6,30,0,0,105.91,0.7000000000000001,-2.6,80.38,8,2,,,,,,,,,,,,,,,,,,,,,,,,,,,,,,,,,
2024,12,19,7,30,0,0,95.64,0.7000000000000001,-2.4,79.19,26,2,,,,,,,,,,,,,,,,,,,,,,,,,,,,,,,,,
2024,12,19,8,30,14,0,86.02,0.8,-1.9,75.06,46,2.2,,,,,,,,,,,,,,,,,,,,,,,,,,,,,,,,,
2024,12,19,9,30,82,9,77.95,0.8,-1.1,66.77,66,2.1,,,,,,,,,,,,,,,,,,,,,,,,,,,,,,,,,
2024,12,19,10,30,146,14,71.49,0.8,-0.4,60.660000000000004,88,1.7000000000000002,,,,,,,,,,,,,,,,,,,,,,,,,,,,,,,,,
2024,12,19,11,30,77,2,67.25,0.8,0.1,57.410000000000004,112,1.6,,,,,,,,,,,,,,,,,,,,,,,,,,,,,,,,,
2024,12,19,12,30,113,8,65.69,0.8,0.1,57.63,129,1.8,,,,,,,,,,,,,,,,,,,,,,,,,,,,,,,,,
2024,12,19,13,30,63,1,67.03,0.9,-0.1,59.230000000000004,135,2,,,,,,,,,,,,,,,,,,,,,,,,,,,,,,,,,
2024,12,19,14,30,37,0,71.07000000000001,0.9,-0.4,62.230000000000004,131,2.1,,,,,,,,,,,,,,,,,,,,,,,,,,,,,,,,,
2024,12,19,15,30,18,0,77.38,1,-0.9,68.23,120,2.3000000000000003,,,,,,,,,,,,,,,,,,,,,,,,,,,,,,,,,
2024,12,19,16,30,4,0,85.36,1,-1.5,74.88,110,2.5,,,,,,,,,,,,,,,,,,,,,,,,,,,,,,,,,
2024,12,19,17,30,0,0,94.88,1,-1.8,78.15,107,2.8000000000000003,,,,,,,,,,,,,,,,,,,,,,,,,,,,,,,,,
2024,12,19,18,30,0,0,105.09,1,-2,80.21000000000001,107,3.1,,,,,,,,,,,,,,,,,,,,,,,,,,,,,,,,,
2024,12,19,19,30,0,0,115.86,1,-2,81.75,103,3.2,,,,,,,,,,,,,,,,,,,,,,,,,,,,,,,,,
2024,12,19,20,30,0,0,126.91,0.9,-2,84.11,97,3.3000000000000003,,,,,,,,,,,,,,,,,,,,,,,,,,,,,,,,,
2024,12,19,21,30,0,0,137.92000000000002,0.9,-1.9,86.18,93,3.4000000000000004,,,,,,,,,,,,,,,,,,,,,,,,,,,,,,,,,
2024,12,19,22,30,0,0,148.38,0.9,-1.8,88.41,90,3.4000000000000004,,,,,,,,,,,,,,,,,,,,,,,,,,,,,,,,,
2024,12,19,23,30,0,0,157.09,1,-1.6,89.76,88,3.4000000000000004,,,,,,,,,,,,,,,,,,,,,,,,,,,,,,,,,
2024,12,20,0,30,0,0,161.13,1,-1.5,91.4,88,3.3000000000000003,,,,,,,,,,,,,,,,,,,,,,,,,,,,,,,,,
2024,12,20,1,30,0,0,157.68,1,-1.4,92.54,90,3.3000000000000003,,,,,,,,,,,,,,,,,,,,,,,,,,,,,,,,,
2024,12,20,2,30,0,0,149.23,1,-1.4,93.95,91,3.2,,,,,,,,,,,,,,,,,,,,,,,,,,,,,,,,,
2024,12,20,3,30,0,0,138.85,1,-1.3,94.54,90,3,,,,,,,,,,,,,,,,,,,,,,,,,,,,,,,,,
2024,12,20,4,30,0,0,127.86,1,-1.3,95.44,87,2.8000000000000003,,,,,,,,,,,,,,,,,,,,,,,,,,,,,,,,,
2024,12,20,5,30,0,0,116.81,1,-1.3,96.16,81,2.6,,,,,,,,,,,,,,,,,,,,,,,,,,,,,,,,,
2024,12,20,6,30,0,0,106,1,-1.2,96.06,71,2.6,,,,,,,,,,,,,,,,,,,,,,,,,,,,,,,,,
2024,12,20,7,30,0,0,95.73,1,-1.1,95.84,60,2.8000000000000003,,,,,,,,,,,,,,,,,,,,,,,,,,,,,,,,,
2024,12,20,8,30,28,0,86.10000000000001,1,-0.8,94.21000000000001,51,3.3000000000000003,,,,,,,,,,,,,,,,,,,,,,,,,,,,,,,,,
2024,12,20,9,30,93,1,78.02,1,-0.3,91.33,50,3.8000000000000003,,,,,,,,,,,,,,,,,,,,,,,,,,,,,,,,,
2024,12,20,10,30,96,0,71.54,1,0.2,87.58,50,4.1000000000000005,,,,,,,,,,,,,,,,,,,,,,,,,,,,,,,,,
2024,12,20,11,30,208,6,67.28,0.9,0.7000000000000001,83.39,42,4.2,,,,,,,,,,,,,,,,,,,,,,,,,,,,,,,,,
2024,12,20,12,30,148,0,65.7,0.9,0.8,81.59,28,4.6000000000000005,,,,,,,,,,,,,,,,,,,,,,,,,,,,,,,,,
2024,12,20,13,30,80,0,67.01,0.9,0.6000000000000001,80.95,17,5.1000000000000005,,,,,,,,,,,,,,,,,,,,,,,,,,,,,,,,,
2024,12,20,14,30,81,0,71.04,0.9,0.2,80.77,11,5.6000000000000005,,,,,,,,,,,,,,,,,,,,,,,,,,,,,,,,,
2024,12,20,15,30,60,0,77.33,0.8,-0.5,82.04,8,5.6000000000000005,,,,,,,,,,,,,,,,,,,,,,,,,,,,,,,,,
2024,12,20,16,30,32,0,85.29,0.7000000000000001,-1.3,84.21000000000001,182,5.2,,,,,,,,,,,,,,,,,,,,,,,,,,,,,,,,,
2024,12,20,17,30,0,0,94.8,0.7000000000000001,-2.1,86.63,358,5,,,,,,,,,,,,,,,,,,,,,,,,,,,,,,,,,
2024,12,20,18,30,0,0,105.01,0.6000000000000001,-2.6,87.28,354,4.800000000000001,,,,,,,,,,,,,,,,,,,,,,,,,,,,,,,,,
2024,12,20,19,30,0,0,115.78,0.6000000000000001,-3.2,86.87,348,4.4,,,,,,,,,,,,,,,,,,,,,,,,,,,,,,,,,
2024,12,20,20,30,0,0,126.82000000000001,0.5,-3.9,85.67,342,4.3,,,,,,,,,,,,,,,,,,,,,,,,,,,,,,,,,
2024,12,20,21,30,0,0,137.83,0.5,-4.4,83.42,337,4.2,,,,,,,,,,,,,,,,,,,,,,,,,,,,,,,,,
2024,12,20,22,30,0,0,148.3,0.4,-4.7,81.74,334,4.1000000000000005,,,,,,,,,,,,,,,,,,,,,,,,,,,,,,,,,
2024,12,20,23,30,0,0,157.04,0.4,-4.9,81.71000000000001,332,4.1000000000000005,,,,,,,,,,,,,,,,,,,,,,,,,,,,,,,,,
2024,12,21,0,30,0,0,161.13,0.4,-5.1,82.47,335,4.3,,,,,,,,,,,,,,,,,,,,,,,,,,,,,,,,,
2024,12,21,1,30,0,0,157.74,0.30000000000000004,-5.4,81.93,339,4.5,,,,,,,,,,,,,,,,,,,,,,,,,,,,,,,,,
2024,12,21,2,30,0,0,149.31,0.30000000000000004,-6,80.9,340,4.4,,,,,,,,,,,,,,,,,,,,,,,,,,,,,,,,,
2024,12,21,3,30,0,0,138.95000000000002,0.2,-6.8,80.53,338,4.1000000000000005,,,,,,,,,,,,,,,,,,,,,,,,,,,,,,,,,
2024,12,21,4,30,0,0,127.96000000000001,0.2,-7.3,79.69,333,3.9000000000000004,,,,,,,,,,,,,,,,,,,,,,,,,,,,,,,,,
2024,12,21,5,30,0,0,116.9,0.2,-7.7,79.78,331,3.8000000000000003,,,,,,,,,,,,,,,,,,,,,,,,,,,,,,,,,
2024,12,21,6,30,0,0,106.09,0.2,-7.6,77.29,332,4,,,,,,,,,,,,,,,,,,,,,,,,,,,,,,,,,
2024,12,21,7,30,0,0,95.82000000000001,0.2,-7.1,72.33,335,4.1000000000000005,,,,,,,,,,,,,,,,,,,,,,,,,,,,,,,,,
2024,12,21,8,30,32,1,86.16,0.2,-6.2,64.64,339,4.3,,,,,,,,,,,,,,,,,,,,,,,,,,,,,,,,,
2024,12,21,9,30,102,2,78.08,0.2,-5.2,56.02,342,4.7,,,,,,,,,,,,,,,,,,,,,,,,,,,,,,,,,
2024,12,21,10,30,120,0,71.59,0.30000000000000004,-4.5,51.54,343,4.6000000000000005,,,,,,,,,,,,,,,,,,,,,,,,,,,,,,,,,
2024,12,21,11,30,231,6,67.31,0.30000000000000004,-3.9,49.13,340,4.3,,,,,,,,,,,,,,,,,,,,,,,,,,,,,,,,,
2024,12,21,12,30,264,19,65.71000000000001,0.30000000000000004,-3.5,47.86,337,4.1000000000000005,,,,,,,,,,,,,,,,,,,,,,,,,,,,,,,,,
2024,12,21,13,30,202,26,66.99,0.30000000000000004,-3.4,47.78,334,4,,,,,,,,,,,,,,,,,,,,,,,,,,,,,,,,,
2024,12,21,14,30,118,24,70.99,0.30000000000000004,-3.7,49.160000000000004,334,3.7,,,,,,,,,,,,,,,,,,,,,,,,,,,,,,,,,
2024,12,21,15,30,61,1,77.27,0.30000000000000004,-4.5,52.29,339,3.4000000000000004,,,,,,,,,,,,,,,,,,,,,,,,,,,,,,,,,
2024,12,21,16,30,42,51,85.22,0.30000000000000004,-5.7,55.5,350,2.9000000000000004,,,,,,,,,,,,,,,,,,,,,,,,,,,,,,,,,
2024,12,21,17,30,0,0,94.72,0.30000000000000004,-6.7,60.39,182,2.6,,,,,,,,,,,,,,,,,,,,,,,,,,,,,,,,,
2024,12,21,18,30,0,0,104.92,0.30000000000000004,-7.8,66.01,15,2.4000000000000004,,,,,,,,,,,,,,,,,,,,,,,,,,,,,,,,,
2024,12,21,19,30,0,0,115.68,0.30000000000000004,-8.9,71.33,28,2.1,,,,,,,,,,,,,,,,,,,,,,,,,,,,,,,,,
2024,12,21,20,30,0,0,126.73,0.30000000000000004,-9.9,75.31,39,1.9000000000000001,,,,,,,,,,,,,,,,,,,,,,,,,,,,,,,,,
2024,12,21,21,30,0,0,137.74,0.30000000000000004,-10.6,77.17,46,1.8,,,,,,,,,,,,,,,,,,,,,,,,,,,,,,,,,
2024,12,21,22,30,0,0,148.22,0.30000000000000004,-11.2,78.69,50,1.6,,,,,,,,,,,,,,,,,,,,,,,,,,,,,,,,,
2024,12,21,23,30,0,0,156.98,0.30000000000000004,-11.6,79.45,51,1.4000000000000001,,,,,,,,,,,,,,,,,,,,,,,,,,,,,,,,,
2024,12,22,0,30,0,0,161.12,0.30000000000000004,-11.9,80.32000000000001,49,1.2000000000000002,,,,,,,,,,,,,,,,,,,,,,,,,,,,,,,,,
2024,12,22,1,30,0,0,157.8,0.30000000000000004,-12.2,81.41,47,1.1,,,,,,,,,,,,,,,,,,,,,,,,,,,,,,,,,
2024,12,22,2,30,0,0,149.39000000000001,0.30000000000000004,-12.4,81.76,48,1,,,,,,,,,,,,,,,,,,,,,,,,,,,,,,,,,
2024,12,22,3,30,0,0,139.03,0.30000000000000004,-12.5,81.60000000000001,52,0.9,,,,,,,,,,,,,,,,,,,,,,,,,,,,,,,,,
2024,12,22,4,30,0,0,128.05,0.30000000000000004,-12.6,81.64,58,0.8,,,,,,,,,,,,,,,,,,,,,,,,,,,,,,,,,
2024,12,22,5,30,0,0,116.99000000000001,0.30000000000000004,-12.7,81.78,66,0.7000000000000001,,,,,,,,,,,,,,,,,,,,,,,,,,,,,,,,,
2024,12,22,6,30,0,0,106.18,0.30000000000000004,-12.7,81.22,80,0.7000000000000001,,,,,,,,,,,,,,,,,,,,,,,,,,,,,,,,,
2024,12,22,7,30,0,0,95.89,0.30000000000000004,-12.5,79.32000000000001,100,0.9,,,,,,,,,,,,,,,,,,,,,,,,,,,,,,,,,
2024,12,22,8,30,24,434,86.23,0.30000000000000004,-11.3,72.84,120,1.4000000000000001,,,,,,,,,,,,,,,,,,,,,,,,,,,,,,,,,
2024,12,22,9,30,66,510,78.13,0.4,-8.8,62.230000000000004,143,2,,,,,,,,,,,,,,,,,,,,,,,,,,,,,,,,,
2024,12,22,10,30,138,435,71.62,0.4,-6.1,54.82,171,2.4000000000000004,,,,,,,,,,,,,,,,,,,,,,,,,,,,,,,,,
2024,12,22,11,30,71,894,67.32000000000001,0.4,-4.2,52.72,186,2.6,,,,,,,,,,,,,,,,,,,,,,,,,,,,,,,,,
2024,12,22,12,30,73,903,65.7,0.5,-3,52.06,187,2.6,,,,,,,,,,,,,,,,,,,,,,,,,,,,,,,,,
2024,12,22,13,30,73,884,66.96000000000001,0.5,-2.4,51.99,181,2.5,,,,,,,,,,,,,,,,,,,,,,,,,,,,,,,,,
2024,12,22,14,30,185,11,70.94,0.6000000000000001,-2.2,52.58,174,2.6,,,,,,,,,,,,,,,,,,,,,,,,,,,,,,,,,
2024,12,22,15,30,86,0,77.2,0.6000000000000001,-2.9,56.53,167,2.5,,,,,,,,,,,,,,,,,,,,,,,,,,,,,,,,,
2024,12,22,16,30,40,1,85.14,0.7000000000000001,-4.4,62.95,155,2.3000000000000003,,,,,,,,,,,,,,,,,,,,,,,,,,,,,,,,,
2024,12,22,17,30,0,0,94.63,0.7000000000000001,-5.6,70.59,146,2.6,,,,,,,,,,,,,,,,,,,,,,,,,,,,,,,,,
2024,12,22,18,30,0,0,104.83,0.7000000000000001,-6.1,70.81,144,3.1,,,,,,,,,,,,,,,,,,,,,,,,,,,,,,,,,
2024,12,22,19,30,0,0,115.59,0.7000000000000001,-6.5,72.17,146,3.4000000000000004,,,,,,,,,,,,,,,,,,,,,,,,,,,,,,,,,
2024,12,22,20,30,0,0,126.63000000000001,0.7000000000000001,-6.7,73.68,149,3.4000000000000004,,,,,,,,,,,,,,,,,,,,,,,,,,,,,,,,,
2024,12,22,21,30,0,0,137.65,0.8,-6.7,75.25,154,3.5,,,,,,,,,,,,,,,,,,,,,,,,,,,,,,,,,
2024,12,22,22,30,0,0,148.13,0.8,-6.6,76.69,159,3.7,,,,,,,,,,,,,,,,,,,,,,,,,,,,,,,,,
2024,12,22,23,30,0,0,156.91,0.8,-6.4,77.09,164,3.9000000000000004,,,,,,,,,,,,,,,,,,,,,,,,,,,,,,,,,
2024,12,23,0,30,0,0,161.11,0.9,-6,76.04,167,4.1000000000000005,,,,,,,,,,,,,,,,,,,,,,,,,,,,,,,,,
2024,12,23,1,30,0,0,157.84,1,-5.7,76.53,171,3.9000000000000004,,,,,,,,,,,,,,,,,,,,,,,,,,,,,,,,,
2024,12,23,2,30,0,0,149.46,1.1,-5.6,76.75,172,3.7,,,,,,,,,,,,,,,,,,,,,,,,,,,,,,,,,
2024,12,23,3,30,0,0,139.12,1.2000000000000002,-5.2,75.66,170,3.8000000000000003,,,,,,,,,,,,,,,,,,,,,,,,,,,,,,,,,
2024,12,23,4,30,0,0,128.13,1.2000000000000002,-4.9,75.61,166,3.9000000000000004,,,,,,,,,,,,,,,,,,,,,,,,,,,,,,,,,
2024,12,23,5,30,0,0,117.07000000000001,1.2000000000000002,-4.7,75.62,163,4.1000000000000005,,,,,,,,,,,,,,,,,,,,,,,,,,,,,,,,,
2024,12,23,6,30,0,0,106.26,1.2000000000000002,-4.6,75.57000000000001,162,4.4,,,,,,,,,,,,,,,,,,,,,,,,,,,,,,,,,
2024,12,23,7,30,0,0,95.97,1.1,-4.5,75.22,161,4.800000000000001,,,,,,,,,,,,,,,,,,,,,,,,,,,,,,,,,
2024,12,23,8,30,28,286,86.3,1.1,-4.1,73.37,162,5.300000000000001,,,,,,,,,,,,,,,,,,,,,,,,,,,,,,,,,
2024,12,23,9,30,69,6,78.19,1.2000000000000002,-3.4,70.73,166,5.6000000000000005,,,,,,,,,,,,,,,,,,,,,,,,,,,,,,,,,
2024,12,23,10,30,81,3,71.66,1.3,-2.2,66.02,176,5.9,,,,,,,,,,,,,,,,,,,,,,,,,,,,,,,,,
2024,12,23,11,30,40,0,67.34,1.4000000000000001,-1,60.96,187,5.800000000000001,,,,,,,,,,,,,,,,,,,,,,,,,,,,,,,,,
2024,12,23,12,30,47,106,65.69,1.5,-0.1,60.75,195,5.2,,,,,,,,,,,,,,,,,,,,,,,,,,,,,,,,,
2024,12,23,13,30,75,1,66.92,1.7000000000000002,0.4,64.41,203,4.7,,,,,,,,,,,,,,,,,,,,,,,,,,,,,,,,,
2024,12,23,14,30,28,0,70.89,1.7000000000000002,0.4,71.56,210,4.3,,,,,,,,,,,,,,,,,,,,,,,,,,,,,,,,,
2024,12,23,15,30,14,0,77.13,1.8,0.30000000000000004,79.82000000000001,212,4,,,,,,,,,,,,,,,,,,,,,,,,,,,,,,,,,
2024,12,23,16,30,39,171,85.06,1.8,0.1,87.25,214,3.8000000000000003,,,,,,,,,,,,,,,,,,,,,,,,,,,,,,,,,
2024,12,23,17,30,0,0,94.54,1.7000000000000002,0.2,90.66,219,3.8000000000000003,,,,,,,,,,,,,,,,,,,,,,,,,,,,,,,,,
2024,12,23,18,30,0,0,104.73,1.7000000000000002,0.2,93.24,221,3.3000000000000003,,,,,,,,,,,,,,,,,,,,,,,,,,,,,,,,,
2024,12,23,19,30,0,0,115.49000000000001,1.7000000000000002,0.1,95.39,218,2.7,,,,,,,,,,,,,,,,,,,,,,,,,,,,,,,,,
2024,12,23,20,30,0,0,126.53,1.6,0,96.66,219,2.4000000000000004,,,,,,,,,,,,,,,,,,,,,,,,,,,,,,,,,
2024,12,23,21,30,0,0,137.55,1.5,-0.1,97.64,233,2.3000000000000003,,,,,,,,,,,,,,,,,,,,,,,,,,,,,,,,,
2024,12,23,22,30,0,0,148.04,1.4000000000000001,0,97.31,256,2.6,,,,,,,,,,,,,,,,,,,,,,,,,,,,,,,,,
2024,12,23,23,30,0,0,156.84,1.3,-0.1,98.81,277,2.8000000000000003,,,,,,,,,,,,,,,,,,,,,,,,,,,,,,,,,
2024,12,24,0,30,0,0,161.08,1.3,-0.4,100,290,2.5,,,,,,,,,,,,,,,,,,,,,,,,,,,,,,,,,
2024,12,24,1,30,0,0,157.88,1.3,-0.8,100,301,2.1,,,,,,,,,,,,,,,,,,,,,,,,,,,,,,,,,
2024,12,24,2,30,0,0,149.53,1.2000000000000002,-1.2,100,313,1.9000000000000001,,,,,,,,,,,,,,,,,,,,,,,,,,,,,,,,,
2024,12,24,3,30,0,0,139.19,1.1,-1.5,100,325,2.2,,,,,,,,,,,,,,,,,,,,,,,,,,,,,,,,,
2024,12,24,4,30,0,0,128.21,0.9,-1.8,100,334,2.5,,,,,,,,,,,,,,,,,,,,,,,,,,,,,,,,,
2024,12,24,5,30,0,0,117.15,0.7000000000000001,-2.3,100,339,2.5,,,,,,,,,,,,,,,,,,,,,,,,,,,,,,,,,
2024,12,24,6,30,0,0,106.33,0.6000000000000001,-2.9,100,345,2.4000000000000004,,,,,,,,,,,,,,,,,,,,,,,,,,,,,,,,,
2024,12,24,7,30,0,0,96.04,0.6000000000000001,-3.1,97.10000000000001,351,2.5,,,,,,,,,,,,,,,,,,,,,,,,,,,,,,,,,
2024,12,24,8,30,25,57,86.35000000000001,0.5,-2.4,90.83,353,2.7,,,,,,,,,,,,,,,,,,,,,,,,,,,,,,,,,
2024,12,24,9,30,28,0,78.23,0.5,-0.9,86.73,356,2.7,,,,,,,,,,,,,,,,,,,,,,,,,,,,,,,,,
2024,12,24,10,30,68,0,71.69,0.5,0.6000000000000001,83.41,179,2.5,,,,,,,,,,,,,,,,,,,,,,,,,,,,,,,,,
2024,12,24,11,30,99,0,67.34,0.5,1.7000000000000002,79.89,178,2,,,,,,,,,,,,,,,,,,,,,,,,,,,,,,,,,
2024,12,24,12,30,153,0,65.67,0.5,2.2,74.41,352,1.6,,,,,,,,,,,,,,,,,,,,,,,,,,,,,,,,,
2024,12,24,13,30,190,1,66.88,0.5,2.3000000000000003,70.32000000000001,350,1.4000000000000001,,,,,,,,,,,,,,,,,,,,,,,,,,,,,,,,,
2024,12,24,14,30,132,0,70.82000000000001,0.5,2.1,69.24,177,1.3,,,,,,,,,,,,,,,,,,,,,,,,,,,,,,,,,
2024,12,24,15,30,59,0,77.05,0.5,1.1,75.5,6,1,,,,,,,,,,,,,,,,,,,,,,,,,,,,,,,,,
2024,12,24,16,30,28,77,84.97,0.5,-0.4,86.36,14,1,,,,,,,,,,,,,,,,,,,,,,,,,,,,,,,,,
2024,12,24,17,30,0,0,94.44,0.5,-1.5,84.17,23,1.2000000000000002,,,,,,,,,,,,,,,,,,,,,,,,,,,,,,,,,
2024,12,24,18,30,0,0,104.63,0.5,-1.9,86.01,34,1.3,,,,,,,,,,,,,,,,,,,,,,,,,,,,,,,,,
2024,12,24,19,30,0,0,115.38,0.5,-2.2,88.69,45,1.4000000000000001,,,,,,,,,,,,,,,,,,,,,,,,,,,,,,,,,
2024,12,24,20,30,0,0,126.42,0.5,-2.4,91.62,58,1.5,,,,,,,,,,,,,,,,,,,,,,,,,,,,,,,,,
2024,12,24,21,30,0,0,137.44,0.5,-2.6,95.10000000000001,71,1.5,,,,,,,,,,,,,,,,,,,,,,,,,,,,,,,,,
2024,12,24,22,30,0,0,147.94,0.5,-2.8,98.63,84,1.5,,,,,,,,,,,,,,,,,,,,,,,,,,,,,,,,,
2024,12,24,23,30,0,0,156.76,0.5,-3.1,100,95,1.6,,,,,,,,,,,,,,,,,,,,,,,,,,,,,,,,,
2024,12,25,0,30,0,0,161.05,0.5,-3.2,100,103,1.8,,,,,,,,,,,,,,,,,,,,,,,,,,,,,,,,,
2024,12,25,1,30,0,0,157.91,0.4,-3.3,100,111,2,,,,,,,,,,,,,,,,,,,,,,,,,,,,,,,,,
2024,12,25,2,30,0,0,149.59,0.4,-3.4,100,115,1.8,,,,,,,,,,,,,,,,,,,,,,,,,,,,,,,,,
2024,12,25,3,30,0,0,139.27,0.4,-3.5,100,119,1.5,,,,,,,,,,,,,,,,,,,,,,,,,,,,,,,,,
2024,12,25,4,30,0,0,128.29,0.5,-3.4,98.3,121,1.3,,,,,,,,,,,,,,,,,,,,,,,,,,,,,,,,,
2024,12,25,5,30,0,0,117.23,0.5,-3.3,97.46000000000001,115,1.2000000000000002,,,,,,,,,,,,,,,,,,,,,,,,,,,,,,,,,
2024,12,25,6,30,0,0,106.4,0.5,-3.3,97.62,105,1.2000000000000002,,,,,,,,,,,,,,,,,,,,,,,,,,,,,,,,,
2024,12,25,7,30,0,0,96.10000000000001,0.5,-3.1,96.27,96,1.4000000000000001,,,,,,,,,,,,,,,,,,,,,,,,,,,,,,,,,
2024,12,25,8,30,27,48,86.4,0.6000000000000001,-2.1,90.7,90,1.9000000000000001,,,,,,,,,,,,,,,,,,,,,,,,,,,,,,,,,
2024,12,25,9,30,103,14,78.27,0.7000000000000001,-0.3,85.12,88,2.4000000000000004,,,,,,,,,,,,,,,,,,,,,,,,,,,,,,,,,
2024,12,25,10,30,127,5,71.7,0.8,1.3,80.19,92,2.3000000000000003,,,,,,,,,,,,,,,,,,,,,,,,,,,,,,,,,
2024,12,25,11,30,167,6,67.34,1,2.3000000000000003,74.37,105,2,,,,,,,,,,,,,,,,,,,,,,,,,,,,,,,,,
2024,12,25,12,30,183,4,65.64,1.2000000000000002,2.6,71.82000000000001,126,2,,,,,,,,,,,,,,,,,,,,,,,,,,,,,,,,,
2024,12,25,13,30,198,9,66.83,1.3,2.7,71.61,144,2.1,,,,,,,,,,,,,,,,,,,,,,,,,,,,,,,,,
2024,12,25,14,30,159,10,70.75,1.3,2.5,73.86,152,2,,,,,,,,,,,,,,,,,,,,,,,,,,,,,,,,,
2024,12,25,15,30,59,0,76.96000000000001,1.3,1.4000000000000001,82.34,148,1.5,,,,,,,,,,,,,,,,,,,,,,,,,,,,,,,,,
2024,12,25,16,30,40,1,84.88,1.3,-0.2,91.56,131,1.1,,,,,,,,,,,,,,,,,,,,,,,,,,,,,,,,,
2024,12,25,17,30,0,0,94.34,1.3,-0.7,89,114,1.1,,,,,,,,,,,,,,,,,,,,,,,,,,,,,,,,,
2024,12,25,18,30,0,0,104.52,1.3,-0.3,89.54,107,1.3,,,,,,,,,,,,,,,,,,,,,,,,,,,,,,,,,
2024,12,25,19,30,0,0,115.27,1.4000000000000001,0,90.49,108,1.8,,,,,,,,,,,,,,,,,,,,,,,,,,,,,,,,,
2024,12,25,20,30,0,0,126.31,1.4000000000000001,0.2,90.15,111,2.3000000000000003,,,,,,,,,,,,,,,,,,,,,,,,,,,,,,,,,
2024,12,25,21,30,0,0,137.33,1.5,0.30000000000000004,90.68,115,2.6,,,,,,,,,,,,,,,,,,,,,,,,,,,,,,,,,
2024,12,25,22,30,0,0,147.83,1.5,0.4,91.61,119,2.6,,,,,,,,,,,,,,,,,,,,,,,,,,,,,,,,,
2024,12,25,23,30,0,0,156.67000000000002,1.6,0.4,92.95,124,2.4000000000000004,,,,,,,,,,,,,,,,,,,,,,,,,,,,,,,,,
2024,12,26,0,30,0,0,161.01,1.6,0.4,94.01,128,2.2,,,,,,,,,,,,,,,,,,,,,,,,,,,,,,,,,
2024,12,26,1,30,0,0,157.93,1.7000000000000002,0.5,94.41,133,1.9000000000000001,,,,,,,,,,,,,,,,,,,,,,,,,,,,,,,,,
2024,12,26,2,30,0,0,149.65,1.7000000000000002,0.5,95.58,139,1.7000000000000002,,,,,,,,,,,,,,,,,,,,,,,,,,,,,,,,,
2024,12,26,3,30,0,0,139.33,1.8,0.5,96.46000000000001,143,1.5,,,,,,,,,,,,,,,,,,,,,,,,,,,,,,,,,
2024,12,26,4,30,0,0,128.36,1.8,0.30000000000000004,98.43,143,1.4000000000000001,,,,,,,,,,,,,,,,,,,,,,,,,,,,,,,,,
2024,12,26,5,30,0,0,117.3,1.8,0.1,100,140,1.4000000000000001,,,,,,,,,,,,,,,,,,,,,,,,,,,,,,,,,
2024,12,26,6,30,0,0,106.47,1.8,0,100,136,1.6,,,,,,,,,,,,,,,,,,,,,,,,,,,,,,,,,
2024,12,26,7,30,0,0,96.16,1.8,0.1,99.96000000000001,133,2.1,,,,,,,,,,,,,,,,,,,,,,,,,,,,,,,,,
2024,12,26,8,30,31,3,86.45,1.8,0.9,95.34,134,3,,,,,,,,,,,,,,,,,,,,,,,,,,,,,,,,,
2024,12,26,9,30,27,0,78.3,1.8,1.9000000000000001,91.61,137,3.4000000000000004,,,,,,,,,,,,,,,,,,,,,,,,,,,,,,,,,
2024,12,26,10,30,38,0,71.72,1.8,2.9000000000000004,88.27,140,3.4000000000000004,,,,,,,,,,,,,,,,,,,,,,,,,,,,,,,,,
2024,12,26,11,30,60,0,67.33,1.8,3.8000000000000003,85.45,142,3.5,,,,,,,,,,,,,,,,,,,,,,,,,,,,,,,,,
2024,12,26,12,30,98,0,65.61,1.8,4.4,83.59,141,3.7,,,,,,,,,,,,,,,,,,,,,,,,,,,,,,,,,
2024,12,26,13,30,168,1,66.77,1.8,4.6000000000000005,83.13,140,3.7,,,,,,,,,,,,,,,,,,,,,,,,,,,,,,,,,
2024,12,26,14,30,133,1,70.67,1.8,4.4,84.45,139,3.4000000000000004,,,,,,,,,,,,,,,,,,,,,,,,,,,,,,,,,
2024,12,26,15,30,28,0,76.87,1.8,3.3000000000000003,91.05,138,2.9000000000000004,,,,,,,,,,,,,,,,,,,,,,,,,,,,,,,,,
2024,12,26,16,30,49,15,84.78,1.7000000000000002,1.8,98.04,136,2.7,,,,,,,,,,,,,,,,,,,,,,,,,,,,,,,,,
2024,12,26,17,30,0,0,94.23,1.7000000000000002,0.9,100,134,3,,,,,,,,,,,,,,,,,,,,,,,,,,,,,,,,,
2024,12,26,18,30,0,0,104.41,1.7000000000000002,0.8,100,131,3.3000000000000003,,,,,,,,,,,,,,,,,,,,,,,,,,,,,,,,,
2024,12,26,19,30,0,0,115.16,1.7000000000000002,0.7000000000000001,100,128,3.5,,,,,,,,,,,,,,,,,,,,,,,,,,,,,,,,,
2024,12,26,20,30,0,0,126.2,1.7000000000000002,0.7000000000000001,100,128,3.6,,,,,,,,,,,,,,,,,,,,,,,,,,,,,,,,,
2024,12,26,21,30,0,0,137.22,1.8,0.9,100,129,3.6,,,,,,,,,,,,,,,,,,,,,,,,,,,,,,,,,
2024,12,26,22,30,0,0,147.72,1.8,0.9,100,131,3.5,,,,,,,,,,,,,,,,,,,,,,,,,,,,,,,,,
2024,12,26,23,30,0,0,156.57,1.9000000000000001,0.9,100,135,3.3000000000000003,,,,,,,,,,,,,,,,,,,,,,,,,,,,,,,,,
2024,12,27,0,30,0,0,160.96,1.9000000000000001,0.8,100,140,3.1,,,,,,,,,,,,,,,,,,,,,,,,,,,,,,,,,
2024,12,27,1,30,0,0,157.94,2,0.8,100,142,2.7,,,,,,,,,,,,,,,,,,,,,,,,,,,,,,,,,
2024,12,27,2,30,0,0,149.69,2,0.7000000000000001,100,140,2.4000000000000004,,,,,,,,,,,,,,,,,,,,,,,,,,,,,,,,,
2024,12,27,3,30,0,0,139.39000000000001,2.1,0.7000000000000001,100,138,2.1,,,,,,,,,,,,,,,,,,,,,,,,,,,,,,,,,
2024,12,27,4,30,0,0,128.43,2.1,0.6000000000000001,100,132,2.1,,,,,,,,,,,,,,,,,,,,,,,,,,,,,,,,,
2024,12,27,5,30,0,0,117.36,2.1,0.8,100,123,2.6,,,,,,,,,,,,,,,,,,,,,,,,,,,,,,,,,
2024,12,27,6,30,0,0,106.53,2.1,0.8,100,118,3.2,,,,,,,,,,,,,,,,,,,,,,,,,,,,,,,,,
2024,12,27,7,30,0,0,96.21000000000001,2,0.8,99.98,119,3.5,,,,,,,,,,,,,,,,,,,,,,,,,,,,,,,,,
2024,12,27,8,30,6,0,86.49,2,1.3,95.98,121,3.8000000000000003,,,,,,,,,,,,,,,,,,,,,,,,,,,,,,,,,
2024,12,27,9,30,34,1,78.32000000000001,1.9000000000000001,2.4000000000000004,91.36,122,3.8000000000000003,,,,,,,,,,,,,,,,,,,,,,,,,,,,,,,,,
2024,12,27,10,30,139,94,71.72,1.8,3.6,88.97,121,3.6,,,,,,,,,,,,,,,,,,,,,,,,,,,,,,,,,
2024,12,27,11,30,146,34,67.31,1.8,4.3,87.8,120,3.5,,,,,,,,,,,,,,,,,,,,,,,,,,,,,,,,,
2024,12,27,12,30,115,8,65.56,1.8,4.7,87.49,119,3.6,,,,,,,,,,,,,,,,,,,,,,,,,,,,,,,,,
2024,12,27,13,30,39,0,66.7,1.9000000000000001,4.9,87.45,118,3.7,,,,,,,,,,,,,,,,,,,,,,,,,,,,,,,,,
2024,12,27,14,30,33,0,70.59,2.1,4.800000000000001,88.62,122,3.9000000000000004,,,,,,,,,,,,,,,,,,,,,,,,,,,,,,,,,
2024,12,27,15,30,6,0,76.77,2.2,4.3,91.49,128,3.9000000000000004,,,,,,,,,,,,,,,,,,,,,,,,,,,,,,,,,
2024,12,27,16,30,7,0,84.68,2.3000000000000003,3.6,94.42,134,4.1000000000000005,,,,,,,,,,,,,,,,,,,,,,,,,,,,,,,,,
2024,12,27,17,30,0,0,94.12,2.4000000000000004,3.6,94.87,136,4.6000000000000005,,,,,,,,,,,,,,,,,,,,,,,,,,,,,,,,,
2024,12,27,18,30,0,0,104.29,2.3000000000000003,4,95.77,137,5,,,,,,,,,,,,,,,,,,,,,,,,,,,,,,,,,
2024,12,27,19,30,0,0,115.04,2.1,4.4,96.84,145,5.300000000000001,,,,,,,,,,,,,,,,,,,,,,,,,,,,,,,,,
2024,12,27,20,30,0,0,126.08,1.9000000000000001,4.7,98.41,154,5.300000000000001,,,,,,,,,,,,,,,,,,,,,,,,,,,,,,,,,
2024,12,27,21,30,0,0,137.1,1.9000000000000001,4.800000000000001,100,161,5,,,,,,,,,,,,,,,,,,,,,,,,,,,,,,,,,
2024,12,27,22,30,0,0,147.61,1.8,4.9,100,170,4.7,,,,,,,,,,,,,,,,,,,,,,,,,,,,,,,,,
2024,12,27,23,30,0,0,156.47,1.7000000000000002,5.1000000000000005,100,178,4.6000000000000005,,,,,,,,,,,,,,,,,,,,,,,,,,,,,,,,,
2024,12,28,0,30,0,0,160.91,1.8,5.7,100,184,4.800000000000001,,,,,,,,,,,,,,,,,,,,,,,,,,,,,,,,,
2024,12,28,1,30,0,0,157.95000000000002,1.9000000000000001,6.4,100,188,5.1000000000000005,,,,,,,,,,,,,,,,,,,,,,,,,,,,,,,,,
2024,12,28,2,30,0,0,149.74,2,7.2,100,194,5.6000000000000005,,,,,,,,,,,,,,,,,,,,,,,,,,,,,,,,,
2024,12,28,3,30,0,0,139.45000000000002,2,7.7,100,203,5.9,,,,,,,,,,,,,,,,,,,,,,,,,,,,,,,,,
2024,12,28,4,30,0,0,128.49,1.9000000000000001,7.9,100,210,5.6000000000000005,,,,,,,,,,,,,,,,,,,,,,,,,,,,,,,,,
2024,12,28,5,30,0,0,117.42,1.7000000000000002,7.800000000000001,100,215,5.2,,,,,,,,,,,,,,,,,,,,,,,,,,,,,,,,,
2024,12,28,6,30,0,0,106.58,1.6,7.4,100,217,5,,,,,,,,,,,,,,,,,,,,,,,,,,,,,,,,,
2024,12,28,7,30,0,0,96.25,1.5,7.2,100,217,4.7,,,,,,,,,,,,,,,,,,,,,,,,,,,,,,,,,
2024,12,28,8,30,26,4,86.53,1.4000000000000001,7.9,100,216,4.7,,,,,,,,,,,,,,,,,,,,,,,,,,,,,,,,,
2024,12,28,9,30,62,4,78.34,1.4000000000000001,9.3,93.97,221,5.4,,,,,,,,,,,,,,,,,,,,,,,,,,,,,,,,,
2024,12,28,10,30,66,648,71.72,1.4000000000000001,10.3,89.16,232,6.300000000000001,,,,,,,,,,,,,,,,,,,,,,,,,,,,,,,,,
2024,12,28,11,30,108,443,67.28,1.3,10.700000000000001,82.66,239,6.7,,,,,,,,,,,,,,,,,,,,,,,,,,,,,,,,,
2024,12,28,12,30,89,750,65.51,1.2000000000000002,11.100000000000001,75.86,241,6.6000000000000005,,,,,,,,,,,,,,,,,,,,,,,,,,,,,,,,,
2024,12,28,13,30,62,844,66.63,1.2000000000000002,11.5,71.16,240,6.2,,,,,,,,,,,,,,,,,,,,,,,,,,,,,,,,,
2024,12,28,14,30,57,796,70.5,1.2000000000000002,11.4,70.26,239,5.4,,,,,,,,,,,,,,,,,,,,,,,,,,,,,,,,,
2024,12,28,15,30,48,685,76.67,1.2000000000000002,9.9,77.88,238,3.9000000000000004,,,,,,,,,,,,,,,,,,,,,,,,,,,,,,,,,
2024,12,28,16,30,30,426,84.57000000000001,1.2000000000000002,7.300000000000001,92.51,239,2.6,,,,,,,,,,,,,,,,,,,,,,,,,,,,,,,,,
2024,12,28,17,30,0,0,94,1.2000000000000002,5.4,100,243,2,,,,,,,,,,,,,,,,,,,,,,,,,,,,,,,,,
2024,12,28,18,30,0,0,104.17,1.2000000000000002,4.5,100,248,1.7000000000000002,,,,,,,,,,,,,,,,,,,,,,,,,,,,,,,,,
2024,12,28,19,30,0,0,114.92,1.3,4.2,100,254,1.5,,,,,,,,,,,,,,,,,,,,,,,,,,,,,,,,,
2024,12,28,20,30,0,0,125.95,1.3,4.6000000000000005,100,257,1.3,,,,,,,,,,,,,,,,,,,,,,,,,,,,,,,,,
2024,12,28,21,30,0,0,136.97,1.5,5.1000000000000005,100,254,1.1,,,,,,,,,,,,,,,,,,,,,,,,,,,,,,,,,
2024,12,28,22,30,0,0,147.49,1.6,5.6000000000000005,98.09,252,0.9,,,,,,,,,,,,,,,,,,,,,,,,,,,,,,,,,
2024,12,28,23,30,0,0,156.36,1.7000000000000002,5.7,97.63,286,0.7000000000000001,,,,,,,,,,,,,,,,,,,,,,,,,,,,,,,,,
2024,12,29,0,30,0,0,160.84,1.8,5.1000000000000005,100,171,0.8,,,,,,,,,,,,,,,,,,,,,,,,,,,,,,,,,
2024,12,29,1,30,0,0,157.95000000000002,1.9000000000000001,4.3,100,30,1.1,,,,,,,,,,,,,,,,,,,,,,,,,,,,,,,,,
2024,12,29,2,30,0,0,149.77,2,3.8000000000000003,100,40,1.4000000000000001,,,,,,,,,,,,,,,,,,,,,,,,,,,,,,,,,
2024,12,29,3,30,0,0,139.5,2.2,3.7,100,42,2,,,,,,,,,,,,,,,,,,,,,,,,,,,,,,,,,
2024,12,29,4,30,0,0,128.54,2.3000000000000003,4.1000000000000005,100,35,3.5,,,,,,,,,,,,,,,,,,,,,,,,,,,,,,,,,
2024,12,29,5,30,0,0,117.47,2.4000000000000004,4.3,100,30,4.800000000000001,,,,,,,,,,,,,,,,,,,,,,,,,,,,,,,,,
2024,12,29,6,30,0,0,106.63,2.4000000000000004,4.1000000000000005,100,32,5.1000000000000005,,,,,,,,,,,,,,,,,,,,,,,,,,,,,,,,,
2024,12,29,7,30,0,0,96.29,2.5,3.9000000000000004,99.07000000000001,35,5.2,,,,,,,,,,,,,,,,,,,,,,,,,,,,,,,,,
2024,12,29,8,30,31,26,86.55,2.4000000000000004,3.8000000000000003,97.58,37,5.5,,,,,,,,,,,,,,,,,,,,,,,,,,,,,,,,,
2024,12,29,9,30,5,0,78.35000000000001,2.4000000000000004,4,96.09,38,5.6000000000000005,,,,,,,,,,,,,,,,,,,,,,,,,,,,,,,,,
2024,12,29,10,30,9,0,71.71000000000001,2.4000000000000004,4.3,95.19,37,6.1000000000000005,,,,,,,,,,,,,,,,,,,,,,,,,,,,,,,,,
2024,12,29,11,30,8,0,67.25,2.5,4.5,95.31,39,7,,,,,,,,,,,,,,,,,,,,,,,,,,,,,,,,,
2024,12,29,12,30,12,0,65.45,2.7,4.800000000000001,95.24,41,6.9,,,,,,,,,,,,,,,,,,,,,,,,,,,,,,,,,
2024,12,29,13,30,10,0,66.55,2.6,4.6000000000000005,96.4,36,6.2,,,,,,,,,,,,,,,,,,,,,,,,,,,,,,,,,
2024,12,29,14,30,8,0,70.4,2.5,4.1000000000000005,96.77,28,6.2,,,,,,,,,,,,,,,,,,,,,,,,,,,,,,,,,
2024,12,29,15,30,4,0,76.56,2.5,3.7,97.64,23,5.7,,,,,,,,,,,,,,,,,,,,,,,,,,,,,,,,,
2024,12,29,16,30,50,46,84.45,2.3000000000000003,3.2,99.93,14,4.6000000000000005,,,,,,,,,,,,,,,,,,,,,,,,,,,,,,,,,
2024,12,29,17,30,0,0,93.88,2,2.8000000000000003,100,182,4.6000000000000005,,,,,,,,,,,,,,,,,,,,,,,,,,,,,,,,,
2024,12,29,18,30,0,0,104.04,1.8,2.4000000000000004,99.56,355,5.2,,,,,,,,,,,,,,,,,,,,,,,,,,,,,,,,,
2024,12,29,19,30,0,0,114.79,1.7000000000000002,2,98.53,350,5.7,,,,,,,,,,,,,,,,,,,,,,,,,,,,,,,,,
2024,12,29,20,30,0,0,125.83,1.6,1.6,97.62,342,6.6000000000000005,,,,,,,,,,,,,,,,,,,,,,,,,,,,,,,,,
2024,12,29,21,30,0,0,136.85,1.6,1.2000000000000002,96.85000000000001,330,7.300000000000001,,,,,,,,,,,,,,,,,,,,,,,,,,,,,,,,,
2024,12,29,22,30,0,0,147.36,1.6,1,95.87,316,7.800000000000001,,,,,,,,,,,,,,,,,,,,,,,,,,,,,,,,,
2024,12,29,23,30,0,0,156.25,1.5,0.9,95.43,303,8.1,,,,,,,,,,,,,,,,,,,,,,,,,,,,,,,,,
2024,12,30,0,30,0,0,160.77,1.5,1,94.63,294,8.4,,,,,,,,,,,,,,,,,,,,,,,,,,,,,,,,,
2024,12,30,1,30,0,0,157.94,1.5,1,94.89,288,8.700000000000001,,,,,,,,,,,,,,,,,,,,,,,,,,,,,,,,,
2024,12,30,2,30,0,0,149.8,1.5,1.1,95.06,283,8.700000000000001,,,,,,,,,,,,,,,,,,,,,,,,,,,,,,,,,
2024,12,30,3,30,0,0,139.55,1.4000000000000001,1.5,94.21000000000001,280,8.5,,,,,,,,,,,,,,,,,,,,,,,,,,,,,,,,,
2024,12,30,4,30,0,0,128.59,1.4000000000000001,1.9000000000000001,94.41,279,8.200000000000001,,,,,,,,,,,,,,,,,,,,,,,,,,,,,,,,,
2024,12,30,5,30,0,0,117.52,1.3,2.1,95.64,279,7.800000000000001,,,,,,,,,,,,,,,,,,,,,,,,,,,,,,,,,
2024,12,30,6,30,0,0,106.67,1.1,2.1,96.78,278,7.2,,,,,,,,,,,,,,,,,,,,,,,,,,,,,,,,,
2024,12,30,7,30,0,0,96.33,1,2,96.74000000000001,278,6.7,,,,,,,,,,,,,,,,,,,,,,,,,,,,,,,,,
2024,12,30,8,30,14,0,86.57000000000001,1,2.1,94.48,276,6.300000000000001,,,,,,,,,,,,,,,,,,,,,,,,,,,,,,,,,
2024,12,30,9,30,87,24,78.36,1,2.6,91.03,273,6,,,,,,,,,,,,,,,,,,,,,,,,,,,,,,,,,
2024,12,30,10,30,142,264,71.69,1,3.6,85.95,273,6,,,,,,,,,,,,,,,,,,,,,,,,,,,,,,,,,
2024,12,30,11,30,101,675,67.21000000000001,0.9,5,77.92,277,6.1000000000000005,,,,,,,,,,,,,,,,,,,,,,,,,,,,,,,,,
2024,12,30,12,30,54,894,65.39,0.9,6.300000000000001,68.03,279,6.1000000000000005,,,,,,,,,,,,,,,,,,,,,,,,,,,,,,,,,
2024,12,30,13,30,52,884,66.46000000000001,0.9,7,62.370000000000005,279,5.9,,,,,,,,,,,,,,,,,,,,,,,,,,,,,,,,,
2024,12,30,14,30,48,842,70.29,0.9,7,61.9,276,5.4,,,,,,,,,,,,,,,,,,,,,,,,,,,,,,,,,
2024,12,30,15,30,41,746,76.44,0.8,5.800000000000001,68.51,272,4.1000000000000005,,,,,,,,,,,,,,,,,,,,,,,,,,,,,,,,,
2024,12,30,16,30,27,507,84.33,0.8,3.4000000000000004,83.71000000000001,266,2.8000000000000003,,,,,,,,,,,,,,,,,,,,,,,,,,,,,,,,,
2024,12,30,17,30,0,0,93.75,0.8,1.8,89.33,261,2.4000000000000004,,,,,,,,,,,,,,,,,,,,,,,,,,,,,,,,,
2024,12,30,18,30,0,0,103.91,0.8,1.4000000000000001,90.76,258,2.4000000000000004,,,,,,,,,,,,,,,,,,,,,,,,,,,,,,,,,
2024,12,30,19,30,0,0,114.66,0.8,0.8,94.38,259,2.2,,,,,,,,,,,,,,,,,,,,,,,,,,,,,,,,,
2024,12,30,20,30,0,0,125.69,0.8,-0.2,98.52,261,1.9000000000000001,,,,,,,,,,,,,,,,,,,,,,,,,,,,,,,,,
2024,12,30,21,30,0,0,136.72,0.8,-1.1,100,260,1.6,,,,,,,,,,,,,,,,,,,,,,,,,,,,,,,,,
2024,12,30,22,30,0,0,147.23,0.8,-1.3,99.62,255,1.5,,,,,,,,,,,,,,,,,,,,,,,,,,,,,,,,,
2024,12,30,23,30,0,0,156.13,0.8,-0.9,95.05,251,1.4000000000000001,,,,,,,,,,,,,,,,,,,,,,,,,,,,,,,,,
2024,12,31,0,30,0,0,160.69,0.9,-0.1,89.19,249,1.2000000000000002,,,,,,,,,,,,,,,,,,,,,,,,,,,,,,,,,
2024,12,31,1,30,0,0,157.93,1,1,82.97,237,0.7000000000000001,,,,,,,,,,,,,,,,,,,,,,,,,,,,,,,,,
2024,12,31,2,30,0,0,149.83,1.1,0.8,84.96000000000001,151,0.7000000000000001,,,,,,,,,,,,,,,,,,,,,,,,,,,,,,,,,
2024,12,31,3,30,0,0,139.59,1.2000000000000002,0,90.14,75,1.3,,,,,,,,,,,,,,,,,,,,,,,,,,,,,,,,,
2024,12,31,4,30,0,0,128.63,1.2000000000000002,0,92.25,74,2,,,,,,,,,,,,,,,,,,,,,,,,,,,,,,,,,
2024,12,31,5,30,0,0,117.56,1.3,0.30000000000000004,92.83,72,3.1,,,,,,,,,,,,,,,,,,,,,,,,,,,,,,,,,
2024,12,31,6,30,0,0,106.71000000000001,1.3,0.30000000000000004,94.23,67,4,,,,,,,,,,,,,,,,,,,,,,,,,,,,,,,,,
2024,12,31,7,30,0,0,96.35000000000001,1.2000000000000002,0.4,94.41,60,4.7,,,,,,,,,,,,,,,,,,,,,,,,,,,,,,,,,
2024,12,31,8,30,9,0,86.58,1.2000000000000002,0.8,92.81,53,5.4,,,,,,,,,,,,,,,,,,,,,,,,,,,,,,,,,
2024,12,31,9,30,49,2,78.36,1.2000000000000002,1.5,90.24,45,5.800000000000001,,,,,,,,,,,,,,,,,,,,,,,,,,,,,,,,,
2024,12,31,10,30,15,0,71.67,1.3,2.2,88.11,39,5.800000000000001,,,,,,,,,,,,,,,,,,,,,,,,,,,,,,,,,
2024,12,31,11,30,31,0,67.16,1.4000000000000001,2.8000000000000003,87.25,36,5.9,,,,,,,,,,,,,,,,,,,,,,,,,,,,,,,,,
2024,12,31,12,30,55,1,65.31,1.4000000000000001,3.1,86.93,33,6.300000000000001,,,,,,,,,,,,,,,,,,,,,,,,,,,,,,,,,
2024,12,31,13,30,27,0,66.37,1.4000000000000001,2.9000000000000004,89.34,26,6.800000000000001,,,,,,,,,,,,,,,,,,,,,,,,,,,,,,,,,
2024,12,31,14,30,36,0,70.18,1.4000000000000001,2.3000000000000003,93.16,18,7,,,,,,,,,,,,,,,,,,,,,,,,,,,,,,,,,
2024,12,31,15,30,8,0,76.32000000000001,1.4000000000000001,1.5,96.72,10,6.9,,,,,,,,,,,,,,,,,,,,,,,,,,,,,,,,,
2024,12,31,16,30,42,4,84.2,1.4000000000000001,0.8,97.56,181,6.9,,,,,,,,,,,,,,,,,,,,,,,,,,,,,,,,,
2024,12,31,17,30,0,0,93.61,1.3,0.4,96.96000000000001,354,7.1000000000000005,,,,,,,,,,,,,,,,,,,,,,,,,,,,,,,,,
2024,12,31,18,30,0,0,103.78,1.3,0.30000000000000004,95.51,350,7.2,,,,,,,,,,,,,,,,,,,,,,,,,,,,,,,,,
2024,12,31,19,30,0,0,114.62,0.7000000000000001,-4.2,87.51,245,3.8000000000000003,,,,,,,,,,,,,,,,,,,,,,,,,,,,,,,,,
2024,12,31,20,30,0,0,125.66,0.7000000000000001,-4,87.44,244,4.2,,,,,,,,,,,,,,,,,,,,,,,,,,,,,,,,,
2024,12,31,21,30,0,0,136.68,0.6000000000000001,-3.8,87.2,246,4.6000000000000005,,,,,,,,,,,,,,,,,,,,,,,,,,,,,,,,,
2024,12,31,22,30,0,0,147.20000000000002,0.6000000000000001,-3.9,88.36,249,5.1000000000000005,,,,,,,,,,,,,,,,,,,,,,,,,,,,,,,,,
2024,12,31,23,30,0,0,156.1,0.5,-4.2,88.58,252,5.300000000000001,,,,,,,,,,,,,,,,,,,,,,,,,,,,,,,,,